bag_id,bag_size,method,classifier,mae,pred_pos,true_pos
0,100,CC,LITETime,0.17,0.6,0.77
1,100,CC,LITETime,0.02,0.41,0.43
2,100,CC,LITETime,0.1899999999999999,0.66,0.85
3,100,CC,LITETime,0.1799999999999999,0.51,0.69
4,100,CC,LITETime,0.09,0.18,0.09
5,100,CC,LITETime,0.1999999999999999,0.77,0.97
6,100,CC,LITETime,0.1999999999999999,0.56,0.76
7,100,CC,LITETime,0.21,0.57,0.78
8,100,CC,LITETime,0.04,0.16,0.12
9,100,CC,LITETime,0.03,0.42,0.45
10,100,CC,LITETime,0.0399999999999999,0.41,0.37
11,100,CC,LITETime,0.26,0.66,0.92
12,100,CC,LITETime,0.06,0.58,0.64
13,100,CC,LITETime,0.1799999999999999,0.64,0.82
14,100,CC,LITETime,0.0499999999999999,0.49,0.44
15,100,CC,LITETime,0.03,0.25,0.22
16,100,CC,LITETime,0.1,0.45,0.55
17,100,CC,LITETime,0.07,0.13,0.06
18,100,CC,LITETime,0.1599999999999999,0.66,0.82
19,100,CC,LITETime,0.13,0.5,0.63
20,100,CC,LITETime,0.12,0.63,0.75
21,100,CC,LITETime,0.0899999999999999,0.26,0.35
22,100,CC,LITETime,0.26,0.71,0.97
23,100,CC,LITETime,0.2299999999999999,0.66,0.89
24,100,CC,LITETime,0.13,0.64,0.77
25,100,CC,LITETime,0.0199999999999999,0.17,0.19
26,100,CC,LITETime,0.06,0.4,0.46
27,100,CC,LITETime,0.1399999999999999,0.18,0.04
28,100,CC,LITETime,0.04,0.19,0.15
29,100,CC,LITETime,0.1,0.58,0.68
30,100,CC,LITETime,0.15,0.59,0.74
31,100,CC,LITETime,0.1499999999999999,0.81,0.96
32,100,CC,LITETime,0.0,0.32,0.32
33,100,CC,LITETime,0.0399999999999999,0.33,0.37
34,100,CC,LITETime,0.09,0.37,0.46
35,100,CC,LITETime,0.03,0.21,0.18
36,100,CC,LITETime,0.05,0.17,0.12
37,100,CC,LITETime,0.0199999999999999,0.45,0.47
38,100,CC,LITETime,0.0799999999999999,0.3,0.22
39,100,CC,LITETime,0.17,0.49,0.66
40,100,CC,LITETime,0.0399999999999999,0.47,0.43
41,100,CC,LITETime,0.1699999999999999,0.66,0.83
42,100,CC,LITETime,0.13,0.57,0.7
43,100,CC,LITETime,0.03,0.34,0.31
44,100,CC,LITETime,0.1899999999999999,0.64,0.83
45,100,CC,LITETime,0.18,0.62,0.8
46,100,CC,LITETime,0.0399999999999999,0.42,0.38
47,100,CC,LITETime,0.0,0.28,0.28
48,100,CC,LITETime,0.12,0.56,0.68
49,100,CC,LITETime,0.1,0.23,0.13
50,100,CC,LITETime,0.0499999999999999,0.24,0.19
51,100,CC,LITETime,0.15,0.15,0.0
52,100,CC,LITETime,0.14,0.64,0.78
53,100,CC,LITETime,0.13,0.53,0.66
54,100,CC,LITETime,0.0899999999999999,0.61,0.7
55,100,CC,LITETime,0.17,0.61,0.78
56,100,CC,LITETime,0.07,0.38,0.45
57,100,CC,LITETime,0.09,0.47,0.56
58,100,CC,LITETime,0.04,0.17,0.13
59,100,CC,LITETime,0.0099999999999999,0.12,0.11
60,100,CC,LITETime,0.1099999999999999,0.55,0.66
61,100,CC,LITETime,0.0099999999999999,0.46,0.47
62,100,CC,LITETime,0.1,0.46,0.56
63,100,CC,LITETime,0.2199999999999999,0.54,0.76
64,100,CC,LITETime,0.0999999999999999,0.53,0.63
65,100,CC,LITETime,0.06,0.49,0.55
66,100,CC,LITETime,0.07,0.48,0.55
67,100,CC,LITETime,0.01,0.29,0.3
68,100,CC,LITETime,0.14,0.17,0.03
69,100,CC,LITETime,0.03,0.46,0.43
70,100,CC,LITETime,0.0799999999999999,0.29,0.21
71,100,CC,LITETime,0.04,0.36,0.4
72,100,CC,LITETime,0.16,0.69,0.85
73,100,CC,LITETime,0.0799999999999999,0.31,0.23
74,100,CC,LITETime,0.14,0.19,0.05
75,100,CC,LITETime,0.0,0.28,0.28
76,100,CC,LITETime,0.0399999999999999,0.25,0.29
77,100,CC,LITETime,0.14,0.52,0.66
78,100,CC,LITETime,0.12,0.43,0.55
79,100,CC,LITETime,0.14,0.64,0.78
80,100,CC,LITETime,0.15,0.51,0.66
81,100,CC,LITETime,0.01,0.39,0.4
82,100,CC,LITETime,0.16,0.65,0.81
83,100,CC,LITETime,0.01,0.17,0.16
84,100,CC,LITETime,0.14,0.16,0.02
85,100,CC,LITETime,0.09,0.18,0.09
86,100,CC,LITETime,0.0899999999999999,0.63,0.72
87,100,CC,LITETime,0.05,0.41,0.46
88,100,CC,LITETime,0.1,0.26,0.16
89,100,CC,LITETime,0.12,0.38,0.5
90,100,CC,LITETime,0.08,0.23,0.15
91,100,CC,LITETime,0.1899999999999999,0.5,0.69
92,100,CC,LITETime,0.09,0.35,0.44
93,100,CC,LITETime,0.07,0.31,0.38
94,100,CC,LITETime,0.01,0.29,0.3
95,100,CC,LITETime,0.15,0.48,0.63
96,100,CC,LITETime,0.0499999999999999,0.31,0.36
97,100,CC,LITETime,0.14,0.22,0.08
98,100,CC,LITETime,0.0999999999999999,0.21,0.11
99,100,CC,LITETime,0.1499999999999999,0.81,0.96
100,100,CC,LITETime,0.2299999999999999,0.67,0.9
101,100,CC,LITETime,0.0899999999999999,0.6,0.69
102,100,CC,LITETime,0.0299999999999999,0.29,0.26
103,100,CC,LITETime,0.1799999999999999,0.78,0.96
104,100,CC,LITETime,0.15,0.62,0.77
105,100,CC,LITETime,0.0999999999999999,0.61,0.71
106,100,CC,LITETime,0.03,0.41,0.44
107,100,CC,LITETime,0.0199999999999999,0.29,0.27
108,100,CC,LITETime,0.13,0.22,0.09
109,100,CC,LITETime,0.24,0.66,0.9
110,100,CC,LITETime,0.01,0.44,0.45
111,100,CC,LITETime,0.14,0.34,0.2
112,100,CC,LITETime,0.0,0.3,0.3
113,100,CC,LITETime,0.1299999999999999,0.44,0.57
114,100,CC,LITETime,0.0199999999999999,0.19,0.17
115,100,CC,LITETime,0.2099999999999999,0.64,0.85
116,100,CC,LITETime,0.04,0.71,0.75
117,100,CC,LITETime,0.0899999999999999,0.62,0.71
118,100,CC,LITETime,0.0499999999999999,0.38,0.43
119,100,CC,LITETime,0.0599999999999999,0.56,0.62
120,100,CC,LITETime,0.0599999999999999,0.52,0.58
121,100,CC,LITETime,0.06,0.58,0.64
122,100,CC,LITETime,0.13,0.21,0.08
123,100,CC,LITETime,0.02,0.43,0.41
124,100,CC,LITETime,0.13,0.17,0.04
125,100,CC,LITETime,0.06,0.43,0.49
126,100,CC,LITETime,0.0399999999999999,0.36,0.32
127,100,CC,LITETime,0.14,0.28,0.14
128,100,CC,LITETime,0.13,0.23,0.1
129,100,CC,LITETime,0.1399999999999999,0.44,0.58
130,100,CC,LITETime,0.11,0.28,0.17
131,100,CC,LITETime,0.25,0.67,0.92
132,100,CC,LITETime,0.0799999999999999,0.5,0.58
133,100,CC,LITETime,0.0899999999999999,0.43,0.34
134,100,CC,LITETime,0.0799999999999999,0.51,0.59
135,100,CC,LITETime,0.09,0.11,0.02
136,100,CC,LITETime,0.1599999999999999,0.79,0.95
137,100,CC,LITETime,0.0199999999999999,0.46,0.48
138,100,CC,LITETime,0.09,0.69,0.78
139,100,CC,LITETime,0.06,0.14,0.08
140,100,CC,LITETime,0.0499999999999999,0.43,0.48
141,100,CC,LITETime,0.0999999999999999,0.39,0.49
142,100,CC,LITETime,0.19,0.74,0.93
143,100,CC,LITETime,0.1299999999999999,0.44,0.57
144,100,CC,LITETime,0.0199999999999999,0.45,0.47
145,100,CC,LITETime,0.0499999999999999,0.31,0.26
146,100,CC,LITETime,0.02,0.31,0.33
147,100,CC,LITETime,0.04,0.48,0.52
148,100,CC,LITETime,0.02,0.41,0.43
149,100,CC,LITETime,0.0999999999999999,0.12,0.02
150,100,CC,LITETime,0.1099999999999999,0.71,0.82
151,100,CC,LITETime,0.2,0.69,0.89
152,100,CC,LITETime,0.0499999999999999,0.19,0.14
153,100,CC,LITETime,0.06,0.49,0.55
154,100,CC,LITETime,0.16,0.26,0.1
155,100,CC,LITETime,0.16,0.51,0.67
156,100,CC,LITETime,0.0199999999999999,0.3,0.28
157,100,CC,LITETime,0.1099999999999999,0.54,0.65
158,100,CC,LITETime,0.1699999999999999,0.55,0.72
159,100,CC,LITETime,0.12,0.64,0.76
160,100,CC,LITETime,0.12,0.22,0.1
161,100,CC,LITETime,0.27,0.64,0.91
162,100,CC,LITETime,0.0099999999999999,0.24,0.23
163,100,CC,LITETime,0.1,0.13,0.03
164,100,CC,LITETime,0.13,0.42,0.55
165,100,CC,LITETime,0.01,0.36,0.37
166,100,CC,LITETime,0.1899999999999999,0.63,0.82
167,100,CC,LITETime,0.21,0.59,0.8
168,100,CC,LITETime,0.06,0.37,0.31
169,100,CC,LITETime,0.2099999999999999,0.74,0.95
170,100,CC,LITETime,0.02,0.31,0.29
171,100,CC,LITETime,0.04,0.47,0.51
172,100,CC,LITETime,0.0499999999999999,0.3,0.25
173,100,CC,LITETime,0.25,0.68,0.93
174,100,CC,LITETime,0.04,0.2,0.16
175,100,CC,LITETime,0.1699999999999999,0.21,0.04
176,100,CC,LITETime,0.0499999999999999,0.48,0.43
177,100,CC,LITETime,0.24,0.75,0.99
178,100,CC,LITETime,0.2299999999999999,0.66,0.89
179,100,CC,LITETime,0.16,0.58,0.74
180,100,CC,LITETime,0.18,0.71,0.89
181,100,CC,LITETime,0.17,0.72,0.89
182,100,CC,LITETime,0.01,0.5,0.51
183,100,CC,LITETime,0.0499999999999999,0.36,0.31
184,100,CC,LITETime,0.14,0.63,0.77
185,100,CC,LITETime,0.13,0.53,0.66
186,100,CC,LITETime,0.01,0.38,0.37
187,100,CC,LITETime,0.06,0.15,0.09
188,100,CC,LITETime,0.16,0.58,0.74
189,100,CC,LITETime,0.0,0.26,0.26
190,100,CC,LITETime,0.12,0.81,0.93
191,100,CC,LITETime,0.03,0.27,0.24
192,100,CC,LITETime,0.07,0.19,0.12
193,100,CC,LITETime,0.1899999999999999,0.64,0.83
194,100,CC,LITETime,0.0,0.15,0.15
195,100,CC,LITETime,0.1,0.27,0.17
196,100,CC,LITETime,0.1099999999999999,0.48,0.59
197,100,CC,LITETime,0.13,0.74,0.87
198,100,CC,LITETime,0.07,0.26,0.19
199,100,CC,LITETime,0.03,0.34,0.31
200,100,CC,LITETime,0.14,0.63,0.77
201,100,CC,LITETime,0.24,0.73,0.97
202,100,CC,LITETime,0.0499999999999999,0.45,0.5
203,100,CC,LITETime,0.14,0.28,0.14
204,100,CC,LITETime,0.21,0.22,0.01
205,100,CC,LITETime,0.0799999999999999,0.3,0.22
206,100,CC,LITETime,0.1,0.23,0.13
207,100,CC,LITETime,0.08,0.59,0.67
208,100,CC,LITETime,0.13,0.25,0.12
209,100,CC,LITETime,0.0399999999999999,0.46,0.5
210,100,CC,LITETime,0.1299999999999999,0.56,0.69
211,100,CC,LITETime,0.0899999999999999,0.49,0.58
212,100,CC,LITETime,0.1099999999999999,0.3,0.19
213,100,CC,LITETime,0.15,0.65,0.8
214,100,CC,LITETime,0.0699999999999999,0.64,0.71
215,100,CC,LITETime,0.1799999999999999,0.55,0.73
216,100,CC,LITETime,0.06,0.19,0.13
217,100,CC,LITETime,0.08,0.2,0.12
218,100,CC,LITETime,0.2300000000000001,0.69,0.92
219,100,CC,LITETime,0.01,0.38,0.39
220,100,CC,LITETime,0.0299999999999999,0.27,0.3
221,100,CC,LITETime,0.0199999999999999,0.46,0.48
222,100,CC,LITETime,0.16,0.5,0.66
223,100,CC,LITETime,0.1999999999999999,0.75,0.95
224,100,CC,LITETime,0.0,0.28,0.28
225,100,CC,LITETime,0.25,0.67,0.92
226,100,CC,LITETime,0.17,0.19,0.02
227,100,CC,LITETime,0.06,0.49,0.55
228,100,CC,LITETime,0.13,0.5,0.63
229,100,CC,LITETime,0.1399999999999999,0.24,0.1
230,100,CC,LITETime,0.0799999999999999,0.22,0.14
231,100,CC,LITETime,0.04,0.45,0.41
232,100,CC,LITETime,0.24,0.72,0.96
233,100,CC,LITETime,0.0499999999999999,0.54,0.59
234,100,CC,LITETime,0.26,0.67,0.93
235,100,CC,LITETime,0.09,0.71,0.8
236,100,CC,LITETime,0.02,0.44,0.46
237,100,CC,LITETime,0.16,0.62,0.78
238,100,CC,LITETime,0.12,0.13,0.01
239,100,CC,LITETime,0.07,0.17,0.1
240,100,CC,LITETime,0.1799999999999999,0.64,0.82
241,100,CC,LITETime,0.13,0.66,0.79
242,100,CC,LITETime,0.0599999999999999,0.29,0.23
243,100,CC,LITETime,0.12,0.41,0.53
244,100,CC,LITETime,0.0799999999999999,0.52,0.6
245,100,CC,LITETime,0.27,0.59,0.86
246,100,CC,LITETime,0.0699999999999999,0.53,0.6
247,100,CC,LITETime,0.03,0.44,0.41
248,100,CC,LITETime,0.0399999999999999,0.33,0.37
249,100,CC,LITETime,0.0499999999999999,0.37,0.42
250,100,CC,LITETime,0.0999999999999999,0.55,0.65
251,100,CC,LITETime,0.24,0.62,0.86
252,100,CC,LITETime,0.09,0.36,0.45
253,100,CC,LITETime,0.08,0.32,0.24
254,100,CC,LITETime,0.0799999999999999,0.31,0.23
255,100,CC,LITETime,0.1799999999999999,0.56,0.74
256,100,CC,LITETime,0.15,0.66,0.81
257,100,CC,LITETime,0.12,0.22,0.1
258,100,CC,LITETime,0.07,0.13,0.06
259,100,CC,LITETime,0.1299999999999999,0.46,0.59
260,100,CC,LITETime,0.09,0.23,0.14
261,100,CC,LITETime,0.1899999999999999,0.63,0.82
262,100,CC,LITETime,0.01,0.3,0.31
263,100,CC,LITETime,0.13,0.27,0.14
264,100,CC,LITETime,0.24,0.68,0.92
265,100,CC,LITETime,0.06,0.22,0.16
266,100,CC,LITETime,0.0399999999999999,0.32,0.28
267,100,CC,LITETime,0.11,0.26,0.15
268,100,CC,LITETime,0.0999999999999999,0.21,0.11
269,100,CC,LITETime,0.08,0.1,0.02
270,100,CC,LITETime,0.0999999999999999,0.15,0.05
271,100,CC,LITETime,0.0,0.17,0.17
272,100,CC,LITETime,0.06,0.11,0.05
273,100,CC,LITETime,0.1399999999999999,0.45,0.59
274,100,CC,LITETime,0.1100000000000001,0.57,0.68
275,100,CC,LITETime,0.02,0.37,0.39
276,100,CC,LITETime,0.0,0.31,0.31
277,100,CC,LITETime,0.0999999999999999,0.4,0.5
278,100,CC,LITETime,0.18,0.69,0.87
279,100,CC,LITETime,0.2199999999999999,0.63,0.85
280,100,CC,LITETime,0.0799999999999999,0.12,0.04
281,100,CC,LITETime,0.05,0.23,0.18
282,100,CC,LITETime,0.04,0.27,0.23
283,100,CC,LITETime,0.07,0.31,0.24
284,100,CC,LITETime,0.0799999999999999,0.49,0.57
285,100,CC,LITETime,0.0199999999999999,0.39,0.41
286,100,CC,LITETime,0.1,0.14,0.04
287,100,CC,LITETime,0.0399999999999999,0.41,0.37
288,100,CC,LITETime,0.1,0.42,0.52
289,100,CC,LITETime,0.07,0.17,0.1
290,100,CC,LITETime,0.1799999999999999,0.65,0.83
291,100,CC,LITETime,0.1599999999999999,0.21,0.05
292,100,CC,LITETime,0.22,0.7,0.92
293,100,CC,LITETime,0.09,0.18,0.09
294,100,CC,LITETime,0.0899999999999999,0.75,0.84
295,100,CC,LITETime,0.21,0.69,0.9
296,100,CC,LITETime,0.1699999999999999,0.8,0.97
297,100,CC,LITETime,0.22,0.58,0.8
298,100,CC,LITETime,0.14,0.63,0.77
299,100,CC,LITETime,0.1099999999999999,0.53,0.64
300,100,CC,LITETime,0.1099999999999999,0.66,0.77
301,100,CC,LITETime,0.0199999999999999,0.15,0.13
302,100,CC,LITETime,0.06,0.47,0.53
303,100,CC,LITETime,0.03,0.48,0.51
304,100,CC,LITETime,0.1799999999999999,0.67,0.85
305,100,CC,LITETime,0.0499999999999999,0.51,0.46
306,100,CC,LITETime,0.03,0.35,0.38
307,100,CC,LITETime,0.0899999999999999,0.54,0.63
308,100,CC,LITETime,0.06,0.32,0.26
309,100,CC,LITETime,0.03,0.16,0.13
310,100,CC,LITETime,0.03,0.5,0.47
311,100,CC,LITETime,0.0099999999999999,0.4,0.41
312,100,CC,LITETime,0.09,0.32,0.23
313,100,CC,LITETime,0.0199999999999999,0.34,0.36
314,100,CC,LITETime,0.01,0.35,0.36
315,100,CC,LITETime,0.0,0.32,0.32
316,100,CC,LITETime,0.06,0.43,0.37
317,100,CC,LITETime,0.15,0.53,0.68
318,100,CC,LITETime,0.01,0.3,0.29
319,100,CC,LITETime,0.2199999999999999,0.72,0.94
320,100,CC,LITETime,0.26,0.65,0.91
321,100,CC,LITETime,0.0,0.48,0.48
322,100,CC,LITETime,0.02,0.34,0.32
323,100,CC,LITETime,0.08,0.45,0.53
324,100,CC,LITETime,0.14,0.7,0.84
325,100,CC,LITETime,0.04,0.61,0.65
326,100,CC,LITETime,0.15,0.65,0.8
327,100,CC,LITETime,0.1,0.43,0.53
328,100,CC,LITETime,0.01,0.62,0.63
329,100,CC,LITETime,0.0799999999999999,0.36,0.28
330,100,CC,LITETime,0.12,0.61,0.73
331,100,CC,LITETime,0.0899999999999999,0.29,0.2
332,100,CC,LITETime,0.12,0.57,0.69
333,100,CC,LITETime,0.15,0.71,0.86
334,100,CC,LITETime,0.07,0.2,0.13
335,100,CC,LITETime,0.12,0.49,0.61
336,100,CC,LITETime,0.1,0.19,0.09
337,100,CC,LITETime,0.15,0.57,0.72
338,100,CC,LITETime,0.12,0.2,0.08
339,100,CC,LITETime,0.28,0.65,0.93
340,100,CC,LITETime,0.09,0.22,0.13
341,100,CC,LITETime,0.3099999999999999,0.64,0.95
342,100,CC,LITETime,0.17,0.63,0.8
343,100,CC,LITETime,0.02,0.57,0.59
344,100,CC,LITETime,0.2,0.58,0.78
345,100,CC,LITETime,0.12,0.67,0.79
346,100,CC,LITETime,0.1899999999999999,0.75,0.94
347,100,CC,LITETime,0.02,0.27,0.25
348,100,CC,LITETime,0.1499999999999999,0.44,0.59
349,100,CC,LITETime,0.13,0.22,0.09
350,100,CC,LITETime,0.02,0.59,0.61
351,100,CC,LITETime,0.0799999999999999,0.25,0.17
352,100,CC,LITETime,0.07,0.49,0.56
353,100,CC,LITETime,0.1299999999999999,0.44,0.57
354,100,CC,LITETime,0.03,0.43,0.46
355,100,CC,LITETime,0.05,0.47,0.52
356,100,CC,LITETime,0.25,0.51,0.76
357,100,CC,LITETime,0.1,0.69,0.79
358,100,CC,LITETime,0.08,0.41,0.49
359,100,CC,LITETime,0.0599999999999999,0.53,0.59
360,100,CC,LITETime,0.2,0.73,0.93
361,100,CC,LITETime,0.05,0.16,0.11
362,100,CC,LITETime,0.05,0.16,0.11
363,100,CC,LITETime,0.12,0.2,0.08
364,100,CC,LITETime,0.16,0.49,0.65
365,100,CC,LITETime,0.0199999999999999,0.39,0.41
366,100,CC,LITETime,0.17,0.6,0.77
367,100,CC,LITETime,0.13,0.54,0.67
368,100,CC,LITETime,0.01,0.32,0.33
369,100,CC,LITETime,0.2,0.69,0.89
370,100,CC,LITETime,0.0999999999999999,0.66,0.76
371,100,CC,LITETime,0.06,0.33,0.27
372,100,CC,LITETime,0.0399999999999999,0.32,0.36
373,100,CC,LITETime,0.02,0.29,0.31
374,100,CC,LITETime,0.04,0.19,0.15
375,100,CC,LITETime,0.1099999999999999,0.25,0.14
376,100,CC,LITETime,0.32,0.61,0.93
377,100,CC,LITETime,0.01,0.42,0.43
378,100,CC,LITETime,0.01,0.37,0.38
379,100,CC,LITETime,0.15,0.57,0.72
380,100,CC,LITETime,0.08,0.47,0.55
381,100,CC,LITETime,0.19,0.74,0.93
382,100,CC,LITETime,0.21,0.57,0.78
383,100,CC,LITETime,0.0399999999999999,0.43,0.47
384,100,CC,LITETime,0.01,0.38,0.37
385,100,CC,LITETime,0.24,0.74,0.98
386,100,CC,LITETime,0.0999999999999999,0.61,0.71
387,100,CC,LITETime,0.3099999999999999,0.64,0.95
388,100,CC,LITETime,0.05,0.16,0.11
389,100,CC,LITETime,0.2199999999999999,0.63,0.85
390,100,CC,LITETime,0.1699999999999999,0.46,0.63
391,100,CC,LITETime,0.1,0.22,0.12
392,100,CC,LITETime,0.1299999999999999,0.45,0.58
393,100,CC,LITETime,0.1100000000000001,0.57,0.68
394,100,CC,LITETime,0.15,0.16,0.01
395,100,CC,LITETime,0.0499999999999999,0.4,0.45
396,100,CC,LITETime,0.12,0.7,0.82
397,100,CC,LITETime,0.0299999999999999,0.26,0.29
398,100,CC,LITETime,0.07,0.38,0.45
399,100,CC,LITETime,0.08,0.36,0.44
400,100,CC,LITETime,0.03,0.33,0.3
401,100,CC,LITETime,0.24,0.67,0.91
402,100,CC,LITETime,0.1099999999999999,0.67,0.78
403,100,CC,LITETime,0.09,0.2,0.11
404,100,CC,LITETime,0.3099999999999999,0.68,0.99
405,100,CC,LITETime,0.2299999999999999,0.64,0.87
406,100,CC,LITETime,0.05,0.23,0.28
407,100,CC,LITETime,0.2099999999999999,0.62,0.83
408,100,CC,LITETime,0.15,0.25,0.1
409,100,CC,LITETime,0.2299999999999999,0.76,0.99
410,100,CC,LITETime,0.15,0.51,0.66
411,100,CC,LITETime,0.01,0.64,0.65
412,100,CC,LITETime,0.17,0.26,0.09
413,100,CC,LITETime,0.19,0.7,0.89
414,100,CC,LITETime,0.13,0.15,0.02
415,100,CC,LITETime,0.0499999999999999,0.29,0.24
416,100,CC,LITETime,0.0799999999999999,0.22,0.14
417,100,CC,LITETime,0.18,0.59,0.77
418,100,CC,LITETime,0.0499999999999999,0.24,0.19
419,100,CC,LITETime,0.21,0.7,0.91
420,100,CC,LITETime,0.16,0.49,0.65
421,100,CC,LITETime,0.13,0.16,0.03
422,100,CC,LITETime,0.16,0.16,0.0
423,100,CC,LITETime,0.08,0.13,0.05
424,100,CC,LITETime,0.0799999999999999,0.52,0.6
425,100,CC,LITETime,0.26,0.54,0.8
426,100,CC,LITETime,0.03,0.26,0.23
427,100,CC,LITETime,0.1699999999999999,0.67,0.84
428,100,CC,LITETime,0.06,0.11,0.05
429,100,CC,LITETime,0.13,0.67,0.8
430,100,CC,LITETime,0.24,0.68,0.92
431,100,CC,LITETime,0.17,0.6,0.77
432,100,CC,LITETime,0.1599999999999999,0.53,0.69
433,100,CC,LITETime,0.1699999999999999,0.66,0.83
434,100,CC,LITETime,0.1,0.14,0.04
435,100,CC,LITETime,0.0099999999999999,0.21,0.2
436,100,CC,LITETime,0.1,0.22,0.12
437,100,CC,LITETime,0.0499999999999999,0.45,0.5
438,100,CC,LITETime,0.2099999999999999,0.53,0.74
439,100,CC,LITETime,0.03,0.6,0.63
440,100,CC,LITETime,0.1899999999999999,0.66,0.85
441,100,CC,LITETime,0.06,0.21,0.15
442,100,CC,LITETime,0.16,0.57,0.73
443,100,CC,LITETime,0.04,0.23,0.19
444,100,CC,LITETime,0.06,0.33,0.27
445,100,CC,LITETime,0.1899999999999999,0.51,0.7
446,100,CC,LITETime,0.28,0.7,0.98
447,100,CC,LITETime,0.14,0.47,0.61
448,100,CC,LITETime,0.0699999999999999,0.12,0.05
449,100,CC,LITETime,0.0699999999999999,0.54,0.61
450,100,CC,LITETime,0.16,0.2,0.04
451,100,CC,LITETime,0.2099999999999999,0.67,0.88
452,100,CC,LITETime,0.2799999999999999,0.42,0.7
453,100,CC,LITETime,0.0099999999999999,0.18,0.17
454,100,CC,LITETime,0.08,0.17,0.09
455,100,CC,LITETime,0.07,0.25,0.18
456,100,CC,LITETime,0.1799999999999999,0.8,0.98
457,100,CC,LITETime,0.09,0.36,0.45
458,100,CC,LITETime,0.21,0.57,0.78
459,100,CC,LITETime,0.0999999999999999,0.53,0.63
460,100,CC,LITETime,0.0999999999999999,0.47,0.57
461,100,CC,LITETime,0.13,0.27,0.14
462,100,CC,LITETime,0.2699999999999999,0.67,0.94
463,100,CC,LITETime,0.01,0.31,0.3
464,100,CC,LITETime,0.0999999999999999,0.47,0.57
465,100,CC,LITETime,0.0099999999999998,0.68,0.69
466,100,CC,LITETime,0.0799999999999999,0.56,0.64
467,100,CC,LITETime,0.24,0.7,0.94
468,100,CC,LITETime,0.0499999999999999,0.19,0.14
469,100,CC,LITETime,0.0,0.5,0.5
470,100,CC,LITETime,0.06,0.34,0.4
471,100,CC,LITETime,0.01,0.48,0.47
472,100,CC,LITETime,0.06,0.17,0.11
473,100,CC,LITETime,0.12,0.25,0.13
474,100,CC,LITETime,0.0399999999999999,0.31,0.27
475,100,CC,LITETime,0.01,0.29,0.3
476,100,CC,LITETime,0.0199999999999999,0.4,0.42
477,100,CC,LITETime,0.1099999999999999,0.5,0.61
478,100,CC,LITETime,0.0799999999999999,0.55,0.63
479,100,CC,LITETime,0.0499999999999999,0.36,0.41
480,100,CC,LITETime,0.02,0.38,0.4
481,100,CC,LITETime,0.03,0.24,0.21
482,100,CC,LITETime,0.0599999999999999,0.52,0.58
483,100,CC,LITETime,0.01,0.3,0.31
484,100,CC,LITETime,0.08,0.11,0.03
485,100,CC,LITETime,0.01,0.42,0.41
486,100,CC,LITETime,0.0099999999999999,0.46,0.47
487,100,CC,LITETime,0.1,0.32,0.22
488,100,CC,LITETime,0.0699999999999999,0.5,0.57
489,100,CC,LITETime,0.08,0.48,0.56
490,100,CC,LITETime,0.1399999999999999,0.56,0.7
491,100,CC,LITETime,0.13,0.51,0.64
492,100,CC,LITETime,0.0999999999999999,0.55,0.65
493,100,CC,LITETime,0.03,0.34,0.31
494,100,CC,LITETime,0.08,0.7,0.78
495,100,CC,LITETime,0.1,0.44,0.54
496,100,CC,LITETime,0.02,0.41,0.43
497,100,CC,LITETime,0.18,0.44,0.62
498,100,CC,LITETime,0.04,0.4,0.36
499,100,CC,LITETime,0.0499999999999999,0.46,0.51
500,100,CC,LITETime,0.16,0.57,0.73
501,100,CC,LITETime,0.27,0.61,0.88
502,100,CC,LITETime,0.21,0.71,0.92
503,100,CC,LITETime,0.0399999999999999,0.46,0.5
504,100,CC,LITETime,0.09,0.43,0.52
505,100,CC,LITETime,0.2,0.59,0.79
506,100,CC,LITETime,0.01,0.3,0.31
507,100,CC,LITETime,0.2099999999999999,0.62,0.83
508,100,CC,LITETime,0.07,0.42,0.49
509,100,CC,LITETime,0.13,0.24,0.11
510,100,CC,LITETime,0.09,0.16,0.07
511,100,CC,LITETime,0.1899999999999999,0.65,0.84
512,100,CC,LITETime,0.13,0.18,0.05
513,100,CC,LITETime,0.0499999999999999,0.33,0.28
514,100,CC,LITETime,0.02,0.31,0.33
515,100,CC,LITETime,0.0399999999999999,0.21,0.17
516,100,CC,LITETime,0.07,0.38,0.31
517,100,CC,LITETime,0.0899999999999999,0.65,0.74
518,100,CC,LITETime,0.1,0.11,0.01
519,100,CC,LITETime,0.1699999999999999,0.65,0.82
520,100,CC,LITETime,0.24,0.61,0.85
521,100,CC,LITETime,0.07,0.44,0.37
522,100,CC,LITETime,0.07,0.22,0.15
523,100,CC,LITETime,0.0399999999999999,0.56,0.6
524,100,CC,LITETime,0.09,0.2,0.11
525,100,CC,LITETime,0.0399999999999999,0.32,0.36
526,100,CC,LITETime,0.25,0.7,0.95
527,100,CC,LITETime,0.2299999999999999,0.76,0.99
528,100,CC,LITETime,0.19,0.58,0.77
529,100,CC,LITETime,0.03,0.34,0.31
530,100,CC,LITETime,0.14,0.54,0.68
531,100,CC,LITETime,0.12,0.58,0.7
532,100,CC,LITETime,0.0499999999999999,0.33,0.38
533,100,CC,LITETime,0.0799999999999999,0.56,0.64
534,100,CC,LITETime,0.13,0.14,0.01
535,100,CC,LITETime,0.03,0.23,0.2
536,100,CC,LITETime,0.02,0.5,0.52
537,100,CC,LITETime,0.01,0.15,0.16
538,100,CC,LITETime,0.11,0.27,0.16
539,100,CC,LITETime,0.2199999999999999,0.61,0.83
540,100,CC,LITETime,0.3199999999999999,0.66,0.98
541,100,CC,LITETime,0.07,0.48,0.55
542,100,CC,LITETime,0.1799999999999999,0.65,0.83
543,100,CC,LITETime,0.24,0.75,0.99
544,100,CC,LITETime,0.0799999999999999,0.22,0.14
545,100,CC,LITETime,0.03,0.41,0.44
546,100,CC,LITETime,0.01,0.38,0.39
547,100,CC,LITETime,0.09,0.17,0.08
548,100,CC,LITETime,0.14,0.61,0.75
549,100,CC,LITETime,0.02,0.41,0.43
550,100,CC,LITETime,0.06,0.4,0.46
551,100,CC,LITETime,0.09,0.24,0.15
552,100,CC,LITETime,0.0399999999999999,0.14,0.18
553,100,CC,LITETime,0.25,0.65,0.9
554,100,CC,LITETime,0.1099999999999999,0.15,0.04
555,100,CC,LITETime,0.0799999999999999,0.31,0.23
556,100,CC,LITETime,0.02,0.31,0.29
557,100,CC,LITETime,0.12,0.37,0.49
558,100,CC,LITETime,0.0899999999999999,0.49,0.58
559,100,CC,LITETime,0.08,0.41,0.49
560,100,CC,LITETime,0.08,0.16,0.08
561,100,CC,LITETime,0.04,0.28,0.24
562,100,CC,LITETime,0.1799999999999999,0.66,0.84
563,100,CC,LITETime,0.0999999999999999,0.53,0.63
564,100,CC,LITETime,0.18,0.46,0.64
565,100,CC,LITETime,0.05,0.62,0.67
566,100,CC,LITETime,0.14,0.62,0.76
567,100,CC,LITETime,0.09,0.14,0.05
568,100,CC,LITETime,0.01,0.35,0.36
569,100,CC,LITETime,0.0,0.53,0.53
570,100,CC,LITETime,0.06,0.39,0.33
571,100,CC,LITETime,0.13,0.71,0.84
572,100,CC,LITETime,0.1099999999999999,0.37,0.48
573,100,CC,LITETime,0.15,0.61,0.76
574,100,CC,LITETime,0.1999999999999999,0.65,0.85
575,100,CC,LITETime,0.06,0.44,0.5
576,100,CC,LITETime,0.17,0.73,0.9
577,100,CC,LITETime,0.0299999999999999,0.55,0.58
578,100,CC,LITETime,0.1699999999999999,0.68,0.85
579,100,CC,LITETime,0.07,0.27,0.34
580,100,CC,LITETime,0.14,0.35,0.49
581,100,CC,LITETime,0.08,0.45,0.53
582,100,CC,LITETime,0.12,0.22,0.1
583,100,CC,LITETime,0.04,0.35,0.39
584,100,CC,LITETime,0.25,0.66,0.91
585,100,CC,LITETime,0.0999999999999999,0.53,0.63
586,100,CC,LITETime,0.0099999999999999,0.18,0.17
587,100,CC,LITETime,0.01,0.32,0.33
588,100,CC,LITETime,0.07,0.26,0.19
589,100,CC,LITETime,0.17,0.19,0.02
590,100,CC,LITETime,0.21,0.71,0.92
591,100,CC,LITETime,0.0399999999999999,0.4,0.44
592,100,CC,LITETime,0.06,0.36,0.3
593,100,CC,LITETime,0.1099999999999999,0.48,0.59
594,100,CC,LITETime,0.17,0.17,0.0
595,100,CC,LITETime,0.0199999999999999,0.29,0.27
596,100,CC,LITETime,0.1799999999999999,0.52,0.7
597,100,CC,LITETime,0.01,0.62,0.63
598,100,CC,LITETime,0.28,0.7,0.98
599,100,CC,LITETime,0.12,0.5,0.62
600,100,CC,LITETime,0.0399999999999999,0.43,0.47
601,100,CC,LITETime,0.13,0.63,0.76
602,100,CC,LITETime,0.29,0.61,0.9
603,100,CC,LITETime,0.12,0.6,0.72
604,100,CC,LITETime,0.1499999999999999,0.81,0.96
605,100,CC,LITETime,0.17,0.61,0.78
606,100,CC,LITETime,0.2099999999999999,0.65,0.86
607,100,CC,LITETime,0.08,0.19,0.11
608,100,CC,LITETime,0.0999999999999999,0.63,0.73
609,100,CC,LITETime,0.01,0.43,0.44
610,100,CC,LITETime,0.08,0.47,0.55
611,100,CC,LITETime,0.1099999999999999,0.54,0.65
612,100,CC,LITETime,0.25,0.71,0.96
613,100,CC,LITETime,0.2099999999999999,0.77,0.98
614,100,CC,LITETime,0.0199999999999999,0.3,0.28
615,100,CC,LITETime,0.13,0.6,0.73
616,100,CC,LITETime,0.15,0.59,0.74
617,100,CC,LITETime,0.03,0.31,0.34
618,100,CC,LITETime,0.03,0.15,0.12
619,100,CC,LITETime,0.07,0.11,0.04
620,100,CC,LITETime,0.06,0.71,0.77
621,100,CC,LITETime,0.0799999999999999,0.4,0.48
622,100,CC,LITETime,0.25,0.73,0.98
623,100,CC,LITETime,0.0299999999999999,0.49,0.46
624,100,CC,LITETime,0.25,0.72,0.97
625,100,CC,LITETime,0.0099999999999999,0.4,0.41
626,100,CC,LITETime,0.13,0.66,0.79
627,100,CC,LITETime,0.13,0.21,0.08
628,100,CC,LITETime,0.15,0.4,0.55
629,100,CC,LITETime,0.13,0.67,0.8
630,100,CC,LITETime,0.19,0.73,0.92
631,100,CC,LITETime,0.1699999999999999,0.65,0.82
632,100,CC,LITETime,0.18,0.21,0.03
633,100,CC,LITETime,0.0399999999999999,0.33,0.37
634,100,CC,LITETime,0.12,0.16,0.04
635,100,CC,LITETime,0.1,0.2,0.1
636,100,CC,LITETime,0.09,0.58,0.67
637,100,CC,LITETime,0.1699999999999999,0.54,0.71
638,100,CC,LITETime,0.15,0.62,0.77
639,100,CC,LITETime,0.16,0.7,0.86
640,100,CC,LITETime,0.0899999999999999,0.64,0.73
641,100,CC,LITETime,0.1100000000000001,0.69,0.8
642,100,CC,LITETime,0.09,0.13,0.04
643,100,CC,LITETime,0.09,0.32,0.23
644,100,CC,LITETime,0.0999999999999999,0.52,0.62
645,100,CC,LITETime,0.15,0.7,0.85
646,100,CC,LITETime,0.13,0.13,0.0
647,100,CC,LITETime,0.08,0.43,0.51
648,100,CC,LITETime,0.14,0.53,0.67
649,100,CC,LITETime,0.18,0.2,0.02
650,100,CC,LITETime,0.07,0.33,0.4
651,100,CC,LITETime,0.28,0.61,0.89
652,100,CC,LITETime,0.15,0.52,0.67
653,100,CC,LITETime,0.11,0.34,0.23
654,100,CC,LITETime,0.0899999999999999,0.76,0.85
655,100,CC,LITETime,0.07,0.27,0.34
656,100,CC,LITETime,0.28,0.57,0.85
657,100,CC,LITETime,0.0099999999999999,0.28,0.29
658,100,CC,LITETime,0.1099999999999999,0.48,0.59
659,100,CC,LITETime,0.08,0.31,0.39
660,100,CC,LITETime,0.0399999999999999,0.31,0.27
661,100,CC,LITETime,0.17,0.71,0.88
662,100,CC,LITETime,0.07,0.25,0.18
663,100,CC,LITETime,0.08,0.16,0.08
664,100,CC,LITETime,0.06,0.28,0.34
665,100,CC,LITETime,0.1599999999999999,0.55,0.71
666,100,CC,LITETime,0.17,0.63,0.8
667,100,CC,LITETime,0.1799999999999999,0.81,0.99
668,100,CC,LITETime,0.02,0.31,0.29
669,100,CC,LITETime,0.06,0.34,0.4
670,100,CC,LITETime,0.0799999999999999,0.21,0.13
671,100,CC,LITETime,0.1399999999999999,0.43,0.57
672,100,CC,LITETime,0.26,0.73,0.99
673,100,CC,LITETime,0.0799999999999999,0.62,0.7
674,100,CC,LITETime,0.0899999999999999,0.5,0.59
675,100,CC,LITETime,0.0,0.39,0.39
676,100,CC,LITETime,0.28,0.63,0.91
677,100,CC,LITETime,0.07,0.42,0.49
678,100,CC,LITETime,0.07,0.2,0.13
679,100,CC,LITETime,0.0499999999999999,0.31,0.36
680,100,CC,LITETime,0.08,0.14,0.06
681,100,CC,LITETime,0.0399999999999999,0.24,0.2
682,100,CC,LITETime,0.12,0.13,0.01
683,100,CC,LITETime,0.01,0.44,0.45
684,100,CC,LITETime,0.18,0.45,0.63
685,100,CC,LITETime,0.02,0.32,0.34
686,100,CC,LITETime,0.0299999999999999,0.39,0.42
687,100,CC,LITETime,0.2199999999999999,0.73,0.95
688,100,CC,LITETime,0.2099999999999999,0.54,0.75
689,100,CC,LITETime,0.06,0.48,0.54
690,100,CC,LITETime,0.01,0.27,0.28
691,100,CC,LITETime,0.2,0.69,0.89
692,100,CC,LITETime,0.0799999999999999,0.31,0.23
693,100,CC,LITETime,0.07,0.39,0.32
694,100,CC,LITETime,0.18,0.72,0.9
695,100,CC,LITETime,0.1,0.42,0.52
696,100,CC,LITETime,0.13,0.61,0.74
697,100,CC,LITETime,0.0499999999999999,0.54,0.59
698,100,CC,LITETime,0.15,0.5,0.65
699,100,CC,LITETime,0.0,0.29,0.29
700,100,CC,LITETime,0.06,0.3,0.24
701,100,CC,LITETime,0.0,0.32,0.32
702,100,CC,LITETime,0.12,0.27,0.15
703,100,CC,LITETime,0.27,0.6,0.87
704,100,CC,LITETime,0.0099999999999999,0.29,0.28
705,100,CC,LITETime,0.08,0.48,0.56
706,100,CC,LITETime,0.08,0.71,0.79
707,100,CC,LITETime,0.0999999999999999,0.68,0.78
708,100,CC,LITETime,0.01,0.44,0.43
709,100,CC,LITETime,0.0699999999999999,0.4,0.47
710,100,CC,LITETime,0.16,0.83,0.99
711,100,CC,LITETime,0.13,0.54,0.67
712,100,CC,LITETime,0.22,0.59,0.81
713,100,CC,LITETime,0.2,0.7,0.9
714,100,CC,LITETime,0.15,0.63,0.78
715,100,CC,LITETime,0.02,0.2,0.18
716,100,CC,LITETime,0.18,0.38,0.56
717,100,CC,LITETime,0.1099999999999999,0.21,0.1
718,100,CC,LITETime,0.2,0.45,0.65
719,100,CC,LITETime,0.25,0.7,0.95
720,100,CC,LITETime,0.1,0.41,0.51
721,100,CC,LITETime,0.01,0.42,0.43
722,100,CC,LITETime,0.08,0.11,0.03
723,100,CC,LITETime,0.2299999999999999,0.72,0.95
724,100,CC,LITETime,0.0499999999999999,0.15,0.1
725,100,CC,LITETime,0.12,0.16,0.04
726,100,CC,LITETime,0.12,0.36,0.24
727,100,CC,LITETime,0.08,0.14,0.06
728,100,CC,LITETime,0.12,0.33,0.45
729,100,CC,LITETime,0.06,0.45,0.51
730,100,CC,LITETime,0.01,0.3,0.31
731,100,CC,LITETime,0.12,0.17,0.05
732,100,CC,LITETime,0.02,0.13,0.11
733,100,CC,LITETime,0.0499999999999999,0.33,0.38
734,100,CC,LITETime,0.09,0.15,0.06
735,100,CC,LITETime,0.1399999999999999,0.55,0.69
736,100,CC,LITETime,0.06,0.26,0.2
737,100,CC,LITETime,0.03,0.33,0.3
738,100,CC,LITETime,0.0199999999999999,0.41,0.39
739,100,CC,LITETime,0.0399999999999999,0.37,0.41
740,100,CC,LITETime,0.07,0.07,0.0
741,100,CC,LITETime,0.08,0.19,0.11
742,100,CC,LITETime,0.2199999999999999,0.64,0.86
743,100,CC,LITETime,0.14,0.14,0.0
744,100,CC,LITETime,0.08,0.42,0.5
745,100,CC,LITETime,0.0899999999999999,0.39,0.48
746,100,CC,LITETime,0.03,0.3,0.33
747,100,CC,LITETime,0.06,0.37,0.43
748,100,CC,LITETime,0.13,0.65,0.78
749,100,CC,LITETime,0.13,0.71,0.84
750,100,CC,LITETime,0.05,0.21,0.26
751,100,CC,LITETime,0.07,0.39,0.32
752,100,CC,LITETime,0.04,0.28,0.24
753,100,CC,LITETime,0.0999999999999999,0.37,0.47
754,100,CC,LITETime,0.06,0.62,0.68
755,100,CC,LITETime,0.0199999999999999,0.2,0.22
756,100,CC,LITETime,0.01,0.32,0.33
757,100,CC,LITETime,0.25,0.68,0.93
758,100,CC,LITETime,0.15,0.19,0.04
759,100,CC,LITETime,0.08,0.38,0.46
760,100,CC,LITETime,0.1699999999999999,0.54,0.71
761,100,CC,LITETime,0.11,0.26,0.15
762,100,CC,LITETime,0.09,0.13,0.04
763,100,CC,LITETime,0.09,0.22,0.13
764,100,CC,LITETime,0.22,0.69,0.91
765,100,CC,LITETime,0.12,0.12,0.0
766,100,CC,LITETime,0.1,0.28,0.18
767,100,CC,LITETime,0.15,0.18,0.03
768,100,CC,LITETime,0.05,0.16,0.11
769,100,CC,LITETime,0.15,0.47,0.62
770,100,CC,LITETime,0.01,0.25,0.24
771,100,CC,LITETime,0.15,0.41,0.56
772,100,CC,LITETime,0.0999999999999999,0.49,0.59
773,100,CC,LITETime,0.1799999999999999,0.66,0.84
774,100,CC,LITETime,0.06,0.06,0.0
775,100,CC,LITETime,0.13,0.72,0.85
776,100,CC,LITETime,0.0899999999999999,0.52,0.61
777,100,CC,LITETime,0.04,0.2,0.16
778,100,CC,LITETime,0.17,0.6,0.77
779,100,CC,LITETime,0.1999999999999999,0.65,0.85
780,100,CC,LITETime,0.03,0.28,0.25
781,100,CC,LITETime,0.24,0.67,0.91
782,100,CC,LITETime,0.08,0.37,0.45
783,100,CC,LITETime,0.12,0.48,0.6
784,100,CC,LITETime,0.1999999999999999,0.78,0.98
785,100,CC,LITETime,0.03,0.39,0.36
786,100,CC,LITETime,0.14,0.67,0.81
787,100,CC,LITETime,0.0399999999999999,0.27,0.31
788,100,CC,LITETime,0.2,0.59,0.79
789,100,CC,LITETime,0.1399999999999999,0.46,0.6
790,100,CC,LITETime,0.0199999999999999,0.19,0.21
791,100,CC,LITETime,0.0,0.41,0.41
792,100,CC,LITETime,0.01,0.3,0.31
793,100,CC,LITETime,0.13,0.2,0.07
794,100,CC,LITETime,0.09,0.11,0.02
795,100,CC,LITETime,0.06,0.28,0.34
796,100,CC,LITETime,0.1,0.11,0.01
797,100,CC,LITETime,0.12,0.28,0.16
798,100,CC,LITETime,0.1899999999999999,0.53,0.72
799,100,CC,LITETime,0.1399999999999999,0.56,0.7
800,100,CC,LITETime,0.13,0.6,0.73
801,100,CC,LITETime,0.02,0.33,0.31
802,100,CC,LITETime,0.14,0.75,0.89
803,100,CC,LITETime,0.0899999999999999,0.5,0.59
804,100,CC,LITETime,0.09,0.21,0.12
805,100,CC,LITETime,0.0499999999999999,0.19,0.14
806,100,CC,LITETime,0.0999999999999999,0.59,0.69
807,100,CC,LITETime,0.11,0.28,0.17
808,100,CC,LITETime,0.03,0.47,0.5
809,100,CC,LITETime,0.2099999999999999,0.78,0.99
810,100,CC,LITETime,0.14,0.14,0.0
811,100,CC,LITETime,0.08,0.09,0.01
812,100,CC,LITETime,0.26,0.73,0.99
813,100,CC,LITETime,0.0699999999999999,0.51,0.58
814,100,CC,LITETime,0.05,0.17,0.12
815,100,CC,LITETime,0.19,0.7,0.89
816,100,CC,LITETime,0.24,0.64,0.88
817,100,CC,LITETime,0.05,0.48,0.53
818,100,CC,LITETime,0.0799999999999999,0.54,0.62
819,100,CC,LITETime,0.06,0.33,0.27
820,100,CC,LITETime,0.13,0.18,0.05
821,100,CC,LITETime,0.0999999999999999,0.49,0.59
822,100,CC,LITETime,0.04,0.33,0.29
823,100,CC,LITETime,0.18,0.48,0.66
824,100,CC,LITETime,0.2199999999999999,0.61,0.83
825,100,CC,LITETime,0.1399999999999999,0.15,0.01
826,100,CC,LITETime,0.0599999999999999,0.53,0.59
827,100,CC,LITETime,0.04,0.27,0.23
828,100,CC,LITETime,0.2099999999999999,0.66,0.87
829,100,CC,LITETime,0.0999999999999999,0.35,0.25
830,100,CC,LITETime,0.13,0.48,0.61
831,100,CC,LITETime,0.1,0.45,0.55
832,100,CC,LITETime,0.01,0.4,0.39
833,100,CC,LITETime,0.2,0.47,0.67
834,100,CC,LITETime,0.12,0.6,0.72
835,100,CC,LITETime,0.05,0.51,0.56
836,100,CC,LITETime,0.17,0.58,0.75
837,100,CC,LITETime,0.2099999999999999,0.77,0.98
838,100,CC,LITETime,0.1099999999999999,0.3,0.41
839,100,CC,LITETime,0.0499999999999999,0.46,0.51
840,100,CC,LITETime,0.16,0.17,0.01
841,100,CC,LITETime,0.21,0.58,0.79
842,100,CC,LITETime,0.07,0.45,0.52
843,100,CC,LITETime,0.0,0.4,0.4
844,100,CC,LITETime,0.11,0.2,0.09
845,100,CC,LITETime,0.1099999999999999,0.77,0.88
846,100,CC,LITETime,0.0199999999999999,0.41,0.39
847,100,CC,LITETime,0.12,0.56,0.68
848,100,CC,LITETime,0.1099999999999999,0.25,0.14
849,100,CC,LITETime,0.2199999999999999,0.74,0.96
850,100,CC,LITETime,0.1,0.27,0.17
851,100,CC,LITETime,0.01,0.2,0.19
852,100,CC,LITETime,0.16,0.69,0.85
853,100,CC,LITETime,0.26,0.65,0.91
854,100,CC,LITETime,0.04,0.25,0.21
855,100,CC,LITETime,0.07,0.39,0.46
856,100,CC,LITETime,0.0899999999999999,0.64,0.73
857,100,CC,LITETime,0.1899999999999999,0.68,0.87
858,100,CC,LITETime,0.03,0.4,0.37
859,100,CC,LITETime,0.04,0.47,0.51
860,100,CC,LITETime,0.15,0.59,0.74
861,100,CC,LITETime,0.1099999999999999,0.62,0.73
862,100,CC,LITETime,0.16,0.62,0.78
863,100,CC,LITETime,0.04,0.52,0.56
864,100,CC,LITETime,0.03,0.13,0.1
865,100,CC,LITETime,0.3,0.6,0.9
866,100,CC,LITETime,0.12,0.74,0.86
867,100,CC,LITETime,0.17,0.62,0.79
868,100,CC,LITETime,0.05,0.14,0.09
869,100,CC,LITETime,0.0399999999999999,0.24,0.2
870,100,CC,LITETime,0.1999999999999999,0.54,0.74
871,100,CC,LITETime,0.14,0.16,0.02
872,100,CC,LITETime,0.1799999999999999,0.79,0.97
873,100,CC,LITETime,0.02,0.39,0.37
874,100,CC,LITETime,0.14,0.57,0.71
875,100,CC,LITETime,0.2099999999999999,0.67,0.88
876,100,CC,LITETime,0.0299999999999999,0.42,0.39
877,100,CC,LITETime,0.01,0.32,0.31
878,100,CC,LITETime,0.1099999999999999,0.49,0.6
879,100,CC,LITETime,0.1199999999999999,0.46,0.58
880,100,CC,LITETime,0.01,0.39,0.4
881,100,CC,LITETime,0.1399999999999999,0.46,0.6
882,100,CC,LITETime,0.3,0.63,0.93
883,100,CC,LITETime,0.02,0.44,0.46
884,100,CC,LITETime,0.03,0.22,0.19
885,100,CC,LITETime,0.0,0.37,0.37
886,100,CC,LITETime,0.0999999999999999,0.49,0.39
887,100,CC,LITETime,0.07,0.2,0.13
888,100,CC,LITETime,0.12,0.28,0.16
889,100,CC,LITETime,0.1,0.58,0.68
890,100,CC,LITETime,0.0199999999999999,0.35,0.33
891,100,CC,LITETime,0.2299999999999999,0.72,0.95
892,100,CC,LITETime,0.0099999999999999,0.23,0.24
893,100,CC,LITETime,0.13,0.22,0.09
894,100,CC,LITETime,0.12,0.63,0.75
895,100,CC,LITETime,0.3,0.58,0.88
896,100,CC,LITETime,0.02,0.25,0.27
897,100,CC,LITETime,0.0399999999999999,0.24,0.2
898,100,CC,LITETime,0.04,0.22,0.18
899,100,CC,LITETime,0.11,0.41,0.52
900,100,CC,LITETime,0.03,0.43,0.46
901,100,CC,LITETime,0.0499999999999999,0.2,0.25
902,100,CC,LITETime,0.09,0.13,0.04
903,100,CC,LITETime,0.0199999999999999,0.46,0.48
904,100,CC,LITETime,0.1899999999999999,0.76,0.95
905,100,CC,LITETime,0.08,0.57,0.65
906,100,CC,LITETime,0.0899999999999999,0.4,0.49
907,100,CC,LITETime,0.05,0.16,0.11
908,100,CC,LITETime,0.0399999999999999,0.29,0.25
909,100,CC,LITETime,0.0099999999999999,0.28,0.29
910,100,CC,LITETime,0.15,0.61,0.76
911,100,CC,LITETime,0.1899999999999999,0.68,0.87
912,100,CC,LITETime,0.26,0.64,0.9
913,100,CC,LITETime,0.26,0.72,0.98
914,100,CC,LITETime,0.2299999999999999,0.75,0.98
915,100,CC,LITETime,0.2699999999999999,0.68,0.95
916,100,CC,LITETime,0.13,0.2,0.07
917,100,CC,LITETime,0.12,0.25,0.13
918,100,CC,LITETime,0.0299999999999999,0.27,0.3
919,100,CC,LITETime,0.04,0.51,0.55
920,100,CC,LITETime,0.07,0.16,0.09
921,100,CC,LITETime,0.13,0.71,0.84
922,100,CC,LITETime,0.0799999999999999,0.53,0.61
923,100,CC,LITETime,0.03,0.51,0.54
924,100,CC,LITETime,0.0499999999999999,0.21,0.16
925,100,CC,LITETime,0.08,0.33,0.25
926,100,CC,LITETime,0.07,0.23,0.16
927,100,CC,LITETime,0.16,0.69,0.85
928,100,CC,LITETime,0.1099999999999999,0.47,0.58
929,100,CC,LITETime,0.1099999999999999,0.62,0.73
930,100,CC,LITETime,0.0,0.29,0.29
931,100,CC,LITETime,0.0399999999999999,0.33,0.37
932,100,CC,LITETime,0.0099999999999999,0.41,0.4
933,100,CC,LITETime,0.14,0.62,0.76
934,100,CC,LITETime,0.16,0.61,0.77
935,100,CC,LITETime,0.0099999999999999,0.21,0.2
936,100,CC,LITETime,0.2799999999999999,0.66,0.94
937,100,CC,LITETime,0.13,0.25,0.12
938,100,CC,LITETime,0.2299999999999999,0.66,0.89
939,100,CC,LITETime,0.07,0.17,0.1
940,100,CC,LITETime,0.01,0.27,0.26
941,100,CC,LITETime,0.1899999999999999,0.65,0.84
942,100,CC,LITETime,0.0199999999999999,0.19,0.17
943,100,CC,LITETime,0.0299999999999999,0.38,0.41
944,100,CC,LITETime,0.02,0.42,0.44
945,100,CC,LITETime,0.03,0.21,0.24
946,100,CC,LITETime,0.1799999999999999,0.53,0.71
947,100,CC,LITETime,0.27,0.58,0.85
948,100,CC,LITETime,0.1899999999999999,0.68,0.87
949,100,CC,LITETime,0.02,0.31,0.33
950,100,CC,LITETime,0.02,0.51,0.53
951,100,CC,LITETime,0.02,0.26,0.24
952,100,CC,LITETime,0.0499999999999999,0.29,0.24
953,100,CC,LITETime,0.0199999999999999,0.18,0.16
954,100,CC,LITETime,0.2299999999999999,0.71,0.94
955,100,CC,LITETime,0.1999999999999999,0.68,0.88
956,100,CC,LITETime,0.15,0.62,0.77
957,100,CC,LITETime,0.02,0.49,0.51
958,100,CC,LITETime,0.1099999999999999,0.38,0.49
959,100,CC,LITETime,0.04,0.48,0.52
960,100,CC,LITETime,0.08,0.45,0.53
961,100,CC,LITETime,0.06,0.37,0.43
962,100,CC,LITETime,0.0499999999999999,0.18,0.13
963,100,CC,LITETime,0.1,0.22,0.12
964,100,CC,LITETime,0.3299999999999999,0.62,0.95
965,100,CC,LITETime,0.0399999999999999,0.44,0.48
966,100,CC,LITETime,0.2999999999999999,0.65,0.95
967,100,CC,LITETime,0.0799999999999999,0.24,0.16
968,100,CC,LITETime,0.06,0.49,0.55
969,100,CC,LITETime,0.0199999999999999,0.22,0.2
970,100,CC,LITETime,0.02,0.27,0.25
971,100,CC,LITETime,0.14,0.17,0.03
972,100,CC,LITETime,0.0699999999999999,0.18,0.11
973,100,CC,LITETime,0.24,0.67,0.91
974,100,CC,LITETime,0.0399999999999999,0.28,0.32
975,100,CC,LITETime,0.0499999999999999,0.55,0.6
976,100,CC,LITETime,0.05,0.41,0.46
977,100,CC,LITETime,0.0399999999999999,0.44,0.4
978,100,CC,LITETime,0.08,0.45,0.53
979,100,CC,LITETime,0.16,0.34,0.18
980,100,CC,LITETime,0.24,0.74,0.98
981,100,CC,LITETime,0.13,0.68,0.81
982,100,CC,LITETime,0.14,0.6,0.74
983,100,CC,LITETime,0.03,0.43,0.46
984,100,CC,LITETime,0.03,0.18,0.15
985,100,CC,LITETime,0.15,0.77,0.92
986,100,CC,LITETime,0.02,0.32,0.34
987,100,CC,LITETime,0.12,0.17,0.05
988,100,CC,LITETime,0.07,0.27,0.34
989,100,CC,LITETime,0.25,0.54,0.79
990,100,CC,LITETime,0.13,0.49,0.62
991,100,CC,LITETime,0.0899999999999999,0.66,0.75
992,100,CC,LITETime,0.2,0.59,0.79
993,100,CC,LITETime,0.02,0.23,0.21
994,100,CC,LITETime,0.22,0.7,0.92
995,100,CC,LITETime,0.02,0.45,0.43
996,100,CC,LITETime,0.1099999999999999,0.52,0.63
997,100,CC,LITETime,0.1,0.1,0.0
998,100,CC,LITETime,0.24,0.75,0.99
999,100,CC,LITETime,0.0099999999999999,0.29,0.28
1000,100,CC,LITETime,0.16,0.22,0.06
1001,100,CC,LITETime,0.1099999999999999,0.34,0.45
1002,100,CC,LITETime,0.02,0.14,0.12
1003,100,CC,LITETime,0.05,0.2,0.15
1004,100,CC,LITETime,0.1099999999999999,0.52,0.63
1005,100,CC,LITETime,0.0199999999999999,0.41,0.39
1006,100,CC,LITETime,0.25,0.67,0.92
1007,100,CC,LITETime,0.01,0.3,0.31
1008,100,CC,LITETime,0.12,0.6,0.72
1009,100,CC,LITETime,0.03,0.43,0.46
1010,100,CC,LITETime,0.12,0.53,0.65
1011,100,CC,LITETime,0.0899999999999999,0.5,0.59
1012,100,CC,LITETime,0.06,0.41,0.47
1013,100,CC,LITETime,0.1999999999999999,0.75,0.95
1014,100,CC,LITETime,0.07,0.27,0.34
1015,100,CC,LITETime,0.1199999999999999,0.29,0.17
1016,100,CC,LITETime,0.12,0.55,0.67
1017,100,CC,LITETime,0.24,0.6,0.84
1018,100,CC,LITETime,0.1399999999999999,0.18,0.04
1019,100,CC,LITETime,0.0499999999999999,0.39,0.44
1020,100,CC,LITETime,0.24,0.65,0.89
1021,100,CC,LITETime,0.13,0.61,0.74
1022,100,CC,LITETime,0.3,0.69,0.99
1023,100,CC,LITETime,0.08,0.45,0.53
1024,100,CC,LITETime,0.0899999999999999,0.56,0.65
1025,100,CC,LITETime,0.04,0.34,0.3
1026,100,CC,LITETime,0.2199999999999999,0.72,0.94
1027,100,CC,LITETime,0.02,0.38,0.36
1028,100,CC,LITETime,0.2199999999999999,0.51,0.73
1029,100,CC,LITETime,0.04,0.36,0.4
1030,100,CC,LITETime,0.07,0.49,0.56
1031,100,CC,LITETime,0.1699999999999999,0.54,0.71
1032,100,CC,LITETime,0.09,0.41,0.5
1033,100,CC,LITETime,0.15,0.75,0.9
1034,100,CC,LITETime,0.06,0.35,0.41
1035,100,CC,LITETime,0.0899999999999999,0.55,0.64
1036,100,CC,LITETime,0.0399999999999999,0.38,0.34
1037,100,CC,LITETime,0.0499999999999999,0.45,0.4
1038,100,CC,LITETime,0.06,0.38,0.44
1039,100,CC,LITETime,0.08,0.2,0.12
1040,100,CC,LITETime,0.09,0.18,0.09
1041,100,CC,LITETime,0.09,0.57,0.66
1042,100,CC,LITETime,0.1099999999999999,0.54,0.65
1043,100,CC,LITETime,0.17,0.49,0.66
1044,100,CC,LITETime,0.06,0.07,0.01
1045,100,CC,LITETime,0.0999999999999999,0.42,0.32
1046,100,CC,LITETime,0.0499999999999999,0.24,0.19
1047,100,CC,LITETime,0.19,0.58,0.77
1048,100,CC,LITETime,0.2099999999999999,0.65,0.86
1049,100,CC,LITETime,0.07,0.31,0.24
1050,100,CC,LITETime,0.14,0.52,0.66
1051,100,CC,LITETime,0.05,0.17,0.12
1052,100,CC,LITETime,0.06,0.33,0.27
1053,100,CC,LITETime,0.12,0.25,0.13
1054,100,CC,LITETime,0.0199999999999999,0.3,0.28
1055,100,CC,LITETime,0.13,0.54,0.67
1056,100,CC,LITETime,0.22,0.69,0.91
1057,100,CC,LITETime,0.03,0.23,0.2
1058,100,CC,LITETime,0.08,0.46,0.54
1059,100,CC,LITETime,0.1699999999999999,0.53,0.7
1060,100,CC,LITETime,0.2999999999999999,0.65,0.95
1061,100,CC,LITETime,0.0699999999999999,0.54,0.61
1062,100,CC,LITETime,0.06,0.31,0.25
1063,100,CC,LITETime,0.04,0.58,0.62
1064,100,CC,LITETime,0.01,0.33,0.32
1065,100,CC,LITETime,0.1699999999999999,0.8,0.97
1066,100,CC,LITETime,0.07,0.32,0.39
1067,100,CC,LITETime,0.21,0.47,0.68
1068,100,CC,LITETime,0.15,0.17,0.02
1069,100,CC,LITETime,0.07,0.33,0.4
1070,100,CC,LITETime,0.0999999999999999,0.77,0.87
1071,100,CC,LITETime,0.0899999999999999,0.52,0.61
1072,100,CC,LITETime,0.01,0.45,0.44
1073,100,CC,LITETime,0.2300000000000001,0.7,0.93
1074,100,CC,LITETime,0.1699999999999999,0.68,0.85
1075,100,CC,LITETime,0.01,0.33,0.32
1076,100,CC,LITETime,0.12,0.42,0.54
1077,100,CC,LITETime,0.0899999999999999,0.39,0.48
1078,100,CC,LITETime,0.12,0.51,0.63
1079,100,CC,LITETime,0.0,0.33,0.33
1080,100,CC,LITETime,0.06,0.3,0.24
1081,100,CC,LITETime,0.27,0.64,0.91
1082,100,CC,LITETime,0.17,0.75,0.92
1083,100,CC,LITETime,0.2199999999999999,0.62,0.84
1084,100,CC,LITETime,0.27,0.7,0.97
1085,100,CC,LITETime,0.1899999999999999,0.55,0.74
1086,100,CC,LITETime,0.1099999999999999,0.65,0.76
1087,100,CC,LITETime,0.13,0.63,0.76
1088,100,CC,LITETime,0.0499999999999999,0.43,0.48
1089,100,CC,LITETime,0.07,0.38,0.45
1090,100,CC,LITETime,0.0499999999999999,0.29,0.24
1091,100,CC,LITETime,0.0899999999999999,0.55,0.64
1092,100,CC,LITETime,0.0299999999999999,0.31,0.28
1093,100,CC,LITETime,0.0,0.25,0.25
1094,100,CC,LITETime,0.0799999999999999,0.5,0.58
1095,100,CC,LITETime,0.02,0.38,0.4
1096,100,CC,LITETime,0.06,0.27,0.21
1097,100,CC,LITETime,0.2400000000000001,0.57,0.81
1098,100,CC,LITETime,0.14,0.72,0.86
1099,100,CC,LITETime,0.07,0.23,0.16
1100,100,CC,LITETime,0.1,0.1,0.0
1101,100,CC,LITETime,0.01,0.32,0.33
1102,100,CC,LITETime,0.18,0.61,0.79
1103,100,CC,LITETime,0.1499999999999999,0.68,0.83
1104,100,CC,LITETime,0.14,0.27,0.13
1105,100,CC,LITETime,0.2,0.57,0.77
1106,100,CC,LITETime,0.09,0.2,0.11
1107,100,CC,LITETime,0.04,0.35,0.39
1108,100,CC,LITETime,0.3099999999999999,0.68,0.99
1109,100,CC,LITETime,0.06,0.25,0.19
1110,100,CC,LITETime,0.04,0.19,0.15
1111,100,CC,LITETime,0.0999999999999999,0.32,0.42
1112,100,CC,LITETime,0.0899999999999999,0.52,0.61
1113,100,CC,LITETime,0.16,0.77,0.93
1114,100,CC,LITETime,0.24,0.74,0.98
1115,100,CC,LITETime,0.09,0.15,0.06
1116,100,CC,LITETime,0.12,0.25,0.13
1117,100,CC,LITETime,0.13,0.66,0.79
1118,100,CC,LITETime,0.01,0.28,0.27
1119,100,CC,LITETime,0.2199999999999999,0.66,0.88
1120,100,CC,LITETime,0.16,0.5,0.66
1121,100,CC,LITETime,0.0699999999999999,0.18,0.11
1122,100,CC,LITETime,0.0799999999999999,0.75,0.83
1123,100,CC,LITETime,0.06,0.23,0.17
1124,100,CC,LITETime,0.0799999999999999,0.34,0.42
1125,100,CC,LITETime,0.1,0.45,0.55
1126,100,CC,LITETime,0.07,0.43,0.5
1127,100,CC,LITETime,0.08,0.6,0.68
1128,100,CC,LITETime,0.12,0.53,0.65
1129,100,CC,LITETime,0.27,0.72,0.99
1130,100,CC,LITETime,0.1899999999999999,0.8,0.99
1131,100,CC,LITETime,0.06,0.45,0.51
1132,100,CC,LITETime,0.07,0.16,0.09
1133,100,CC,LITETime,0.15,0.57,0.72
1134,100,CC,LITETime,0.25,0.72,0.97
1135,100,CC,LITETime,0.0399999999999999,0.35,0.31
1136,100,CC,LITETime,0.02,0.44,0.46
1137,100,CC,LITETime,0.01,0.43,0.42
1138,100,CC,LITETime,0.08,0.13,0.05
1139,100,CC,LITETime,0.04,0.63,0.67
1140,100,CC,LITETime,0.03,0.38,0.35
1141,100,CC,LITETime,0.2299999999999999,0.55,0.78
1142,100,CC,LITETime,0.2099999999999999,0.62,0.83
1143,100,CC,LITETime,0.1699999999999999,0.65,0.82
1144,100,CC,LITETime,0.0,0.41,0.41
1145,100,CC,LITETime,0.01,0.33,0.32
1146,100,CC,LITETime,0.12,0.62,0.74
1147,100,CC,LITETime,0.14,0.66,0.8
1148,100,CC,LITETime,0.0399999999999999,0.45,0.49
1149,100,CC,LITETime,0.2099999999999999,0.68,0.89
1150,100,CC,LITETime,0.0499999999999999,0.19,0.14
1151,100,CC,LITETime,0.15,0.72,0.87
1152,100,CC,LITETime,0.08,0.17,0.09
1153,100,CC,LITETime,0.12,0.27,0.15
1154,100,CC,LITETime,0.04,0.49,0.53
1155,100,CC,LITETime,0.17,0.23,0.06
1156,100,CC,LITETime,0.0999999999999999,0.15,0.05
1157,100,CC,LITETime,0.15,0.15,0.0
1158,100,CC,LITETime,0.08,0.35,0.43
1159,100,CC,LITETime,0.18,0.59,0.77
1160,100,CC,LITETime,0.16,0.19,0.03
1161,100,CC,LITETime,0.1099999999999999,0.54,0.65
1162,100,CC,LITETime,0.2299999999999999,0.59,0.82
1163,100,CC,LITETime,0.09,0.25,0.16
1164,100,CC,LITETime,0.1099999999999999,0.25,0.14
1165,100,CC,LITETime,0.1899999999999999,0.67,0.86
1166,100,CC,LITETime,0.1899999999999999,0.63,0.82
1167,100,CC,LITETime,0.01,0.54,0.53
1168,100,CC,LITETime,0.2400000000000001,0.57,0.81
1169,100,CC,LITETime,0.11,0.2,0.09
1170,100,CC,LITETime,0.0299999999999999,0.42,0.39
1171,100,CC,LITETime,0.13,0.6,0.73
1172,100,CC,LITETime,0.09,0.34,0.25
1173,100,CC,LITETime,0.15,0.6,0.75
1174,100,CC,LITETime,0.07,0.43,0.5
1175,100,CC,LITETime,0.15,0.6,0.75
1176,100,CC,LITETime,0.0099999999999999,0.47,0.46
1177,100,CC,LITETime,0.07,0.43,0.36
1178,100,CC,LITETime,0.01,0.22,0.21
1179,100,CC,LITETime,0.07,0.27,0.2
1180,100,CC,LITETime,0.16,0.59,0.75
1181,100,CC,LITETime,0.13,0.24,0.11
1182,100,CC,LITETime,0.13,0.21,0.08
1183,100,CC,LITETime,0.0699999999999999,0.24,0.17
1184,100,CC,LITETime,0.09,0.26,0.17
1185,100,CC,LITETime,0.0899999999999999,0.73,0.82
1186,100,CC,LITETime,0.1,0.29,0.39
1187,100,CC,LITETime,0.24,0.75,0.99
1188,100,CC,LITETime,0.09,0.22,0.13
1189,100,CC,LITETime,0.04,0.61,0.65
1190,100,CC,LITETime,0.01,0.45,0.44
1191,100,CC,LITETime,0.09,0.3,0.39
1192,100,CC,LITETime,0.25,0.62,0.87
1193,100,CC,LITETime,0.2199999999999999,0.75,0.97
1194,100,CC,LITETime,0.2199999999999999,0.65,0.87
1195,100,CC,LITETime,0.07,0.26,0.19
1196,100,CC,LITETime,0.1299999999999999,0.35,0.22
1197,100,CC,LITETime,0.05,0.6,0.65
1198,100,CC,LITETime,0.0699999999999999,0.35,0.28
1199,100,CC,LITETime,0.0899999999999999,0.64,0.73
1200,100,CC,LITETime,0.17,0.39,0.56
1201,100,CC,LITETime,0.12,0.43,0.55
1202,100,CC,LITETime,0.0799999999999999,0.74,0.82
1203,100,CC,LITETime,0.13,0.58,0.71
1204,100,CC,LITETime,0.11,0.13,0.02
1205,100,CC,LITETime,0.1,0.14,0.04
1206,100,CC,LITETime,0.12,0.48,0.6
1207,100,CC,LITETime,0.0,0.48,0.48
1208,100,CC,LITETime,0.07,0.33,0.26
1209,100,CC,LITETime,0.0,0.41,0.41
1210,100,CC,LITETime,0.2099999999999999,0.54,0.75
1211,100,CC,LITETime,0.1799999999999999,0.64,0.82
1212,100,CC,LITETime,0.07,0.49,0.56
1213,100,CC,LITETime,0.03,0.35,0.38
1214,100,CC,LITETime,0.0,0.27,0.27
1215,100,CC,LITETime,0.0,0.52,0.52
1216,100,CC,LITETime,0.06,0.25,0.31
1217,100,CC,LITETime,0.1,0.46,0.56
1218,100,CC,LITETime,0.05,0.62,0.67
1219,100,CC,LITETime,0.16,0.22,0.06
1220,100,CC,LITETime,0.1,0.1,0.0
1221,100,CC,LITETime,0.11,0.32,0.21
1222,100,CC,LITETime,0.2099999999999999,0.68,0.89
1223,100,CC,LITETime,0.12,0.52,0.64
1224,100,CC,LITETime,0.0399999999999999,0.21,0.17
1225,100,CC,LITETime,0.13,0.76,0.89
1226,100,CC,LITETime,0.04,0.42,0.46
1227,100,CC,LITETime,0.0299999999999999,0.44,0.47
1228,100,CC,LITETime,0.22,0.71,0.93
1229,100,CC,LITETime,0.08,0.13,0.05
1230,100,CC,LITETime,0.1,0.31,0.21
1231,100,CC,LITETime,0.1499999999999999,0.43,0.58
1232,100,CC,LITETime,0.03,0.22,0.19
1233,100,CC,LITETime,0.13,0.54,0.67
1234,100,CC,LITETime,0.04,0.25,0.21
1235,100,CC,LITETime,0.12,0.21,0.09
1236,100,CC,LITETime,0.0899999999999999,0.29,0.2
1237,100,CC,LITETime,0.0199999999999999,0.4,0.42
1238,100,CC,LITETime,0.1299999999999999,0.3,0.17
1239,100,CC,LITETime,0.0499999999999999,0.18,0.13
1240,100,CC,LITETime,0.1899999999999999,0.67,0.86
1241,100,CC,LITETime,0.01,0.33,0.32
1242,100,CC,LITETime,0.0,0.36,0.36
1243,100,CC,LITETime,0.09,0.14,0.05
1244,100,CC,LITETime,0.01,0.36,0.35
1245,100,CC,LITETime,0.07,0.33,0.26
1246,100,CC,LITETime,0.2,0.41,0.61
1247,100,CC,LITETime,0.02,0.18,0.2
1248,100,CC,LITETime,0.19,0.69,0.88
1249,100,CC,LITETime,0.25,0.67,0.92
1250,100,CC,LITETime,0.08,0.17,0.09
1251,100,CC,LITETime,0.1099999999999999,0.21,0.1
1252,100,CC,LITETime,0.0699999999999999,0.18,0.11
1253,100,CC,LITETime,0.0899999999999999,0.52,0.61
1254,100,CC,LITETime,0.08,0.2,0.12
1255,100,CC,LITETime,0.2299999999999999,0.62,0.85
1256,100,CC,LITETime,0.12,0.63,0.75
1257,100,CC,LITETime,0.15,0.66,0.81
1258,100,CC,LITETime,0.03,0.49,0.52
1259,100,CC,LITETime,0.26,0.73,0.99
1260,100,CC,LITETime,0.1699999999999999,0.21,0.04
1261,100,CC,LITETime,0.02,0.38,0.4
1262,100,CC,LITETime,0.01,0.31,0.32
1263,100,CC,LITETime,0.25,0.69,0.94
1264,100,CC,LITETime,0.1099999999999999,0.46,0.57
1265,100,CC,LITETime,0.09,0.71,0.8
1266,100,CC,LITETime,0.06,0.23,0.17
1267,100,CC,LITETime,0.27,0.7,0.97
1268,100,CC,LITETime,0.08,0.41,0.49
1269,100,CC,LITETime,0.01,0.48,0.49
1270,100,CC,LITETime,0.2199999999999999,0.75,0.97
1271,100,CC,LITETime,0.0499999999999999,0.33,0.38
1272,100,CC,LITETime,0.0199999999999999,0.41,0.39
1273,100,CC,LITETime,0.0699999999999999,0.51,0.58
1274,100,CC,LITETime,0.06,0.18,0.12
1275,100,CC,LITETime,0.0499999999999999,0.37,0.32
1276,100,CC,LITETime,0.09,0.28,0.19
1277,100,CC,LITETime,0.15,0.25,0.1
1278,100,CC,LITETime,0.16,0.7,0.86
1279,100,CC,LITETime,0.1199999999999999,0.46,0.58
1280,100,CC,LITETime,0.0199999999999999,0.33,0.35
1281,100,CC,LITETime,0.02,0.38,0.4
1282,100,CC,LITETime,0.0499999999999999,0.38,0.43
1283,100,CC,LITETime,0.12,0.51,0.63
1284,100,CC,LITETime,0.2300000000000001,0.69,0.92
1285,100,CC,LITETime,0.26,0.67,0.93
1286,100,CC,LITETime,0.01,0.38,0.39
1287,100,CC,LITETime,0.03,0.29,0.32
1288,100,CC,LITETime,0.0199999999999999,0.47,0.45
1289,100,CC,LITETime,0.03,0.53,0.56
1290,100,CC,LITETime,0.0,0.46,0.46
1291,100,CC,LITETime,0.05,0.6,0.65
1292,100,CC,LITETime,0.04,0.51,0.55
1293,100,CC,LITETime,0.0,0.32,0.32
1294,100,CC,LITETime,0.0499999999999999,0.39,0.34
1295,100,CC,LITETime,0.0,0.37,0.37
1296,100,CC,LITETime,0.1,0.19,0.09
1297,100,CC,LITETime,0.0499999999999999,0.21,0.16
1298,100,CC,LITETime,0.0999999999999999,0.62,0.72
1299,100,CC,LITETime,0.02,0.36,0.38
1300,100,CC,LITETime,0.06,0.27,0.21
1301,100,CC,LITETime,0.15,0.41,0.56
1302,100,CC,LITETime,0.0999999999999999,0.65,0.75
1303,100,CC,LITETime,0.0499999999999999,0.3,0.25
1304,100,CC,LITETime,0.2199999999999999,0.6,0.82
1305,100,CC,LITETime,0.22,0.7,0.92
1306,100,CC,LITETime,0.1299999999999999,0.46,0.59
1307,100,CC,LITETime,0.18,0.48,0.66
1308,100,CC,LITETime,0.0399999999999999,0.09,0.05
1309,100,CC,LITETime,0.2299999999999999,0.71,0.94
1310,100,CC,LITETime,0.01,0.38,0.39
1311,100,CC,LITETime,0.18,0.74,0.92
1312,100,CC,LITETime,0.0999999999999999,0.47,0.57
1313,100,CC,LITETime,0.12,0.12,0.0
1314,100,CC,LITETime,0.07,0.1,0.03
1315,100,CC,LITETime,0.18,0.5,0.68
1316,100,CC,LITETime,0.06,0.5,0.56
1317,100,CC,LITETime,0.13,0.15,0.02
1318,100,CC,LITETime,0.1799999999999999,0.56,0.74
1319,100,CC,LITETime,0.1099999999999999,0.74,0.85
1320,100,CC,LITETime,0.0,0.49,0.49
1321,100,CC,LITETime,0.0199999999999999,0.48,0.46
1322,100,CC,LITETime,0.11,0.11,0.0
1323,100,CC,LITETime,0.19,0.59,0.78
1324,100,CC,LITETime,0.0499999999999999,0.28,0.33
1325,100,CC,LITETime,0.14,0.73,0.87
1326,100,CC,LITETime,0.02,0.35,0.37
1327,100,CC,LITETime,0.13,0.43,0.56
1328,100,CC,LITETime,0.0199999999999999,0.29,0.27
1329,100,CC,LITETime,0.04,0.2,0.16
1330,100,CC,LITETime,0.2199999999999999,0.55,0.77
1331,100,CC,LITETime,0.01,0.5,0.49
1332,100,CC,LITETime,0.07,0.46,0.53
1333,100,CC,LITETime,0.2099999999999999,0.75,0.96
1334,100,CC,LITETime,0.2199999999999999,0.74,0.96
1335,100,CC,LITETime,0.1999999999999999,0.65,0.85
1336,100,CC,LITETime,0.1,0.28,0.18
1337,100,CC,LITETime,0.1599999999999999,0.43,0.59
1338,100,CC,LITETime,0.24,0.63,0.87
1339,100,CC,LITETime,0.07,0.44,0.37
1340,100,CC,LITETime,0.1,0.2,0.1
1341,100,CC,LITETime,0.16,0.65,0.81
1342,100,CC,LITETime,0.0399999999999999,0.44,0.48
1343,100,CC,LITETime,0.06,0.5,0.56
1344,100,CC,LITETime,0.2099999999999999,0.77,0.98
1345,100,CC,LITETime,0.0999999999999999,0.5,0.6
1346,100,CC,LITETime,0.06,0.36,0.42
1347,100,CC,LITETime,0.0499999999999999,0.41,0.36
1348,100,CC,LITETime,0.0,0.41,0.41
1349,100,CC,LITETime,0.03,0.14,0.11
1350,100,CC,LITETime,0.18,0.61,0.79
1351,100,CC,LITETime,0.1999999999999999,0.63,0.83
1352,100,CC,LITETime,0.02,0.26,0.28
1353,100,CC,LITETime,0.0,0.3,0.3
1354,100,CC,LITETime,0.1899999999999999,0.68,0.87
1355,100,CC,LITETime,0.13,0.15,0.02
1356,100,CC,LITETime,0.12,0.4,0.52
1357,100,CC,LITETime,0.05,0.41,0.46
1358,100,CC,LITETime,0.0999999999999999,0.59,0.69
1359,100,CC,LITETime,0.07,0.23,0.16
1360,100,CC,LITETime,0.0999999999999999,0.56,0.66
1361,100,CC,LITETime,0.0299999999999999,0.34,0.37
1362,100,CC,LITETime,0.0799999999999999,0.53,0.61
1363,100,CC,LITETime,0.1399999999999999,0.18,0.04
1364,100,CC,LITETime,0.1,0.36,0.46
1365,100,CC,LITETime,0.07,0.45,0.52
1366,100,CC,LITETime,0.11,0.32,0.21
1367,100,CC,LITETime,0.14,0.27,0.13
1368,100,CC,LITETime,0.06,0.24,0.18
1369,100,CC,LITETime,0.0199999999999999,0.36,0.34
1370,100,CC,LITETime,0.1,0.19,0.09
1371,100,CC,LITETime,0.2599999999999999,0.68,0.94
1372,100,CC,LITETime,0.01,0.39,0.4
1373,100,CC,LITETime,0.16,0.64,0.8
1374,100,CC,LITETime,0.2299999999999999,0.74,0.97
1375,100,CC,LITETime,0.18,0.26,0.08
1376,100,CC,LITETime,0.02,0.63,0.65
1377,100,CC,LITETime,0.1899999999999999,0.68,0.87
1378,100,CC,LITETime,0.15,0.48,0.63
1379,100,CC,LITETime,0.01,0.41,0.42
1380,100,CC,LITETime,0.0399999999999999,0.39,0.43
1381,100,CC,LITETime,0.16,0.19,0.03
1382,100,CC,LITETime,0.03,0.5,0.53
1383,100,CC,LITETime,0.24,0.75,0.99
1384,100,CC,LITETime,0.1999999999999999,0.75,0.95
1385,100,CC,LITETime,0.13,0.17,0.04
1386,100,CC,LITETime,0.13,0.57,0.7
1387,100,CC,LITETime,0.06,0.24,0.3
1388,100,CC,LITETime,0.28,0.62,0.9
1389,100,CC,LITETime,0.16,0.2,0.04
1390,100,CC,LITETime,0.18,0.75,0.93
1391,100,CC,LITETime,0.1899999999999999,0.64,0.83
1392,100,CC,LITETime,0.12,0.23,0.11
1393,100,CC,LITETime,0.0999999999999999,0.15,0.05
1394,100,CC,LITETime,0.1799999999999999,0.65,0.83
1395,100,CC,LITETime,0.04,0.19,0.15
1396,100,CC,LITETime,0.1,0.43,0.53
1397,100,CC,LITETime,0.26,0.65,0.91
1398,100,CC,LITETime,0.08,0.48,0.56
1399,100,CC,LITETime,0.04,0.35,0.39
1400,100,CC,LITETime,0.02,0.46,0.44
1401,100,CC,LITETime,0.12,0.18,0.06
1402,100,CC,LITETime,0.2099999999999999,0.75,0.96
1403,100,CC,LITETime,0.07,0.24,0.31
1404,100,CC,LITETime,0.12,0.3,0.18
1405,100,CC,LITETime,0.0099999999999999,0.29,0.28
1406,100,CC,LITETime,0.27,0.69,0.96
1407,100,CC,LITETime,0.08,0.17,0.09
1408,100,CC,LITETime,0.1999999999999999,0.66,0.86
1409,100,CC,LITETime,0.1899999999999999,0.51,0.7
1410,100,CC,LITETime,0.1499999999999999,0.68,0.83
1411,100,CC,LITETime,0.2899999999999999,0.68,0.97
1412,100,CC,LITETime,0.1699999999999999,0.67,0.84
1413,100,CC,LITETime,0.24,0.7,0.94
1414,100,CC,LITETime,0.04,0.16,0.12
1415,100,CC,LITETime,0.22,0.57,0.79
1416,100,CC,LITETime,0.12,0.42,0.54
1417,100,CC,LITETime,0.05,0.49,0.54
1418,100,CC,LITETime,0.25,0.64,0.89
1419,100,CC,LITETime,0.2199999999999999,0.75,0.97
1420,100,CC,LITETime,0.1499999999999999,0.55,0.7
1421,100,CC,LITETime,0.01,0.49,0.48
1422,100,CC,LITETime,0.02,0.43,0.45
1423,100,CC,LITETime,0.08,0.3,0.38
1424,100,CC,LITETime,0.0,0.36,0.36
1425,100,CC,LITETime,0.0299999999999999,0.42,0.39
1426,100,CC,LITETime,0.09,0.17,0.08
1427,100,CC,LITETime,0.1399999999999999,0.21,0.07
1428,100,CC,LITETime,0.13,0.64,0.77
1429,100,CC,LITETime,0.07,0.37,0.44
1430,100,CC,LITETime,0.2300000000000001,0.7,0.93
1431,100,CC,LITETime,0.0899999999999999,0.52,0.61
1432,100,CC,LITETime,0.1,0.13,0.03
1433,100,CC,LITETime,0.1,0.25,0.15
1434,100,CC,LITETime,0.0499999999999999,0.25,0.2
1435,100,CC,LITETime,0.1999999999999999,0.77,0.97
1436,100,CC,LITETime,0.03,0.24,0.21
1437,100,CC,LITETime,0.06,0.45,0.51
1438,100,CC,LITETime,0.29,0.64,0.93
1439,100,CC,LITETime,0.2299999999999999,0.74,0.97
1440,100,CC,LITETime,0.03,0.26,0.23
1441,100,CC,LITETime,0.12,0.16,0.04
1442,100,CC,LITETime,0.08,0.23,0.15
1443,100,CC,LITETime,0.09,0.15,0.06
1444,100,CC,LITETime,0.07,0.26,0.19
1445,100,CC,LITETime,0.14,0.42,0.56
1446,100,CC,LITETime,0.27,0.64,0.91
1447,100,CC,LITETime,0.03,0.5,0.53
1448,100,CC,LITETime,0.1099999999999999,0.51,0.62
1449,100,CC,LITETime,0.0899999999999999,0.29,0.2
1450,100,CC,LITETime,0.2,0.6,0.8
1451,100,CC,LITETime,0.0799999999999999,0.53,0.61
1452,100,CC,LITETime,0.2299999999999999,0.63,0.86
1453,100,CC,LITETime,0.2099999999999999,0.73,0.94
1454,100,CC,LITETime,0.0299999999999999,0.37,0.34
1455,100,CC,LITETime,0.08,0.17,0.09
1456,100,CC,LITETime,0.04,0.26,0.22
1457,100,CC,LITETime,0.02,0.41,0.43
1458,100,CC,LITETime,0.2599999999999999,0.68,0.94
1459,100,CC,LITETime,0.01,0.36,0.37
1460,100,CC,LITETime,0.2,0.57,0.77
1461,100,CC,LITETime,0.09,0.45,0.54
1462,100,CC,LITETime,0.12,0.3,0.18
1463,100,CC,LITETime,0.07,0.39,0.32
1464,100,CC,LITETime,0.17,0.48,0.65
1465,100,CC,LITETime,0.06,0.61,0.67
1466,100,CC,LITETime,0.06,0.37,0.43
1467,100,CC,LITETime,0.0699999999999999,0.29,0.22
1468,100,CC,LITETime,0.14,0.58,0.72
1469,100,CC,LITETime,0.0499999999999999,0.21,0.16
1470,100,CC,LITETime,0.25,0.68,0.93
1471,100,CC,LITETime,0.03,0.21,0.18
1472,100,CC,LITETime,0.12,0.22,0.1
1473,100,CC,LITETime,0.0999999999999999,0.39,0.49
1474,100,CC,LITETime,0.02,0.49,0.51
1475,100,CC,LITETime,0.06,0.44,0.5
1476,100,CC,LITETime,0.01,0.44,0.43
1477,100,CC,LITETime,0.13,0.86,0.99
1478,100,CC,LITETime,0.0499999999999999,0.43,0.48
1479,100,CC,LITETime,0.0399999999999999,0.43,0.47
1480,100,CC,LITETime,0.0799999999999999,0.34,0.42
1481,100,CC,LITETime,0.08,0.14,0.06
1482,100,CC,LITETime,0.0499999999999999,0.54,0.59
1483,100,CC,LITETime,0.09,0.31,0.22
1484,100,CC,LITETime,0.12,0.51,0.63
1485,100,CC,LITETime,0.11,0.16,0.05
1486,100,CC,LITETime,0.3199999999999999,0.66,0.98
1487,100,CC,LITETime,0.08,0.38,0.46
1488,100,CC,LITETime,0.2,0.69,0.89
1489,100,CC,LITETime,0.0399999999999999,0.43,0.47
1490,100,CC,LITETime,0.17,0.23,0.06
1491,100,CC,LITETime,0.0899999999999999,0.73,0.82
1492,100,CC,LITETime,0.03,0.61,0.64
1493,100,CC,LITETime,0.2199999999999999,0.56,0.78
1494,100,CC,LITETime,0.01,0.43,0.42
1495,100,CC,LITETime,0.12,0.51,0.63
1496,100,CC,LITETime,0.1799999999999999,0.67,0.85
1497,100,CC,LITETime,0.0799999999999999,0.55,0.63
1498,100,CC,LITETime,0.01,0.33,0.34
1499,100,CC,LITETime,0.0999999999999999,0.56,0.66
1500,100,CC,LITETime,0.14,0.53,0.67
1501,100,CC,LITETime,0.25,0.71,0.96
1502,100,CC,LITETime,0.0399999999999999,0.41,0.37
1503,100,CC,LITETime,0.01,0.41,0.42
1504,100,CC,LITETime,0.27,0.54,0.81
1505,100,CC,LITETime,0.0399999999999999,0.46,0.5
1506,100,CC,LITETime,0.1699999999999999,0.56,0.73
1507,100,CC,LITETime,0.03,0.42,0.45
1508,100,CC,LITETime,0.06,0.27,0.21
1509,100,CC,LITETime,0.2099999999999999,0.53,0.74
1510,100,CC,LITETime,0.04,0.17,0.13
1511,100,CC,LITETime,0.03,0.22,0.19
1512,100,CC,LITETime,0.0799999999999999,0.54,0.62
1513,100,CC,LITETime,0.0999999999999999,0.64,0.74
1514,100,CC,LITETime,0.29,0.6,0.89
1515,100,CC,LITETime,0.0299999999999999,0.3,0.27
1516,100,CC,LITETime,0.0999999999999999,0.21,0.11
1517,100,CC,LITETime,0.25,0.7,0.95
1518,100,CC,LITETime,0.03,0.12,0.15
1519,100,CC,LITETime,0.04,0.23,0.19
1520,100,CC,LITETime,0.06,0.35,0.29
1521,100,CC,LITETime,0.09,0.43,0.52
1522,100,CC,LITETime,0.2199999999999999,0.66,0.88
1523,100,CC,LITETime,0.1099999999999999,0.65,0.76
1524,100,CC,LITETime,0.1799999999999999,0.52,0.7
1525,100,CC,LITETime,0.03,0.2,0.17
1526,100,CC,LITETime,0.0,0.35,0.35
1527,100,CC,LITETime,0.0499999999999999,0.42,0.47
1528,100,CC,LITETime,0.0499999999999999,0.19,0.14
1529,100,CC,LITETime,0.01,0.28,0.27
1530,100,CC,LITETime,0.02,0.32,0.3
1531,100,CC,LITETime,0.1,0.22,0.12
1532,100,CC,LITETime,0.06,0.49,0.55
1533,100,CC,LITETime,0.1399999999999999,0.56,0.7
1534,100,CC,LITETime,0.06,0.12,0.06
1535,100,CC,LITETime,0.0999999999999999,0.38,0.48
1536,100,CC,LITETime,0.21,0.57,0.78
1537,100,CC,LITETime,0.17,0.57,0.74
1538,100,CC,LITETime,0.15,0.66,0.81
1539,100,CC,LITETime,0.0499999999999999,0.49,0.44
1540,100,CC,LITETime,0.2999999999999999,0.52,0.82
1541,100,CC,LITETime,0.02,0.26,0.24
1542,100,CC,LITETime,0.0499999999999999,0.31,0.36
1543,100,CC,LITETime,0.1299999999999999,0.3,0.17
1544,100,CC,LITETime,0.05,0.41,0.46
1545,100,CC,LITETime,0.03,0.36,0.39
1546,100,CC,LITETime,0.06,0.3,0.24
1547,100,CC,LITETime,0.2099999999999999,0.54,0.75
1548,100,CC,LITETime,0.0,0.31,0.31
1549,100,CC,LITETime,0.06,0.33,0.27
1550,100,CC,LITETime,0.1099999999999999,0.24,0.13
1551,100,CC,LITETime,0.01,0.42,0.43
1552,100,CC,LITETime,0.01,0.31,0.3
1553,100,CC,LITETime,0.02,0.38,0.36
1554,100,CC,LITETime,0.04,0.27,0.23
1555,100,CC,LITETime,0.19,0.57,0.76
1556,100,CC,LITETime,0.25,0.68,0.93
1557,100,CC,LITETime,0.0499999999999999,0.44,0.49
1558,100,CC,LITETime,0.18,0.46,0.64
1559,100,CC,LITETime,0.1799999999999999,0.68,0.86
1560,100,CC,LITETime,0.25,0.74,0.99
1561,100,CC,LITETime,0.12,0.49,0.61
1562,100,CC,LITETime,0.24,0.64,0.88
1563,100,CC,LITETime,0.26,0.64,0.9
1564,100,CC,LITETime,0.1099999999999999,0.68,0.79
1565,100,CC,LITETime,0.07,0.39,0.46
1566,100,CC,LITETime,0.14,0.22,0.08
1567,100,CC,LITETime,0.16,0.17,0.01
1568,100,CC,LITETime,0.0,0.47,0.47
1569,100,CC,LITETime,0.0299999999999999,0.46,0.49
1570,100,CC,LITETime,0.06,0.34,0.4
1571,100,CC,LITETime,0.08,0.48,0.56
1572,100,CC,LITETime,0.06,0.49,0.55
1573,100,CC,LITETime,0.1699999999999999,0.66,0.83
1574,100,CC,LITETime,0.0499999999999999,0.15,0.1
1575,100,CC,LITETime,0.01,0.23,0.22
1576,100,CC,LITETime,0.15,0.64,0.79
1577,100,CC,LITETime,0.1999999999999999,0.64,0.84
1578,100,CC,LITETime,0.1999999999999999,0.79,0.99
1579,100,CC,LITETime,0.25,0.62,0.87
1580,100,CC,LITETime,0.19,0.69,0.88
1581,100,CC,LITETime,0.0299999999999999,0.28,0.31
1582,100,CC,LITETime,0.0,0.4,0.4
1583,100,CC,LITETime,0.05,0.21,0.26
1584,100,CC,LITETime,0.1499999999999999,0.45,0.6
1585,100,CC,LITETime,0.18,0.75,0.93
1586,100,CC,LITETime,0.04,0.3,0.34
1587,100,CC,LITETime,0.08,0.47,0.55
1588,100,CC,LITETime,0.01,0.3,0.29
1589,100,CC,LITETime,0.0,0.16,0.16
1590,100,CC,LITETime,0.0,0.19,0.19
1591,100,CC,LITETime,0.15,0.2,0.05
1592,100,CC,LITETime,0.2199999999999999,0.72,0.94
1593,100,CC,LITETime,0.05,0.35,0.4
1594,100,CC,LITETime,0.1999999999999999,0.63,0.83
1595,100,CC,LITETime,0.1100000000000001,0.57,0.68
1596,100,CC,LITETime,0.0499999999999999,0.24,0.19
1597,100,CC,LITETime,0.0499999999999999,0.22,0.17
1598,100,CC,LITETime,0.1100000000000001,0.7,0.81
1599,100,CC,LITETime,0.0299999999999999,0.29,0.26
1600,100,CC,LITETime,0.18,0.73,0.91
1601,100,CC,LITETime,0.0399999999999999,0.18,0.14
1602,100,CC,LITETime,0.1099999999999999,0.56,0.67
1603,100,CC,LITETime,0.17,0.64,0.81
1604,100,CC,LITETime,0.0099999999999999,0.24,0.23
1605,100,CC,LITETime,0.0299999999999999,0.3,0.27
1606,100,CC,LITETime,0.1899999999999999,0.77,0.96
1607,100,CC,LITETime,0.06,0.32,0.26
1608,100,CC,LITETime,0.0299999999999999,0.39,0.42
1609,100,CC,LITETime,0.0499999999999999,0.38,0.43
1610,100,CC,LITETime,0.01,0.26,0.25
1611,100,CC,LITETime,0.0999999999999999,0.67,0.77
1612,100,CC,LITETime,0.2199999999999999,0.55,0.77
1613,100,CC,LITETime,0.0899999999999999,0.28,0.37
1614,100,CC,LITETime,0.14,0.69,0.83
1615,100,CC,LITETime,0.06,0.27,0.21
1616,100,CC,LITETime,0.13,0.13,0.0
1617,100,CC,LITETime,0.1699999999999999,0.4,0.57
1618,100,CC,LITETime,0.24,0.75,0.99
1619,100,CC,LITETime,0.11,0.14,0.03
1620,100,CC,LITETime,0.0399999999999999,0.24,0.2
1621,100,CC,LITETime,0.1099999999999999,0.4,0.51
1622,100,CC,LITETime,0.25,0.55,0.8
1623,100,CC,LITETime,0.0699999999999999,0.15,0.08
1624,100,CC,LITETime,0.0399999999999999,0.43,0.39
1625,100,CC,LITETime,0.17,0.57,0.74
1626,100,CC,LITETime,0.0499999999999999,0.42,0.37
1627,100,CC,LITETime,0.04,0.22,0.18
1628,100,CC,LITETime,0.01,0.18,0.19
1629,100,CC,LITETime,0.06,0.35,0.41
1630,100,CC,LITETime,0.0499999999999999,0.42,0.47
1631,100,CC,LITETime,0.1899999999999999,0.67,0.86
1632,100,CC,LITETime,0.13,0.51,0.64
1633,100,CC,LITETime,0.1399999999999999,0.55,0.69
1634,100,CC,LITETime,0.26,0.72,0.98
1635,100,CC,LITETime,0.0199999999999999,0.39,0.41
1636,100,CC,LITETime,0.06,0.34,0.4
1637,100,CC,LITETime,0.2,0.72,0.92
1638,100,CC,LITETime,0.04,0.28,0.24
1639,100,CC,LITETime,0.14,0.58,0.72
1640,100,CC,LITETime,0.1099999999999999,0.64,0.75
1641,100,CC,LITETime,0.11,0.2,0.09
1642,100,CC,LITETime,0.06,0.4,0.46
1643,100,CC,LITETime,0.0999999999999999,0.3,0.2
1644,100,CC,LITETime,0.07,0.25,0.18
1645,100,CC,LITETime,0.02,0.44,0.46
1646,100,CC,LITETime,0.03,0.25,0.28
1647,100,CC,LITETime,0.13,0.66,0.79
1648,100,CC,LITETime,0.2,0.7,0.9
1649,100,CC,LITETime,0.12,0.68,0.8
1650,100,CC,LITETime,0.0399999999999999,0.3,0.26
1651,100,CC,LITETime,0.0199999999999999,0.29,0.27
1652,100,CC,LITETime,0.01,0.26,0.25
1653,100,CC,LITETime,0.04,0.17,0.13
1654,100,CC,LITETime,0.2299999999999999,0.71,0.94
1655,100,CC,LITETime,0.02,0.38,0.4
1656,100,CC,LITETime,0.01,0.23,0.22
1657,100,CC,LITETime,0.24,0.6,0.84
1658,100,CC,LITETime,0.0499999999999999,0.34,0.39
1659,100,CC,LITETime,0.07,0.1,0.03
1660,100,CC,LITETime,0.04,0.2,0.16
1661,100,CC,LITETime,0.12,0.51,0.63
1662,100,CC,LITETime,0.2,0.58,0.78
1663,100,CC,LITETime,0.03,0.24,0.21
1664,100,CC,LITETime,0.2299999999999999,0.68,0.91
1665,100,CC,LITETime,0.1899999999999999,0.66,0.85
1666,100,CC,LITETime,0.1999999999999999,0.64,0.84
1667,100,CC,LITETime,0.0799999999999999,0.3,0.22
1668,100,CC,LITETime,0.15,0.2,0.05
1669,100,CC,LITETime,0.2099999999999999,0.65,0.86
1670,100,CC,LITETime,0.0499999999999999,0.35,0.3
1671,100,CC,LITETime,0.1099999999999999,0.5,0.61
1672,100,CC,LITETime,0.15,0.6,0.75
1673,100,CC,LITETime,0.07,0.19,0.12
1674,100,CC,LITETime,0.12,0.66,0.78
1675,100,CC,LITETime,0.2400000000000001,0.69,0.93
1676,100,CC,LITETime,0.0599999999999999,0.66,0.72
1677,100,CC,LITETime,0.01,0.45,0.44
1678,100,CC,LITETime,0.1999999999999999,0.67,0.87
1679,100,CC,LITETime,0.09,0.43,0.52
1680,100,CC,LITETime,0.13,0.61,0.74
1681,100,CC,LITETime,0.2099999999999999,0.61,0.82
1682,100,CC,LITETime,0.16,0.58,0.74
1683,100,CC,LITETime,0.0199999999999999,0.3,0.28
1684,100,CC,LITETime,0.11,0.22,0.11
1685,100,CC,LITETime,0.0099999999999999,0.24,0.23
1686,100,CC,LITETime,0.02,0.52,0.5
1687,100,CC,LITETime,0.0399999999999999,0.46,0.5
1688,100,CC,LITETime,0.0999999999999999,0.48,0.58
1689,100,CC,LITETime,0.01,0.38,0.39
1690,100,CC,LITETime,0.08,0.7,0.78
1691,100,CC,LITETime,0.21,0.7,0.91
1692,100,CC,LITETime,0.06,0.3,0.24
1693,100,CC,LITETime,0.0799999999999999,0.65,0.73
1694,100,CC,LITETime,0.13,0.54,0.67
1695,100,CC,LITETime,0.1,0.42,0.52
1696,100,CC,LITETime,0.04,0.22,0.18
1697,100,CC,LITETime,0.14,0.65,0.79
1698,100,CC,LITETime,0.25,0.71,0.96
1699,100,CC,LITETime,0.2199999999999999,0.5,0.72
1700,100,CC,LITETime,0.2299999999999999,0.68,0.91
1701,100,CC,LITETime,0.28,0.7,0.98
1702,100,CC,LITETime,0.0399999999999999,0.31,0.35
1703,100,CC,LITETime,0.0699999999999999,0.56,0.63
1704,100,CC,LITETime,0.04,0.51,0.47
1705,100,CC,LITETime,0.2199999999999999,0.76,0.98
1706,100,CC,LITETime,0.03,0.12,0.09
1707,100,CC,LITETime,0.06,0.47,0.41
1708,100,CC,LITETime,0.2199999999999999,0.65,0.87
1709,100,CC,LITETime,0.01,0.27,0.28
1710,100,CC,LITETime,0.2,0.58,0.78
1711,100,CC,LITETime,0.0,0.38,0.38
1712,100,CC,LITETime,0.24,0.73,0.97
1713,100,CC,LITETime,0.28,0.6,0.88
1714,100,CC,LITETime,0.06,0.36,0.3
1715,100,CC,LITETime,0.19,0.58,0.77
1716,100,CC,LITETime,0.0499999999999999,0.28,0.33
1717,100,CC,LITETime,0.0699999999999999,0.53,0.6
1718,100,CC,LITETime,0.1099999999999999,0.54,0.65
1719,100,CC,LITETime,0.1699999999999999,0.65,0.82
1720,100,CC,LITETime,0.06,0.08,0.02
1721,100,CC,LITETime,0.1,0.32,0.22
1722,100,CC,LITETime,0.1799999999999999,0.53,0.71
1723,100,CC,LITETime,0.12,0.44,0.56
1724,100,CC,LITETime,0.01,0.5,0.49
1725,100,CC,LITETime,0.12,0.17,0.05
1726,100,CC,LITETime,0.01,0.33,0.34
1727,100,CC,LITETime,0.1899999999999999,0.67,0.86
1728,100,CC,LITETime,0.2,0.23,0.03
1729,100,CC,LITETime,0.0199999999999999,0.41,0.39
1730,100,CC,LITETime,0.3099999999999999,0.63,0.94
1731,100,CC,LITETime,0.12,0.17,0.05
1732,100,CC,LITETime,0.13,0.61,0.74
1733,100,CC,LITETime,0.0499999999999999,0.3,0.25
1734,100,CC,LITETime,0.2099999999999999,0.65,0.86
1735,100,CC,LITETime,0.14,0.6,0.74
1736,100,CC,LITETime,0.2099999999999999,0.67,0.88
1737,100,CC,LITETime,0.07,0.28,0.21
1738,100,CC,LITETime,0.12,0.41,0.53
1739,100,CC,LITETime,0.13,0.64,0.77
1740,100,CC,LITETime,0.07,0.31,0.24
1741,100,CC,LITETime,0.04,0.27,0.23
1742,100,CC,LITETime,0.11,0.13,0.02
1743,100,CC,LITETime,0.25,0.7,0.95
1744,100,CC,LITETime,0.0999999999999999,0.61,0.71
1745,100,CC,LITETime,0.1099999999999999,0.52,0.63
1746,100,CC,LITETime,0.13,0.61,0.74
1747,100,CC,LITETime,0.12,0.41,0.53
1748,100,CC,LITETime,0.0099999999999999,0.46,0.47
1749,100,CC,LITETime,0.01,0.45,0.44
1750,100,CC,LITETime,0.0799999999999999,0.56,0.64
1751,100,CC,LITETime,0.03,0.17,0.2
1752,100,CC,LITETime,0.16,0.72,0.88
1753,100,CC,LITETime,0.1200000000000001,0.69,0.81
1754,100,CC,LITETime,0.02,0.32,0.34
1755,100,CC,LITETime,0.0499999999999999,0.52,0.57
1756,100,CC,LITETime,0.1099999999999999,0.25,0.14
1757,100,CC,LITETime,0.2299999999999999,0.74,0.97
1758,100,CC,LITETime,0.17,0.73,0.9
1759,100,CC,LITETime,0.33,0.59,0.92
1760,100,CC,LITETime,0.0,0.33,0.33
1761,100,CC,LITETime,0.0799999999999999,0.24,0.16
1762,100,CC,LITETime,0.0099999999999999,0.2,0.21
1763,100,CC,LITETime,0.11,0.2,0.09
1764,100,CC,LITETime,0.13,0.25,0.12
1765,100,CC,LITETime,0.1099999999999999,0.18,0.07
1766,100,CC,LITETime,0.2999999999999999,0.68,0.98
1767,100,CC,LITETime,0.06,0.13,0.07
1768,100,CC,LITETime,0.12,0.25,0.13
1769,100,CC,LITETime,0.2099999999999999,0.61,0.82
1770,100,CC,LITETime,0.1199999999999999,0.46,0.58
1771,100,CC,LITETime,0.24,0.53,0.77
1772,100,CC,LITETime,0.0999999999999999,0.53,0.63
1773,100,CC,LITETime,0.24,0.64,0.88
1774,100,CC,LITETime,0.0899999999999999,0.54,0.63
1775,100,CC,LITETime,0.05,0.47,0.52
1776,100,CC,LITETime,0.12,0.59,0.71
1777,100,CC,LITETime,0.0299999999999999,0.47,0.44
1778,100,CC,LITETime,0.05,0.29,0.34
1779,100,CC,LITETime,0.06,0.4,0.46
1780,100,CC,LITETime,0.09,0.25,0.16
1781,100,CC,LITETime,0.1,0.69,0.79
1782,100,CC,LITETime,0.03,0.23,0.26
1783,100,CC,LITETime,0.05,0.2,0.15
1784,100,CC,LITETime,0.0499999999999999,0.29,0.24
1785,100,CC,LITETime,0.1799999999999999,0.66,0.84
1786,100,CC,LITETime,0.02,0.31,0.33
1787,100,CC,LITETime,0.13,0.55,0.68
1788,100,CC,LITETime,0.26,0.59,0.85
1789,100,CC,LITETime,0.12,0.19,0.07
1790,100,CC,LITETime,0.12,0.64,0.76
1791,100,CC,LITETime,0.01,0.29,0.3
1792,100,CC,LITETime,0.05,0.26,0.21
1793,100,CC,LITETime,0.17,0.51,0.68
1794,100,CC,LITETime,0.19,0.71,0.9
1795,100,CC,LITETime,0.03,0.32,0.29
1796,100,CC,LITETime,0.08,0.48,0.56
1797,100,CC,LITETime,0.0,0.28,0.28
1798,100,CC,LITETime,0.09,0.46,0.55
1799,100,CC,LITETime,0.0599999999999999,0.56,0.62
1800,100,CC,LITETime,0.0699999999999999,0.54,0.61
1801,100,CC,LITETime,0.12,0.5,0.62
1802,100,CC,LITETime,0.07,0.2,0.13
1803,100,CC,LITETime,0.1399999999999999,0.55,0.69
1804,100,CC,LITETime,0.18,0.49,0.67
1805,100,CC,LITETime,0.12,0.56,0.68
1806,100,CC,LITETime,0.0499999999999999,0.12,0.07
1807,100,CC,LITETime,0.01,0.43,0.44
1808,100,CC,LITETime,0.01,0.39,0.4
1809,100,CC,LITETime,0.05,0.13,0.08
1810,100,CC,LITETime,0.03,0.25,0.22
1811,100,CC,LITETime,0.07,0.37,0.44
1812,100,CC,LITETime,0.12,0.62,0.74
1813,100,CC,LITETime,0.03,0.26,0.23
1814,100,CC,LITETime,0.2199999999999999,0.6,0.82
1815,100,CC,LITETime,0.15,0.39,0.54
1816,100,CC,LITETime,0.05,0.71,0.76
1817,100,CC,LITETime,0.0399999999999999,0.43,0.47
1818,100,CC,LITETime,0.02,0.47,0.49
1819,100,CC,LITETime,0.1499999999999999,0.46,0.61
1820,100,CC,LITETime,0.24,0.68,0.92
1821,100,CC,LITETime,0.06,0.43,0.49
1822,100,CC,LITETime,0.13,0.39,0.52
1823,100,CC,LITETime,0.13,0.47,0.6
1824,100,CC,LITETime,0.13,0.6,0.73
1825,100,CC,LITETime,0.1,0.17,0.07
1826,100,CC,LITETime,0.08,0.43,0.51
1827,100,CC,LITETime,0.0399999999999999,0.44,0.48
1828,100,CC,LITETime,0.2300000000000001,0.69,0.92
1829,100,CC,LITETime,0.08,0.41,0.49
1830,100,CC,LITETime,0.01,0.45,0.46
1831,100,CC,LITETime,0.2099999999999999,0.75,0.96
1832,100,CC,LITETime,0.07,0.38,0.45
1833,100,CC,LITETime,0.03,0.21,0.18
1834,100,CC,LITETime,0.0399999999999999,0.17,0.21
1835,100,CC,LITETime,0.08,0.17,0.09
1836,100,CC,LITETime,0.13,0.13,0.0
1837,100,CC,LITETime,0.06,0.37,0.43
1838,100,CC,LITETime,0.18,0.58,0.76
1839,100,CC,LITETime,0.1999999999999999,0.53,0.73
1840,100,CC,LITETime,0.14,0.17,0.03
1841,100,CC,LITETime,0.14,0.42,0.56
1842,100,CC,LITETime,0.01,0.16,0.15
1843,100,CC,LITETime,0.2299999999999999,0.71,0.94
1844,100,CC,LITETime,0.0199999999999999,0.18,0.16
1845,100,CC,LITETime,0.18,0.44,0.62
1846,100,CC,LITETime,0.0399999999999999,0.28,0.32
1847,100,CC,LITETime,0.0999999999999999,0.54,0.64
1848,100,CC,LITETime,0.0399999999999999,0.37,0.41
1849,100,CC,LITETime,0.15,0.6,0.75
1850,100,CC,LITETime,0.03,0.26,0.23
1851,100,CC,LITETime,0.26,0.64,0.9
1852,100,CC,LITETime,0.03,0.47,0.5
1853,100,CC,LITETime,0.18,0.57,0.75
1854,100,CC,LITETime,0.2899999999999999,0.55,0.84
1855,100,CC,LITETime,0.2299999999999999,0.76,0.99
1856,100,CC,LITETime,0.0699999999999999,0.29,0.22
1857,100,CC,LITETime,0.02,0.26,0.28
1858,100,CC,LITETime,0.06,0.31,0.25
1859,100,CC,LITETime,0.0299999999999999,0.29,0.26
1860,100,CC,LITETime,0.1299999999999999,0.45,0.58
1861,100,CC,LITETime,0.29,0.7,0.99
1862,100,CC,LITETime,0.24,0.75,0.99
1863,100,CC,LITETime,0.12,0.4,0.52
1864,100,CC,LITETime,0.03,0.6,0.63
1865,100,CC,LITETime,0.16,0.69,0.85
1866,100,CC,LITETime,0.2,0.73,0.93
1867,100,CC,LITETime,0.06,0.26,0.2
1868,100,CC,LITETime,0.12,0.4,0.52
1869,100,CC,LITETime,0.2199999999999999,0.61,0.83
1870,100,CC,LITETime,0.03,0.33,0.3
1871,100,CC,LITETime,0.0999999999999999,0.33,0.43
1872,100,CC,LITETime,0.24,0.74,0.98
1873,100,CC,LITETime,0.28,0.7,0.98
1874,100,CC,LITETime,0.21,0.69,0.9
1875,100,CC,LITETime,0.16,0.63,0.79
1876,100,CC,LITETime,0.02,0.24,0.26
1877,100,CC,LITETime,0.02,0.3,0.32
1878,100,CC,LITETime,0.04,0.5,0.54
1879,100,CC,LITETime,0.11,0.45,0.56
1880,100,CC,LITETime,0.02,0.48,0.5
1881,100,CC,LITETime,0.14,0.49,0.63
1882,100,CC,LITETime,0.01,0.39,0.4
1883,100,CC,LITETime,0.15,0.59,0.74
1884,100,CC,LITETime,0.01,0.32,0.33
1885,100,CC,LITETime,0.01,0.34,0.33
1886,100,CC,LITETime,0.05,0.17,0.12
1887,100,CC,LITETime,0.13,0.31,0.18
1888,100,CC,LITETime,0.24,0.61,0.85
1889,100,CC,LITETime,0.03,0.41,0.44
1890,100,CC,LITETime,0.03,0.25,0.22
1891,100,CC,LITETime,0.13,0.62,0.75
1892,100,CC,LITETime,0.05,0.5,0.55
1893,100,CC,LITETime,0.21,0.23,0.02
1894,100,CC,LITETime,0.09,0.4,0.31
1895,100,CC,LITETime,0.1299999999999999,0.3,0.17
1896,100,CC,LITETime,0.0899999999999999,0.56,0.65
1897,100,CC,LITETime,0.06,0.33,0.27
1898,100,CC,LITETime,0.06,0.12,0.06
1899,100,CC,LITETime,0.0999999999999999,0.15,0.05
1900,100,CC,LITETime,0.0999999999999999,0.48,0.58
1901,100,CC,LITETime,0.12,0.14,0.02
1902,100,CC,LITETime,0.25,0.59,0.84
1903,100,CC,LITETime,0.03,0.18,0.15
1904,100,CC,LITETime,0.0599999999999999,0.54,0.6
1905,100,CC,LITETime,0.01,0.45,0.44
1906,100,CC,LITETime,0.07,0.37,0.44
1907,100,CC,LITETime,0.09,0.16,0.07
1908,100,CC,LITETime,0.18,0.62,0.8
1909,100,CC,LITETime,0.2,0.69,0.89
1910,100,CC,LITETime,0.1,0.11,0.01
1911,100,CC,LITETime,0.0099999999999999,0.18,0.17
1912,100,CC,LITETime,0.16,0.74,0.9
1913,100,CC,LITETime,0.02,0.52,0.54
1914,100,CC,LITETime,0.02,0.17,0.15
1915,100,CC,LITETime,0.01,0.19,0.2
1916,100,CC,LITETime,0.17,0.48,0.65
1917,100,CC,LITETime,0.15,0.57,0.72
1918,100,CC,LITETime,0.12,0.47,0.59
1919,100,CC,LITETime,0.2699999999999999,0.68,0.95
1920,100,CC,LITETime,0.0899999999999999,0.4,0.49
1921,100,CC,LITETime,0.01,0.31,0.3
1922,100,CC,LITETime,0.0699999999999999,0.4,0.47
1923,100,CC,LITETime,0.0099999999999999,0.34,0.35
1924,100,CC,LITETime,0.04,0.26,0.22
1925,100,CC,LITETime,0.1099999999999999,0.15,0.04
1926,100,CC,LITETime,0.04,0.39,0.35
1927,100,CC,LITETime,0.1599999999999999,0.55,0.71
1928,100,CC,LITETime,0.1,0.11,0.01
1929,100,CC,LITETime,0.02,0.45,0.43
1930,100,CC,LITETime,0.14,0.5,0.64
1931,100,CC,LITETime,0.0799999999999999,0.53,0.61
1932,100,CC,LITETime,0.2099999999999999,0.56,0.77
1933,100,CC,LITETime,0.27,0.54,0.81
1934,100,CC,LITETime,0.1099999999999999,0.6,0.71
1935,100,CC,LITETime,0.1,0.2,0.1
1936,100,CC,LITETime,0.0799999999999999,0.39,0.47
1937,100,CC,LITETime,0.1499999999999999,0.45,0.6
1938,100,CC,LITETime,0.06,0.3,0.24
1939,100,CC,LITETime,0.1699999999999999,0.21,0.04
1940,100,CC,LITETime,0.0499999999999999,0.17,0.22
1941,100,CC,LITETime,0.08,0.37,0.45
1942,100,CC,LITETime,0.0999999999999999,0.31,0.41
1943,100,CC,LITETime,0.1,0.27,0.17
1944,100,CC,LITETime,0.1599999999999999,0.66,0.82
1945,100,CC,LITETime,0.19,0.73,0.92
1946,100,CC,LITETime,0.0099999999999999,0.21,0.2
1947,100,CC,LITETime,0.2300000000000001,0.69,0.92
1948,100,CC,LITETime,0.15,0.16,0.01
1949,100,CC,LITETime,0.17,0.75,0.92
1950,100,CC,LITETime,0.2199999999999999,0.73,0.95
1951,100,CC,LITETime,0.09,0.1,0.01
1952,100,CC,LITETime,0.15,0.61,0.76
1953,100,CC,LITETime,0.1899999999999999,0.78,0.97
1954,100,CC,LITETime,0.19,0.71,0.9
1955,100,CC,LITETime,0.28,0.69,0.97
1956,100,CC,LITETime,0.09,0.46,0.55
1957,100,CC,LITETime,0.1099999999999999,0.18,0.07
1958,100,CC,LITETime,0.26,0.58,0.84
1959,100,CC,LITETime,0.0799999999999999,0.53,0.61
1960,100,CC,LITETime,0.13,0.48,0.61
1961,100,CC,LITETime,0.0799999999999999,0.33,0.41
1962,100,CC,LITETime,0.0399999999999999,0.53,0.57
1963,100,CC,LITETime,0.1,0.25,0.15
1964,100,CC,LITETime,0.1099999999999999,0.62,0.73
1965,100,CC,LITETime,0.09,0.16,0.07
1966,100,CC,LITETime,0.1599999999999999,0.56,0.72
1967,100,CC,LITETime,0.2099999999999999,0.63,0.84
1968,100,CC,LITETime,0.06,0.41,0.47
1969,100,CC,LITETime,0.06,0.44,0.5
1970,100,CC,LITETime,0.0399999999999999,0.27,0.31
1971,100,CC,LITETime,0.2199999999999999,0.74,0.96
1972,100,CC,LITETime,0.15,0.58,0.73
1973,100,CC,LITETime,0.0399999999999999,0.32,0.36
1974,100,CC,LITETime,0.11,0.28,0.17
1975,100,CC,LITETime,0.02,0.23,0.21
1976,100,CC,LITETime,0.0299999999999999,0.49,0.46
1977,100,CC,LITETime,0.2199999999999999,0.72,0.94
1978,100,CC,LITETime,0.2099999999999999,0.52,0.73
1979,100,CC,LITETime,0.07,0.28,0.21
1980,100,CC,LITETime,0.2199999999999999,0.63,0.85
1981,100,CC,LITETime,0.01,0.38,0.37
1982,100,CC,LITETime,0.15,0.7,0.85
1983,100,CC,LITETime,0.01,0.25,0.24
1984,100,CC,LITETime,0.1099999999999999,0.5,0.61
1985,100,CC,LITETime,0.2,0.72,0.92
1986,100,CC,LITETime,0.01,0.24,0.25
1987,100,CC,LITETime,0.0899999999999999,0.6,0.69
1988,100,CC,LITETime,0.29,0.69,0.98
1989,100,CC,LITETime,0.05,0.2,0.15
1990,100,CC,LITETime,0.11,0.19,0.08
1991,100,CC,LITETime,0.13,0.54,0.67
1992,100,CC,LITETime,0.0499999999999999,0.38,0.33
1993,100,CC,LITETime,0.1399999999999999,0.21,0.07
1994,100,CC,LITETime,0.0299999999999999,0.44,0.47
1995,100,CC,LITETime,0.0799999999999999,0.67,0.75
1996,100,CC,LITETime,0.0099999999999999,0.29,0.28
1997,100,CC,LITETime,0.0199999999999999,0.35,0.33
1998,100,CC,LITETime,0.24,0.6,0.84
1999,100,CC,LITETime,0.03,0.49,0.52
0,200,CC,LITETime,0.19,0.58,0.77
1,200,CC,LITETime,0.025,0.41,0.435
2,200,CC,LITETime,0.1799999999999999,0.675,0.855
3,200,CC,LITETime,0.1149999999999999,0.58,0.695
4,200,CC,LITETime,0.09,0.18,0.09
5,200,CC,LITETime,0.26,0.715,0.975
6,200,CC,LITETime,0.13,0.63,0.76
7,200,CC,LITETime,0.145,0.64,0.785
8,200,CC,LITETime,0.0499999999999999,0.175,0.125
9,200,CC,LITETime,0.0449999999999999,0.405,0.45
10,200,CC,LITETime,0.005,0.375,0.37
11,200,CC,LITETime,0.2350000000000001,0.69,0.925
12,200,CC,LITETime,0.065,0.575,0.64
13,200,CC,LITETime,0.1999999999999999,0.62,0.82
14,200,CC,LITETime,0.0349999999999999,0.405,0.44
15,200,CC,LITETime,0.055,0.28,0.225
16,200,CC,LITETime,0.075,0.475,0.55
17,200,CC,LITETime,0.095,0.155,0.06
18,200,CC,LITETime,0.1949999999999999,0.63,0.825
19,200,CC,LITETime,0.1149999999999999,0.515,0.63
20,200,CC,LITETime,0.13,0.625,0.755
21,200,CC,LITETime,0.0149999999999999,0.335,0.35
22,200,CC,LITETime,0.265,0.705,0.97
23,200,CC,LITETime,0.245,0.645,0.89
24,200,CC,LITETime,0.15,0.625,0.775
25,200,CC,LITETime,0.075,0.265,0.19
26,200,CC,LITETime,0.06,0.405,0.465
27,200,CC,LITETime,0.09,0.13,0.04
28,200,CC,LITETime,0.08,0.23,0.15
29,200,CC,LITETime,0.14,0.54,0.68
30,200,CC,LITETime,0.1099999999999999,0.63,0.74
31,200,CC,LITETime,0.25,0.715,0.965
32,200,CC,LITETime,0.005,0.33,0.325
33,200,CC,LITETime,0.02,0.35,0.37
34,200,CC,LITETime,0.005,0.46,0.465
35,200,CC,LITETime,0.085,0.27,0.185
36,200,CC,LITETime,0.145,0.27,0.125
37,200,CC,LITETime,0.0699999999999999,0.405,0.475
38,200,CC,LITETime,0.0149999999999999,0.24,0.225
39,200,CC,LITETime,0.13,0.535,0.665
40,200,CC,LITETime,0.005,0.44,0.435
41,200,CC,LITETime,0.2149999999999999,0.615,0.83
42,200,CC,LITETime,0.125,0.575,0.7
43,200,CC,LITETime,0.0549999999999999,0.365,0.31
44,200,CC,LITETime,0.2049999999999999,0.625,0.83
45,200,CC,LITETime,0.145,0.655,0.8
46,200,CC,LITETime,0.01,0.375,0.385
47,200,CC,LITETime,0.03,0.315,0.285
48,200,CC,LITETime,0.1,0.58,0.68
49,200,CC,LITETime,0.06,0.195,0.135
50,200,CC,LITETime,0.0999999999999999,0.295,0.195
51,200,CC,LITETime,0.135,0.14,0.005
52,200,CC,LITETime,0.19,0.595,0.785
53,200,CC,LITETime,0.14,0.52,0.66
54,200,CC,LITETime,0.0949999999999999,0.61,0.705
55,200,CC,LITETime,0.19,0.59,0.78
56,200,CC,LITETime,0.09,0.365,0.455
57,200,CC,LITETime,0.0149999999999999,0.55,0.565
58,200,CC,LITETime,0.03,0.165,0.135
59,200,CC,LITETime,0.0699999999999999,0.18,0.11
60,200,CC,LITETime,0.135,0.53,0.665
61,200,CC,LITETime,0.0,0.47,0.47
62,200,CC,LITETime,0.0399999999999999,0.525,0.565
63,200,CC,LITETime,0.1149999999999999,0.645,0.76
64,200,CC,LITETime,0.18,0.45,0.63
65,200,CC,LITETime,0.08,0.47,0.55
66,200,CC,LITETime,0.085,0.47,0.555
67,200,CC,LITETime,0.01,0.31,0.3
68,200,CC,LITETime,0.1,0.13,0.03
69,200,CC,LITETime,0.02,0.415,0.435
70,200,CC,LITETime,0.03,0.24,0.21
71,200,CC,LITETime,0.015,0.39,0.405
72,200,CC,LITETime,0.1799999999999999,0.67,0.85
73,200,CC,LITETime,0.0249999999999999,0.255,0.23
74,200,CC,LITETime,0.15,0.205,0.055
75,200,CC,LITETime,0.0549999999999999,0.335,0.28
76,200,CC,LITETime,0.0549999999999999,0.345,0.29
77,200,CC,LITETime,0.0999999999999999,0.56,0.66
78,200,CC,LITETime,0.085,0.47,0.555
79,200,CC,LITETime,0.165,0.615,0.78
80,200,CC,LITETime,0.185,0.475,0.66
81,200,CC,LITETime,0.0149999999999999,0.42,0.405
82,200,CC,LITETime,0.19,0.62,0.81
83,200,CC,LITETime,0.0749999999999999,0.24,0.165
84,200,CC,LITETime,0.135,0.155,0.02
85,200,CC,LITETime,0.12,0.21,0.09
86,200,CC,LITETime,0.14,0.58,0.72
87,200,CC,LITETime,0.005,0.455,0.46
88,200,CC,LITETime,0.0549999999999999,0.215,0.16
89,200,CC,LITETime,0.0449999999999999,0.455,0.5
90,200,CC,LITETime,0.075,0.225,0.15
91,200,CC,LITETime,0.1049999999999999,0.59,0.695
92,200,CC,LITETime,0.03,0.415,0.445
93,200,CC,LITETime,0.015,0.365,0.38
94,200,CC,LITETime,0.01,0.31,0.3
95,200,CC,LITETime,0.0799999999999999,0.55,0.63
96,200,CC,LITETime,0.0249999999999999,0.335,0.36
97,200,CC,LITETime,0.14,0.225,0.085
98,200,CC,LITETime,0.0999999999999999,0.215,0.115
99,200,CC,LITETime,0.245,0.715,0.96
100,200,CC,LITETime,0.265,0.64,0.905
101,200,CC,LITETime,0.1599999999999999,0.535,0.695
102,200,CC,LITETime,0.0849999999999999,0.35,0.265
103,200,CC,LITETime,0.26,0.705,0.965
104,200,CC,LITETime,0.17,0.605,0.775
105,200,CC,LITETime,0.13,0.585,0.715
106,200,CC,LITETime,0.02,0.425,0.445
107,200,CC,LITETime,0.0449999999999999,0.315,0.27
108,200,CC,LITETime,0.095,0.19,0.095
109,200,CC,LITETime,0.17,0.73,0.9
110,200,CC,LITETime,0.0549999999999999,0.4,0.455
111,200,CC,LITETime,0.0399999999999999,0.24,0.2
112,200,CC,LITETime,0.035,0.34,0.305
113,200,CC,LITETime,0.0999999999999999,0.475,0.575
114,200,CC,LITETime,0.105,0.28,0.175
115,200,CC,LITETime,0.155,0.7,0.855
116,200,CC,LITETime,0.125,0.63,0.755
117,200,CC,LITETime,0.0999999999999999,0.615,0.715
118,200,CC,LITETime,0.005,0.425,0.43
119,200,CC,LITETime,0.1149999999999999,0.51,0.625
120,200,CC,LITETime,0.1049999999999999,0.475,0.58
121,200,CC,LITETime,0.145,0.5,0.645
122,200,CC,LITETime,0.08,0.16,0.08
123,200,CC,LITETime,0.0399999999999999,0.375,0.415
124,200,CC,LITETime,0.09,0.13,0.04
125,200,CC,LITETime,0.0349999999999999,0.455,0.49
126,200,CC,LITETime,0.0199999999999999,0.345,0.325
127,200,CC,LITETime,0.0649999999999999,0.205,0.14
128,200,CC,LITETime,0.06,0.16,0.1
129,200,CC,LITETime,0.0749999999999999,0.51,0.585
130,200,CC,LITETime,0.0699999999999999,0.24,0.17
131,200,CC,LITETime,0.18,0.745,0.925
132,200,CC,LITETime,0.0599999999999999,0.52,0.58
133,200,CC,LITETime,0.0099999999999999,0.335,0.345
134,200,CC,LITETime,0.0799999999999999,0.51,0.59
135,200,CC,LITETime,0.105,0.125,0.02
136,200,CC,LITETime,0.2249999999999999,0.73,0.955
137,200,CC,LITETime,0.025,0.505,0.48
138,200,CC,LITETime,0.2199999999999999,0.56,0.78
139,200,CC,LITETime,0.0649999999999999,0.145,0.08
140,200,CC,LITETime,0.0949999999999999,0.39,0.485
141,200,CC,LITETime,0.08,0.41,0.49
142,200,CC,LITETime,0.2300000000000001,0.705,0.935
143,200,CC,LITETime,0.0799999999999999,0.49,0.57
144,200,CC,LITETime,0.0749999999999999,0.395,0.47
145,200,CC,LITETime,0.015,0.28,0.265
146,200,CC,LITETime,0.0549999999999999,0.385,0.33
147,200,CC,LITETime,0.105,0.415,0.52
148,200,CC,LITETime,0.0349999999999999,0.4,0.435
149,200,CC,LITETime,0.155,0.175,0.02
150,200,CC,LITETime,0.1399999999999999,0.685,0.825
151,200,CC,LITETime,0.205,0.69,0.895
152,200,CC,LITETime,0.1049999999999999,0.245,0.14
153,200,CC,LITETime,0.045,0.505,0.55
154,200,CC,LITETime,0.075,0.18,0.105
155,200,CC,LITETime,0.13,0.54,0.67
156,200,CC,LITETime,0.0749999999999999,0.355,0.28
157,200,CC,LITETime,0.16,0.495,0.655
158,200,CC,LITETime,0.1849999999999999,0.54,0.725
159,200,CC,LITETime,0.1149999999999999,0.65,0.765
160,200,CC,LITETime,0.085,0.19,0.105
161,200,CC,LITETime,0.24,0.675,0.915
162,200,CC,LITETime,0.0799999999999999,0.31,0.23
163,200,CC,LITETime,0.13,0.165,0.035
164,200,CC,LITETime,0.095,0.455,0.55
165,200,CC,LITETime,0.01,0.36,0.37
166,200,CC,LITETime,0.1599999999999999,0.665,0.825
167,200,CC,LITETime,0.15,0.655,0.805
168,200,CC,LITETime,0.0,0.315,0.315
169,200,CC,LITETime,0.2099999999999999,0.74,0.95
170,200,CC,LITETime,0.02,0.31,0.29
171,200,CC,LITETime,0.08,0.435,0.515
172,200,CC,LITETime,0.065,0.32,0.255
173,200,CC,LITETime,0.2300000000000001,0.705,0.935
174,200,CC,LITETime,0.105,0.265,0.16
175,200,CC,LITETime,0.12,0.16,0.04
176,200,CC,LITETime,0.0999999999999999,0.335,0.435
177,200,CC,LITETime,0.26,0.73,0.99
178,200,CC,LITETime,0.2149999999999999,0.675,0.89
179,200,CC,LITETime,0.1149999999999999,0.63,0.745
180,200,CC,LITETime,0.16,0.73,0.89
181,200,CC,LITETime,0.2199999999999999,0.67,0.89
182,200,CC,LITETime,0.06,0.455,0.515
183,200,CC,LITETime,0.0299999999999999,0.345,0.315
184,200,CC,LITETime,0.14,0.63,0.77
185,200,CC,LITETime,0.07,0.59,0.66
186,200,CC,LITETime,0.0499999999999999,0.32,0.37
187,200,CC,LITETime,0.095,0.185,0.09
188,200,CC,LITETime,0.14,0.605,0.745
189,200,CC,LITETime,0.0249999999999999,0.285,0.26
190,200,CC,LITETime,0.19,0.745,0.935
191,200,CC,LITETime,0.0499999999999999,0.29,0.24
192,200,CC,LITETime,0.125,0.245,0.12
193,200,CC,LITETime,0.1499999999999999,0.68,0.83
194,200,CC,LITETime,0.11,0.26,0.15
195,200,CC,LITETime,0.07,0.245,0.175
196,200,CC,LITETime,0.1049999999999999,0.49,0.595
197,200,CC,LITETime,0.27,0.6,0.87
198,200,CC,LITETime,0.0549999999999999,0.25,0.195
199,200,CC,LITETime,0.0449999999999999,0.355,0.31
200,200,CC,LITETime,0.235,0.54,0.775
201,200,CC,LITETime,0.28,0.69,0.97
202,200,CC,LITETime,0.1049999999999999,0.395,0.5
203,200,CC,LITETime,0.0399999999999999,0.18,0.14
204,200,CC,LITETime,0.145,0.155,0.01
205,200,CC,LITETime,0.0599999999999999,0.285,0.225
206,200,CC,LITETime,0.1049999999999999,0.235,0.13
207,200,CC,LITETime,0.13,0.545,0.675
208,200,CC,LITETime,0.0849999999999999,0.205,0.12
209,200,CC,LITETime,0.095,0.41,0.505
210,200,CC,LITETime,0.1749999999999999,0.515,0.69
211,200,CC,LITETime,0.0749999999999999,0.505,0.58
212,200,CC,LITETime,0.0099999999999999,0.205,0.195
213,200,CC,LITETime,0.13,0.67,0.8
214,200,CC,LITETime,0.125,0.59,0.715
215,200,CC,LITETime,0.17,0.565,0.735
216,200,CC,LITETime,0.0799999999999999,0.21,0.13
217,200,CC,LITETime,0.1149999999999999,0.235,0.12
218,200,CC,LITETime,0.195,0.73,0.925
219,200,CC,LITETime,0.005,0.39,0.395
220,200,CC,LITETime,0.01,0.29,0.3
221,200,CC,LITETime,0.07,0.415,0.485
222,200,CC,LITETime,0.15,0.51,0.66
223,200,CC,LITETime,0.2799999999999999,0.675,0.955
224,200,CC,LITETime,0.0199999999999999,0.265,0.285
225,200,CC,LITETime,0.205,0.715,0.92
226,200,CC,LITETime,0.12,0.14,0.02
227,200,CC,LITETime,0.11,0.445,0.555
228,200,CC,LITETime,0.0949999999999999,0.535,0.63
229,200,CC,LITETime,0.105,0.21,0.105
230,200,CC,LITETime,0.0999999999999999,0.24,0.14
231,200,CC,LITETime,0.0299999999999999,0.385,0.415
232,200,CC,LITETime,0.245,0.72,0.965
233,200,CC,LITETime,0.0599999999999999,0.535,0.595
234,200,CC,LITETime,0.175,0.755,0.93
235,200,CC,LITETime,0.2,0.6,0.8
236,200,CC,LITETime,0.055,0.41,0.465
237,200,CC,LITETime,0.185,0.595,0.78
238,200,CC,LITETime,0.1,0.115,0.015
239,200,CC,LITETime,0.06,0.165,0.105
240,200,CC,LITETime,0.1799999999999999,0.645,0.825
241,200,CC,LITETime,0.195,0.6,0.795
242,200,CC,LITETime,0.05,0.28,0.23
243,200,CC,LITETime,0.105,0.425,0.53
244,200,CC,LITETime,0.1099999999999999,0.495,0.605
245,200,CC,LITETime,0.2249999999999999,0.64,0.865
246,200,CC,LITETime,0.0599999999999999,0.54,0.6
247,200,CC,LITETime,0.0299999999999999,0.38,0.41
248,200,CC,LITETime,0.015,0.385,0.37
249,200,CC,LITETime,0.005,0.42,0.425
250,200,CC,LITETime,0.135,0.515,0.65
251,200,CC,LITETime,0.25,0.615,0.865
252,200,CC,LITETime,0.075,0.375,0.45
253,200,CC,LITETime,0.025,0.27,0.245
254,200,CC,LITETime,0.025,0.26,0.235
255,200,CC,LITETime,0.1099999999999999,0.635,0.745
256,200,CC,LITETime,0.1749999999999999,0.64,0.815
257,200,CC,LITETime,0.08,0.185,0.105
258,200,CC,LITETime,0.1,0.165,0.065
259,200,CC,LITETime,0.0849999999999999,0.505,0.59
260,200,CC,LITETime,0.095,0.24,0.145
261,200,CC,LITETime,0.1649999999999999,0.655,0.82
262,200,CC,LITETime,0.01,0.3,0.31
263,200,CC,LITETime,0.1099999999999999,0.25,0.14
264,200,CC,LITETime,0.175,0.745,0.92
265,200,CC,LITETime,0.09,0.255,0.165
266,200,CC,LITETime,0.0349999999999999,0.315,0.28
267,200,CC,LITETime,0.09,0.24,0.15
268,200,CC,LITETime,0.11,0.225,0.115
269,200,CC,LITETime,0.0999999999999999,0.12,0.02
270,200,CC,LITETime,0.145,0.2,0.055
271,200,CC,LITETime,0.03,0.2,0.17
272,200,CC,LITETime,0.0999999999999999,0.15,0.05
273,200,CC,LITETime,0.1099999999999999,0.48,0.59
274,200,CC,LITETime,0.14,0.54,0.68
275,200,CC,LITETime,0.09,0.3,0.39
276,200,CC,LITETime,0.02,0.295,0.315
277,200,CC,LITETime,0.09,0.41,0.5
278,200,CC,LITETime,0.175,0.7,0.875
279,200,CC,LITETime,0.235,0.615,0.85
280,200,CC,LITETime,0.145,0.185,0.04
281,200,CC,LITETime,0.0549999999999999,0.235,0.18
282,200,CC,LITETime,0.045,0.28,0.235
283,200,CC,LITETime,0.02,0.265,0.245
284,200,CC,LITETime,0.0749999999999999,0.495,0.57
285,200,CC,LITETime,0.0299999999999999,0.385,0.415
286,200,CC,LITETime,0.12,0.165,0.045
287,200,CC,LITETime,0.025,0.395,0.37
288,200,CC,LITETime,0.01,0.51,0.52
289,200,CC,LITETime,0.065,0.165,0.1
290,200,CC,LITETime,0.1749999999999999,0.655,0.83
291,200,CC,LITETime,0.12,0.17,0.05
292,200,CC,LITETime,0.2300000000000001,0.69,0.92
293,200,CC,LITETime,0.1,0.195,0.095
294,200,CC,LITETime,0.1899999999999999,0.65,0.84
295,200,CC,LITETime,0.195,0.705,0.9
296,200,CC,LITETime,0.26,0.715,0.975
297,200,CC,LITETime,0.2300000000000001,0.57,0.8
298,200,CC,LITETime,0.14,0.635,0.775
299,200,CC,LITETime,0.12,0.52,0.64
300,200,CC,LITETime,0.16,0.615,0.775
301,200,CC,LITETime,0.095,0.225,0.13
302,200,CC,LITETime,0.07,0.465,0.535
303,200,CC,LITETime,0.08,0.43,0.51
304,200,CC,LITETime,0.135,0.72,0.855
305,200,CC,LITETime,0.07,0.39,0.46
306,200,CC,LITETime,0.06,0.325,0.385
307,200,CC,LITETime,0.1099999999999999,0.525,0.635
308,200,CC,LITETime,0.0249999999999999,0.29,0.265
309,200,CC,LITETime,0.0549999999999999,0.19,0.135
310,200,CC,LITETime,0.065,0.41,0.475
311,200,CC,LITETime,0.005,0.41,0.415
312,200,CC,LITETime,0.09,0.32,0.23
313,200,CC,LITETime,0.02,0.345,0.365
314,200,CC,LITETime,0.015,0.38,0.365
315,200,CC,LITETime,0.0199999999999999,0.345,0.325
316,200,CC,LITETime,0.02,0.395,0.375
317,200,CC,LITETime,0.13,0.555,0.685
318,200,CC,LITETime,0.0499999999999999,0.345,0.295
319,200,CC,LITETime,0.2099999999999999,0.735,0.945
320,200,CC,LITETime,0.19,0.725,0.915
321,200,CC,LITETime,0.0149999999999999,0.465,0.48
322,200,CC,LITETime,0.035,0.29,0.325
323,200,CC,LITETime,0.115,0.42,0.535
324,200,CC,LITETime,0.2149999999999999,0.63,0.845
325,200,CC,LITETime,0.08,0.57,0.65
326,200,CC,LITETime,0.2250000000000001,0.575,0.8
327,200,CC,LITETime,0.025,0.505,0.53
328,200,CC,LITETime,0.1099999999999999,0.52,0.63
329,200,CC,LITETime,0.03,0.315,0.285
330,200,CC,LITETime,0.13,0.6,0.73
331,200,CC,LITETime,0.0949999999999999,0.295,0.2
332,200,CC,LITETime,0.1299999999999999,0.56,0.69
333,200,CC,LITETime,0.12,0.74,0.86
334,200,CC,LITETime,0.0849999999999999,0.215,0.13
335,200,CC,LITETime,0.13,0.48,0.61
336,200,CC,LITETime,0.1149999999999999,0.21,0.095
337,200,CC,LITETime,0.16,0.565,0.725
338,200,CC,LITETime,0.1249999999999999,0.205,0.08
339,200,CC,LITETime,0.2350000000000001,0.7,0.935
340,200,CC,LITETime,0.0699999999999999,0.205,0.135
341,200,CC,LITETime,0.26,0.695,0.955
342,200,CC,LITETime,0.16,0.64,0.8
343,200,CC,LITETime,0.0799999999999999,0.51,0.59
344,200,CC,LITETime,0.135,0.645,0.78
345,200,CC,LITETime,0.2,0.595,0.795
346,200,CC,LITETime,0.24,0.705,0.945
347,200,CC,LITETime,0.0549999999999999,0.305,0.25
348,200,CC,LITETime,0.1149999999999999,0.475,0.59
349,200,CC,LITETime,0.1099999999999999,0.205,0.095
350,200,CC,LITETime,0.04,0.575,0.615
351,200,CC,LITETime,0.1,0.27,0.17
352,200,CC,LITETime,0.105,0.455,0.56
353,200,CC,LITETime,0.0799999999999999,0.49,0.57
354,200,CC,LITETime,0.09,0.375,0.465
355,200,CC,LITETime,0.12,0.4,0.52
356,200,CC,LITETime,0.14,0.62,0.76
357,200,CC,LITETime,0.1149999999999999,0.68,0.795
358,200,CC,LITETime,0.0399999999999999,0.45,0.49
359,200,CC,LITETime,0.0899999999999999,0.505,0.595
360,200,CC,LITETime,0.215,0.715,0.93
361,200,CC,LITETime,0.105,0.22,0.115
362,200,CC,LITETime,0.0699999999999999,0.185,0.115
363,200,CC,LITETime,0.105,0.19,0.085
364,200,CC,LITETime,0.1049999999999999,0.55,0.655
365,200,CC,LITETime,0.0149999999999999,0.4,0.415
366,200,CC,LITETime,0.15,0.62,0.77
367,200,CC,LITETime,0.1149999999999999,0.555,0.67
368,200,CC,LITETime,0.0199999999999999,0.35,0.33
369,200,CC,LITETime,0.2,0.695,0.895
370,200,CC,LITETime,0.155,0.605,0.76
371,200,CC,LITETime,0.0549999999999999,0.325,0.27
372,200,CC,LITETime,0.06,0.42,0.36
373,200,CC,LITETime,0.01,0.32,0.31
374,200,CC,LITETime,0.0799999999999999,0.235,0.155
375,200,CC,LITETime,0.1,0.245,0.145
376,200,CC,LITETime,0.185,0.75,0.935
377,200,CC,LITETime,0.025,0.41,0.435
378,200,CC,LITETime,0.02,0.36,0.38
379,200,CC,LITETime,0.125,0.6,0.725
380,200,CC,LITETime,0.1,0.45,0.55
381,200,CC,LITETime,0.195,0.74,0.935
382,200,CC,LITETime,0.2299999999999999,0.55,0.78
383,200,CC,LITETime,0.0549999999999999,0.42,0.475
384,200,CC,LITETime,0.005,0.37,0.375
385,200,CC,LITETime,0.25,0.735,0.985
386,200,CC,LITETime,0.1799999999999999,0.535,0.715
387,200,CC,LITETime,0.2099999999999999,0.74,0.95
388,200,CC,LITETime,0.0999999999999999,0.215,0.115
389,200,CC,LITETime,0.1749999999999999,0.675,0.85
390,200,CC,LITETime,0.14,0.495,0.635
391,200,CC,LITETime,0.09,0.21,0.12
392,200,CC,LITETime,0.0799999999999999,0.505,0.585
393,200,CC,LITETime,0.155,0.53,0.685
394,200,CC,LITETime,0.13,0.14,0.01
395,200,CC,LITETime,0.03,0.42,0.45
396,200,CC,LITETime,0.1849999999999999,0.64,0.825
397,200,CC,LITETime,0.01,0.285,0.295
398,200,CC,LITETime,0.04,0.415,0.455
399,200,CC,LITETime,0.01,0.45,0.44
400,200,CC,LITETime,0.0499999999999999,0.35,0.3
401,200,CC,LITETime,0.24,0.675,0.915
402,200,CC,LITETime,0.17,0.61,0.78
403,200,CC,LITETime,0.105,0.215,0.11
404,200,CC,LITETime,0.1899999999999999,0.805,0.995
405,200,CC,LITETime,0.16,0.715,0.875
406,200,CC,LITETime,0.0349999999999999,0.315,0.28
407,200,CC,LITETime,0.2199999999999999,0.615,0.835
408,200,CC,LITETime,0.14,0.245,0.105
409,200,CC,LITETime,0.26,0.735,0.995
410,200,CC,LITETime,0.135,0.53,0.665
411,200,CC,LITETime,0.135,0.515,0.65
412,200,CC,LITETime,0.12,0.21,0.09
413,200,CC,LITETime,0.18,0.715,0.895
414,200,CC,LITETime,0.125,0.15,0.025
415,200,CC,LITETime,0.0,0.24,0.24
416,200,CC,LITETime,0.0849999999999999,0.225,0.14
417,200,CC,LITETime,0.13,0.645,0.775
418,200,CC,LITETime,0.035,0.23,0.195
419,200,CC,LITETime,0.195,0.715,0.91
420,200,CC,LITETime,0.09,0.565,0.655
421,200,CC,LITETime,0.1149999999999999,0.15,0.035
422,200,CC,LITETime,0.145,0.15,0.005
423,200,CC,LITETime,0.115,0.165,0.05
424,200,CC,LITETime,0.135,0.47,0.605
425,200,CC,LITETime,0.185,0.615,0.8
426,200,CC,LITETime,0.06,0.295,0.235
427,200,CC,LITETime,0.1599999999999999,0.685,0.845
428,200,CC,LITETime,0.11,0.165,0.055
429,200,CC,LITETime,0.185,0.615,0.8
430,200,CC,LITETime,0.255,0.67,0.925
431,200,CC,LITETime,0.2149999999999999,0.555,0.77
432,200,CC,LITETime,0.1149999999999999,0.58,0.695
433,200,CC,LITETime,0.14,0.695,0.835
434,200,CC,LITETime,0.09,0.13,0.04
435,200,CC,LITETime,0.0399999999999999,0.24,0.2
436,200,CC,LITETime,0.05,0.17,0.12
437,200,CC,LITETime,0.07,0.43,0.5
438,200,CC,LITETime,0.135,0.61,0.745
439,200,CC,LITETime,0.135,0.495,0.63
440,200,CC,LITETime,0.1899999999999999,0.66,0.85
441,200,CC,LITETime,0.065,0.22,0.155
442,200,CC,LITETime,0.135,0.595,0.73
443,200,CC,LITETime,0.1049999999999999,0.295,0.19
444,200,CC,LITETime,0.0249999999999999,0.295,0.27
445,200,CC,LITETime,0.14,0.565,0.705
446,200,CC,LITETime,0.2999999999999999,0.68,0.98
447,200,CC,LITETime,0.0999999999999999,0.51,0.61
448,200,CC,LITETime,0.06,0.11,0.05
449,200,CC,LITETime,0.1599999999999999,0.455,0.615
450,200,CC,LITETime,0.12,0.16,0.04
451,200,CC,LITETime,0.255,0.625,0.88
452,200,CC,LITETime,0.12,0.585,0.705
453,200,CC,LITETime,0.06,0.23,0.17
454,200,CC,LITETime,0.06,0.15,0.09
455,200,CC,LITETime,0.09,0.27,0.18
456,200,CC,LITETime,0.28,0.7,0.98
457,200,CC,LITETime,0.04,0.415,0.455
458,200,CC,LITETime,0.12,0.66,0.78
459,200,CC,LITETime,0.0899999999999999,0.545,0.635
460,200,CC,LITETime,0.1099999999999999,0.46,0.57
461,200,CC,LITETime,0.105,0.25,0.145
462,200,CC,LITETime,0.2299999999999999,0.715,0.945
463,200,CC,LITETime,0.0,0.3,0.3
464,200,CC,LITETime,0.1149999999999999,0.46,0.575
465,200,CC,LITETime,0.2049999999999999,0.49,0.695
466,200,CC,LITETime,0.0899999999999999,0.555,0.645
467,200,CC,LITETime,0.2799999999999999,0.66,0.94
468,200,CC,LITETime,0.025,0.17,0.145
469,200,CC,LITETime,0.1099999999999999,0.395,0.505
470,200,CC,LITETime,0.045,0.355,0.4
471,200,CC,LITETime,0.0999999999999999,0.37,0.47
472,200,CC,LITETime,0.0649999999999999,0.18,0.115
473,200,CC,LITETime,0.13,0.26,0.13
474,200,CC,LITETime,0.005,0.28,0.275
475,200,CC,LITETime,0.02,0.32,0.3
476,200,CC,LITETime,0.0299999999999999,0.395,0.425
477,200,CC,LITETime,0.1049999999999999,0.505,0.61
478,200,CC,LITETime,0.065,0.565,0.63
479,200,CC,LITETime,0.065,0.345,0.41
480,200,CC,LITETime,0.025,0.38,0.405
481,200,CC,LITETime,0.04,0.255,0.215
482,200,CC,LITETime,0.0949999999999999,0.49,0.585
483,200,CC,LITETime,0.0499999999999999,0.365,0.315
484,200,CC,LITETime,0.13,0.165,0.035
485,200,CC,LITETime,0.0199999999999999,0.395,0.415
486,200,CC,LITETime,0.0499999999999999,0.42,0.47
487,200,CC,LITETime,0.04,0.265,0.225
488,200,CC,LITETime,0.0949999999999999,0.475,0.57
489,200,CC,LITETime,0.0699999999999999,0.495,0.565
490,200,CC,LITETime,0.1149999999999999,0.585,0.7
491,200,CC,LITETime,0.055,0.59,0.645
492,200,CC,LITETime,0.13,0.52,0.65
493,200,CC,LITETime,0.0399999999999999,0.355,0.315
494,200,CC,LITETime,0.12,0.665,0.785
495,200,CC,LITETime,0.07,0.475,0.545
496,200,CC,LITETime,0.065,0.495,0.43
497,200,CC,LITETime,0.0999999999999999,0.525,0.625
498,200,CC,LITETime,0.015,0.375,0.36
499,200,CC,LITETime,0.06,0.45,0.51
500,200,CC,LITETime,0.1899999999999999,0.545,0.735
501,200,CC,LITETime,0.25,0.635,0.885
502,200,CC,LITETime,0.205,0.715,0.92
503,200,CC,LITETime,0.09,0.41,0.5
504,200,CC,LITETime,0.0549999999999999,0.465,0.52
505,200,CC,LITETime,0.205,0.59,0.795
506,200,CC,LITETime,0.015,0.325,0.31
507,200,CC,LITETime,0.1749999999999999,0.66,0.835
508,200,CC,LITETime,0.0349999999999999,0.455,0.49
509,200,CC,LITETime,0.0949999999999999,0.21,0.115
510,200,CC,LITETime,0.1399999999999999,0.21,0.07
511,200,CC,LITETime,0.2299999999999999,0.61,0.84
512,200,CC,LITETime,0.165,0.22,0.055
513,200,CC,LITETime,0.0449999999999999,0.325,0.28
514,200,CC,LITETime,0.02,0.31,0.33
515,200,CC,LITETime,0.0799999999999999,0.25,0.17
516,200,CC,LITETime,0.0399999999999999,0.35,0.31
517,200,CC,LITETime,0.0899999999999999,0.65,0.74
518,200,CC,LITETime,0.1,0.11,0.01
519,200,CC,LITETime,0.1849999999999999,0.64,0.825
520,200,CC,LITETime,0.1849999999999999,0.67,0.855
521,200,CC,LITETime,0.08,0.29,0.37
522,200,CC,LITETime,0.05,0.2,0.15
523,200,CC,LITETime,0.0499999999999999,0.55,0.6
524,200,CC,LITETime,0.0649999999999999,0.18,0.115
525,200,CC,LITETime,0.01,0.37,0.36
526,200,CC,LITETime,0.2799999999999999,0.675,0.955
527,200,CC,LITETime,0.3,0.695,0.995
528,200,CC,LITETime,0.135,0.635,0.77
529,200,CC,LITETime,0.0399999999999999,0.35,0.31
530,200,CC,LITETime,0.095,0.59,0.685
531,200,CC,LITETime,0.14,0.565,0.705
532,200,CC,LITETime,0.005,0.38,0.385
533,200,CC,LITETime,0.1099999999999999,0.53,0.64
534,200,CC,LITETime,0.125,0.135,0.01
535,200,CC,LITETime,0.095,0.3,0.205
536,200,CC,LITETime,0.1,0.425,0.525
537,200,CC,LITETime,0.065,0.225,0.16
538,200,CC,LITETime,0.065,0.23,0.165
539,200,CC,LITETime,0.1549999999999999,0.68,0.835
540,200,CC,LITETime,0.2149999999999999,0.77,0.985
541,200,CC,LITETime,0.07,0.485,0.555
542,200,CC,LITETime,0.1949999999999999,0.64,0.835
543,200,CC,LITETime,0.2249999999999999,0.765,0.99
544,200,CC,LITETime,0.0999999999999999,0.24,0.14
545,200,CC,LITETime,0.0399999999999999,0.405,0.445
546,200,CC,LITETime,0.04,0.35,0.39
547,200,CC,LITETime,0.0949999999999999,0.175,0.08
548,200,CC,LITETime,0.19,0.565,0.755
549,200,CC,LITETime,0.0349999999999999,0.395,0.43
550,200,CC,LITETime,0.01,0.455,0.465
551,200,CC,LITETime,0.09,0.24,0.15
552,200,CC,LITETime,0.06,0.24,0.18
553,200,CC,LITETime,0.2,0.705,0.905
554,200,CC,LITETime,0.12,0.16,0.04
555,200,CC,LITETime,0.11,0.34,0.23
556,200,CC,LITETime,0.0299999999999999,0.26,0.29
557,200,CC,LITETime,0.0449999999999999,0.445,0.49
558,200,CC,LITETime,0.0749999999999999,0.51,0.585
559,200,CC,LITETime,0.0299999999999999,0.46,0.49
560,200,CC,LITETime,0.0999999999999999,0.18,0.08
561,200,CC,LITETime,0.0549999999999999,0.295,0.24
562,200,CC,LITETime,0.2249999999999999,0.615,0.84
563,200,CC,LITETime,0.145,0.49,0.635
564,200,CC,LITETime,0.0849999999999999,0.56,0.645
565,200,CC,LITETime,0.1099999999999999,0.56,0.67
566,200,CC,LITETime,0.16,0.6,0.76
567,200,CC,LITETime,0.12,0.175,0.055
568,200,CC,LITETime,0.0399999999999999,0.325,0.365
569,200,CC,LITETime,0.105,0.43,0.535
570,200,CC,LITETime,0.0199999999999999,0.355,0.335
571,200,CC,LITETime,0.1699999999999999,0.67,0.84
572,200,CC,LITETime,0.0549999999999999,0.425,0.48
573,200,CC,LITETime,0.155,0.61,0.765
574,200,CC,LITETime,0.1749999999999999,0.675,0.85
575,200,CC,LITETime,0.085,0.415,0.5
576,200,CC,LITETime,0.195,0.71,0.905
577,200,CC,LITETime,0.0,0.585,0.585
578,200,CC,LITETime,0.16,0.69,0.85
579,200,CC,LITETime,0.0,0.34,0.34
580,200,CC,LITETime,0.0549999999999999,0.44,0.495
581,200,CC,LITETime,0.08,0.45,0.53
582,200,CC,LITETime,0.1099999999999999,0.21,0.1
583,200,CC,LITETime,0.0299999999999999,0.425,0.395
584,200,CC,LITETime,0.21,0.705,0.915
585,200,CC,LITETime,0.0849999999999999,0.545,0.63
586,200,CC,LITETime,0.12,0.295,0.175
587,200,CC,LITETime,0.005,0.33,0.335
588,200,CC,LITETime,0.08,0.27,0.19
589,200,CC,LITETime,0.105,0.125,0.02
590,200,CC,LITETime,0.195,0.73,0.925
591,200,CC,LITETime,0.035,0.41,0.445
592,200,CC,LITETime,0.0449999999999999,0.35,0.305
593,200,CC,LITETime,0.0649999999999999,0.53,0.595
594,200,CC,LITETime,0.0999999999999999,0.105,0.005
595,200,CC,LITETime,0.0399999999999999,0.315,0.275
596,200,CC,LITETime,0.1549999999999999,0.545,0.7
597,200,CC,LITETime,0.1099999999999999,0.52,0.63
598,200,CC,LITETime,0.1999999999999999,0.78,0.98
599,200,CC,LITETime,0.125,0.495,0.62
600,200,CC,LITETime,0.0699999999999999,0.405,0.475
601,200,CC,LITETime,0.125,0.635,0.76
602,200,CC,LITETime,0.165,0.735,0.9
603,200,CC,LITETime,0.13,0.59,0.72
604,200,CC,LITETime,0.255,0.705,0.96
605,200,CC,LITETime,0.165,0.615,0.78
606,200,CC,LITETime,0.1899999999999999,0.675,0.865
607,200,CC,LITETime,0.0949999999999999,0.205,0.11
608,200,CC,LITETime,0.1999999999999999,0.53,0.73
609,200,CC,LITETime,0.07,0.37,0.44
610,200,CC,LITETime,0.085,0.465,0.55
611,200,CC,LITETime,0.1149999999999999,0.535,0.65
612,200,CC,LITETime,0.1899999999999999,0.775,0.965
613,200,CC,LITETime,0.1999999999999999,0.78,0.98
614,200,CC,LITETime,0.07,0.355,0.285
615,200,CC,LITETime,0.15,0.58,0.73
616,200,CC,LITETime,0.13,0.615,0.745
617,200,CC,LITETime,0.045,0.39,0.345
618,200,CC,LITETime,0.1149999999999999,0.235,0.12
619,200,CC,LITETime,0.1399999999999999,0.18,0.04
620,200,CC,LITETime,0.155,0.62,0.775
621,200,CC,LITETime,0.06,0.425,0.485
622,200,CC,LITETime,0.255,0.73,0.985
623,200,CC,LITETime,0.025,0.435,0.46
624,200,CC,LITETime,0.235,0.74,0.975
625,200,CC,LITETime,0.0049999999999999,0.405,0.41
626,200,CC,LITETime,0.2,0.59,0.79
627,200,CC,LITETime,0.0999999999999999,0.18,0.08
628,200,CC,LITETime,0.065,0.49,0.555
629,200,CC,LITETime,0.175,0.625,0.8
630,200,CC,LITETime,0.21,0.71,0.92
631,200,CC,LITETime,0.13,0.69,0.82
632,200,CC,LITETime,0.145,0.18,0.035
633,200,CC,LITETime,0.005,0.375,0.37
634,200,CC,LITETime,0.065,0.11,0.045
635,200,CC,LITETime,0.105,0.21,0.105
636,200,CC,LITETime,0.1050000000000001,0.57,0.675
637,200,CC,LITETime,0.1499999999999999,0.56,0.71
638,200,CC,LITETime,0.145,0.625,0.77
639,200,CC,LITETime,0.165,0.7,0.865
640,200,CC,LITETime,0.1849999999999999,0.55,0.735
641,200,CC,LITETime,0.175,0.625,0.8
642,200,CC,LITETime,0.095,0.14,0.045
643,200,CC,LITETime,0.0699999999999999,0.3,0.23
644,200,CC,LITETime,0.1149999999999999,0.505,0.62
645,200,CC,LITETime,0.2049999999999999,0.65,0.855
646,200,CC,LITETime,0.1,0.1,0.0
647,200,CC,LITETime,0.015,0.495,0.51
648,200,CC,LITETime,0.15,0.525,0.675
649,200,CC,LITETime,0.0849999999999999,0.11,0.025
650,200,CC,LITETime,0.005,0.395,0.4
651,200,CC,LITETime,0.2299999999999999,0.665,0.895
652,200,CC,LITETime,0.135,0.535,0.67
653,200,CC,LITETime,0.02,0.255,0.235
654,200,CC,LITETime,0.1649999999999999,0.685,0.85
655,200,CC,LITETime,0.0299999999999999,0.315,0.345
656,200,CC,LITETime,0.2199999999999999,0.63,0.85
657,200,CC,LITETime,0.025,0.32,0.295
658,200,CC,LITETime,0.1249999999999999,0.465,0.59
659,200,CC,LITETime,0.02,0.375,0.395
660,200,CC,LITETime,0.0299999999999999,0.3,0.27
661,200,CC,LITETime,0.185,0.7,0.885
662,200,CC,LITETime,0.085,0.27,0.185
663,200,CC,LITETime,0.105,0.185,0.08
664,200,CC,LITETime,0.0299999999999999,0.37,0.34
665,200,CC,LITETime,0.13,0.585,0.715
666,200,CC,LITETime,0.14,0.665,0.805
667,200,CC,LITETime,0.26,0.735,0.995
668,200,CC,LITETime,0.0,0.295,0.295
669,200,CC,LITETime,0.03,0.375,0.405
670,200,CC,LITETime,0.0699999999999999,0.205,0.135
671,200,CC,LITETime,0.0899999999999999,0.48,0.57
672,200,CC,LITETime,0.295,0.7,0.995
673,200,CC,LITETime,0.13,0.57,0.7
674,200,CC,LITETime,0.0749999999999999,0.52,0.595
675,200,CC,LITETime,0.005,0.385,0.39
676,200,CC,LITETime,0.205,0.71,0.915
677,200,CC,LITETime,0.0349999999999999,0.46,0.495
678,200,CC,LITETime,0.1149999999999999,0.245,0.13
679,200,CC,LITETime,0.0349999999999999,0.33,0.365
680,200,CC,LITETime,0.13,0.195,0.065
681,200,CC,LITETime,0.0199999999999999,0.22,0.2
682,200,CC,LITETime,0.1599999999999999,0.175,0.015
683,200,CC,LITETime,0.04,0.41,0.45
684,200,CC,LITETime,0.1099999999999999,0.52,0.63
685,200,CC,LITETime,0.0299999999999999,0.37,0.34
686,200,CC,LITETime,0.0849999999999999,0.335,0.42
687,200,CC,LITETime,0.26,0.695,0.955
688,200,CC,LITETime,0.14,0.61,0.75
689,200,CC,LITETime,0.1,0.44,0.54
690,200,CC,LITETime,0.0249999999999999,0.305,0.28
691,200,CC,LITETime,0.245,0.65,0.895
692,200,CC,LITETime,0.0499999999999999,0.285,0.235
693,200,CC,LITETime,0.015,0.34,0.325
694,200,CC,LITETime,0.25,0.655,0.905
695,200,CC,LITETime,0.065,0.46,0.525
696,200,CC,LITETime,0.13,0.61,0.74
697,200,CC,LITETime,0.0799999999999999,0.51,0.59
698,200,CC,LITETime,0.1049999999999999,0.545,0.65
699,200,CC,LITETime,0.01,0.305,0.295
700,200,CC,LITETime,0.095,0.335,0.24
701,200,CC,LITETime,0.0349999999999999,0.355,0.32
702,200,CC,LITETime,0.0849999999999999,0.24,0.155
703,200,CC,LITETime,0.17,0.7,0.87
704,200,CC,LITETime,0.0199999999999999,0.3,0.28
705,200,CC,LITETime,0.115,0.445,0.56
706,200,CC,LITETime,0.165,0.625,0.79
707,200,CC,LITETime,0.17,0.61,0.78
708,200,CC,LITETime,0.1049999999999999,0.33,0.435
709,200,CC,LITETime,0.0099999999999999,0.465,0.475
710,200,CC,LITETime,0.25,0.74,0.99
711,200,CC,LITETime,0.16,0.51,0.67
712,200,CC,LITETime,0.15,0.66,0.81
713,200,CC,LITETime,0.195,0.705,0.9
714,200,CC,LITETime,0.1149999999999999,0.67,0.785
715,200,CC,LITETime,0.065,0.25,0.185
716,200,CC,LITETime,0.12,0.44,0.56
717,200,CC,LITETime,0.1,0.2,0.1
718,200,CC,LITETime,0.13,0.52,0.65
719,200,CC,LITETime,0.2149999999999999,0.74,0.955
720,200,CC,LITETime,0.04,0.47,0.51
721,200,CC,LITETime,0.015,0.415,0.43
722,200,CC,LITETime,0.09,0.125,0.035
723,200,CC,LITETime,0.2199999999999999,0.735,0.955
724,200,CC,LITETime,0.0499999999999999,0.15,0.1
725,200,CC,LITETime,0.1049999999999999,0.145,0.04
726,200,CC,LITETime,0.005,0.24,0.245
727,200,CC,LITETime,0.095,0.16,0.065
728,200,CC,LITETime,0.0149999999999999,0.47,0.455
729,200,CC,LITETime,0.035,0.48,0.515
730,200,CC,LITETime,0.03,0.34,0.31
731,200,CC,LITETime,0.12,0.17,0.05
732,200,CC,LITETime,0.05,0.16,0.11
733,200,CC,LITETime,0.01,0.37,0.38
734,200,CC,LITETime,0.08,0.14,0.06
735,200,CC,LITETime,0.1499999999999999,0.545,0.695
736,200,CC,LITETime,0.055,0.26,0.205
737,200,CC,LITETime,0.0549999999999999,0.355,0.3
738,200,CC,LITETime,0.0349999999999999,0.425,0.39
739,200,CC,LITETime,0.045,0.46,0.415
740,200,CC,LITETime,0.13,0.13,0.0
741,200,CC,LITETime,0.0949999999999999,0.205,0.11
742,200,CC,LITETime,0.165,0.695,0.86
743,200,CC,LITETime,0.16,0.16,0.0
744,200,CC,LITETime,0.005,0.5,0.505
745,200,CC,LITETime,0.06,0.425,0.485
746,200,CC,LITETime,0.01,0.32,0.33
747,200,CC,LITETime,0.0449999999999999,0.385,0.43
748,200,CC,LITETime,0.165,0.615,0.78
749,200,CC,LITETime,0.1699999999999999,0.67,0.84
750,200,CC,LITETime,0.01,0.27,0.26
751,200,CC,LITETime,0.02,0.34,0.32
752,200,CC,LITETime,0.065,0.305,0.24
753,200,CC,LITETime,0.0299999999999999,0.445,0.475
754,200,CC,LITETime,0.15,0.53,0.68
755,200,CC,LITETime,0.055,0.28,0.225
756,200,CC,LITETime,0.04,0.29,0.33
757,200,CC,LITETime,0.2350000000000001,0.695,0.93
758,200,CC,LITETime,0.0999999999999999,0.145,0.045
759,200,CC,LITETime,0.015,0.445,0.46
760,200,CC,LITETime,0.13,0.58,0.71
761,200,CC,LITETime,0.075,0.225,0.15
762,200,CC,LITETime,0.065,0.11,0.045
763,200,CC,LITETime,0.095,0.23,0.135
764,200,CC,LITETime,0.215,0.7,0.915
765,200,CC,LITETime,0.12,0.125,0.005
766,200,CC,LITETime,0.0249999999999999,0.21,0.185
767,200,CC,LITETime,0.15,0.18,0.03
768,200,CC,LITETime,0.0399999999999999,0.15,0.11
769,200,CC,LITETime,0.1149999999999999,0.505,0.62
770,200,CC,LITETime,0.0549999999999999,0.295,0.24
771,200,CC,LITETime,0.1249999999999999,0.44,0.565
772,200,CC,LITETime,0.1349999999999999,0.455,0.59
773,200,CC,LITETime,0.2299999999999999,0.615,0.845
774,200,CC,LITETime,0.125,0.125,0.0
775,200,CC,LITETime,0.2099999999999999,0.64,0.85
776,200,CC,LITETime,0.0849999999999999,0.53,0.615
777,200,CC,LITETime,0.1,0.26,0.16
778,200,CC,LITETime,0.15,0.62,0.77
779,200,CC,LITETime,0.1749999999999999,0.68,0.855
780,200,CC,LITETime,0.02,0.27,0.25
781,200,CC,LITETime,0.255,0.66,0.915
782,200,CC,LITETime,0.0449999999999999,0.405,0.45
783,200,CC,LITETime,0.0949999999999999,0.505,0.6
784,200,CC,LITETime,0.1849999999999999,0.795,0.98
785,200,CC,LITETime,0.025,0.385,0.36
786,200,CC,LITETime,0.185,0.625,0.81
787,200,CC,LITETime,0.075,0.39,0.315
788,200,CC,LITETime,0.16,0.635,0.795
789,200,CC,LITETime,0.0549999999999999,0.545,0.6
790,200,CC,LITETime,0.045,0.26,0.215
791,200,CC,LITETime,0.0299999999999999,0.38,0.41
792,200,CC,LITETime,0.005,0.31,0.315
793,200,CC,LITETime,0.085,0.16,0.075
794,200,CC,LITETime,0.115,0.14,0.025
795,200,CC,LITETime,0.01,0.355,0.345
796,200,CC,LITETime,0.11,0.125,0.015
797,200,CC,LITETime,0.0749999999999999,0.24,0.165
798,200,CC,LITETime,0.2149999999999999,0.51,0.725
799,200,CC,LITETime,0.0599999999999999,0.645,0.705
800,200,CC,LITETime,0.17,0.565,0.735
801,200,CC,LITETime,0.0549999999999999,0.26,0.315
802,200,CC,LITETime,0.2299999999999999,0.66,0.89
803,200,CC,LITETime,0.0499999999999999,0.54,0.59
804,200,CC,LITETime,0.1,0.225,0.125
805,200,CC,LITETime,0.0749999999999999,0.215,0.14
806,200,CC,LITETime,0.12,0.57,0.69
807,200,CC,LITETime,0.0749999999999999,0.245,0.17
808,200,CC,LITETime,0.0499999999999999,0.455,0.505
809,200,CC,LITETime,0.3049999999999999,0.685,0.99
810,200,CC,LITETime,0.1,0.1,0.0
811,200,CC,LITETime,0.12,0.135,0.015
812,200,CC,LITETime,0.2149999999999999,0.775,0.99
813,200,CC,LITETime,0.0649999999999999,0.515,0.58
814,200,CC,LITETime,0.1099999999999999,0.235,0.125
815,200,CC,LITETime,0.2,0.695,0.895
816,200,CC,LITETime,0.165,0.715,0.88
817,200,CC,LITETime,0.08,0.455,0.535
818,200,CC,LITETime,0.0849999999999999,0.535,0.62
819,200,CC,LITETime,0.0149999999999999,0.285,0.27
820,200,CC,LITETime,0.09,0.14,0.05
821,200,CC,LITETime,0.0649999999999999,0.525,0.59
822,200,CC,LITETime,0.06,0.35,0.29
823,200,CC,LITETime,0.09,0.57,0.66
824,200,CC,LITETime,0.145,0.69,0.835
825,200,CC,LITETime,0.11,0.125,0.015
826,200,CC,LITETime,0.1149999999999999,0.48,0.595
827,200,CC,LITETime,0.05,0.28,0.23
828,200,CC,LITETime,0.2299999999999999,0.64,0.87
829,200,CC,LITETime,0.015,0.265,0.25
830,200,CC,LITETime,0.0999999999999999,0.51,0.61
831,200,CC,LITETime,0.06,0.49,0.55
832,200,CC,LITETime,0.01,0.405,0.395
833,200,CC,LITETime,0.1050000000000001,0.57,0.675
834,200,CC,LITETime,0.1049999999999999,0.62,0.725
835,200,CC,LITETime,0.1149999999999999,0.45,0.565
836,200,CC,LITETime,0.135,0.62,0.755
837,200,CC,LITETime,0.2149999999999999,0.765,0.98
838,200,CC,LITETime,0.0549999999999999,0.36,0.415
839,200,CC,LITETime,0.065,0.445,0.51
840,200,CC,LITETime,0.16,0.17,0.01
841,200,CC,LITETime,0.15,0.645,0.795
842,200,CC,LITETime,0.02,0.5,0.52
843,200,CC,LITETime,0.03,0.375,0.405
844,200,CC,LITETime,0.07,0.16,0.09
845,200,CC,LITETime,0.2049999999999999,0.68,0.885
846,200,CC,LITETime,0.035,0.36,0.395
847,200,CC,LITETime,0.12,0.56,0.68
848,200,CC,LITETime,0.085,0.23,0.145
849,200,CC,LITETime,0.245,0.715,0.96
850,200,CC,LITETime,0.075,0.25,0.175
851,200,CC,LITETime,0.0149999999999999,0.21,0.195
852,200,CC,LITETime,0.255,0.6,0.855
853,200,CC,LITETime,0.175,0.735,0.91
854,200,CC,LITETime,0.06,0.27,0.21
855,200,CC,LITETime,0.03,0.435,0.465
856,200,CC,LITETime,0.1749999999999999,0.555,0.73
857,200,CC,LITETime,0.2249999999999999,0.65,0.875
858,200,CC,LITETime,0.025,0.35,0.375
859,200,CC,LITETime,0.04,0.475,0.515
860,200,CC,LITETime,0.125,0.615,0.74
861,200,CC,LITETime,0.0899999999999999,0.64,0.73
862,200,CC,LITETime,0.135,0.645,0.78
863,200,CC,LITETime,0.0449999999999999,0.52,0.565
864,200,CC,LITETime,0.0799999999999999,0.18,0.1
865,200,CC,LITETime,0.2249999999999999,0.675,0.9
866,200,CC,LITETime,0.1799999999999999,0.685,0.865
867,200,CC,LITETime,0.18,0.615,0.795
868,200,CC,LITETime,0.0249999999999999,0.12,0.095
869,200,CC,LITETime,0.075,0.275,0.2
870,200,CC,LITETime,0.12,0.62,0.74
871,200,CC,LITETime,0.1249999999999999,0.145,0.02
872,200,CC,LITETime,0.27,0.705,0.975
873,200,CC,LITETime,0.0949999999999999,0.28,0.375
874,200,CC,LITETime,0.1799999999999999,0.535,0.715
875,200,CC,LITETime,0.18,0.705,0.885
876,200,CC,LITETime,0.015,0.375,0.39
877,200,CC,LITETime,0.075,0.39,0.315
878,200,CC,LITETime,0.13,0.475,0.605
879,200,CC,LITETime,0.0899999999999999,0.49,0.58
880,200,CC,LITETime,0.05,0.355,0.405
881,200,CC,LITETime,0.0849999999999999,0.515,0.6
882,200,CC,LITETime,0.205,0.73,0.935
883,200,CC,LITETime,0.055,0.41,0.465
884,200,CC,LITETime,0.07,0.265,0.195
885,200,CC,LITETime,0.01,0.365,0.375
886,200,CC,LITETime,0.01,0.38,0.39
887,200,CC,LITETime,0.0449999999999999,0.175,0.13
888,200,CC,LITETime,0.095,0.255,0.16
889,200,CC,LITETime,0.13,0.55,0.68
890,200,CC,LITETime,0.01,0.325,0.335
891,200,CC,LITETime,0.245,0.705,0.95
892,200,CC,LITETime,0.0499999999999999,0.29,0.24
893,200,CC,LITETime,0.0799999999999999,0.175,0.095
894,200,CC,LITETime,0.13,0.62,0.75
895,200,CC,LITETime,0.175,0.705,0.88
896,200,CC,LITETime,0.0199999999999999,0.295,0.275
897,200,CC,LITETime,0.065,0.265,0.2
898,200,CC,LITETime,0.06,0.245,0.185
899,200,CC,LITETime,0.0549999999999999,0.465,0.52
900,200,CC,LITETime,0.05,0.415,0.465
901,200,CC,LITETime,0.0299999999999999,0.285,0.255
902,200,CC,LITETime,0.065,0.11,0.045
903,200,CC,LITETime,0.0999999999999999,0.38,0.48
904,200,CC,LITETime,0.1999999999999999,0.755,0.955
905,200,CC,LITETime,0.1049999999999999,0.545,0.65
906,200,CC,LITETime,0.0449999999999999,0.45,0.495
907,200,CC,LITETime,0.05,0.16,0.11
908,200,CC,LITETime,0.0399999999999999,0.29,0.25
909,200,CC,LITETime,0.01,0.3,0.29
910,200,CC,LITETime,0.155,0.605,0.76
911,200,CC,LITETime,0.2199999999999999,0.655,0.875
912,200,CC,LITETime,0.25,0.65,0.9
913,200,CC,LITETime,0.28,0.7,0.98
914,200,CC,LITETime,0.245,0.735,0.98
915,200,CC,LITETime,0.2249999999999999,0.725,0.95
916,200,CC,LITETime,0.07,0.14,0.07
917,200,CC,LITETime,0.09,0.225,0.135
918,200,CC,LITETime,0.085,0.385,0.3
919,200,CC,LITETime,0.065,0.485,0.55
920,200,CC,LITETime,0.07,0.165,0.095
921,200,CC,LITETime,0.2049999999999999,0.64,0.845
922,200,CC,LITETime,0.0949999999999999,0.52,0.615
923,200,CC,LITETime,0.07,0.47,0.54
924,200,CC,LITETime,0.065,0.23,0.165
925,200,CC,LITETime,0.025,0.275,0.25
926,200,CC,LITETime,0.0749999999999999,0.235,0.16
927,200,CC,LITETime,0.2199999999999999,0.63,0.85
928,200,CC,LITETime,0.0599999999999999,0.52,0.58
929,200,CC,LITETime,0.16,0.575,0.735
930,200,CC,LITETime,0.045,0.34,0.295
931,200,CC,LITETime,0.0,0.37,0.37
932,200,CC,LITETime,0.05,0.35,0.4
933,200,CC,LITETime,0.155,0.605,0.76
934,200,CC,LITETime,0.145,0.625,0.77
935,200,CC,LITETime,0.03,0.235,0.205
936,200,CC,LITETime,0.2099999999999999,0.73,0.94
937,200,CC,LITETime,0.11,0.23,0.12
938,200,CC,LITETime,0.2,0.695,0.895
939,200,CC,LITETime,0.1,0.2,0.1
940,200,CC,LITETime,0.0399999999999999,0.3,0.26
941,200,CC,LITETime,0.27,0.575,0.845
942,200,CC,LITETime,0.03,0.205,0.175
943,200,CC,LITETime,0.0249999999999999,0.385,0.41
944,200,CC,LITETime,0.01,0.435,0.445
945,200,CC,LITETime,0.0549999999999999,0.3,0.245
946,200,CC,LITETime,0.14,0.57,0.71
947,200,CC,LITETime,0.1949999999999999,0.655,0.85
948,200,CC,LITETime,0.275,0.595,0.87
949,200,CC,LITETime,0.0199999999999999,0.355,0.335
950,200,CC,LITETime,0.09,0.44,0.53
951,200,CC,LITETime,0.0499999999999999,0.295,0.245
952,200,CC,LITETime,0.0499999999999999,0.29,0.24
953,200,CC,LITETime,0.0799999999999999,0.24,0.16
954,200,CC,LITETime,0.2149999999999999,0.725,0.94
955,200,CC,LITETime,0.195,0.69,0.885
956,200,CC,LITETime,0.16,0.615,0.775
957,200,CC,LITETime,0.06,0.455,0.515
958,200,CC,LITETime,0.06,0.43,0.49
959,200,CC,LITETime,0.02,0.505,0.525
960,200,CC,LITETime,0.105,0.43,0.535
961,200,CC,LITETime,0.0299999999999999,0.4,0.43
962,200,CC,LITETime,0.06,0.19,0.13
963,200,CC,LITETime,0.04,0.165,0.125
964,200,CC,LITETime,0.1999999999999999,0.75,0.95
965,200,CC,LITETime,0.0249999999999999,0.455,0.48
966,200,CC,LITETime,0.2249999999999999,0.725,0.95
967,200,CC,LITETime,0.0549999999999999,0.215,0.16
968,200,CC,LITETime,0.055,0.495,0.55
969,200,CC,LITETime,0.035,0.24,0.205
970,200,CC,LITETime,0.015,0.235,0.25
971,200,CC,LITETime,0.105,0.135,0.03
972,200,CC,LITETime,0.0899999999999999,0.205,0.115
973,200,CC,LITETime,0.2299999999999999,0.685,0.915
974,200,CC,LITETime,0.015,0.305,0.32
975,200,CC,LITETime,0.0949999999999999,0.51,0.605
976,200,CC,LITETime,0.0,0.465,0.465
977,200,CC,LITETime,0.05,0.35,0.4
978,200,CC,LITETime,0.035,0.495,0.53
979,200,CC,LITETime,0.01,0.195,0.185
980,200,CC,LITETime,0.26,0.725,0.985
981,200,CC,LITETime,0.125,0.69,0.815
982,200,CC,LITETime,0.165,0.575,0.74
983,200,CC,LITETime,0.05,0.415,0.465
984,200,CC,LITETime,0.0549999999999999,0.205,0.15
985,200,CC,LITETime,0.275,0.645,0.92
986,200,CC,LITETime,0.02,0.32,0.34
987,200,CC,LITETime,0.11,0.16,0.05
988,200,CC,LITETime,0.0349999999999999,0.375,0.34
989,200,CC,LITETime,0.175,0.615,0.79
990,200,CC,LITETime,0.14,0.48,0.62
991,200,CC,LITETime,0.165,0.585,0.75
992,200,CC,LITETime,0.16,0.63,0.79
993,200,CC,LITETime,0.065,0.275,0.21
994,200,CC,LITETime,0.21,0.71,0.92
995,200,CC,LITETime,0.01,0.445,0.435
996,200,CC,LITETime,0.0949999999999999,0.54,0.635
997,200,CC,LITETime,0.14,0.14,0.0
998,200,CC,LITETime,0.26,0.73,0.99
999,200,CC,LITETime,0.0849999999999999,0.365,0.28
1000,200,CC,LITETime,0.14,0.2,0.06
1001,200,CC,LITETime,0.0499999999999999,0.405,0.455
1002,200,CC,LITETime,0.065,0.19,0.125
1003,200,CC,LITETime,0.11,0.26,0.15
1004,200,CC,LITETime,0.1099999999999999,0.52,0.63
1005,200,CC,LITETime,0.015,0.375,0.39
1006,200,CC,LITETime,0.215,0.705,0.92
1007,200,CC,LITETime,0.015,0.33,0.315
1008,200,CC,LITETime,0.0699999999999999,0.655,0.725
1009,200,CC,LITETime,0.025,0.435,0.46
1010,200,CC,LITETime,0.08,0.575,0.655
1011,200,CC,LITETime,0.0849999999999999,0.51,0.595
1012,200,CC,LITETime,0.0649999999999999,0.405,0.47
1013,200,CC,LITETime,0.2749999999999999,0.675,0.95
1014,200,CC,LITETime,0.0099999999999999,0.35,0.34
1015,200,CC,LITETime,0.075,0.25,0.175
1016,200,CC,LITETime,0.155,0.52,0.675
1017,200,CC,LITETime,0.1749999999999999,0.67,0.845
1018,200,CC,LITETime,0.0799999999999999,0.12,0.04
1019,200,CC,LITETime,0.0549999999999999,0.39,0.445
1020,200,CC,LITETime,0.19,0.7,0.89
1021,200,CC,LITETime,0.135,0.61,0.745
1022,200,CC,LITETime,0.25,0.74,0.99
1023,200,CC,LITETime,0.125,0.405,0.53
1024,200,CC,LITETime,0.0949999999999999,0.56,0.655
1025,200,CC,LITETime,0.02,0.32,0.3
1026,200,CC,LITETime,0.25,0.695,0.945
1027,200,CC,LITETime,0.0449999999999999,0.32,0.365
1028,200,CC,LITETime,0.12,0.615,0.735
1029,200,CC,LITETime,0.01,0.39,0.4
1030,200,CC,LITETime,0.125,0.435,0.56
1031,200,CC,LITETime,0.1599999999999999,0.555,0.715
1032,200,CC,LITETime,0.01,0.495,0.505
1033,200,CC,LITETime,0.2249999999999999,0.68,0.905
1034,200,CC,LITETime,0.0499999999999999,0.365,0.415
1035,200,CC,LITETime,0.135,0.51,0.645
1036,200,CC,LITETime,0.025,0.315,0.34
1037,200,CC,LITETime,0.045,0.36,0.405
1038,200,CC,LITETime,0.06,0.38,0.44
1039,200,CC,LITETime,0.09,0.215,0.125
1040,200,CC,LITETime,0.11,0.2,0.09
1041,200,CC,LITETime,0.095,0.57,0.665
1042,200,CC,LITETime,0.0999999999999999,0.555,0.655
1043,200,CC,LITETime,0.085,0.575,0.66
1044,200,CC,LITETime,0.13,0.145,0.015
1045,200,CC,LITETime,0.0349999999999999,0.36,0.325
1046,200,CC,LITETime,0.03,0.225,0.195
1047,200,CC,LITETime,0.205,0.57,0.775
1048,200,CC,LITETime,0.2099999999999999,0.65,0.86
1049,200,CC,LITETime,0.03,0.275,0.245
1050,200,CC,LITETime,0.135,0.53,0.665
1051,200,CC,LITETime,0.1,0.225,0.125
1052,200,CC,LITETime,0.0549999999999999,0.33,0.275
1053,200,CC,LITETime,0.0799999999999999,0.215,0.135
1054,200,CC,LITETime,0.0299999999999999,0.31,0.28
1055,200,CC,LITETime,0.09,0.58,0.67
1056,200,CC,LITETime,0.2,0.71,0.91
1057,200,CC,LITETime,0.0449999999999999,0.245,0.2
1058,200,CC,LITETime,0.01,0.53,0.54
1059,200,CC,LITETime,0.1149999999999999,0.585,0.7
1060,200,CC,LITETime,0.1849999999999999,0.765,0.95
1061,200,CC,LITETime,0.12,0.49,0.61
1062,200,CC,LITETime,0.015,0.24,0.255
1063,200,CC,LITETime,0.1099999999999999,0.515,0.625
1064,200,CC,LITETime,0.02,0.34,0.32
1065,200,CC,LITETime,0.28,0.695,0.975
1066,200,CC,LITETime,0.05,0.345,0.395
1067,200,CC,LITETime,0.07,0.615,0.685
1068,200,CC,LITETime,0.185,0.205,0.02
1069,200,CC,LITETime,0.0099999999999999,0.41,0.4
1070,200,CC,LITETime,0.15,0.725,0.875
1071,200,CC,LITETime,0.1149999999999999,0.495,0.61
1072,200,CC,LITETime,0.01,0.45,0.44
1073,200,CC,LITETime,0.2,0.735,0.935
1074,200,CC,LITETime,0.235,0.615,0.85
1075,200,CC,LITETime,0.0249999999999999,0.345,0.32
1076,200,CC,LITETime,0.045,0.495,0.54
1077,200,CC,LITETime,0.0549999999999999,0.43,0.485
1078,200,CC,LITETime,0.055,0.575,0.63
1079,200,CC,LITETime,0.0449999999999999,0.375,0.33
1080,200,CC,LITETime,0.01,0.25,0.24
1081,200,CC,LITETime,0.2249999999999999,0.685,0.91
1082,200,CC,LITETime,0.18,0.74,0.92
1083,200,CC,LITETime,0.1649999999999999,0.675,0.84
1084,200,CC,LITETime,0.2949999999999999,0.68,0.975
1085,200,CC,LITETime,0.135,0.605,0.74
1086,200,CC,LITETime,0.13,0.63,0.76
1087,200,CC,LITETime,0.13,0.63,0.76
1088,200,CC,LITETime,0.0549999999999999,0.425,0.48
1089,200,CC,LITETime,0.03,0.425,0.455
1090,200,CC,LITETime,0.025,0.265,0.24
1091,200,CC,LITETime,0.1099999999999999,0.53,0.64
1092,200,CC,LITETime,0.045,0.33,0.285
1093,200,CC,LITETime,0.0399999999999999,0.295,0.255
1094,200,CC,LITETime,0.0699999999999999,0.515,0.585
1095,200,CC,LITETime,0.02,0.385,0.405
1096,200,CC,LITETime,0.01,0.205,0.215
1097,200,CC,LITETime,0.1599999999999999,0.655,0.815
1098,200,CC,LITETime,0.235,0.625,0.86
1099,200,CC,LITETime,0.0549999999999999,0.22,0.165
1100,200,CC,LITETime,0.13,0.135,0.005
1101,200,CC,LITETime,0.025,0.31,0.335
1102,200,CC,LITETime,0.17,0.625,0.795
1103,200,CC,LITETime,0.1949999999999999,0.64,0.835
1104,200,CC,LITETime,0.0699999999999999,0.205,0.135
1105,200,CC,LITETime,0.1099999999999999,0.66,0.77
1106,200,CC,LITETime,0.115,0.23,0.115
1107,200,CC,LITETime,0.015,0.375,0.39
1108,200,CC,LITETime,0.1999999999999999,0.795,0.995
1109,200,CC,LITETime,0.035,0.225,0.19
1110,200,CC,LITETime,0.1,0.25,0.15
1111,200,CC,LITETime,0.065,0.355,0.42
1112,200,CC,LITETime,0.125,0.49,0.615
1113,200,CC,LITETime,0.215,0.715,0.93
1114,200,CC,LITETime,0.1999999999999999,0.78,0.98
1115,200,CC,LITETime,0.135,0.2,0.065
1116,200,CC,LITETime,0.0449999999999999,0.18,0.135
1117,200,CC,LITETime,0.125,0.665,0.79
1118,200,CC,LITETime,0.0199999999999999,0.29,0.27
1119,200,CC,LITETime,0.2299999999999999,0.65,0.88
1120,200,CC,LITETime,0.145,0.515,0.66
1121,200,CC,LITETime,0.105,0.215,0.11
1122,200,CC,LITETime,0.245,0.585,0.83
1123,200,CC,LITETime,0.1149999999999999,0.29,0.175
1124,200,CC,LITETime,0.025,0.445,0.42
1125,200,CC,LITETime,0.055,0.495,0.55
1126,200,CC,LITETime,0.025,0.475,0.5
1127,200,CC,LITETime,0.1150000000000001,0.57,0.685
1128,200,CC,LITETime,0.1149999999999999,0.535,0.65
1129,200,CC,LITETime,0.245,0.745,0.99
1130,200,CC,LITETime,0.255,0.74,0.995
1131,200,CC,LITETime,0.09,0.425,0.515
1132,200,CC,LITETime,0.1099999999999999,0.205,0.095
1133,200,CC,LITETime,0.1149999999999999,0.61,0.725
1134,200,CC,LITETime,0.2249999999999999,0.75,0.975
1135,200,CC,LITETime,0.01,0.305,0.315
1136,200,CC,LITETime,0.04,0.42,0.46
1137,200,CC,LITETime,0.005,0.415,0.42
1138,200,CC,LITETime,0.11,0.16,0.05
1139,200,CC,LITETime,0.16,0.51,0.67
1140,200,CC,LITETime,0.005,0.345,0.35
1141,200,CC,LITETime,0.195,0.59,0.785
1142,200,CC,LITETime,0.2149999999999999,0.615,0.83
1143,200,CC,LITETime,0.1399999999999999,0.68,0.82
1144,200,CC,LITETime,0.0449999999999999,0.37,0.415
1145,200,CC,LITETime,0.025,0.295,0.32
1146,200,CC,LITETime,0.155,0.59,0.745
1147,200,CC,LITETime,0.2,0.6,0.8
1148,200,CC,LITETime,0.065,0.425,0.49
1149,200,CC,LITETime,0.235,0.655,0.89
1150,200,CC,LITETime,0.12,0.26,0.14
1151,200,CC,LITETime,0.2199999999999999,0.655,0.875
1152,200,CC,LITETime,0.0799999999999999,0.175,0.095
1153,200,CC,LITETime,0.0549999999999999,0.205,0.15
1154,200,CC,LITETime,0.05,0.48,0.53
1155,200,CC,LITETime,0.0849999999999999,0.15,0.065
1156,200,CC,LITETime,0.08,0.13,0.05
1157,200,CC,LITETime,0.13,0.13,0.0
1158,200,CC,LITETime,0.0349999999999999,0.4,0.435
1159,200,CC,LITETime,0.175,0.595,0.77
1160,200,CC,LITETime,0.125,0.155,0.03
1161,200,CC,LITETime,0.0949999999999999,0.555,0.65
1162,200,CC,LITETime,0.24,0.58,0.82
1163,200,CC,LITETime,0.0849999999999999,0.25,0.165
1164,200,CC,LITETime,0.075,0.22,0.145
1165,200,CC,LITETime,0.1849999999999999,0.675,0.86
1166,200,CC,LITETime,0.1999999999999999,0.62,0.82
1167,200,CC,LITETime,0.02,0.515,0.535
1168,200,CC,LITETime,0.1649999999999999,0.65,0.815
1169,200,CC,LITETime,0.125,0.215,0.09
1170,200,CC,LITETime,0.02,0.37,0.39
1171,200,CC,LITETime,0.17,0.565,0.735
1172,200,CC,LITETime,0.02,0.275,0.255
1173,200,CC,LITETime,0.17,0.58,0.75
1174,200,CC,LITETime,0.07,0.43,0.5
1175,200,CC,LITETime,0.17,0.58,0.75
1176,200,CC,LITETime,0.03,0.43,0.46
1177,200,CC,LITETime,0.0449999999999999,0.32,0.365
1178,200,CC,LITETime,0.055,0.27,0.215
1179,200,CC,LITETime,0.03,0.235,0.205
1180,200,CC,LITETime,0.13,0.62,0.75
1181,200,CC,LITETime,0.0899999999999999,0.205,0.115
1182,200,CC,LITETime,0.105,0.19,0.085
1183,200,CC,LITETime,0.005,0.18,0.175
1184,200,CC,LITETime,0.065,0.24,0.175
1185,200,CC,LITETime,0.1799999999999999,0.64,0.82
1186,200,CC,LITETime,0.065,0.33,0.395
1187,200,CC,LITETime,0.2049999999999999,0.785,0.99
1188,200,CC,LITETime,0.06,0.195,0.135
1189,200,CC,LITETime,0.12,0.53,0.65
1190,200,CC,LITETime,0.01,0.435,0.445
1191,200,CC,LITETime,0.07,0.46,0.39
1192,200,CC,LITETime,0.1949999999999999,0.68,0.875
1193,200,CC,LITETime,0.27,0.705,0.975
1194,200,CC,LITETime,0.17,0.7,0.87
1195,200,CC,LITETime,0.08,0.27,0.19
1196,200,CC,LITETime,0.04,0.26,0.22
1197,200,CC,LITETime,0.135,0.52,0.655
1198,200,CC,LITETime,0.03,0.315,0.285
1199,200,CC,LITETime,0.14,0.59,0.73
1200,200,CC,LITETime,0.1149999999999999,0.45,0.565
1201,200,CC,LITETime,0.005,0.545,0.55
1202,200,CC,LITETime,0.1999999999999999,0.625,0.825
1203,200,CC,LITETime,0.12,0.59,0.71
1204,200,CC,LITETime,0.12,0.145,0.025
1205,200,CC,LITETime,0.095,0.14,0.045
1206,200,CC,LITETime,0.0449999999999999,0.555,0.6
1207,200,CC,LITETime,0.06,0.425,0.485
1208,200,CC,LITETime,0.01,0.27,0.26
1209,200,CC,LITETime,0.015,0.43,0.415
1210,200,CC,LITETime,0.145,0.61,0.755
1211,200,CC,LITETime,0.1949999999999999,0.63,0.825
1212,200,CC,LITETime,0.06,0.5,0.56
1213,200,CC,LITETime,0.03,0.355,0.385
1214,200,CC,LITETime,0.005,0.275,0.27
1215,200,CC,LITETime,0.095,0.425,0.52
1216,200,CC,LITETime,0.0549999999999999,0.365,0.31
1217,200,CC,LITETime,0.105,0.455,0.56
1218,200,CC,LITETime,0.075,0.6,0.675
1219,200,CC,LITETime,0.09,0.155,0.065
1220,200,CC,LITETime,0.115,0.115,0.0
1221,200,CC,LITETime,0.03,0.24,0.21
1222,200,CC,LITETime,0.2199999999999999,0.67,0.89
1223,200,CC,LITETime,0.125,0.52,0.645
1224,200,CC,LITETime,0.0549999999999999,0.225,0.17
1225,200,CC,LITETime,0.175,0.715,0.89
1226,200,CC,LITETime,0.05,0.415,0.465
1227,200,CC,LITETime,0.0499999999999999,0.425,0.475
1228,200,CC,LITETime,0.205,0.73,0.935
1229,200,CC,LITETime,0.09,0.145,0.055
1230,200,CC,LITETime,0.065,0.28,0.215
1231,200,CC,LITETime,0.1499999999999999,0.435,0.585
1232,200,CC,LITETime,0.065,0.26,0.195
1233,200,CC,LITETime,0.155,0.52,0.675
1234,200,CC,LITETime,0.005,0.215,0.21
1235,200,CC,LITETime,0.105,0.2,0.095
1236,200,CC,LITETime,0.06,0.265,0.205
1237,200,CC,LITETime,0.06,0.36,0.42
1238,200,CC,LITETime,0.06,0.235,0.175
1239,200,CC,LITETime,0.13,0.26,0.13
1240,200,CC,LITETime,0.1999999999999999,0.66,0.86
1241,200,CC,LITETime,0.0899999999999999,0.41,0.32
1242,200,CC,LITETime,0.005,0.365,0.36
1243,200,CC,LITETime,0.09,0.145,0.055
1244,200,CC,LITETime,0.01,0.345,0.355
1245,200,CC,LITETime,0.0549999999999999,0.315,0.26
1246,200,CC,LITETime,0.125,0.485,0.61
1247,200,CC,LITETime,0.065,0.27,0.205
1248,200,CC,LITETime,0.2149999999999999,0.67,0.885
1249,200,CC,LITETime,0.19,0.735,0.925
1250,200,CC,LITETime,0.1149999999999999,0.21,0.095
1251,200,CC,LITETime,0.085,0.19,0.105
1252,200,CC,LITETime,0.0649999999999999,0.18,0.115
1253,200,CC,LITETime,0.12,0.495,0.615
1254,200,CC,LITETime,0.09,0.21,0.12
1255,200,CC,LITETime,0.1999999999999999,0.65,0.85
1256,200,CC,LITETime,0.175,0.575,0.75
1257,200,CC,LITETime,0.2099999999999999,0.605,0.815
1258,200,CC,LITETime,0.09,0.435,0.525
1259,200,CC,LITETime,0.18,0.815,0.995
1260,200,CC,LITETime,0.09,0.13,0.04
1261,200,CC,LITETime,0.055,0.345,0.4
1262,200,CC,LITETime,0.0,0.32,0.32
1263,200,CC,LITETime,0.2099999999999999,0.735,0.945
1264,200,CC,LITETime,0.0649999999999999,0.51,0.575
1265,200,CC,LITETime,0.17,0.635,0.805
1266,200,CC,LITETime,0.1,0.27,0.17
1267,200,CC,LITETime,0.24,0.735,0.975
1268,200,CC,LITETime,0.06,0.435,0.495
1269,200,CC,LITETime,0.0849999999999999,0.405,0.49
1270,200,CC,LITETime,0.265,0.705,0.97
1271,200,CC,LITETime,0.03,0.35,0.38
1272,200,CC,LITETime,0.03,0.365,0.395
1273,200,CC,LITETime,0.0999999999999999,0.48,0.58
1274,200,CC,LITETime,0.095,0.22,0.125
1275,200,CC,LITETime,0.01,0.33,0.32
1276,200,CC,LITETime,0.065,0.255,0.19
1277,200,CC,LITETime,0.0849999999999999,0.185,0.1
1278,200,CC,LITETime,0.145,0.72,0.865
1279,200,CC,LITETime,0.0649999999999999,0.52,0.585
1280,200,CC,LITETime,0.0149999999999999,0.34,0.355
1281,200,CC,LITETime,0.0099999999999999,0.415,0.405
1282,200,CC,LITETime,0.01,0.44,0.43
1283,200,CC,LITETime,0.14,0.49,0.63
1284,200,CC,LITETime,0.255,0.67,0.925
1285,200,CC,LITETime,0.25,0.68,0.93
1286,200,CC,LITETime,0.025,0.365,0.39
1287,200,CC,LITETime,0.0,0.325,0.325
1288,200,CC,LITETime,0.08,0.37,0.45
1289,200,CC,LITETime,0.0999999999999999,0.465,0.565
1290,200,CC,LITETime,0.01,0.45,0.46
1291,200,CC,LITETime,0.175,0.48,0.655
1292,200,CC,LITETime,0.065,0.485,0.55
1293,200,CC,LITETime,0.025,0.295,0.32
1294,200,CC,LITETime,0.01,0.355,0.345
1295,200,CC,LITETime,0.03,0.345,0.375
1296,200,CC,LITETime,0.1149999999999999,0.205,0.09
1297,200,CC,LITETime,0.0499999999999999,0.215,0.165
1298,200,CC,LITETime,0.145,0.575,0.72
1299,200,CC,LITETime,0.01,0.375,0.385
1300,200,CC,LITETime,0.0849999999999999,0.295,0.21
1301,200,CC,LITETime,0.07,0.49,0.56
1302,200,CC,LITETime,0.16,0.595,0.755
1303,200,CC,LITETime,0.015,0.27,0.255
1304,200,CC,LITETime,0.1449999999999999,0.68,0.825
1305,200,CC,LITETime,0.24,0.685,0.925
1306,200,CC,LITETime,0.1149999999999999,0.48,0.595
1307,200,CC,LITETime,0.1049999999999999,0.56,0.665
1308,200,CC,LITETime,0.0949999999999999,0.145,0.05
1309,200,CC,LITETime,0.1899999999999999,0.755,0.945
1310,200,CC,LITETime,0.0249999999999999,0.415,0.39
1311,200,CC,LITETime,0.21,0.71,0.92
1312,200,CC,LITETime,0.0599999999999999,0.515,0.575
1313,200,CC,LITETime,0.12,0.12,0.0
1314,200,CC,LITETime,0.12,0.155,0.035
1315,200,CC,LITETime,0.1050000000000001,0.575,0.68
1316,200,CC,LITETime,0.115,0.445,0.56
1317,200,CC,LITETime,0.1,0.125,0.025
1318,200,CC,LITETime,0.1799999999999999,0.56,0.74
1319,200,CC,LITETime,0.155,0.695,0.85
1320,200,CC,LITETime,0.0299999999999999,0.465,0.495
1321,200,CC,LITETime,0.035,0.43,0.465
1322,200,CC,LITETime,0.13,0.135,0.005
1323,200,CC,LITETime,0.165,0.62,0.785
1324,200,CC,LITETime,0.0249999999999999,0.355,0.33
1325,200,CC,LITETime,0.1099999999999999,0.765,0.875
1326,200,CC,LITETime,0.0399999999999999,0.33,0.37
1327,200,CC,LITETime,0.0999999999999999,0.465,0.565
1328,200,CC,LITETime,0.0299999999999999,0.3,0.27
1329,200,CC,LITETime,0.035,0.195,0.16
1330,200,CC,LITETime,0.205,0.565,0.77
1331,200,CC,LITETime,0.065,0.43,0.495
1332,200,CC,LITETime,0.085,0.45,0.535
1333,200,CC,LITETime,0.2199999999999999,0.745,0.965
1334,200,CC,LITETime,0.2149999999999999,0.745,0.96
1335,200,CC,LITETime,0.14,0.715,0.855
1336,200,CC,LITETime,0.09,0.275,0.185
1337,200,CC,LITETime,0.1149999999999999,0.475,0.59
1338,200,CC,LITETime,0.2049999999999999,0.67,0.875
1339,200,CC,LITETime,0.005,0.365,0.37
1340,200,CC,LITETime,0.1,0.2,0.1
1341,200,CC,LITETime,0.155,0.655,0.81
1342,200,CC,LITETime,0.0899999999999999,0.39,0.48
1343,200,CC,LITETime,0.065,0.495,0.56
1344,200,CC,LITETime,0.1849999999999999,0.795,0.98
1345,200,CC,LITETime,0.0799999999999999,0.525,0.605
1346,200,CC,LITETime,0.015,0.435,0.42
1347,200,CC,LITETime,0.005,0.37,0.365
1348,200,CC,LITETime,0.0899999999999999,0.325,0.415
1349,200,CC,LITETime,0.0999999999999999,0.215,0.115
1350,200,CC,LITETime,0.175,0.615,0.79
1351,200,CC,LITETime,0.245,0.59,0.835
1352,200,CC,LITETime,0.0199999999999999,0.3,0.28
1353,200,CC,LITETime,0.0,0.3,0.3
1354,200,CC,LITETime,0.245,0.625,0.87
1355,200,CC,LITETime,0.105,0.125,0.02
1356,200,CC,LITETime,0.06,0.46,0.52
1357,200,CC,LITETime,0.005,0.465,0.46
1358,200,CC,LITETime,0.1099999999999999,0.58,0.69
1359,200,CC,LITETime,0.035,0.195,0.16
1360,200,CC,LITETime,0.1049999999999999,0.56,0.665
1361,200,CC,LITETime,0.01,0.385,0.375
1362,200,CC,LITETime,0.0849999999999999,0.53,0.615
1363,200,CC,LITETime,0.1349999999999999,0.175,0.04
1364,200,CC,LITETime,0.05,0.41,0.46
1365,200,CC,LITETime,0.07,0.45,0.52
1366,200,CC,LITETime,0.07,0.28,0.21
1367,200,CC,LITETime,0.0499999999999999,0.185,0.135
1368,200,CC,LITETime,0.08,0.265,0.185
1369,200,CC,LITETime,0.025,0.315,0.34
1370,200,CC,LITETime,0.0849999999999999,0.18,0.095
1371,200,CC,LITETime,0.2199999999999999,0.725,0.945
1372,200,CC,LITETime,0.01,0.39,0.4
1373,200,CC,LITETime,0.17,0.635,0.805
1374,200,CC,LITETime,0.24,0.73,0.97
1375,200,CC,LITETime,0.0999999999999999,0.18,0.08
1376,200,CC,LITETime,0.1049999999999999,0.545,0.65
1377,200,CC,LITETime,0.235,0.635,0.87
1378,200,CC,LITETime,0.13,0.5,0.63
1379,200,CC,LITETime,0.06,0.365,0.425
1380,200,CC,LITETime,0.01,0.44,0.43
1381,200,CC,LITETime,0.0849999999999999,0.12,0.035
1382,200,CC,LITETime,0.12,0.41,0.53
1383,200,CC,LITETime,0.2049999999999999,0.785,0.99
1384,200,CC,LITETime,0.2149999999999999,0.74,0.955
1385,200,CC,LITETime,0.125,0.165,0.04
1386,200,CC,LITETime,0.13,0.575,0.705
1387,200,CC,LITETime,0.0449999999999999,0.345,0.3
1388,200,CC,LITETime,0.21,0.69,0.9
1389,200,CC,LITETime,0.14,0.185,0.045
1390,200,CC,LITETime,0.2400000000000001,0.695,0.935
1391,200,CC,LITETime,0.1499999999999999,0.685,0.835
1392,200,CC,LITETime,0.0699999999999999,0.185,0.115
1393,200,CC,LITETime,0.15,0.205,0.055
1394,200,CC,LITETime,0.1799999999999999,0.65,0.83
1395,200,CC,LITETime,0.115,0.27,0.155
1396,200,CC,LITETime,0.065,0.465,0.53
1397,200,CC,LITETime,0.215,0.7,0.915
1398,200,CC,LITETime,0.1099999999999999,0.455,0.565
1399,200,CC,LITETime,0.005,0.4,0.395
1400,200,CC,LITETime,0.03,0.415,0.445
1401,200,CC,LITETime,0.09,0.15,0.06
1402,200,CC,LITETime,0.1849999999999999,0.78,0.965
1403,200,CC,LITETime,0.025,0.335,0.31
1404,200,CC,LITETime,0.03,0.215,0.185
1405,200,CC,LITETime,0.05,0.335,0.285
1406,200,CC,LITETime,0.2149999999999999,0.745,0.96
1407,200,CC,LITETime,0.0849999999999999,0.175,0.09
1408,200,CC,LITETime,0.1899999999999999,0.675,0.865
1409,200,CC,LITETime,0.135,0.57,0.705
1410,200,CC,LITETime,0.1549999999999999,0.675,0.83
1411,200,CC,LITETime,0.2199999999999999,0.755,0.975
1412,200,CC,LITETime,0.1999999999999999,0.64,0.84
1413,200,CC,LITETime,0.2849999999999999,0.655,0.94
1414,200,CC,LITETime,0.075,0.2,0.125
1415,200,CC,LITETime,0.125,0.67,0.795
1416,200,CC,LITETime,0.09,0.455,0.545
1417,200,CC,LITETime,0.095,0.445,0.54
1418,200,CC,LITETime,0.205,0.69,0.895
1419,200,CC,LITETime,0.235,0.735,0.97
1420,200,CC,LITETime,0.1449999999999999,0.555,0.7
1421,200,CC,LITETime,0.0799999999999999,0.4,0.48
1422,200,CC,LITETime,0.08,0.375,0.455
1423,200,CC,LITETime,0.0549999999999999,0.33,0.385
1424,200,CC,LITETime,0.065,0.295,0.36
1425,200,CC,LITETime,0.01,0.4,0.39
1426,200,CC,LITETime,0.11,0.195,0.085
1427,200,CC,LITETime,0.09,0.165,0.075
1428,200,CC,LITETime,0.14,0.635,0.775
1429,200,CC,LITETime,0.065,0.38,0.445
1430,200,CC,LITETime,0.195,0.735,0.93
1431,200,CC,LITETime,0.125,0.485,0.61
1432,200,CC,LITETime,0.135,0.17,0.035
1433,200,CC,LITETime,0.06,0.215,0.155
1434,200,CC,LITETime,0.025,0.23,0.205
1435,200,CC,LITETime,0.245,0.73,0.975
1436,200,CC,LITETime,0.005,0.22,0.215
1437,200,CC,LITETime,0.095,0.42,0.515
1438,200,CC,LITETime,0.22,0.715,0.935
1439,200,CC,LITETime,0.2199999999999999,0.755,0.975
1440,200,CC,LITETime,0.025,0.26,0.235
1441,200,CC,LITETime,0.105,0.15,0.045
1442,200,CC,LITETime,0.11,0.26,0.15
1443,200,CC,LITETime,0.105,0.165,0.06
1444,200,CC,LITETime,0.085,0.28,0.195
1445,200,CC,LITETime,0.0499999999999999,0.515,0.565
1446,200,CC,LITETime,0.215,0.695,0.91
1447,200,CC,LITETime,0.035,0.5,0.535
1448,200,CC,LITETime,0.1049999999999999,0.52,0.625
1449,200,CC,LITETime,0.075,0.275,0.2
1450,200,CC,LITETime,0.14,0.66,0.8
1451,200,CC,LITETime,0.0649999999999999,0.55,0.615
1452,200,CC,LITETime,0.2099999999999999,0.65,0.86
1453,200,CC,LITETime,0.2699999999999999,0.675,0.945
1454,200,CC,LITETime,0.025,0.37,0.345
1455,200,CC,LITETime,0.075,0.165,0.09
1456,200,CC,LITETime,0.05,0.275,0.225
1457,200,CC,LITETime,0.08,0.355,0.435
1458,200,CC,LITETime,0.24,0.705,0.945
1459,200,CC,LITETime,0.0449999999999999,0.33,0.375
1460,200,CC,LITETime,0.155,0.615,0.77
1461,200,CC,LITETime,0.08,0.46,0.54
1462,200,CC,LITETime,0.1049999999999999,0.285,0.18
1463,200,CC,LITETime,0.0399999999999999,0.36,0.32
1464,200,CC,LITETime,0.125,0.525,0.65
1465,200,CC,LITETime,0.155,0.515,0.67
1466,200,CC,LITETime,0.005,0.435,0.43
1467,200,CC,LITETime,0.0149999999999999,0.24,0.225
1468,200,CC,LITETime,0.135,0.585,0.72
1469,200,CC,LITETime,0.035,0.2,0.165
1470,200,CC,LITETime,0.2300000000000001,0.705,0.935
1471,200,CC,LITETime,0.045,0.23,0.185
1472,200,CC,LITETime,0.105,0.21,0.105
1473,200,CC,LITETime,0.085,0.41,0.495
1474,200,CC,LITETime,0.085,0.43,0.515
1475,200,CC,LITETime,0.015,0.49,0.505
1476,200,CC,LITETime,0.0299999999999999,0.405,0.435
1477,200,CC,LITETime,0.3149999999999999,0.675,0.99
1478,200,CC,LITETime,0.0449999999999999,0.44,0.485
1479,200,CC,LITETime,0.0499999999999999,0.425,0.475
1480,200,CC,LITETime,0.0849999999999999,0.335,0.42
1481,200,CC,LITETime,0.075,0.14,0.065
1482,200,CC,LITETime,0.1449999999999999,0.445,0.59
1483,200,CC,LITETime,0.0699999999999999,0.295,0.225
1484,200,CC,LITETime,0.15,0.485,0.635
1485,200,CC,LITETime,0.11,0.16,0.05
1486,200,CC,LITETime,0.2199999999999999,0.76,0.98
1487,200,CC,LITETime,0.085,0.38,0.465
1488,200,CC,LITETime,0.18,0.715,0.895
1489,200,CC,LITETime,0.0449999999999999,0.43,0.475
1490,200,CC,LITETime,0.095,0.155,0.06
1491,200,CC,LITETime,0.2149999999999999,0.605,0.82
1492,200,CC,LITETime,0.135,0.51,0.645
1493,200,CC,LITETime,0.2249999999999999,0.555,0.78
1494,200,CC,LITETime,0.06,0.365,0.425
1495,200,CC,LITETime,0.12,0.515,0.635
1496,200,CC,LITETime,0.1899999999999999,0.665,0.855
1497,200,CC,LITETime,0.1149999999999999,0.515,0.63
1498,200,CC,LITETime,0.06,0.405,0.345
1499,200,CC,LITETime,0.0999999999999999,0.56,0.66
1500,200,CC,LITETime,0.15,0.52,0.67
1501,200,CC,LITETime,0.2849999999999999,0.675,0.96
1502,200,CC,LITETime,0.01,0.38,0.37
1503,200,CC,LITETime,0.06,0.365,0.425
1504,200,CC,LITETime,0.21,0.6,0.81
1505,200,CC,LITETime,0.0549999999999999,0.45,0.505
1506,200,CC,LITETime,0.1149999999999999,0.62,0.735
1507,200,CC,LITETime,0.02,0.435,0.455
1508,200,CC,LITETime,0.0849999999999999,0.3,0.215
1509,200,CC,LITETime,0.18,0.565,0.745
1510,200,CC,LITETime,0.1099999999999999,0.24,0.13
1511,200,CC,LITETime,0.075,0.27,0.195
1512,200,CC,LITETime,0.055,0.57,0.625
1513,200,CC,LITETime,0.145,0.6,0.745
1514,200,CC,LITETime,0.255,0.635,0.89
1515,200,CC,LITETime,0.0,0.27,0.27
1516,200,CC,LITETime,0.09,0.2,0.11
1517,200,CC,LITETime,0.255,0.7,0.955
1518,200,CC,LITETime,0.075,0.225,0.15
1519,200,CC,LITETime,0.0549999999999999,0.25,0.195
1520,200,CC,LITETime,0.04,0.33,0.29
1521,200,CC,LITETime,0.03,0.495,0.525
1522,200,CC,LITETime,0.2049999999999999,0.675,0.88
1523,200,CC,LITETime,0.15,0.61,0.76
1524,200,CC,LITETime,0.1449999999999999,0.56,0.705
1525,200,CC,LITETime,0.095,0.27,0.175
1526,200,CC,LITETime,0.0199999999999999,0.335,0.355
1527,200,CC,LITETime,0.06,0.415,0.475
1528,200,CC,LITETime,0.095,0.24,0.145
1529,200,CC,LITETime,0.0299999999999999,0.3,0.27
1530,200,CC,LITETime,0.0249999999999999,0.28,0.305
1531,200,CC,LITETime,0.1,0.225,0.125
1532,200,CC,LITETime,0.095,0.455,0.55
1533,200,CC,LITETime,0.1099999999999999,0.595,0.705
1534,200,CC,LITETime,0.12,0.185,0.065
1535,200,CC,LITETime,0.0899999999999999,0.39,0.48
1536,200,CC,LITETime,0.175,0.605,0.78
1537,200,CC,LITETime,0.135,0.61,0.745
1538,200,CC,LITETime,0.1699999999999999,0.645,0.815
1539,200,CC,LITETime,0.0449999999999999,0.4,0.445
1540,200,CC,LITETime,0.2249999999999999,0.595,0.82
1541,200,CC,LITETime,0.0099999999999999,0.23,0.24
1542,200,CC,LITETime,0.015,0.345,0.36
1543,200,CC,LITETime,0.045,0.22,0.175
1544,200,CC,LITETime,0.06,0.405,0.465
1545,200,CC,LITETime,0.04,0.35,0.39
1546,200,CC,LITETime,0.0549999999999999,0.295,0.24
1547,200,CC,LITETime,0.14,0.61,0.75
1548,200,CC,LITETime,0.01,0.32,0.31
1549,200,CC,LITETime,0.0549999999999999,0.325,0.27
1550,200,CC,LITETime,0.0799999999999999,0.21,0.13
1551,200,CC,LITETime,0.0299999999999999,0.405,0.435
1552,200,CC,LITETime,0.03,0.33,0.3
1553,200,CC,LITETime,0.02,0.345,0.365
1554,200,CC,LITETime,0.0499999999999999,0.285,0.235
1555,200,CC,LITETime,0.135,0.625,0.76
1556,200,CC,LITETime,0.2,0.73,0.93
1557,200,CC,LITETime,0.0449999999999999,0.45,0.495
1558,200,CC,LITETime,0.1149999999999999,0.525,0.64
1559,200,CC,LITETime,0.2099999999999999,0.655,0.865
1560,200,CC,LITETime,0.24,0.755,0.995
1561,200,CC,LITETime,0.1099999999999999,0.5,0.61
1562,200,CC,LITETime,0.1999999999999999,0.685,0.885
1563,200,CC,LITETime,0.24,0.665,0.905
1564,200,CC,LITETime,0.215,0.575,0.79
1565,200,CC,LITETime,0.05,0.41,0.46
1566,200,CC,LITETime,0.08,0.16,0.08
1567,200,CC,LITETime,0.135,0.15,0.015
1568,200,CC,LITETime,0.0799999999999999,0.395,0.475
1569,200,CC,LITETime,0.0499999999999999,0.44,0.49
1570,200,CC,LITETime,0.01,0.395,0.405
1571,200,CC,LITETime,0.0999999999999999,0.465,0.565
1572,200,CC,LITETime,0.105,0.445,0.55
1573,200,CC,LITETime,0.1999999999999999,0.635,0.835
1574,200,CC,LITETime,0.145,0.25,0.105
1575,200,CC,LITETime,0.095,0.32,0.225
1576,200,CC,LITETime,0.18,0.61,0.79
1577,200,CC,LITETime,0.1849999999999999,0.66,0.845
1578,200,CC,LITETime,0.2299999999999999,0.76,0.99
1579,200,CC,LITETime,0.1949999999999999,0.675,0.87
1580,200,CC,LITETime,0.2149999999999999,0.67,0.885
1581,200,CC,LITETime,0.02,0.29,0.31
1582,200,CC,LITETime,0.035,0.365,0.4
1583,200,CC,LITETime,0.005,0.27,0.265
1584,200,CC,LITETime,0.0899999999999999,0.515,0.605
1585,200,CC,LITETime,0.195,0.74,0.935
1586,200,CC,LITETime,0.0249999999999999,0.365,0.34
1587,200,CC,LITETime,0.08,0.475,0.555
1588,200,CC,LITETime,0.01,0.285,0.295
1589,200,CC,LITETime,0.1199999999999999,0.285,0.165
1590,200,CC,LITETime,0.0899999999999999,0.285,0.195
1591,200,CC,LITETime,0.095,0.15,0.055
1592,200,CC,LITETime,0.1949999999999999,0.75,0.945
1593,200,CC,LITETime,0.09,0.31,0.4
1594,200,CC,LITETime,0.2149999999999999,0.615,0.83
1595,200,CC,LITETime,0.1150000000000001,0.565,0.68
1596,200,CC,LITETime,0.08,0.27,0.19
1597,200,CC,LITETime,0.005,0.18,0.175
1598,200,CC,LITETime,0.135,0.675,0.81
1599,200,CC,LITETime,0.1099999999999999,0.37,0.26
1600,200,CC,LITETime,0.22,0.69,0.91
1601,200,CC,LITETime,0.0649999999999999,0.205,0.14
1602,200,CC,LITETime,0.13,0.545,0.675
1603,200,CC,LITETime,0.21,0.6,0.81
1604,200,CC,LITETime,0.02,0.255,0.235
1605,200,CC,LITETime,0.0399999999999999,0.315,0.275
1606,200,CC,LITETime,0.245,0.715,0.96
1607,200,CC,LITETime,0.06,0.32,0.26
1608,200,CC,LITETime,0.0449999999999999,0.38,0.425
1609,200,CC,LITETime,0.01,0.42,0.43
1610,200,CC,LITETime,0.08,0.33,0.25
1611,200,CC,LITETime,0.2,0.575,0.775
1612,200,CC,LITETime,0.165,0.605,0.77
1613,200,CC,LITETime,0.005,0.37,0.375
1614,200,CC,LITETime,0.1799999999999999,0.655,0.835
1615,200,CC,LITETime,0.09,0.3,0.21
1616,200,CC,LITETime,0.14,0.14,0.0
1617,200,CC,LITETime,0.0849999999999999,0.485,0.57
1618,200,CC,LITETime,0.29,0.7,0.99
1619,200,CC,LITETime,0.105,0.14,0.035
1620,200,CC,LITETime,0.055,0.26,0.205
1621,200,CC,LITETime,0.04,0.475,0.515
1622,200,CC,LITETime,0.165,0.64,0.805
1623,200,CC,LITETime,0.115,0.2,0.085
1624,200,CC,LITETime,0.0299999999999999,0.425,0.395
1625,200,CC,LITETime,0.2099999999999999,0.535,0.745
1626,200,CC,LITETime,0.005,0.365,0.37
1627,200,CC,LITETime,0.0499999999999999,0.235,0.185
1628,200,CC,LITETime,0.0199999999999999,0.215,0.195
1629,200,CC,LITETime,0.0249999999999999,0.385,0.41
1630,200,CC,LITETime,0.0499999999999999,0.425,0.475
1631,200,CC,LITETime,0.1899999999999999,0.67,0.86
1632,200,CC,LITETime,0.1099999999999999,0.53,0.64
1633,200,CC,LITETime,0.1149999999999999,0.575,0.69
1634,200,CC,LITETime,0.24,0.74,0.98
1635,200,CC,LITETime,0.0099999999999999,0.4,0.41
1636,200,CC,LITETime,0.04,0.36,0.4
1637,200,CC,LITETime,0.2300000000000001,0.69,0.92
1638,200,CC,LITETime,0.0249999999999999,0.22,0.245
1639,200,CC,LITETime,0.15,0.575,0.725
1640,200,CC,LITETime,0.165,0.585,0.75
1641,200,CC,LITETime,0.1,0.195,0.095
1642,200,CC,LITETime,0.015,0.45,0.465
1643,200,CC,LITETime,0.0249999999999999,0.225,0.2
1644,200,CC,LITETime,0.07,0.255,0.185
1645,200,CC,LITETime,0.03,0.43,0.46
1646,200,CC,LITETime,0.03,0.315,0.285
1647,200,CC,LITETime,0.13,0.665,0.795
1648,200,CC,LITETime,0.2299999999999999,0.675,0.905
1649,200,CC,LITETime,0.185,0.615,0.8
1650,200,CC,LITETime,0.005,0.26,0.265
1651,200,CC,LITETime,0.0499999999999999,0.32,0.27
1652,200,CC,LITETime,0.0549999999999999,0.305,0.25
1653,200,CC,LITETime,0.0749999999999999,0.21,0.135
1654,200,CC,LITETime,0.2149999999999999,0.725,0.94
1655,200,CC,LITETime,0.05,0.35,0.4
1656,200,CC,LITETime,0.045,0.265,0.22
1657,200,CC,LITETime,0.1649999999999999,0.68,0.845
1658,200,CC,LITETime,0.025,0.37,0.395
1659,200,CC,LITETime,0.145,0.18,0.035
1660,200,CC,LITETime,0.0749999999999999,0.235,0.16
1661,200,CC,LITETime,0.005,0.63,0.635
1662,200,CC,LITETime,0.16,0.62,0.78
1663,200,CC,LITETime,0.01,0.22,0.21
1664,200,CC,LITETime,0.2,0.715,0.915
1665,200,CC,LITETime,0.1849999999999999,0.665,0.85
1666,200,CC,LITETime,0.2199999999999999,0.625,0.845
1667,200,CC,LITETime,0.055,0.28,0.225
1668,200,CC,LITETime,0.11,0.16,0.05
1669,200,CC,LITETime,0.255,0.61,0.865
1670,200,CC,LITETime,0.015,0.32,0.305
1671,200,CC,LITETime,0.1049999999999999,0.51,0.615
1672,200,CC,LITETime,0.165,0.59,0.755
1673,200,CC,LITETime,0.045,0.17,0.125
1674,200,CC,LITETime,0.195,0.585,0.78
1675,200,CC,LITETime,0.29,0.645,0.935
1676,200,CC,LITETime,0.0899999999999999,0.635,0.725
1677,200,CC,LITETime,0.0549999999999999,0.385,0.44
1678,200,CC,LITETime,0.14,0.735,0.875
1679,200,CC,LITETime,0.05,0.475,0.525
1680,200,CC,LITETime,0.14,0.6,0.74
1681,200,CC,LITETime,0.1699999999999999,0.65,0.82
1682,200,CC,LITETime,0.1899999999999999,0.555,0.745
1683,200,CC,LITETime,0.06,0.345,0.285
1684,200,CC,LITETime,0.0899999999999999,0.205,0.115
1685,200,CC,LITETime,0.045,0.28,0.235
1686,200,CC,LITETime,0.06,0.44,0.5
1687,200,CC,LITETime,0.065,0.44,0.505
1688,200,CC,LITETime,0.0899999999999999,0.49,0.58
1689,200,CC,LITETime,0.035,0.36,0.395
1690,200,CC,LITETime,0.1149999999999999,0.67,0.785
1691,200,CC,LITETime,0.2249999999999999,0.685,0.91
1692,200,CC,LITETime,0.005,0.24,0.245
1693,200,CC,LITETime,0.0999999999999999,0.635,0.735
1694,200,CC,LITETime,0.1,0.575,0.675
1695,200,CC,LITETime,0.075,0.445,0.52
1696,200,CC,LITETime,0.1049999999999999,0.29,0.185
1697,200,CC,LITETime,0.145,0.65,0.795
1698,200,CC,LITETime,0.2849999999999999,0.675,0.96
1699,200,CC,LITETime,0.0999999999999999,0.62,0.72
1700,200,CC,LITETime,0.2,0.715,0.915
1701,200,CC,LITETime,0.235,0.745,0.98
1702,200,CC,LITETime,0.005,0.345,0.35
1703,200,CC,LITETime,0.07,0.565,0.635
1704,200,CC,LITETime,0.0699999999999999,0.4,0.47
1705,200,CC,LITETime,0.25,0.735,0.985
1706,200,CC,LITETime,0.08,0.17,0.09
1707,200,CC,LITETime,0.0549999999999999,0.355,0.41
1708,200,CC,LITETime,0.2149999999999999,0.66,0.875
1709,200,CC,LITETime,0.015,0.265,0.28
1710,200,CC,LITETime,0.2249999999999999,0.56,0.785
1711,200,CC,LITETime,0.0449999999999999,0.335,0.38
1712,200,CC,LITETime,0.2199999999999999,0.755,0.975
1713,200,CC,LITETime,0.185,0.695,0.88
1714,200,CC,LITETime,0.035,0.335,0.3
1715,200,CC,LITETime,0.175,0.595,0.77
1716,200,CC,LITETime,0.01,0.325,0.335
1717,200,CC,LITETime,0.0499999999999999,0.555,0.605
1718,200,CC,LITETime,0.13,0.525,0.655
1719,200,CC,LITETime,0.1599999999999999,0.665,0.825
1720,200,CC,LITETime,0.145,0.165,0.02
1721,200,CC,LITETime,0.095,0.315,0.22
1722,200,CC,LITETime,0.13,0.58,0.71
1723,200,CC,LITETime,0.06,0.5,0.56
1724,200,CC,LITETime,0.07,0.425,0.495
1725,200,CC,LITETime,0.135,0.19,0.055
1726,200,CC,LITETime,0.05,0.395,0.345
1727,200,CC,LITETime,0.28,0.585,0.865
1728,200,CC,LITETime,0.095,0.125,0.03
1729,200,CC,LITETime,0.03,0.365,0.395
1730,200,CC,LITETime,0.255,0.69,0.945
1731,200,CC,LITETime,0.115,0.165,0.05
1732,200,CC,LITETime,0.14,0.605,0.745
1733,200,CC,LITETime,0.065,0.32,0.255
1734,200,CC,LITETime,0.24,0.625,0.865
1735,200,CC,LITETime,0.145,0.6,0.745
1736,200,CC,LITETime,0.245,0.64,0.885
1737,200,CC,LITETime,0.0249999999999999,0.24,0.215
1738,200,CC,LITETime,0.1,0.43,0.53
1739,200,CC,LITETime,0.195,0.58,0.775
1740,200,CC,LITETime,0.01,0.255,0.245
1741,200,CC,LITETime,0.0149999999999999,0.245,0.23
1742,200,CC,LITETime,0.135,0.16,0.025
1743,200,CC,LITETime,0.1949999999999999,0.76,0.955
1744,200,CC,LITETime,0.13,0.58,0.71
1745,200,CC,LITETime,0.1099999999999999,0.525,0.635
1746,200,CC,LITETime,0.12,0.62,0.74
1747,200,CC,LITETime,0.055,0.475,0.53
1748,200,CC,LITETime,0.0299999999999999,0.445,0.475
1749,200,CC,LITETime,0.0449999999999999,0.4,0.445
1750,200,CC,LITETime,0.13,0.51,0.64
1751,200,CC,LITETime,0.07,0.27,0.2
1752,200,CC,LITETime,0.185,0.7,0.885
1753,200,CC,LITETime,0.195,0.615,0.81
1754,200,CC,LITETime,0.0099999999999999,0.335,0.345
1755,200,CC,LITETime,0.0849999999999999,0.49,0.575
1756,200,CC,LITETime,0.09,0.23,0.14
1757,200,CC,LITETime,0.27,0.7,0.97
1758,200,CC,LITETime,0.24,0.66,0.9
1759,200,CC,LITETime,0.215,0.705,0.92
1760,200,CC,LITETime,0.0549999999999999,0.275,0.33
1761,200,CC,LITETime,0.0199999999999999,0.185,0.165
1762,200,CC,LITETime,0.0249999999999999,0.235,0.21
1763,200,CC,LITETime,0.065,0.155,0.09
1764,200,CC,LITETime,0.095,0.215,0.12
1765,200,CC,LITETime,0.16,0.23,0.07
1766,200,CC,LITETime,0.17,0.815,0.985
1767,200,CC,LITETime,0.12,0.19,0.07
1768,200,CC,LITETime,0.0749999999999999,0.205,0.13
1769,200,CC,LITETime,0.2149999999999999,0.61,0.825
1770,200,CC,LITETime,0.0649999999999999,0.515,0.58
1771,200,CC,LITETime,0.135,0.635,0.77
1772,200,CC,LITETime,0.065,0.565,0.63
1773,200,CC,LITETime,0.185,0.695,0.88
1774,200,CC,LITETime,0.0799999999999999,0.555,0.635
1775,200,CC,LITETime,0.085,0.435,0.52
1776,200,CC,LITETime,0.0899999999999999,0.62,0.71
1777,200,CC,LITETime,0.07,0.375,0.445
1778,200,CC,LITETime,0.015,0.36,0.345
1779,200,CC,LITETime,0.035,0.43,0.465
1780,200,CC,LITETime,0.1,0.265,0.165
1781,200,CC,LITETime,0.2,0.595,0.795
1782,200,CC,LITETime,0.015,0.275,0.26
1783,200,CC,LITETime,0.0849999999999999,0.235,0.15
1784,200,CC,LITETime,0.06,0.305,0.245
1785,200,CC,LITETime,0.2049999999999999,0.635,0.84
1786,200,CC,LITETime,0.02,0.31,0.33
1787,200,CC,LITETime,0.1050000000000001,0.58,0.685
1788,200,CC,LITETime,0.2099999999999999,0.645,0.855
1789,200,CC,LITETime,0.135,0.21,0.075
1790,200,CC,LITETime,0.13,0.635,0.765
1791,200,CC,LITETime,0.005,0.31,0.305
1792,200,CC,LITETime,0.0849999999999999,0.3,0.215
1793,200,CC,LITETime,0.14,0.545,0.685
1794,200,CC,LITETime,0.205,0.7,0.905
1795,200,CC,LITETime,0.03,0.325,0.295
1796,200,CC,LITETime,0.1199999999999999,0.445,0.565
1797,200,CC,LITETime,0.025,0.31,0.285
1798,200,CC,LITETime,0.065,0.485,0.55
1799,200,CC,LITETime,0.0999999999999999,0.52,0.62
1800,200,CC,LITETime,0.135,0.475,0.61
1801,200,CC,LITETime,0.135,0.485,0.62
1802,200,CC,LITETime,0.0499999999999999,0.185,0.135
1803,200,CC,LITETime,0.1449999999999999,0.545,0.69
1804,200,CC,LITETime,0.12,0.55,0.67
1805,200,CC,LITETime,0.1150000000000001,0.565,0.68
1806,200,CC,LITETime,0.12,0.19,0.07
1807,200,CC,LITETime,0.0549999999999999,0.39,0.445
1808,200,CC,LITETime,0.02,0.385,0.405
1809,200,CC,LITETime,0.0699999999999999,0.155,0.085
1810,200,CC,LITETime,0.0749999999999999,0.295,0.22
1811,200,CC,LITETime,0.0549999999999999,0.385,0.44
1812,200,CC,LITETime,0.12,0.62,0.74
1813,200,CC,LITETime,0.045,0.28,0.235
1814,200,CC,LITETime,0.1899999999999999,0.635,0.825
1815,200,CC,LITETime,0.045,0.5,0.545
1816,200,CC,LITETime,0.15,0.61,0.76
1817,200,CC,LITETime,0.0849999999999999,0.385,0.47
1818,200,CC,LITETime,0.0399999999999999,0.455,0.495
1819,200,CC,LITETime,0.1049999999999999,0.51,0.615
1820,200,CC,LITETime,0.215,0.71,0.925
1821,200,CC,LITETime,0.0499999999999999,0.44,0.49
1822,200,CC,LITETime,0.11,0.415,0.525
1823,200,CC,LITETime,0.0799999999999999,0.52,0.6
1824,200,CC,LITETime,0.1749999999999999,0.56,0.735
1825,200,CC,LITETime,0.065,0.135,0.07
1826,200,CC,LITETime,0.06,0.455,0.515
1827,200,CC,LITETime,0.005,0.485,0.48
1828,200,CC,LITETime,0.195,0.725,0.92
1829,200,CC,LITETime,0.0399999999999999,0.45,0.49
1830,200,CC,LITETime,0.025,0.44,0.465
1831,200,CC,LITETime,0.245,0.715,0.96
1832,200,CC,LITETime,0.0,0.45,0.45
1833,200,CC,LITETime,0.075,0.255,0.18
1834,200,CC,LITETime,0.0199999999999999,0.235,0.215
1835,200,CC,LITETime,0.1,0.195,0.095
1836,200,CC,LITETime,0.16,0.16,0.0
1837,200,CC,LITETime,0.0299999999999999,0.4,0.43
1838,200,CC,LITETime,0.15,0.615,0.765
1839,200,CC,LITETime,0.14,0.59,0.73
1840,200,CC,LITETime,0.09,0.12,0.03
1841,200,CC,LITETime,0.0699999999999999,0.495,0.565
1842,200,CC,LITETime,0.095,0.245,0.15
1843,200,CC,LITETime,0.2099999999999999,0.73,0.94
1844,200,CC,LITETime,0.0549999999999999,0.22,0.165
1845,200,CC,LITETime,0.1099999999999999,0.515,0.625
1846,200,CC,LITETime,0.015,0.34,0.325
1847,200,CC,LITETime,0.13,0.51,0.64
1848,200,CC,LITETime,0.0149999999999999,0.395,0.41
1849,200,CC,LITETime,0.16,0.595,0.755
1850,200,CC,LITETime,0.095,0.325,0.23
1851,200,CC,LITETime,0.18,0.725,0.905
1852,200,CC,LITETime,0.065,0.435,0.5
1853,200,CC,LITETime,0.18,0.575,0.755
1854,200,CC,LITETime,0.235,0.61,0.845
1855,200,CC,LITETime,0.2199999999999999,0.775,0.995
1856,200,CC,LITETime,0.0699999999999999,0.29,0.22
1857,200,CC,LITETime,0.045,0.33,0.285
1858,200,CC,LITETime,0.025,0.275,0.25
1859,200,CC,LITETime,0.0249999999999999,0.285,0.26
1860,200,CC,LITETime,0.0899999999999999,0.49,0.58
1861,200,CC,LITETime,0.28,0.71,0.99
1862,200,CC,LITETime,0.1949999999999999,0.795,0.99
1863,200,CC,LITETime,0.11,0.415,0.525
1864,200,CC,LITETime,0.15,0.485,0.635
1865,200,CC,LITETime,0.1949999999999999,0.66,0.855
1866,200,CC,LITETime,0.26,0.67,0.93
1867,200,CC,LITETime,0.0849999999999999,0.285,0.2
1868,200,CC,LITETime,0.07,0.455,0.525
1869,200,CC,LITETime,0.1499999999999999,0.68,0.83
1870,200,CC,LITETime,0.03,0.33,0.3
1871,200,CC,LITETime,0.0399999999999999,0.395,0.435
1872,200,CC,LITETime,0.2299999999999999,0.755,0.985
1873,200,CC,LITETime,0.25,0.735,0.985
1874,200,CC,LITETime,0.2,0.705,0.905
1875,200,CC,LITETime,0.13,0.665,0.795
1876,200,CC,LITETime,0.005,0.26,0.265
1877,200,CC,LITETime,0.015,0.305,0.32
1878,200,CC,LITETime,0.065,0.48,0.545
1879,200,CC,LITETime,0.05,0.51,0.56
1880,200,CC,LITETime,0.085,0.42,0.505
1881,200,CC,LITETime,0.165,0.47,0.635
1882,200,CC,LITETime,0.045,0.36,0.405
1883,200,CC,LITETime,0.0849999999999999,0.66,0.745
1884,200,CC,LITETime,0.02,0.31,0.33
1885,200,CC,LITETime,0.01,0.32,0.33
1886,200,CC,LITETime,0.06,0.185,0.125
1887,200,CC,LITETime,0.045,0.23,0.185
1888,200,CC,LITETime,0.255,0.595,0.85
1889,200,CC,LITETime,0.085,0.36,0.445
1890,200,CC,LITETime,0.0599999999999999,0.285,0.225
1891,200,CC,LITETime,0.15,0.605,0.755
1892,200,CC,LITETime,0.075,0.475,0.55
1893,200,CC,LITETime,0.185,0.205,0.02
1894,200,CC,LITETime,0.005,0.32,0.315
1895,200,CC,LITETime,0.055,0.23,0.175
1896,200,CC,LITETime,0.125,0.53,0.655
1897,200,CC,LITETime,0.0449999999999999,0.32,0.275
1898,200,CC,LITETime,0.11,0.17,0.06
1899,200,CC,LITETime,0.09,0.14,0.05
1900,200,CC,LITETime,0.0249999999999999,0.555,0.58
1901,200,CC,LITETime,0.145,0.165,0.02
1902,200,CC,LITETime,0.1849999999999999,0.66,0.845
1903,200,CC,LITETime,0.075,0.23,0.155
1904,200,CC,LITETime,0.0699999999999999,0.535,0.605
1905,200,CC,LITETime,0.025,0.465,0.44
1906,200,CC,LITETime,0.0499999999999999,0.39,0.44
1907,200,CC,LITETime,0.1149999999999999,0.185,0.07
1908,200,CC,LITETime,0.185,0.615,0.8
1909,200,CC,LITETime,0.245,0.645,0.89
1910,200,CC,LITETime,0.09,0.1,0.01
1911,200,CC,LITETime,0.045,0.22,0.175
1912,200,CC,LITETime,0.19,0.71,0.9
1913,200,CC,LITETime,0.07,0.475,0.545
1914,200,CC,LITETime,0.05,0.2,0.15
1915,200,CC,LITETime,0.0549999999999999,0.255,0.2
1916,200,CC,LITETime,0.0949999999999999,0.56,0.655
1917,200,CC,LITETime,0.13,0.59,0.72
1918,200,CC,LITETime,0.1149999999999999,0.48,0.595
1919,200,CC,LITETime,0.26,0.69,0.95
1920,200,CC,LITETime,0.01,0.48,0.49
1921,200,CC,LITETime,0.005,0.305,0.3
1922,200,CC,LITETime,0.0499999999999999,0.425,0.475
1923,200,CC,LITETime,0.0149999999999999,0.34,0.355
1924,200,CC,LITETime,0.05,0.27,0.22
1925,200,CC,LITETime,0.125,0.17,0.045
1926,200,CC,LITETime,0.01,0.36,0.35
1927,200,CC,LITETime,0.0849999999999999,0.625,0.71
1928,200,CC,LITETime,0.1599999999999999,0.175,0.015
1929,200,CC,LITETime,0.0,0.435,0.435
1930,200,CC,LITETime,0.1149999999999999,0.525,0.64
1931,200,CC,LITETime,0.0949999999999999,0.515,0.61
1932,200,CC,LITETime,0.145,0.63,0.775
1933,200,CC,LITETime,0.18,0.63,0.81
1934,200,CC,LITETime,0.12,0.59,0.71
1935,200,CC,LITETime,0.12,0.22,0.1
1936,200,CC,LITETime,0.0399999999999999,0.435,0.475
1937,200,CC,LITETime,0.1149999999999999,0.485,0.6
1938,200,CC,LITETime,0.03,0.275,0.245
1939,200,CC,LITETime,0.16,0.2,0.04
1940,200,CC,LITETime,0.0749999999999999,0.295,0.22
1941,200,CC,LITETime,0.06,0.39,0.45
1942,200,CC,LITETime,0.0149999999999999,0.395,0.41
1943,200,CC,LITETime,0.045,0.22,0.175
1944,200,CC,LITETime,0.1049999999999999,0.715,0.82
1945,200,CC,LITETime,0.2350000000000001,0.69,0.925
1946,200,CC,LITETime,0.0449999999999999,0.245,0.2
1947,200,CC,LITETime,0.205,0.72,0.925
1948,200,CC,LITETime,0.185,0.2,0.015
1949,200,CC,LITETime,0.27,0.65,0.92
1950,200,CC,LITETime,0.1799999999999999,0.77,0.95
1951,200,CC,LITETime,0.09,0.1,0.01
1952,200,CC,LITETime,0.14,0.62,0.76
1953,200,CC,LITETime,0.27,0.7,0.97
1954,200,CC,LITETime,0.21,0.695,0.905
1955,200,CC,LITETime,0.2299999999999999,0.74,0.97
1956,200,CC,LITETime,0.075,0.475,0.55
1957,200,CC,LITETime,0.095,0.17,0.075
1958,200,CC,LITETime,0.2199999999999999,0.625,0.845
1959,200,CC,LITETime,0.0999999999999999,0.51,0.61
1960,200,CC,LITETime,0.12,0.49,0.61
1961,200,CC,LITETime,0.0449999999999999,0.37,0.415
1962,200,CC,LITETime,0.0699999999999999,0.5,0.57
1963,200,CC,LITETime,0.1,0.25,0.15
1964,200,CC,LITETime,0.15,0.585,0.735
1965,200,CC,LITETime,0.095,0.17,0.075
1966,200,CC,LITETime,0.135,0.59,0.725
1967,200,CC,LITETime,0.1799999999999999,0.665,0.845
1968,200,CC,LITETime,0.0499999999999999,0.42,0.47
1969,200,CC,LITETime,0.0499999999999999,0.455,0.505
1970,200,CC,LITETime,0.02,0.33,0.31
1971,200,CC,LITETime,0.1849999999999999,0.78,0.965
1972,200,CC,LITETime,0.13,0.6,0.73
1973,200,CC,LITETime,0.02,0.385,0.365
1974,200,CC,LITETime,0.03,0.2,0.17
1975,200,CC,LITETime,0.055,0.27,0.215
1976,200,CC,LITETime,0.065,0.395,0.46
1977,200,CC,LITETime,0.2149999999999999,0.725,0.94
1978,200,CC,LITETime,0.145,0.585,0.73
1979,200,CC,LITETime,0.03,0.245,0.215
1980,200,CC,LITETime,0.1849999999999999,0.67,0.855
1981,200,CC,LITETime,0.02,0.355,0.375
1982,200,CC,LITETime,0.2099999999999999,0.64,0.85
1983,200,CC,LITETime,0.0549999999999999,0.295,0.24
1984,200,CC,LITETime,0.0849999999999999,0.53,0.615
1985,200,CC,LITETime,0.22,0.705,0.925
1986,200,CC,LITETime,0.02,0.275,0.255
1987,200,CC,LITETime,0.1499999999999999,0.54,0.69
1988,200,CC,LITETime,0.295,0.69,0.985
1989,200,CC,LITETime,0.06,0.21,0.15
1990,200,CC,LITETime,0.0899999999999999,0.175,0.085
1991,200,CC,LITETime,0.135,0.535,0.67
1992,200,CC,LITETime,0.0,0.335,0.335
1993,200,CC,LITETime,0.1149999999999999,0.185,0.07
1994,200,CC,LITETime,0.0399999999999999,0.435,0.475
1995,200,CC,LITETime,0.14,0.61,0.75
1996,200,CC,LITETime,0.065,0.35,0.285
1997,200,CC,LITETime,0.005,0.34,0.335
1998,200,CC,LITETime,0.2299999999999999,0.615,0.845
1999,200,CC,LITETime,0.06,0.46,0.52
0,500,CC,LITETime,0.174,0.598,0.772
1,500,CC,LITETime,0.03,0.408,0.438
2,500,CC,LITETime,0.2019999999999999,0.656,0.858
3,500,CC,LITETime,0.1659999999999999,0.53,0.696
4,500,CC,LITETime,0.0799999999999999,0.174,0.094
5,500,CC,LITETime,0.2279999999999999,0.746,0.974
6,500,CC,LITETime,0.1099999999999999,0.65,0.76
7,500,CC,LITETime,0.204,0.582,0.786
8,500,CC,LITETime,0.1099999999999999,0.238,0.128
9,500,CC,LITETime,0.026,0.424,0.45
10,500,CC,LITETime,0.004,0.366,0.37
11,500,CC,LITETime,0.22,0.706,0.926
12,500,CC,LITETime,0.0959999999999999,0.546,0.642
13,500,CC,LITETime,0.1559999999999999,0.666,0.822
14,500,CC,LITETime,0.01,0.432,0.442
15,500,CC,LITETime,0.038,0.264,0.226
16,500,CC,LITETime,0.094,0.46,0.554
17,500,CC,LITETime,0.102,0.164,0.062
18,500,CC,LITETime,0.1839999999999999,0.642,0.826
19,500,CC,LITETime,0.122,0.508,0.63
20,500,CC,LITETime,0.146,0.612,0.758
21,500,CC,LITETime,0.038,0.392,0.354
22,500,CC,LITETime,0.258,0.712,0.97
23,500,CC,LITETime,0.2199999999999999,0.672,0.892
24,500,CC,LITETime,0.172,0.606,0.778
25,500,CC,LITETime,0.076,0.27,0.194
26,500,CC,LITETime,0.024,0.442,0.466
27,500,CC,LITETime,0.122,0.164,0.042
28,500,CC,LITETime,0.0519999999999999,0.206,0.154
29,500,CC,LITETime,0.1160000000000001,0.566,0.682
30,500,CC,LITETime,0.178,0.566,0.744
31,500,CC,LITETime,0.254,0.712,0.966
32,500,CC,LITETime,0.0279999999999999,0.352,0.324
33,500,CC,LITETime,0.002,0.368,0.37
34,500,CC,LITETime,0.04,0.428,0.468
35,500,CC,LITETime,0.0499999999999999,0.238,0.188
36,500,CC,LITETime,0.09,0.218,0.128
37,500,CC,LITETime,0.0339999999999999,0.44,0.474
38,500,CC,LITETime,0.042,0.268,0.226
39,500,CC,LITETime,0.148,0.52,0.668
40,500,CC,LITETime,0.028,0.408,0.436
41,500,CC,LITETime,0.1959999999999999,0.636,0.832
42,500,CC,LITETime,0.1699999999999999,0.53,0.7
43,500,CC,LITETime,0.02,0.332,0.312
44,500,CC,LITETime,0.2179999999999999,0.614,0.832
45,500,CC,LITETime,0.15,0.654,0.804
46,500,CC,LITETime,0.022,0.364,0.386
47,500,CC,LITETime,0.034,0.322,0.288
48,500,CC,LITETime,0.084,0.598,0.682
49,500,CC,LITETime,0.064,0.202,0.138
50,500,CC,LITETime,0.07,0.268,0.198
51,500,CC,LITETime,0.146,0.152,0.006
52,500,CC,LITETime,0.188,0.598,0.786
53,500,CC,LITETime,0.1119999999999999,0.552,0.664
54,500,CC,LITETime,0.128,0.576,0.704
55,500,CC,LITETime,0.178,0.602,0.78
56,500,CC,LITETime,0.018,0.44,0.458
57,500,CC,LITETime,0.0799999999999999,0.488,0.568
58,500,CC,LITETime,0.0779999999999999,0.216,0.138
59,500,CC,LITETime,0.088,0.202,0.114
60,500,CC,LITETime,0.168,0.5,0.668
61,500,CC,LITETime,0.0219999999999999,0.448,0.47
62,500,CC,LITETime,0.0999999999999999,0.464,0.564
63,500,CC,LITETime,0.174,0.59,0.764
64,500,CC,LITETime,0.1099999999999999,0.524,0.634
65,500,CC,LITETime,0.066,0.486,0.552
66,500,CC,LITETime,0.046,0.512,0.558
67,500,CC,LITETime,0.002,0.3,0.302
68,500,CC,LITETime,0.126,0.156,0.03
69,500,CC,LITETime,0.022,0.414,0.436
70,500,CC,LITETime,0.0699999999999999,0.284,0.214
71,500,CC,LITETime,0.0159999999999999,0.392,0.408
72,500,CC,LITETime,0.1699999999999999,0.682,0.852
73,500,CC,LITETime,0.0679999999999999,0.3,0.232
74,500,CC,LITETime,0.0839999999999999,0.142,0.058
75,500,CC,LITETime,0.0399999999999999,0.32,0.28
76,500,CC,LITETime,0.018,0.31,0.292
77,500,CC,LITETime,0.134,0.526,0.66
78,500,CC,LITETime,0.092,0.464,0.556
79,500,CC,LITETime,0.168,0.614,0.782
80,500,CC,LITETime,0.144,0.52,0.664
81,500,CC,LITETime,0.014,0.392,0.406
82,500,CC,LITETime,0.1859999999999999,0.628,0.814
83,500,CC,LITETime,0.0779999999999999,0.244,0.166
84,500,CC,LITETime,0.128,0.15,0.022
85,500,CC,LITETime,0.08,0.17,0.09
86,500,CC,LITETime,0.1099999999999999,0.612,0.722
87,500,CC,LITETime,0.036,0.424,0.46
88,500,CC,LITETime,0.064,0.224,0.16
89,500,CC,LITETime,0.014,0.486,0.5
90,500,CC,LITETime,0.044,0.196,0.152
91,500,CC,LITETime,0.1779999999999999,0.518,0.696
92,500,CC,LITETime,0.03,0.416,0.446
93,500,CC,LITETime,0.002,0.382,0.38
94,500,CC,LITETime,0.072,0.372,0.3
95,500,CC,LITETime,0.0999999999999999,0.53,0.63
96,500,CC,LITETime,0.01,0.35,0.36
97,500,CC,LITETime,0.1,0.186,0.086
98,500,CC,LITETime,0.114,0.232,0.118
99,500,CC,LITETime,0.242,0.718,0.96
100,500,CC,LITETime,0.2279999999999999,0.68,0.908
101,500,CC,LITETime,0.1439999999999999,0.554,0.698
102,500,CC,LITETime,0.0279999999999999,0.292,0.264
103,500,CC,LITETime,0.242,0.726,0.968
104,500,CC,LITETime,0.124,0.654,0.778
105,500,CC,LITETime,0.1639999999999999,0.552,0.716
106,500,CC,LITETime,0.0419999999999999,0.406,0.448
107,500,CC,LITETime,0.0279999999999999,0.3,0.272
108,500,CC,LITETime,0.0799999999999999,0.176,0.096
109,500,CC,LITETime,0.236,0.666,0.902
110,500,CC,LITETime,0.04,0.414,0.454
111,500,CC,LITETime,0.076,0.278,0.202
112,500,CC,LITETime,0.004,0.3,0.304
113,500,CC,LITETime,0.1259999999999999,0.452,0.578
114,500,CC,LITETime,0.08,0.256,0.176
115,500,CC,LITETime,0.168,0.688,0.856
116,500,CC,LITETime,0.16,0.598,0.758
117,500,CC,LITETime,0.126,0.592,0.718
118,500,CC,LITETime,0.0439999999999999,0.388,0.432
119,500,CC,LITETime,0.0959999999999999,0.53,0.626
120,500,CC,LITETime,0.1099999999999999,0.474,0.584
121,500,CC,LITETime,0.1139999999999999,0.534,0.648
122,500,CC,LITETime,0.106,0.19,0.084
123,500,CC,LITETime,0.0119999999999999,0.402,0.414
124,500,CC,LITETime,0.086,0.126,0.04
125,500,CC,LITETime,0.066,0.426,0.492
126,500,CC,LITETime,0.014,0.314,0.328
127,500,CC,LITETime,0.062,0.206,0.144
128,500,CC,LITETime,0.114,0.216,0.102
129,500,CC,LITETime,0.0939999999999999,0.492,0.586
130,500,CC,LITETime,0.0519999999999999,0.222,0.17
131,500,CC,LITETime,0.2240000000000001,0.7,0.924
132,500,CC,LITETime,0.0659999999999999,0.514,0.58
133,500,CC,LITETime,0.0219999999999999,0.324,0.346
134,500,CC,LITETime,0.0919999999999999,0.498,0.59
135,500,CC,LITETime,0.126,0.148,0.022
136,500,CC,LITETime,0.248,0.71,0.958
137,500,CC,LITETime,0.0559999999999999,0.426,0.482
138,500,CC,LITETime,0.158,0.624,0.782
139,500,CC,LITETime,0.1239999999999999,0.206,0.082
140,500,CC,LITETime,0.064,0.422,0.486
141,500,CC,LITETime,0.066,0.424,0.49
142,500,CC,LITETime,0.254,0.682,0.936
143,500,CC,LITETime,0.0539999999999999,0.516,0.57
144,500,CC,LITETime,0.0679999999999999,0.404,0.472
145,500,CC,LITETime,0.0299999999999999,0.296,0.266
146,500,CC,LITETime,0.0139999999999999,0.344,0.33
147,500,CC,LITETime,0.088,0.432,0.52
148,500,CC,LITETime,0.0359999999999999,0.402,0.438
149,500,CC,LITETime,0.134,0.154,0.02
150,500,CC,LITETime,0.1459999999999999,0.68,0.826
151,500,CC,LITETime,0.192,0.704,0.896
152,500,CC,LITETime,0.0759999999999999,0.216,0.14
153,500,CC,LITETime,0.08,0.474,0.554
154,500,CC,LITETime,0.09,0.198,0.108
155,500,CC,LITETime,0.1159999999999999,0.556,0.672
156,500,CC,LITETime,0.0059999999999999,0.286,0.28
157,500,CC,LITETime,0.132,0.526,0.658
158,500,CC,LITETime,0.136,0.59,0.726
159,500,CC,LITETime,0.19,0.578,0.768
160,500,CC,LITETime,0.082,0.188,0.106
161,500,CC,LITETime,0.2260000000000001,0.69,0.916
162,500,CC,LITETime,0.044,0.274,0.23
163,500,CC,LITETime,0.118,0.154,0.036
164,500,CC,LITETime,0.098,0.456,0.554
165,500,CC,LITETime,0.002,0.372,0.37
166,500,CC,LITETime,0.1899999999999999,0.638,0.828
167,500,CC,LITETime,0.188,0.62,0.808
168,500,CC,LITETime,0.0299999999999999,0.346,0.316
169,500,CC,LITETime,0.26,0.692,0.952
170,500,CC,LITETime,0.028,0.318,0.29
171,500,CC,LITETime,0.026,0.488,0.514
172,500,CC,LITETime,0.0579999999999999,0.312,0.254
173,500,CC,LITETime,0.2420000000000001,0.694,0.936
174,500,CC,LITETime,0.0559999999999999,0.22,0.164
175,500,CC,LITETime,0.108,0.152,0.044
176,500,CC,LITETime,0.018,0.416,0.434
177,500,CC,LITETime,0.2239999999999999,0.768,0.992
178,500,CC,LITETime,0.25,0.64,0.89
179,500,CC,LITETime,0.14,0.608,0.748
180,500,CC,LITETime,0.2039999999999999,0.686,0.89
181,500,CC,LITETime,0.202,0.69,0.892
182,500,CC,LITETime,0.088,0.43,0.518
183,500,CC,LITETime,0.01,0.304,0.314
184,500,CC,LITETime,0.186,0.586,0.772
185,500,CC,LITETime,0.134,0.526,0.66
186,500,CC,LITETime,0.016,0.388,0.372
187,500,CC,LITETime,0.094,0.188,0.094
188,500,CC,LITETime,0.17,0.576,0.746
189,500,CC,LITETime,0.0499999999999999,0.312,0.262
190,500,CC,LITETime,0.188,0.748,0.936
191,500,CC,LITETime,0.0439999999999999,0.284,0.24
192,500,CC,LITETime,0.076,0.198,0.122
193,500,CC,LITETime,0.1619999999999999,0.668,0.83
194,500,CC,LITETime,0.072,0.224,0.152
195,500,CC,LITETime,0.076,0.254,0.178
196,500,CC,LITETime,0.1059999999999999,0.492,0.598
197,500,CC,LITETime,0.178,0.696,0.874
198,500,CC,LITETime,0.0399999999999999,0.236,0.196
199,500,CC,LITETime,0.004,0.314,0.31
200,500,CC,LITETime,0.154,0.622,0.776
201,500,CC,LITETime,0.246,0.724,0.97
202,500,CC,LITETime,0.06,0.44,0.5
203,500,CC,LITETime,0.066,0.208,0.142
204,500,CC,LITETime,0.114,0.126,0.012
205,500,CC,LITETime,0.052,0.28,0.228
206,500,CC,LITETime,0.086,0.216,0.13
207,500,CC,LITETime,0.1,0.576,0.676
208,500,CC,LITETime,0.08,0.2,0.12
209,500,CC,LITETime,0.0519999999999999,0.454,0.506
210,500,CC,LITETime,0.1559999999999999,0.538,0.694
211,500,CC,LITETime,0.0719999999999999,0.508,0.58
212,500,CC,LITETime,0.0419999999999999,0.24,0.198
213,500,CC,LITETime,0.178,0.626,0.804
214,500,CC,LITETime,0.1579999999999999,0.556,0.714
215,500,CC,LITETime,0.14,0.598,0.738
216,500,CC,LITETime,0.104,0.234,0.13
217,500,CC,LITETime,0.088,0.21,0.122
218,500,CC,LITETime,0.264,0.662,0.926
219,500,CC,LITETime,0.038,0.358,0.396
220,500,CC,LITETime,0.022,0.322,0.3
221,500,CC,LITETime,0.0479999999999999,0.44,0.488
222,500,CC,LITETime,0.1079999999999999,0.554,0.662
223,500,CC,LITETime,0.24,0.714,0.954
224,500,CC,LITETime,0.002,0.288,0.286
225,500,CC,LITETime,0.2320000000000001,0.692,0.924
226,500,CC,LITETime,0.108,0.132,0.024
227,500,CC,LITETime,0.098,0.456,0.554
228,500,CC,LITETime,0.1059999999999999,0.526,0.632
229,500,CC,LITETime,0.11,0.214,0.104
230,500,CC,LITETime,0.0999999999999999,0.24,0.14
231,500,CC,LITETime,0.0159999999999999,0.402,0.418
232,500,CC,LITETime,0.252,0.714,0.966
233,500,CC,LITETime,0.0499999999999999,0.546,0.596
234,500,CC,LITETime,0.208,0.724,0.932
235,500,CC,LITETime,0.174,0.63,0.804
236,500,CC,LITETime,0.038,0.428,0.466
237,500,CC,LITETime,0.172,0.612,0.784
238,500,CC,LITETime,0.128,0.144,0.016
239,500,CC,LITETime,0.11,0.218,0.108
240,500,CC,LITETime,0.1659999999999999,0.662,0.828
241,500,CC,LITETime,0.2,0.596,0.796
242,500,CC,LITETime,0.042,0.274,0.232
243,500,CC,LITETime,0.062,0.468,0.53
244,500,CC,LITETime,0.0879999999999999,0.518,0.606
245,500,CC,LITETime,0.1899999999999999,0.676,0.866
246,500,CC,LITETime,0.0839999999999999,0.518,0.602
247,500,CC,LITETime,0.0299999999999999,0.382,0.412
248,500,CC,LITETime,0.004,0.37,0.374
249,500,CC,LITETime,0.0219999999999999,0.402,0.424
250,500,CC,LITETime,0.0899999999999999,0.56,0.65
251,500,CC,LITETime,0.2299999999999999,0.636,0.866
252,500,CC,LITETime,0.036,0.416,0.452
253,500,CC,LITETime,0.0539999999999999,0.3,0.246
254,500,CC,LITETime,0.036,0.272,0.236
255,500,CC,LITETime,0.146,0.6,0.746
256,500,CC,LITETime,0.1739999999999999,0.642,0.816
257,500,CC,LITETime,0.106,0.21,0.104
258,500,CC,LITETime,0.1399999999999999,0.206,0.066
259,500,CC,LITETime,0.0899999999999999,0.504,0.594
260,500,CC,LITETime,0.0579999999999999,0.204,0.146
261,500,CC,LITETime,0.1939999999999999,0.63,0.824
262,500,CC,LITETime,0.008,0.318,0.31
263,500,CC,LITETime,0.092,0.234,0.142
264,500,CC,LITETime,0.2280000000000001,0.692,0.92
265,500,CC,LITETime,0.0499999999999999,0.214,0.164
266,500,CC,LITETime,0.008,0.292,0.284
267,500,CC,LITETime,0.0839999999999999,0.236,0.152
268,500,CC,LITETime,0.052,0.166,0.114
269,500,CC,LITETime,0.1239999999999999,0.144,0.02
270,500,CC,LITETime,0.106,0.16,0.054
271,500,CC,LITETime,0.088,0.262,0.174
272,500,CC,LITETime,0.128,0.18,0.052
273,500,CC,LITETime,0.0579999999999999,0.532,0.59
274,500,CC,LITETime,0.124,0.556,0.68
275,500,CC,LITETime,0.002,0.394,0.392
276,500,CC,LITETime,0.01,0.326,0.316
277,500,CC,LITETime,0.0399999999999999,0.464,0.504
278,500,CC,LITETime,0.2239999999999999,0.65,0.874
279,500,CC,LITETime,0.1839999999999999,0.666,0.85
280,500,CC,LITETime,0.1059999999999999,0.148,0.042
281,500,CC,LITETime,0.072,0.252,0.18
282,500,CC,LITETime,0.0519999999999999,0.288,0.236
283,500,CC,LITETime,0.0459999999999999,0.294,0.248
284,500,CC,LITETime,0.0919999999999999,0.478,0.57
285,500,CC,LITETime,0.0379999999999999,0.378,0.416
286,500,CC,LITETime,0.128,0.176,0.048
287,500,CC,LITETime,0.004,0.368,0.372
288,500,CC,LITETime,0.0559999999999999,0.466,0.522
289,500,CC,LITETime,0.094,0.194,0.1
290,500,CC,LITETime,0.1639999999999999,0.668,0.832
291,500,CC,LITETime,0.114,0.164,0.05
292,500,CC,LITETime,0.26,0.664,0.924
293,500,CC,LITETime,0.098,0.196,0.098
294,500,CC,LITETime,0.1719999999999999,0.67,0.842
295,500,CC,LITETime,0.212,0.69,0.902
296,500,CC,LITETime,0.24,0.738,0.978
297,500,CC,LITETime,0.164,0.638,0.802
298,500,CC,LITETime,0.154,0.624,0.778
299,500,CC,LITETime,0.122,0.52,0.642
300,500,CC,LITETime,0.126,0.652,0.778
301,500,CC,LITETime,0.1,0.234,0.134
302,500,CC,LITETime,0.028,0.508,0.536
303,500,CC,LITETime,0.0519999999999999,0.462,0.514
304,500,CC,LITETime,0.1919999999999999,0.664,0.856
305,500,CC,LITETime,0.074,0.388,0.462
306,500,CC,LITETime,0.024,0.36,0.384
307,500,CC,LITETime,0.1119999999999999,0.526,0.638
308,500,CC,LITETime,0.006,0.272,0.266
309,500,CC,LITETime,0.0679999999999999,0.206,0.138
310,500,CC,LITETime,0.0519999999999999,0.424,0.476
311,500,CC,LITETime,0.0259999999999999,0.39,0.416
312,500,CC,LITETime,0.034,0.266,0.232
313,500,CC,LITETime,0.0259999999999999,0.34,0.366
314,500,CC,LITETime,0.0279999999999999,0.338,0.366
315,500,CC,LITETime,0.006,0.32,0.326
316,500,CC,LITETime,0.014,0.364,0.378
317,500,CC,LITETime,0.13,0.554,0.684
318,500,CC,LITETime,0.004,0.3,0.296
319,500,CC,LITETime,0.2259999999999999,0.722,0.948
320,500,CC,LITETime,0.2240000000000001,0.692,0.916
321,500,CC,LITETime,0.068,0.412,0.48
322,500,CC,LITETime,0.0239999999999999,0.352,0.328
323,500,CC,LITETime,0.066,0.468,0.534
324,500,CC,LITETime,0.2179999999999999,0.63,0.848
325,500,CC,LITETime,0.1139999999999999,0.538,0.652
326,500,CC,LITETime,0.196,0.608,0.804
327,500,CC,LITETime,0.09,0.442,0.532
328,500,CC,LITETime,0.0819999999999999,0.55,0.632
329,500,CC,LITETime,0.008,0.296,0.288
330,500,CC,LITETime,0.142,0.592,0.734
331,500,CC,LITETime,0.03,0.232,0.202
332,500,CC,LITETime,0.128,0.566,0.694
333,500,CC,LITETime,0.1839999999999999,0.676,0.86
334,500,CC,LITETime,0.094,0.226,0.132
335,500,CC,LITETime,0.126,0.488,0.614
336,500,CC,LITETime,0.1159999999999999,0.21,0.094
337,500,CC,LITETime,0.132,0.592,0.724
338,500,CC,LITETime,0.112,0.196,0.084
339,500,CC,LITETime,0.2220000000000001,0.712,0.934
340,500,CC,LITETime,0.0559999999999999,0.192,0.136
341,500,CC,LITETime,0.2119999999999999,0.746,0.958
342,500,CC,LITETime,0.156,0.644,0.8
343,500,CC,LITETime,0.0659999999999999,0.526,0.592
344,500,CC,LITETime,0.154,0.628,0.782
345,500,CC,LITETime,0.16,0.634,0.794
346,500,CC,LITETime,0.248,0.698,0.946
347,500,CC,LITETime,0.0539999999999999,0.306,0.252
348,500,CC,LITETime,0.118,0.472,0.59
349,500,CC,LITETime,0.096,0.19,0.094
350,500,CC,LITETime,0.122,0.494,0.616
351,500,CC,LITETime,0.0699999999999999,0.24,0.17
352,500,CC,LITETime,0.0719999999999999,0.492,0.564
353,500,CC,LITETime,0.0779999999999999,0.494,0.572
354,500,CC,LITETime,0.07,0.394,0.464
355,500,CC,LITETime,0.062,0.46,0.522
356,500,CC,LITETime,0.14,0.622,0.762
357,500,CC,LITETime,0.156,0.642,0.798
358,500,CC,LITETime,0.0559999999999999,0.436,0.492
359,500,CC,LITETime,0.1099999999999999,0.488,0.598
360,500,CC,LITETime,0.198,0.732,0.93
361,500,CC,LITETime,0.09,0.208,0.118
362,500,CC,LITETime,0.0979999999999999,0.214,0.116
363,500,CC,LITETime,0.108,0.194,0.086
364,500,CC,LITETime,0.124,0.532,0.656
365,500,CC,LITETime,0.0459999999999999,0.372,0.418
366,500,CC,LITETime,0.174,0.6,0.774
367,500,CC,LITETime,0.1079999999999999,0.562,0.67
368,500,CC,LITETime,0.0179999999999999,0.35,0.332
369,500,CC,LITETime,0.206,0.692,0.898
370,500,CC,LITETime,0.164,0.598,0.762
371,500,CC,LITETime,0.0239999999999999,0.294,0.27
372,500,CC,LITETime,0.012,0.376,0.364
373,500,CC,LITETime,0.0339999999999999,0.348,0.314
374,500,CC,LITETime,0.0559999999999999,0.212,0.156
375,500,CC,LITETime,0.096,0.242,0.146
376,500,CC,LITETime,0.2360000000000001,0.7,0.936
377,500,CC,LITETime,0.026,0.41,0.436
378,500,CC,LITETime,0.018,0.364,0.382
379,500,CC,LITETime,0.142,0.586,0.728
380,500,CC,LITETime,0.074,0.478,0.552
381,500,CC,LITETime,0.2240000000000001,0.712,0.936
382,500,CC,LITETime,0.154,0.626,0.78
383,500,CC,LITETime,0.006,0.472,0.478
384,500,CC,LITETime,0.01,0.386,0.376
385,500,CC,LITETime,0.2239999999999999,0.762,0.986
386,500,CC,LITETime,0.122,0.594,0.716
387,500,CC,LITETime,0.244,0.706,0.95
388,500,CC,LITETime,0.098,0.216,0.118
389,500,CC,LITETime,0.1859999999999999,0.664,0.85
390,500,CC,LITETime,0.0839999999999999,0.552,0.636
391,500,CC,LITETime,0.12,0.24,0.12
392,500,CC,LITETime,0.0819999999999999,0.506,0.588
393,500,CC,LITETime,0.138,0.548,0.686
394,500,CC,LITETime,0.1359999999999999,0.148,0.012
395,500,CC,LITETime,0.0519999999999999,0.402,0.454
396,500,CC,LITETime,0.2199999999999999,0.604,0.824
397,500,CC,LITETime,0.022,0.316,0.294
398,500,CC,LITETime,0.044,0.414,0.458
399,500,CC,LITETime,0.0399999999999999,0.402,0.442
400,500,CC,LITETime,0.01,0.29,0.3
401,500,CC,LITETime,0.212,0.706,0.918
402,500,CC,LITETime,0.18,0.6,0.78
403,500,CC,LITETime,0.084,0.194,0.11
404,500,CC,LITETime,0.268,0.728,0.996
405,500,CC,LITETime,0.2019999999999999,0.676,0.878
406,500,CC,LITETime,0.024,0.306,0.282
407,500,CC,LITETime,0.1799999999999999,0.656,0.836
408,500,CC,LITETime,0.124,0.23,0.106
409,500,CC,LITETime,0.2339999999999999,0.764,0.998
410,500,CC,LITETime,0.136,0.528,0.664
411,500,CC,LITETime,0.132,0.518,0.65
412,500,CC,LITETime,0.098,0.188,0.09
413,500,CC,LITETime,0.182,0.714,0.896
414,500,CC,LITETime,0.132,0.16,0.028
415,500,CC,LITETime,0.026,0.266,0.24
416,500,CC,LITETime,0.086,0.228,0.142
417,500,CC,LITETime,0.164,0.612,0.776
418,500,CC,LITETime,0.0539999999999999,0.252,0.198
419,500,CC,LITETime,0.214,0.696,0.91
420,500,CC,LITETime,0.0979999999999999,0.558,0.656
421,500,CC,LITETime,0.124,0.16,0.036
422,500,CC,LITETime,0.1399999999999999,0.144,0.004
423,500,CC,LITETime,0.108,0.158,0.05
424,500,CC,LITETime,0.126,0.478,0.604
425,500,CC,LITETime,0.134,0.666,0.8
426,500,CC,LITETime,0.0519999999999999,0.29,0.238
427,500,CC,LITETime,0.1979999999999999,0.65,0.848
428,500,CC,LITETime,0.096,0.152,0.056
429,500,CC,LITETime,0.168,0.632,0.8
430,500,CC,LITETime,0.22,0.706,0.926
431,500,CC,LITETime,0.164,0.608,0.772
432,500,CC,LITETime,0.1519999999999999,0.546,0.698
433,500,CC,LITETime,0.1659999999999999,0.67,0.836
434,500,CC,LITETime,0.1119999999999999,0.152,0.04
435,500,CC,LITETime,0.0399999999999999,0.24,0.2
436,500,CC,LITETime,0.122,0.246,0.124
437,500,CC,LITETime,0.078,0.426,0.504
438,500,CC,LITETime,0.164,0.58,0.744
439,500,CC,LITETime,0.0859999999999999,0.544,0.63
440,500,CC,LITETime,0.2039999999999999,0.646,0.85
441,500,CC,LITETime,0.062,0.216,0.154
442,500,CC,LITETime,0.13,0.604,0.734
443,500,CC,LITETime,0.0479999999999999,0.24,0.192
444,500,CC,LITETime,0.0479999999999999,0.318,0.27
445,500,CC,LITETime,0.144,0.564,0.708
446,500,CC,LITETime,0.2279999999999999,0.752,0.98
447,500,CC,LITETime,0.12,0.49,0.61
448,500,CC,LITETime,0.108,0.162,0.054
449,500,CC,LITETime,0.0719999999999999,0.544,0.616
450,500,CC,LITETime,0.094,0.136,0.042
451,500,CC,LITETime,0.2259999999999999,0.658,0.884
452,500,CC,LITETime,0.1519999999999999,0.556,0.708
453,500,CC,LITETime,0.066,0.238,0.172
454,500,CC,LITETime,0.094,0.184,0.09
455,500,CC,LITETime,0.066,0.248,0.182
456,500,CC,LITETime,0.2339999999999999,0.746,0.98
457,500,CC,LITETime,0.046,0.412,0.458
458,500,CC,LITETime,0.186,0.598,0.784
459,500,CC,LITETime,0.1139999999999999,0.522,0.636
460,500,CC,LITETime,0.0779999999999999,0.494,0.572
461,500,CC,LITETime,0.106,0.25,0.144
462,500,CC,LITETime,0.2259999999999999,0.72,0.946
463,500,CC,LITETime,0.018,0.318,0.3
464,500,CC,LITETime,0.1019999999999999,0.476,0.578
465,500,CC,LITETime,0.1579999999999999,0.54,0.698
466,500,CC,LITETime,0.134,0.514,0.648
467,500,CC,LITETime,0.2219999999999999,0.718,0.94
468,500,CC,LITETime,0.088,0.236,0.148
469,500,CC,LITETime,0.06,0.448,0.508
470,500,CC,LITETime,0.0079999999999999,0.412,0.404
471,500,CC,LITETime,0.0519999999999999,0.422,0.474
472,500,CC,LITETime,0.1,0.218,0.118
473,500,CC,LITETime,0.1059999999999999,0.24,0.134
474,500,CC,LITETime,0.0219999999999999,0.3,0.278
475,500,CC,LITETime,0.006,0.31,0.304
476,500,CC,LITETime,0.0,0.426,0.426
477,500,CC,LITETime,0.0819999999999999,0.528,0.61
478,500,CC,LITETime,0.118,0.516,0.634
479,500,CC,LITETime,0.0219999999999999,0.388,0.41
480,500,CC,LITETime,0.0079999999999999,0.4,0.408
481,500,CC,LITETime,0.048,0.264,0.216
482,500,CC,LITETime,0.0979999999999999,0.49,0.588
483,500,CC,LITETime,0.0339999999999999,0.35,0.316
484,500,CC,LITETime,0.1139999999999999,0.15,0.036
485,500,CC,LITETime,0.0499999999999999,0.368,0.418
486,500,CC,LITETime,0.0399999999999999,0.434,0.474
487,500,CC,LITETime,0.0579999999999999,0.282,0.224
488,500,CC,LITETime,0.0819999999999999,0.49,0.572
489,500,CC,LITETime,0.0899999999999999,0.474,0.564
490,500,CC,LITETime,0.13,0.572,0.702
491,500,CC,LITETime,0.1079999999999999,0.538,0.646
492,500,CC,LITETime,0.134,0.518,0.652
493,500,CC,LITETime,0.0,0.316,0.316
494,500,CC,LITETime,0.156,0.63,0.786
495,500,CC,LITETime,0.068,0.48,0.548
496,500,CC,LITETime,0.0359999999999999,0.394,0.43
497,500,CC,LITETime,0.0759999999999999,0.55,0.626
498,500,CC,LITETime,0.006,0.366,0.36
499,500,CC,LITETime,0.08,0.432,0.512
500,500,CC,LITETime,0.134,0.602,0.736
501,500,CC,LITETime,0.192,0.694,0.886
502,500,CC,LITETime,0.2220000000000001,0.698,0.92
503,500,CC,LITETime,0.08,0.422,0.502
504,500,CC,LITETime,0.082,0.438,0.52
505,500,CC,LITETime,0.182,0.616,0.798
506,500,CC,LITETime,0.008,0.306,0.314
507,500,CC,LITETime,0.148,0.688,0.836
508,500,CC,LITETime,0.064,0.43,0.494
509,500,CC,LITETime,0.0599999999999999,0.174,0.114
510,500,CC,LITETime,0.086,0.158,0.072
511,500,CC,LITETime,0.1719999999999999,0.668,0.84
512,500,CC,LITETime,0.114,0.168,0.054
513,500,CC,LITETime,0.0319999999999999,0.312,0.28
514,500,CC,LITETime,0.028,0.306,0.334
515,500,CC,LITETime,0.04,0.212,0.172
516,500,CC,LITETime,0.004,0.316,0.312
517,500,CC,LITETime,0.164,0.578,0.742
518,500,CC,LITETime,0.1339999999999999,0.148,0.014
519,500,CC,LITETime,0.2039999999999999,0.622,0.826
520,500,CC,LITETime,0.1919999999999999,0.664,0.856
521,500,CC,LITETime,0.004,0.376,0.372
522,500,CC,LITETime,0.04,0.192,0.152
523,500,CC,LITETime,0.0999999999999999,0.5,0.6
524,500,CC,LITETime,0.106,0.224,0.118
525,500,CC,LITETime,0.008,0.372,0.364
526,500,CC,LITETime,0.2319999999999999,0.726,0.958
527,500,CC,LITETime,0.25,0.744,0.994
528,500,CC,LITETime,0.138,0.634,0.772
529,500,CC,LITETime,0.028,0.338,0.31
530,500,CC,LITETime,0.126,0.56,0.686
531,500,CC,LITETime,0.1699999999999999,0.534,0.704
532,500,CC,LITETime,0.012,0.374,0.386
533,500,CC,LITETime,0.0939999999999999,0.546,0.64
534,500,CC,LITETime,0.108,0.118,0.01
535,500,CC,LITETime,0.054,0.262,0.208
536,500,CC,LITETime,0.094,0.43,0.524
537,500,CC,LITETime,0.0799999999999999,0.242,0.162
538,500,CC,LITETime,0.066,0.23,0.164
539,500,CC,LITETime,0.1839999999999999,0.652,0.836
540,500,CC,LITETime,0.268,0.72,0.988
541,500,CC,LITETime,0.086,0.468,0.554
542,500,CC,LITETime,0.1999999999999999,0.638,0.838
543,500,CC,LITETime,0.2299999999999999,0.76,0.99
544,500,CC,LITETime,0.0999999999999999,0.24,0.14
545,500,CC,LITETime,0.0479999999999999,0.4,0.448
546,500,CC,LITETime,0.016,0.376,0.392
547,500,CC,LITETime,0.074,0.154,0.08
548,500,CC,LITETime,0.132,0.622,0.754
549,500,CC,LITETime,0.0319999999999999,0.4,0.432
550,500,CC,LITETime,0.032,0.436,0.468
551,500,CC,LITETime,0.052,0.202,0.15
552,500,CC,LITETime,0.034,0.214,0.18
553,500,CC,LITETime,0.204,0.702,0.906
554,500,CC,LITETime,0.108,0.152,0.044
555,500,CC,LITETime,0.048,0.28,0.232
556,500,CC,LITETime,0.036,0.328,0.292
557,500,CC,LITETime,0.02,0.47,0.49
558,500,CC,LITETime,0.0739999999999999,0.512,0.586
559,500,CC,LITETime,0.08,0.412,0.492
560,500,CC,LITETime,0.0959999999999999,0.18,0.084
561,500,CC,LITETime,0.006,0.248,0.242
562,500,CC,LITETime,0.1739999999999999,0.668,0.842
563,500,CC,LITETime,0.0839999999999999,0.552,0.636
564,500,CC,LITETime,0.118,0.53,0.648
565,500,CC,LITETime,0.144,0.526,0.67
566,500,CC,LITETime,0.184,0.578,0.762
567,500,CC,LITETime,0.1,0.158,0.058
568,500,CC,LITETime,0.0259999999999999,0.34,0.366
569,500,CC,LITETime,0.084,0.454,0.538
570,500,CC,LITETime,0.0239999999999999,0.362,0.338
571,500,CC,LITETime,0.1859999999999999,0.658,0.844
572,500,CC,LITETime,0.06,0.422,0.482
573,500,CC,LITETime,0.142,0.626,0.768
574,500,CC,LITETime,0.1679999999999999,0.684,0.852
575,500,CC,LITETime,0.0479999999999999,0.456,0.504
576,500,CC,LITETime,0.242,0.666,0.908
577,500,CC,LITETime,0.1299999999999999,0.456,0.586
578,500,CC,LITETime,0.2099999999999999,0.64,0.85
579,500,CC,LITETime,0.016,0.324,0.34
580,500,CC,LITETime,0.0579999999999999,0.44,0.498
581,500,CC,LITETime,0.122,0.408,0.53
582,500,CC,LITETime,0.072,0.176,0.104
583,500,CC,LITETime,0.02,0.378,0.398
584,500,CC,LITETime,0.218,0.698,0.916
585,500,CC,LITETime,0.1119999999999999,0.518,0.63
586,500,CC,LITETime,0.062,0.238,0.176
587,500,CC,LITETime,0.008,0.33,0.338
588,500,CC,LITETime,0.032,0.222,0.19
589,500,CC,LITETime,0.122,0.146,0.024
590,500,CC,LITETime,0.2320000000000001,0.694,0.926
591,500,CC,LITETime,0.0559999999999999,0.392,0.448
592,500,CC,LITETime,0.0439999999999999,0.35,0.306
593,500,CC,LITETime,0.0679999999999999,0.53,0.598
594,500,CC,LITETime,0.146,0.152,0.006
595,500,CC,LITETime,0.0399999999999999,0.318,0.278
596,500,CC,LITETime,0.124,0.578,0.702
597,500,CC,LITETime,0.124,0.508,0.632
598,500,CC,LITETime,0.2179999999999999,0.762,0.98
599,500,CC,LITETime,0.12,0.5,0.62
600,500,CC,LITETime,0.0339999999999999,0.442,0.476
601,500,CC,LITETime,0.156,0.604,0.76
602,500,CC,LITETime,0.21,0.692,0.902
603,500,CC,LITETime,0.128,0.592,0.72
604,500,CC,LITETime,0.2219999999999999,0.74,0.962
605,500,CC,LITETime,0.184,0.598,0.782
606,500,CC,LITETime,0.2079999999999999,0.658,0.866
607,500,CC,LITETime,0.0979999999999999,0.212,0.114
608,500,CC,LITETime,0.16,0.572,0.732
609,500,CC,LITETime,0.0359999999999999,0.404,0.44
610,500,CC,LITETime,0.076,0.476,0.552
611,500,CC,LITETime,0.152,0.502,0.654
612,500,CC,LITETime,0.246,0.722,0.968
613,500,CC,LITETime,0.264,0.72,0.984
614,500,CC,LITETime,0.046,0.334,0.288
615,500,CC,LITETime,0.162,0.57,0.732
616,500,CC,LITETime,0.14,0.608,0.748
617,500,CC,LITETime,0.014,0.36,0.346
618,500,CC,LITETime,0.094,0.216,0.122
619,500,CC,LITETime,0.1099999999999999,0.15,0.04
620,500,CC,LITETime,0.202,0.574,0.776
621,500,CC,LITETime,0.078,0.41,0.488
622,500,CC,LITETime,0.258,0.726,0.984
623,500,CC,LITETime,0.056,0.408,0.464
624,500,CC,LITETime,0.2299999999999999,0.746,0.976
625,500,CC,LITETime,0.0519999999999999,0.358,0.41
626,500,CC,LITETime,0.146,0.646,0.792
627,500,CC,LITETime,0.118,0.202,0.084
628,500,CC,LITETime,0.07,0.484,0.554
629,500,CC,LITETime,0.122,0.68,0.802
630,500,CC,LITETime,0.21,0.714,0.924
631,500,CC,LITETime,0.1759999999999999,0.646,0.822
632,500,CC,LITETime,0.134,0.17,0.036
633,500,CC,LITETime,0.002,0.37,0.372
634,500,CC,LITETime,0.118,0.166,0.048
635,500,CC,LITETime,0.08,0.188,0.108
636,500,CC,LITETime,0.128,0.546,0.674
637,500,CC,LITETime,0.146,0.566,0.712
638,500,CC,LITETime,0.164,0.608,0.772
639,500,CC,LITETime,0.2199999999999999,0.644,0.864
640,500,CC,LITETime,0.164,0.574,0.738
641,500,CC,LITETime,0.172,0.628,0.8
642,500,CC,LITETime,0.122,0.17,0.048
643,500,CC,LITETime,0.036,0.27,0.234
644,500,CC,LITETime,0.0919999999999999,0.528,0.62
645,500,CC,LITETime,0.1819999999999999,0.676,0.858
646,500,CC,LITETime,0.158,0.162,0.004
647,500,CC,LITETime,0.07,0.444,0.514
648,500,CC,LITETime,0.12,0.556,0.676
649,500,CC,LITETime,0.102,0.13,0.028
650,500,CC,LITETime,0.04,0.36,0.4
651,500,CC,LITETime,0.2339999999999999,0.66,0.894
652,500,CC,LITETime,0.13,0.54,0.67
653,500,CC,LITETime,0.04,0.276,0.236
654,500,CC,LITETime,0.162,0.69,0.852
655,500,CC,LITETime,0.004,0.352,0.348
656,500,CC,LITETime,0.1819999999999999,0.67,0.852
657,500,CC,LITETime,0.002,0.296,0.298
658,500,CC,LITETime,0.0979999999999999,0.492,0.59
659,500,CC,LITETime,0.018,0.378,0.396
660,500,CC,LITETime,0.0439999999999999,0.318,0.274
661,500,CC,LITETime,0.1999999999999999,0.686,0.886
662,500,CC,LITETime,0.0499999999999999,0.236,0.186
663,500,CC,LITETime,0.114,0.198,0.084
664,500,CC,LITETime,0.004,0.336,0.34
665,500,CC,LITETime,0.128,0.588,0.716
666,500,CC,LITETime,0.182,0.624,0.806
667,500,CC,LITETime,0.2139999999999999,0.784,0.998
668,500,CC,LITETime,0.018,0.314,0.296
669,500,CC,LITETime,0.046,0.36,0.406
670,500,CC,LITETime,0.0719999999999999,0.208,0.136
671,500,CC,LITETime,0.0719999999999999,0.502,0.574
672,500,CC,LITETime,0.276,0.72,0.996
673,500,CC,LITETime,0.124,0.576,0.7
674,500,CC,LITETime,0.0799999999999999,0.514,0.594
675,500,CC,LITETime,0.006,0.386,0.392
676,500,CC,LITETime,0.192,0.722,0.914
677,500,CC,LITETime,0.0379999999999999,0.458,0.496
678,500,CC,LITETime,0.0819999999999999,0.216,0.134
679,500,CC,LITETime,0.008,0.372,0.364
680,500,CC,LITETime,0.128,0.194,0.066
681,500,CC,LITETime,0.0459999999999999,0.246,0.2
682,500,CC,LITETime,0.142,0.158,0.016
683,500,CC,LITETime,0.0519999999999999,0.4,0.452
684,500,CC,LITETime,0.0799999999999999,0.554,0.634
685,500,CC,LITETime,0.0319999999999999,0.374,0.342
686,500,CC,LITETime,0.006,0.414,0.42
687,500,CC,LITETime,0.2239999999999999,0.734,0.958
688,500,CC,LITETime,0.2039999999999999,0.546,0.75
689,500,CC,LITETime,0.09,0.45,0.54
690,500,CC,LITETime,0.01,0.294,0.284
691,500,CC,LITETime,0.2259999999999999,0.67,0.896
692,500,CC,LITETime,0.0799999999999999,0.314,0.234
693,500,CC,LITETime,0.0479999999999999,0.372,0.324
694,500,CC,LITETime,0.264,0.644,0.908
695,500,CC,LITETime,0.056,0.472,0.528
696,500,CC,LITETime,0.1039999999999999,0.638,0.742
697,500,CC,LITETime,0.0899999999999999,0.5,0.59
698,500,CC,LITETime,0.138,0.514,0.652
699,500,CC,LITETime,0.016,0.282,0.298
700,500,CC,LITETime,0.0579999999999999,0.298,0.24
701,500,CC,LITETime,0.008,0.33,0.322
702,500,CC,LITETime,0.0499999999999999,0.204,0.154
703,500,CC,LITETime,0.1939999999999999,0.68,0.874
704,500,CC,LITETime,0.03,0.312,0.282
705,500,CC,LITETime,0.076,0.484,0.56
706,500,CC,LITETime,0.204,0.586,0.79
707,500,CC,LITETime,0.158,0.624,0.782
708,500,CC,LITETime,0.0379999999999999,0.4,0.438
709,500,CC,LITETime,0.062,0.414,0.476
710,500,CC,LITETime,0.236,0.758,0.994
711,500,CC,LITETime,0.118,0.556,0.674
712,500,CC,LITETime,0.1419999999999999,0.672,0.814
713,500,CC,LITETime,0.184,0.718,0.902
714,500,CC,LITETime,0.142,0.644,0.786
715,500,CC,LITETime,0.084,0.268,0.184
716,500,CC,LITETime,0.056,0.506,0.562
717,500,CC,LITETime,0.0779999999999999,0.178,0.1
718,500,CC,LITETime,0.13,0.522,0.652
719,500,CC,LITETime,0.2179999999999999,0.736,0.954
720,500,CC,LITETime,0.076,0.436,0.512
721,500,CC,LITETime,0.016,0.416,0.432
722,500,CC,LITETime,0.118,0.152,0.034
723,500,CC,LITETime,0.2339999999999999,0.724,0.958
724,500,CC,LITETime,0.136,0.238,0.102
725,500,CC,LITETime,0.128,0.168,0.04
726,500,CC,LITETime,0.0499999999999999,0.296,0.246
727,500,CC,LITETime,0.132,0.196,0.064
728,500,CC,LITETime,0.0519999999999999,0.402,0.454
729,500,CC,LITETime,0.086,0.43,0.516
730,500,CC,LITETime,0.012,0.3,0.312
731,500,CC,LITETime,0.12,0.17,0.05
732,500,CC,LITETime,0.088,0.198,0.11
733,500,CC,LITETime,0.032,0.352,0.384
734,500,CC,LITETime,0.126,0.186,0.06
735,500,CC,LITETime,0.1459999999999999,0.552,0.698
736,500,CC,LITETime,0.046,0.252,0.206
737,500,CC,LITETime,0.026,0.328,0.302
738,500,CC,LITETime,0.0279999999999999,0.422,0.394
739,500,CC,LITETime,0.0379999999999999,0.378,0.416
740,500,CC,LITETime,0.128,0.128,0.0
741,500,CC,LITETime,0.0959999999999999,0.208,0.112
742,500,CC,LITETime,0.1839999999999999,0.678,0.862
743,500,CC,LITETime,0.144,0.144,0.0
744,500,CC,LITETime,0.078,0.43,0.508
745,500,CC,LITETime,0.066,0.422,0.488
746,500,CC,LITETime,0.006,0.338,0.332
747,500,CC,LITETime,0.006,0.424,0.43
748,500,CC,LITETime,0.16,0.62,0.78
749,500,CC,LITETime,0.1899999999999999,0.65,0.84
750,500,CC,LITETime,0.0239999999999999,0.284,0.26
751,500,CC,LITETime,0.0459999999999999,0.368,0.322
752,500,CC,LITETime,0.016,0.258,0.242
753,500,CC,LITETime,0.0519999999999999,0.426,0.478
754,500,CC,LITETime,0.098,0.584,0.682
755,500,CC,LITETime,0.042,0.27,0.228
756,500,CC,LITETime,0.0139999999999999,0.344,0.33
757,500,CC,LITETime,0.2240000000000001,0.706,0.93
758,500,CC,LITETime,0.122,0.17,0.048
759,500,CC,LITETime,0.028,0.432,0.46
760,500,CC,LITETime,0.13,0.58,0.71
761,500,CC,LITETime,0.046,0.196,0.15
762,500,CC,LITETime,0.122,0.168,0.046
763,500,CC,LITETime,0.06,0.198,0.138
764,500,CC,LITETime,0.2319999999999999,0.686,0.918
765,500,CC,LITETime,0.124,0.132,0.008
766,500,CC,LITETime,0.042,0.23,0.188
767,500,CC,LITETime,0.1,0.13,0.03
768,500,CC,LITETime,0.112,0.222,0.11
769,500,CC,LITETime,0.1039999999999999,0.516,0.62
770,500,CC,LITETime,0.028,0.268,0.24
771,500,CC,LITETime,0.0379999999999999,0.53,0.568
772,500,CC,LITETime,0.1079999999999999,0.482,0.59
773,500,CC,LITETime,0.1799999999999999,0.668,0.848
774,500,CC,LITETime,0.126,0.13,0.004
775,500,CC,LITETime,0.2119999999999999,0.64,0.852
776,500,CC,LITETime,0.1039999999999999,0.514,0.618
777,500,CC,LITETime,0.072,0.234,0.162
778,500,CC,LITETime,0.146,0.626,0.772
779,500,CC,LITETime,0.154,0.7,0.854
780,500,CC,LITETime,0.02,0.274,0.254
781,500,CC,LITETime,0.2300000000000001,0.688,0.918
782,500,CC,LITETime,0.038,0.416,0.454
783,500,CC,LITETime,0.0899999999999999,0.512,0.602
784,500,CC,LITETime,0.2339999999999999,0.75,0.984
785,500,CC,LITETime,0.01,0.35,0.36
786,500,CC,LITETime,0.172,0.64,0.812
787,500,CC,LITETime,0.006,0.324,0.318
788,500,CC,LITETime,0.194,0.604,0.798
789,500,CC,LITETime,0.0859999999999999,0.514,0.6
790,500,CC,LITETime,0.03,0.246,0.216
791,500,CC,LITETime,0.0159999999999999,0.398,0.414
792,500,CC,LITETime,0.0299999999999999,0.346,0.316
793,500,CC,LITETime,0.0939999999999999,0.172,0.078
794,500,CC,LITETime,0.134,0.162,0.028
795,500,CC,LITETime,0.0179999999999999,0.328,0.346
796,500,CC,LITETime,0.174,0.192,0.018
797,500,CC,LITETime,0.104,0.268,0.164
798,500,CC,LITETime,0.15,0.574,0.724
799,500,CC,LITETime,0.1159999999999999,0.592,0.708
800,500,CC,LITETime,0.13,0.608,0.738
801,500,CC,LITETime,0.024,0.34,0.316
802,500,CC,LITETime,0.156,0.734,0.89
803,500,CC,LITETime,0.0979999999999999,0.494,0.592
804,500,CC,LITETime,0.098,0.224,0.126
805,500,CC,LITETime,0.078,0.22,0.142
806,500,CC,LITETime,0.1299999999999999,0.562,0.692
807,500,CC,LITETime,0.07,0.242,0.172
808,500,CC,LITETime,0.072,0.434,0.506
809,500,CC,LITETime,0.26,0.73,0.99
810,500,CC,LITETime,0.124,0.128,0.004
811,500,CC,LITETime,0.154,0.17,0.016
812,500,CC,LITETime,0.24,0.752,0.992
813,500,CC,LITETime,0.0779999999999999,0.506,0.584
814,500,CC,LITETime,0.092,0.218,0.126
815,500,CC,LITETime,0.206,0.69,0.896
816,500,CC,LITETime,0.1959999999999999,0.684,0.88
817,500,CC,LITETime,0.044,0.492,0.536
818,500,CC,LITETime,0.12,0.5,0.62
819,500,CC,LITETime,0.0279999999999999,0.3,0.272
820,500,CC,LITETime,0.1239999999999999,0.174,0.05
821,500,CC,LITETime,0.0899999999999999,0.504,0.594
822,500,CC,LITETime,0.024,0.318,0.294
823,500,CC,LITETime,0.132,0.53,0.662
824,500,CC,LITETime,0.1659999999999999,0.67,0.836
825,500,CC,LITETime,0.134,0.152,0.018
826,500,CC,LITETime,0.0979999999999999,0.496,0.594
827,500,CC,LITETime,0.0519999999999999,0.282,0.23
828,500,CC,LITETime,0.182,0.69,0.872
829,500,CC,LITETime,0.0519999999999999,0.304,0.252
830,500,CC,LITETime,0.1019999999999999,0.508,0.61
831,500,CC,LITETime,0.066,0.486,0.552
832,500,CC,LITETime,0.016,0.38,0.396
833,500,CC,LITETime,0.098,0.578,0.676
834,500,CC,LITETime,0.1819999999999999,0.542,0.724
835,500,CC,LITETime,0.0859999999999999,0.48,0.566
836,500,CC,LITETime,0.168,0.59,0.758
837,500,CC,LITETime,0.24,0.742,0.982
838,500,CC,LITETime,0.0139999999999999,0.404,0.418
839,500,CC,LITETime,0.044,0.47,0.514
840,500,CC,LITETime,0.106,0.118,0.012
841,500,CC,LITETime,0.184,0.612,0.796
842,500,CC,LITETime,0.0579999999999999,0.462,0.52
843,500,CC,LITETime,0.02,0.386,0.406
844,500,CC,LITETime,0.088,0.182,0.094
845,500,CC,LITETime,0.2239999999999999,0.664,0.888
846,500,CC,LITETime,0.0,0.394,0.394
847,500,CC,LITETime,0.1180000000000001,0.564,0.682
848,500,CC,LITETime,0.046,0.194,0.148
849,500,CC,LITETime,0.2159999999999999,0.744,0.96
850,500,CC,LITETime,0.072,0.25,0.178
851,500,CC,LITETime,0.0439999999999999,0.242,0.198
852,500,CC,LITETime,0.2059999999999999,0.652,0.858
853,500,CC,LITETime,0.2220000000000001,0.69,0.912
854,500,CC,LITETime,0.032,0.244,0.212
855,500,CC,LITETime,0.0,0.468,0.468
856,500,CC,LITETime,0.132,0.6,0.732
857,500,CC,LITETime,0.1939999999999999,0.684,0.878
858,500,CC,LITETime,0.006,0.384,0.378
859,500,CC,LITETime,0.07,0.446,0.516
860,500,CC,LITETime,0.144,0.596,0.74
861,500,CC,LITETime,0.142,0.588,0.73
862,500,CC,LITETime,0.174,0.608,0.782
863,500,CC,LITETime,0.0939999999999999,0.474,0.568
864,500,CC,LITETime,0.102,0.206,0.104
865,500,CC,LITETime,0.212,0.69,0.902
866,500,CC,LITETime,0.172,0.692,0.864
867,500,CC,LITETime,0.206,0.592,0.798
868,500,CC,LITETime,0.0799999999999999,0.178,0.098
869,500,CC,LITETime,0.054,0.258,0.204
870,500,CC,LITETime,0.1839999999999999,0.558,0.742
871,500,CC,LITETime,0.132,0.154,0.022
872,500,CC,LITETime,0.248,0.73,0.978
873,500,CC,LITETime,0.012,0.364,0.376
874,500,CC,LITETime,0.134,0.584,0.718
875,500,CC,LITETime,0.194,0.692,0.886
876,500,CC,LITETime,0.008,0.386,0.394
877,500,CC,LITETime,0.018,0.336,0.318
878,500,CC,LITETime,0.1159999999999999,0.492,0.608
879,500,CC,LITETime,0.1179999999999999,0.462,0.58
880,500,CC,LITETime,0.0059999999999999,0.402,0.408
881,500,CC,LITETime,0.0879999999999999,0.512,0.6
882,500,CC,LITETime,0.2460000000000001,0.688,0.934
883,500,CC,LITETime,0.058,0.408,0.466
884,500,CC,LITETime,0.0459999999999999,0.242,0.196
885,500,CC,LITETime,0.0459999999999999,0.422,0.376
886,500,CC,LITETime,0.03,0.364,0.394
887,500,CC,LITETime,0.0839999999999999,0.214,0.13
888,500,CC,LITETime,0.07,0.232,0.162
889,500,CC,LITETime,0.164,0.52,0.684
890,500,CC,LITETime,0.01,0.328,0.338
891,500,CC,LITETime,0.242,0.712,0.954
892,500,CC,LITETime,0.038,0.28,0.242
893,500,CC,LITETime,0.0779999999999999,0.176,0.098
894,500,CC,LITETime,0.162,0.59,0.752
895,500,CC,LITETime,0.2219999999999999,0.658,0.88
896,500,CC,LITETime,0.0499999999999999,0.328,0.278
897,500,CC,LITETime,0.0859999999999999,0.288,0.202
898,500,CC,LITETime,0.0579999999999999,0.242,0.184
899,500,CC,LITETime,0.094,0.428,0.522
900,500,CC,LITETime,0.048,0.42,0.468
901,500,CC,LITETime,0.01,0.268,0.258
902,500,CC,LITETime,0.11,0.154,0.044
903,500,CC,LITETime,0.0839999999999999,0.396,0.48
904,500,CC,LITETime,0.266,0.692,0.958
905,500,CC,LITETime,0.126,0.526,0.652
906,500,CC,LITETime,0.0459999999999999,0.448,0.494
907,500,CC,LITETime,0.088,0.198,0.11
908,500,CC,LITETime,0.0559999999999999,0.308,0.252
909,500,CC,LITETime,0.028,0.322,0.294
910,500,CC,LITETime,0.164,0.6,0.764
911,500,CC,LITETime,0.18,0.696,0.876
912,500,CC,LITETime,0.2179999999999999,0.682,0.9
913,500,CC,LITETime,0.2299999999999999,0.754,0.984
914,500,CC,LITETime,0.2099999999999999,0.772,0.982
915,500,CC,LITETime,0.2679999999999999,0.684,0.952
916,500,CC,LITETime,0.088,0.158,0.07
917,500,CC,LITETime,0.0679999999999999,0.204,0.136
918,500,CC,LITETime,0.01,0.314,0.304
919,500,CC,LITETime,0.092,0.46,0.552
920,500,CC,LITETime,0.06,0.156,0.096
921,500,CC,LITETime,0.1739999999999999,0.67,0.844
922,500,CC,LITETime,0.0739999999999999,0.542,0.616
923,500,CC,LITETime,0.064,0.478,0.542
924,500,CC,LITETime,0.0499999999999999,0.214,0.164
925,500,CC,LITETime,0.06,0.312,0.252
926,500,CC,LITETime,0.062,0.222,0.16
927,500,CC,LITETime,0.2059999999999999,0.644,0.85
928,500,CC,LITETime,0.0879999999999999,0.496,0.584
929,500,CC,LITETime,0.124,0.61,0.734
930,500,CC,LITETime,0.03,0.326,0.296
931,500,CC,LITETime,0.008,0.362,0.37
932,500,CC,LITETime,0.042,0.362,0.404
933,500,CC,LITETime,0.138,0.622,0.76
934,500,CC,LITETime,0.152,0.62,0.772
935,500,CC,LITETime,0.06,0.266,0.206
936,500,CC,LITETime,0.2179999999999999,0.722,0.94
937,500,CC,LITETime,0.076,0.196,0.12
938,500,CC,LITETime,0.2139999999999999,0.682,0.896
939,500,CC,LITETime,0.0739999999999999,0.174,0.1
940,500,CC,LITETime,0.0459999999999999,0.31,0.264
941,500,CC,LITETime,0.2179999999999999,0.628,0.846
942,500,CC,LITETime,0.064,0.242,0.178
943,500,CC,LITETime,0.014,0.426,0.412
944,500,CC,LITETime,0.034,0.414,0.448
945,500,CC,LITETime,0.024,0.268,0.244
946,500,CC,LITETime,0.118,0.592,0.71
947,500,CC,LITETime,0.1679999999999999,0.682,0.85
948,500,CC,LITETime,0.1919999999999999,0.682,0.874
949,500,CC,LITETime,0.004,0.334,0.338
950,500,CC,LITETime,0.06,0.47,0.53
951,500,CC,LITETime,0.0579999999999999,0.306,0.248
952,500,CC,LITETime,0.0479999999999999,0.292,0.244
953,500,CC,LITETime,0.098,0.258,0.16
954,500,CC,LITETime,0.2299999999999999,0.71,0.94
955,500,CC,LITETime,0.198,0.688,0.886
956,500,CC,LITETime,0.15,0.626,0.776
957,500,CC,LITETime,0.044,0.472,0.516
958,500,CC,LITETime,0.072,0.418,0.49
959,500,CC,LITETime,0.066,0.462,0.528
960,500,CC,LITETime,0.058,0.478,0.536
961,500,CC,LITETime,0.0459999999999999,0.388,0.434
962,500,CC,LITETime,0.0759999999999999,0.206,0.13
963,500,CC,LITETime,0.086,0.21,0.124
964,500,CC,LITETime,0.1839999999999999,0.768,0.952
965,500,CC,LITETime,0.0279999999999999,0.454,0.482
966,500,CC,LITETime,0.2139999999999999,0.738,0.952
967,500,CC,LITETime,0.0459999999999999,0.208,0.162
968,500,CC,LITETime,0.092,0.462,0.554
969,500,CC,LITETime,0.054,0.26,0.206
970,500,CC,LITETime,0.0359999999999999,0.288,0.252
971,500,CC,LITETime,0.092,0.122,0.03
972,500,CC,LITETime,0.082,0.2,0.118
973,500,CC,LITETime,0.206,0.71,0.916
974,500,CC,LITETime,0.0,0.32,0.32
975,500,CC,LITETime,0.122,0.486,0.608
976,500,CC,LITETime,0.03,0.434,0.464
977,500,CC,LITETime,0.036,0.364,0.4
978,500,CC,LITETime,0.072,0.458,0.53
979,500,CC,LITETime,0.078,0.264,0.186
980,500,CC,LITETime,0.278,0.71,0.988
981,500,CC,LITETime,0.1919999999999999,0.626,0.818
982,500,CC,LITETime,0.154,0.586,0.74
983,500,CC,LITETime,0.018,0.45,0.468
984,500,CC,LITETime,0.076,0.228,0.152
985,500,CC,LITETime,0.218,0.702,0.92
986,500,CC,LITETime,0.014,0.326,0.34
987,500,CC,LITETime,0.126,0.176,0.05
988,500,CC,LITETime,0.0039999999999999,0.346,0.342
989,500,CC,LITETime,0.166,0.628,0.794
990,500,CC,LITETime,0.12,0.502,0.622
991,500,CC,LITETime,0.146,0.604,0.75
992,500,CC,LITETime,0.148,0.644,0.792
993,500,CC,LITETime,0.058,0.268,0.21
994,500,CC,LITETime,0.212,0.71,0.922
995,500,CC,LITETime,0.0379999999999999,0.398,0.436
996,500,CC,LITETime,0.148,0.49,0.638
997,500,CC,LITETime,0.126,0.128,0.002
998,500,CC,LITETime,0.26,0.732,0.992
999,500,CC,LITETime,0.0059999999999999,0.286,0.28
1000,500,CC,LITETime,0.102,0.164,0.062
1001,500,CC,LITETime,0.012,0.446,0.458
1002,500,CC,LITETime,0.1079999999999999,0.236,0.128
1003,500,CC,LITETime,0.076,0.228,0.152
1004,500,CC,LITETime,0.1159999999999999,0.516,0.632
1005,500,CC,LITETime,0.026,0.366,0.392
1006,500,CC,LITETime,0.238,0.682,0.92
1007,500,CC,LITETime,0.016,0.334,0.318
1008,500,CC,LITETime,0.15,0.576,0.726
1009,500,CC,LITETime,0.06,0.4,0.46
1010,500,CC,LITETime,0.1099999999999999,0.548,0.658
1011,500,CC,LITETime,0.0959999999999999,0.502,0.598
1012,500,CC,LITETime,0.0419999999999999,0.43,0.472
1013,500,CC,LITETime,0.2259999999999999,0.724,0.95
1014,500,CC,LITETime,0.0319999999999999,0.374,0.342
1015,500,CC,LITETime,0.064,0.24,0.176
1016,500,CC,LITETime,0.152,0.526,0.678
1017,500,CC,LITETime,0.2059999999999999,0.64,0.846
1018,500,CC,LITETime,0.124,0.164,0.04
1019,500,CC,LITETime,0.0439999999999999,0.404,0.448
1020,500,CC,LITETime,0.2,0.692,0.892
1021,500,CC,LITETime,0.15,0.598,0.748
1022,500,CC,LITETime,0.278,0.712,0.99
1023,500,CC,LITETime,0.062,0.468,0.53
1024,500,CC,LITETime,0.124,0.534,0.658
1025,500,CC,LITETime,0.018,0.32,0.302
1026,500,CC,LITETime,0.2039999999999999,0.742,0.946
1027,500,CC,LITETime,0.0,0.366,0.366
1028,500,CC,LITETime,0.144,0.594,0.738
1029,500,CC,LITETime,0.012,0.39,0.402
1030,500,CC,LITETime,0.052,0.508,0.56
1031,500,CC,LITETime,0.1619999999999999,0.556,0.718
1032,500,CC,LITETime,0.0479999999999999,0.46,0.508
1033,500,CC,LITETime,0.218,0.688,0.906
1034,500,CC,LITETime,0.004,0.414,0.418
1035,500,CC,LITETime,0.1139999999999999,0.532,0.646
1036,500,CC,LITETime,0.0139999999999999,0.356,0.342
1037,500,CC,LITETime,0.002,0.41,0.408
1038,500,CC,LITETime,0.0359999999999999,0.404,0.44
1039,500,CC,LITETime,0.074,0.198,0.124
1040,500,CC,LITETime,0.1159999999999999,0.206,0.09
1041,500,CC,LITETime,0.126,0.54,0.666
1042,500,CC,LITETime,0.1159999999999999,0.538,0.654
1043,500,CC,LITETime,0.13,0.532,0.662
1044,500,CC,LITETime,0.112,0.13,0.018
1045,500,CC,LITETime,0.014,0.34,0.326
1046,500,CC,LITETime,0.0439999999999999,0.24,0.196
1047,500,CC,LITETime,0.128,0.65,0.778
1048,500,CC,LITETime,0.168,0.692,0.86
1049,500,CC,LITETime,0.0439999999999999,0.29,0.246
1050,500,CC,LITETime,0.136,0.53,0.666
1051,500,CC,LITETime,0.0839999999999999,0.212,0.128
1052,500,CC,LITETime,0.0259999999999999,0.3,0.274
1053,500,CC,LITETime,0.0979999999999999,0.236,0.138
1054,500,CC,LITETime,0.014,0.296,0.282
1055,500,CC,LITETime,0.12,0.554,0.674
1056,500,CC,LITETime,0.2259999999999999,0.684,0.91
1057,500,CC,LITETime,0.0499999999999999,0.252,0.202
1058,500,CC,LITETime,0.112,0.43,0.542
1059,500,CC,LITETime,0.1579999999999999,0.542,0.7
1060,500,CC,LITETime,0.2259999999999999,0.726,0.952
1061,500,CC,LITETime,0.1139999999999999,0.496,0.61
1062,500,CC,LITETime,0.0279999999999999,0.282,0.254
1063,500,CC,LITETime,0.0839999999999999,0.54,0.624
1064,500,CC,LITETime,0.02,0.34,0.32
1065,500,CC,LITETime,0.2039999999999999,0.772,0.976
1066,500,CC,LITETime,0.012,0.386,0.398
1067,500,CC,LITETime,0.1080000000000001,0.576,0.684
1068,500,CC,LITETime,0.092,0.114,0.022
1069,500,CC,LITETime,0.016,0.384,0.4
1070,500,CC,LITETime,0.1959999999999999,0.678,0.874
1071,500,CC,LITETime,0.0739999999999999,0.536,0.61
1072,500,CC,LITETime,0.0439999999999999,0.398,0.442
1073,500,CC,LITETime,0.22,0.714,0.934
1074,500,CC,LITETime,0.1979999999999999,0.654,0.852
1075,500,CC,LITETime,0.002,0.32,0.322
1076,500,CC,LITETime,0.084,0.46,0.544
1077,500,CC,LITETime,0.0539999999999999,0.434,0.488
1078,500,CC,LITETime,0.1099999999999999,0.522,0.632
1079,500,CC,LITETime,0.0159999999999999,0.35,0.334
1080,500,CC,LITETime,0.036,0.28,0.244
1081,500,CC,LITETime,0.2240000000000001,0.688,0.912
1082,500,CC,LITETime,0.2240000000000001,0.698,0.922
1083,500,CC,LITETime,0.1619999999999999,0.68,0.842
1084,500,CC,LITETime,0.2299999999999999,0.748,0.978
1085,500,CC,LITETime,0.158,0.586,0.744
1086,500,CC,LITETime,0.156,0.608,0.764
1087,500,CC,LITETime,0.14,0.622,0.762
1088,500,CC,LITETime,0.0519999999999999,0.428,0.48
1089,500,CC,LITETime,0.034,0.422,0.456
1090,500,CC,LITETime,0.024,0.264,0.24
1091,500,CC,LITETime,0.12,0.524,0.644
1092,500,CC,LITETime,0.012,0.3,0.288
1093,500,CC,LITETime,0.066,0.322,0.256
1094,500,CC,LITETime,0.0819999999999999,0.502,0.584
1095,500,CC,LITETime,0.0299999999999999,0.378,0.408
1096,500,CC,LITETime,0.046,0.264,0.218
1097,500,CC,LITETime,0.2079999999999999,0.608,0.816
1098,500,CC,LITETime,0.1999999999999999,0.66,0.86
1099,500,CC,LITETime,0.088,0.254,0.166
1100,500,CC,LITETime,0.144,0.15,0.006
1101,500,CC,LITETime,0.004,0.34,0.336
1102,500,CC,LITETime,0.202,0.594,0.796
1103,500,CC,LITETime,0.1719999999999999,0.666,0.838
1104,500,CC,LITETime,0.0559999999999999,0.194,0.138
1105,500,CC,LITETime,0.152,0.622,0.774
1106,500,CC,LITETime,0.0599999999999999,0.174,0.114
1107,500,CC,LITETime,0.02,0.37,0.39
1108,500,CC,LITETime,0.266,0.732,0.998
1109,500,CC,LITETime,0.0479999999999999,0.24,0.192
1110,500,CC,LITETime,0.0839999999999999,0.236,0.152
1111,500,CC,LITETime,0.0519999999999999,0.37,0.422
1112,500,CC,LITETime,0.0879999999999999,0.53,0.618
1113,500,CC,LITETime,0.208,0.724,0.932
1114,500,CC,LITETime,0.238,0.742,0.98
1115,500,CC,LITETime,0.13,0.198,0.068
1116,500,CC,LITETime,0.092,0.228,0.136
1117,500,CC,LITETime,0.2220000000000001,0.568,0.79
1118,500,CC,LITETime,0.0579999999999999,0.328,0.27
1119,500,CC,LITETime,0.2019999999999999,0.682,0.884
1120,500,CC,LITETime,0.118,0.544,0.662
1121,500,CC,LITETime,0.102,0.212,0.11
1122,500,CC,LITETime,0.1779999999999999,0.654,0.832
1123,500,CC,LITETime,0.074,0.25,0.176
1124,500,CC,LITETime,0.008,0.414,0.422
1125,500,CC,LITETime,0.072,0.48,0.552
1126,500,CC,LITETime,0.0419999999999999,0.458,0.5
1127,500,CC,LITETime,0.1140000000000001,0.572,0.686
1128,500,CC,LITETime,0.156,0.496,0.652
1129,500,CC,LITETime,0.256,0.736,0.992
1130,500,CC,LITETime,0.2319999999999999,0.766,0.998
1131,500,CC,LITETime,0.076,0.44,0.516
1132,500,CC,LITETime,0.074,0.168,0.094
1133,500,CC,LITETime,0.12,0.606,0.726
1134,500,CC,LITETime,0.26,0.716,0.976
1135,500,CC,LITETime,0.018,0.336,0.318
1136,500,CC,LITETime,0.032,0.428,0.46
1137,500,CC,LITETime,0.012,0.412,0.424
1138,500,CC,LITETime,0.12,0.17,0.05
1139,500,CC,LITETime,0.13,0.542,0.672
1140,500,CC,LITETime,0.0299999999999999,0.322,0.352
1141,500,CC,LITETime,0.164,0.622,0.786
1142,500,CC,LITETime,0.1799999999999999,0.652,0.832
1143,500,CC,LITETime,0.1679999999999999,0.652,0.82
1144,500,CC,LITETime,0.0459999999999999,0.37,0.416
1145,500,CC,LITETime,0.01,0.33,0.32
1146,500,CC,LITETime,0.13,0.618,0.748
1147,500,CC,LITETime,0.156,0.644,0.8
1148,500,CC,LITETime,0.0439999999999999,0.446,0.49
1149,500,CC,LITETime,0.196,0.696,0.892
1150,500,CC,LITETime,0.066,0.208,0.142
1151,500,CC,LITETime,0.188,0.69,0.878
1152,500,CC,LITETime,0.094,0.19,0.096
1153,500,CC,LITETime,0.04,0.192,0.152
1154,500,CC,LITETime,0.072,0.46,0.532
1155,500,CC,LITETime,0.1099999999999999,0.176,0.066
1156,500,CC,LITETime,0.1,0.152,0.052
1157,500,CC,LITETime,0.13,0.13,0.0
1158,500,CC,LITETime,0.0319999999999999,0.404,0.436
1159,500,CC,LITETime,0.168,0.606,0.774
1160,500,CC,LITETime,0.118,0.152,0.034
1161,500,CC,LITETime,0.128,0.524,0.652
1162,500,CC,LITETime,0.1499999999999999,0.672,0.822
1163,500,CC,LITETime,0.0519999999999999,0.22,0.168
1164,500,CC,LITETime,0.118,0.264,0.146
1165,500,CC,LITETime,0.2179999999999999,0.642,0.86
1166,500,CC,LITETime,0.1859999999999999,0.636,0.822
1167,500,CC,LITETime,0.068,0.47,0.538
1168,500,CC,LITETime,0.1539999999999999,0.664,0.818
1169,500,CC,LITETime,0.1119999999999999,0.204,0.092
1170,500,CC,LITETime,0.022,0.372,0.394
1171,500,CC,LITETime,0.138,0.598,0.736
1172,500,CC,LITETime,0.0379999999999999,0.294,0.256
1173,500,CC,LITETime,0.15,0.602,0.752
1174,500,CC,LITETime,0.0519999999999999,0.452,0.504
1175,500,CC,LITETime,0.152,0.598,0.75
1176,500,CC,LITETime,0.054,0.41,0.464
1177,500,CC,LITETime,0.012,0.378,0.366
1178,500,CC,LITETime,0.034,0.252,0.218
1179,500,CC,LITETime,0.004,0.212,0.208
1180,500,CC,LITETime,0.14,0.61,0.75
1181,500,CC,LITETime,0.096,0.214,0.118
1182,500,CC,LITETime,0.112,0.196,0.084
1183,500,CC,LITETime,0.048,0.224,0.176
1184,500,CC,LITETime,0.068,0.242,0.174
1185,500,CC,LITETime,0.1719999999999999,0.65,0.822
1186,500,CC,LITETime,0.042,0.356,0.398
1187,500,CC,LITETime,0.2299999999999999,0.76,0.99
1188,500,CC,LITETime,0.0699999999999999,0.206,0.136
1189,500,CC,LITETime,0.1159999999999999,0.536,0.652
1190,500,CC,LITETime,0.068,0.38,0.448
1191,500,CC,LITETime,0.006,0.386,0.392
1192,500,CC,LITETime,0.186,0.688,0.874
1193,500,CC,LITETime,0.242,0.732,0.974
1194,500,CC,LITETime,0.2019999999999999,0.67,0.872
1195,500,CC,LITETime,0.0579999999999999,0.25,0.192
1196,500,CC,LITETime,0.0679999999999999,0.288,0.22
1197,500,CC,LITETime,0.0959999999999999,0.56,0.656
1198,500,CC,LITETime,0.0079999999999999,0.28,0.288
1199,500,CC,LITETime,0.1839999999999999,0.55,0.734
1200,500,CC,LITETime,0.0879999999999999,0.478,0.566
1201,500,CC,LITETime,0.074,0.476,0.55
1202,500,CC,LITETime,0.2039999999999999,0.624,0.828
1203,500,CC,LITETime,0.146,0.564,0.71
1204,500,CC,LITETime,0.136,0.162,0.026
1205,500,CC,LITETime,0.102,0.15,0.048
1206,500,CC,LITETime,0.0999999999999999,0.5,0.6
1207,500,CC,LITETime,0.0299999999999999,0.456,0.486
1208,500,CC,LITETime,0.01,0.25,0.26
1209,500,CC,LITETime,0.0439999999999999,0.374,0.418
1210,500,CC,LITETime,0.184,0.572,0.756
1211,500,CC,LITETime,0.1699999999999999,0.656,0.826
1212,500,CC,LITETime,0.08,0.48,0.56
1213,500,CC,LITETime,0.008,0.392,0.384
1214,500,CC,LITETime,0.0219999999999999,0.292,0.27
1215,500,CC,LITETime,0.02,0.5,0.52
1216,500,CC,LITETime,0.012,0.326,0.314
1217,500,CC,LITETime,0.0879999999999999,0.476,0.564
1218,500,CC,LITETime,0.162,0.514,0.676
1219,500,CC,LITETime,0.118,0.184,0.066
1220,500,CC,LITETime,0.146,0.146,0.0
1221,500,CC,LITETime,0.064,0.276,0.212
1222,500,CC,LITETime,0.188,0.706,0.894
1223,500,CC,LITETime,0.1159999999999999,0.53,0.646
1224,500,CC,LITETime,0.0779999999999999,0.248,0.17
1225,500,CC,LITETime,0.184,0.706,0.89
1226,500,CC,LITETime,0.028,0.44,0.468
1227,500,CC,LITETime,0.0459999999999999,0.43,0.476
1228,500,CC,LITETime,0.254,0.68,0.934
1229,500,CC,LITETime,0.124,0.182,0.058
1230,500,CC,LITETime,0.05,0.264,0.214
1231,500,CC,LITETime,0.0679999999999999,0.516,0.584
1232,500,CC,LITETime,0.066,0.26,0.194
1233,500,CC,LITETime,0.13,0.548,0.678
1234,500,CC,LITETime,0.0239999999999999,0.238,0.214
1235,500,CC,LITETime,0.1119999999999999,0.21,0.098
1236,500,CC,LITETime,0.038,0.244,0.206
1237,500,CC,LITETime,0.0319999999999999,0.39,0.422
1238,500,CC,LITETime,0.072,0.248,0.176
1239,500,CC,LITETime,0.0539999999999999,0.188,0.134
1240,500,CC,LITETime,0.1979999999999999,0.662,0.86
1241,500,CC,LITETime,0.0479999999999999,0.368,0.32
1242,500,CC,LITETime,0.014,0.374,0.36
1243,500,CC,LITETime,0.108,0.162,0.054
1244,500,CC,LITETime,0.006,0.362,0.356
1245,500,CC,LITETime,0.0339999999999999,0.298,0.264
1246,500,CC,LITETime,0.0999999999999999,0.51,0.61
1247,500,CC,LITETime,0.05,0.254,0.204
1248,500,CC,LITETime,0.162,0.726,0.888
1249,500,CC,LITETime,0.208,0.72,0.928
1250,500,CC,LITETime,0.104,0.202,0.098
1251,500,CC,LITETime,0.096,0.202,0.106
1252,500,CC,LITETime,0.0699999999999999,0.184,0.114
1253,500,CC,LITETime,0.1119999999999999,0.506,0.618
1254,500,CC,LITETime,0.1,0.22,0.12
1255,500,CC,LITETime,0.2139999999999999,0.638,0.852
1256,500,CC,LITETime,0.136,0.618,0.754
1257,500,CC,LITETime,0.1799999999999999,0.638,0.818
1258,500,CC,LITETime,0.0579999999999999,0.468,0.526
1259,500,CC,LITETime,0.246,0.75,0.996
1260,500,CC,LITETime,0.118,0.162,0.044
1261,500,CC,LITETime,0.004,0.396,0.4
1262,500,CC,LITETime,0.014,0.336,0.322
1263,500,CC,LITETime,0.2159999999999999,0.732,0.948
1264,500,CC,LITETime,0.0819999999999999,0.494,0.576
1265,500,CC,LITETime,0.178,0.628,0.806
1266,500,CC,LITETime,0.0559999999999999,0.226,0.17
1267,500,CC,LITETime,0.256,0.722,0.978
1268,500,CC,LITETime,0.0439999999999999,0.454,0.498
1269,500,CC,LITETime,0.08,0.412,0.492
1270,500,CC,LITETime,0.2299999999999999,0.74,0.97
1271,500,CC,LITETime,0.02,0.36,0.38
1272,500,CC,LITETime,0.046,0.35,0.396
1273,500,CC,LITETime,0.1139999999999999,0.47,0.584
1274,500,CC,LITETime,0.06,0.188,0.128
1275,500,CC,LITETime,0.016,0.336,0.32
1276,500,CC,LITETime,0.068,0.26,0.192
1277,500,CC,LITETime,0.114,0.216,0.102
1278,500,CC,LITETime,0.1819999999999999,0.684,0.866
1279,500,CC,LITETime,0.1139999999999999,0.474,0.588
1280,500,CC,LITETime,0.0159999999999999,0.342,0.358
1281,500,CC,LITETime,0.0479999999999999,0.36,0.408
1282,500,CC,LITETime,0.0359999999999999,0.394,0.43
1283,500,CC,LITETime,0.132,0.5,0.632
1284,500,CC,LITETime,0.208,0.718,0.926
1285,500,CC,LITETime,0.2240000000000001,0.708,0.932
1286,500,CC,LITETime,0.0179999999999999,0.408,0.39
1287,500,CC,LITETime,0.0279999999999999,0.356,0.328
1288,500,CC,LITETime,0.034,0.416,0.45
1289,500,CC,LITETime,0.0839999999999999,0.482,0.566
1290,500,CC,LITETime,0.062,0.398,0.46
1291,500,CC,LITETime,0.1059999999999999,0.552,0.658
1292,500,CC,LITETime,0.076,0.478,0.554
1293,500,CC,LITETime,0.014,0.334,0.32
1294,500,CC,LITETime,0.0139999999999999,0.33,0.344
1295,500,CC,LITETime,0.06,0.318,0.378
1296,500,CC,LITETime,0.104,0.198,0.094
1297,500,CC,LITETime,0.066,0.232,0.166
1298,500,CC,LITETime,0.14,0.582,0.722
1299,500,CC,LITETime,0.026,0.362,0.388
1300,500,CC,LITETime,0.054,0.268,0.214
1301,500,CC,LITETime,0.062,0.5,0.562
1302,500,CC,LITETime,0.136,0.618,0.754
1303,500,CC,LITETime,0.0299999999999999,0.286,0.256
1304,500,CC,LITETime,0.1959999999999999,0.63,0.826
1305,500,CC,LITETime,0.2220000000000001,0.704,0.926
1306,500,CC,LITETime,0.1099999999999999,0.486,0.596
1307,500,CC,LITETime,0.126,0.542,0.668
1308,500,CC,LITETime,0.118,0.17,0.052
1309,500,CC,LITETime,0.2259999999999999,0.718,0.944
1310,500,CC,LITETime,0.024,0.368,0.392
1311,500,CC,LITETime,0.174,0.748,0.922
1312,500,CC,LITETime,0.1119999999999999,0.466,0.578
1313,500,CC,LITETime,0.146,0.15,0.004
1314,500,CC,LITETime,0.1059999999999999,0.144,0.038
1315,500,CC,LITETime,0.13,0.55,0.68
1316,500,CC,LITETime,0.054,0.508,0.562
1317,500,CC,LITETime,0.12,0.146,0.026
1318,500,CC,LITETime,0.122,0.62,0.742
1319,500,CC,LITETime,0.1779999999999999,0.674,0.852
1320,500,CC,LITETime,0.004,0.492,0.496
1321,500,CC,LITETime,0.062,0.402,0.464
1322,500,CC,LITETime,0.128,0.132,0.004
1323,500,CC,LITETime,0.204,0.582,0.786
1324,500,CC,LITETime,0.0139999999999999,0.344,0.33
1325,500,CC,LITETime,0.2339999999999999,0.644,0.878
1326,500,CC,LITETime,0.008,0.38,0.372
1327,500,CC,LITETime,0.0719999999999999,0.492,0.564
1328,500,CC,LITETime,0.0319999999999999,0.302,0.27
1329,500,CC,LITETime,0.0779999999999999,0.238,0.16
1330,500,CC,LITETime,0.146,0.628,0.774
1331,500,CC,LITETime,0.064,0.432,0.496
1332,500,CC,LITETime,0.062,0.474,0.536
1333,500,CC,LITETime,0.1919999999999999,0.772,0.964
1334,500,CC,LITETime,0.252,0.71,0.962
1335,500,CC,LITETime,0.1919999999999999,0.662,0.854
1336,500,CC,LITETime,0.068,0.254,0.186
1337,500,CC,LITETime,0.1059999999999999,0.488,0.594
1338,500,CC,LITETime,0.2039999999999999,0.674,0.878
1339,500,CC,LITETime,0.0339999999999999,0.34,0.374
1340,500,CC,LITETime,0.0759999999999999,0.176,0.1
1341,500,CC,LITETime,0.17,0.64,0.81
1342,500,CC,LITETime,0.0279999999999999,0.452,0.48
1343,500,CC,LITETime,0.0979999999999999,0.466,0.564
1344,500,CC,LITETime,0.238,0.744,0.982
1345,500,CC,LITETime,0.0899999999999999,0.516,0.606
1346,500,CC,LITETime,0.0259999999999999,0.398,0.424
1347,500,CC,LITETime,0.022,0.346,0.368
1348,500,CC,LITETime,0.0399999999999999,0.376,0.416
1349,500,CC,LITETime,0.098,0.216,0.118
1350,500,CC,LITETime,0.204,0.59,0.794
1351,500,CC,LITETime,0.1559999999999999,0.68,0.836
1352,500,CC,LITETime,0.034,0.318,0.284
1353,500,CC,LITETime,0.04,0.342,0.302
1354,500,CC,LITETime,0.2179999999999999,0.656,0.874
1355,500,CC,LITETime,0.118,0.14,0.022
1356,500,CC,LITETime,0.05,0.47,0.52
1357,500,CC,LITETime,0.03,0.432,0.462
1358,500,CC,LITETime,0.1499999999999999,0.54,0.69
1359,500,CC,LITETime,0.07,0.232,0.162
1360,500,CC,LITETime,0.14,0.528,0.668
1361,500,CC,LITETime,0.006,0.382,0.376
1362,500,CC,LITETime,0.136,0.482,0.618
1363,500,CC,LITETime,0.1159999999999999,0.156,0.04
1364,500,CC,LITETime,0.036,0.424,0.46
1365,500,CC,LITETime,0.068,0.454,0.522
1366,500,CC,LITETime,0.048,0.262,0.214
1367,500,CC,LITETime,0.0759999999999999,0.214,0.138
1368,500,CC,LITETime,0.0539999999999999,0.242,0.188
1369,500,CC,LITETime,0.026,0.37,0.344
1370,500,CC,LITETime,0.096,0.192,0.096
1371,500,CC,LITETime,0.2159999999999999,0.73,0.946
1372,500,CC,LITETime,0.06,0.344,0.404
1373,500,CC,LITETime,0.182,0.626,0.808
1374,500,CC,LITETime,0.2099999999999999,0.764,0.974
1375,500,CC,LITETime,0.102,0.182,0.08
1376,500,CC,LITETime,0.146,0.504,0.65
1377,500,CC,LITETime,0.1879999999999999,0.682,0.87
1378,500,CC,LITETime,0.0939999999999999,0.54,0.634
1379,500,CC,LITETime,0.0339999999999999,0.394,0.428
1380,500,CC,LITETime,0.022,0.408,0.43
1381,500,CC,LITETime,0.12,0.154,0.034
1382,500,CC,LITETime,0.04,0.494,0.534
1383,500,CC,LITETime,0.238,0.754,0.992
1384,500,CC,LITETime,0.24,0.718,0.958
1385,500,CC,LITETime,0.1159999999999999,0.156,0.04
1386,500,CC,LITETime,0.124,0.58,0.704
1387,500,CC,LITETime,0.024,0.324,0.3
1388,500,CC,LITETime,0.2179999999999999,0.684,0.902
1389,500,CC,LITETime,0.148,0.192,0.044
1390,500,CC,LITETime,0.2280000000000001,0.706,0.934
1391,500,CC,LITETime,0.2099999999999999,0.626,0.836
1392,500,CC,LITETime,0.0999999999999999,0.216,0.116
1393,500,CC,LITETime,0.1159999999999999,0.174,0.058
1394,500,CC,LITETime,0.1779999999999999,0.656,0.834
1395,500,CC,LITETime,0.092,0.246,0.154
1396,500,CC,LITETime,0.082,0.452,0.534
1397,500,CC,LITETime,0.188,0.726,0.914
1398,500,CC,LITETime,0.0799999999999999,0.486,0.566
1399,500,CC,LITETime,0.024,0.372,0.396
1400,500,CC,LITETime,0.032,0.412,0.444
1401,500,CC,LITETime,0.1,0.162,0.062
1402,500,CC,LITETime,0.252,0.716,0.968
1403,500,CC,LITETime,0.024,0.334,0.31
1404,500,CC,LITETime,0.0479999999999999,0.236,0.188
1405,500,CC,LITETime,0.038,0.324,0.286
1406,500,CC,LITETime,0.2159999999999999,0.748,0.964
1407,500,CC,LITETime,0.118,0.212,0.094
1408,500,CC,LITETime,0.1979999999999999,0.668,0.866
1409,500,CC,LITETime,0.124,0.582,0.706
1410,500,CC,LITETime,0.1999999999999999,0.63,0.83
1411,500,CC,LITETime,0.248,0.726,0.974
1412,500,CC,LITETime,0.1979999999999999,0.644,0.842
1413,500,CC,LITETime,0.236,0.706,0.942
1414,500,CC,LITETime,0.104,0.23,0.126
1415,500,CC,LITETime,0.164,0.63,0.794
1416,500,CC,LITETime,0.074,0.47,0.544
1417,500,CC,LITETime,0.096,0.446,0.542
1418,500,CC,LITETime,0.202,0.696,0.898
1419,500,CC,LITETime,0.2199999999999999,0.75,0.97
1420,500,CC,LITETime,0.1059999999999999,0.598,0.704
1421,500,CC,LITETime,0.0419999999999999,0.44,0.482
1422,500,CC,LITETime,0.06,0.396,0.456
1423,500,CC,LITETime,0.034,0.352,0.386
1424,500,CC,LITETime,0.012,0.348,0.36
1425,500,CC,LITETime,0.002,0.388,0.39
1426,500,CC,LITETime,0.088,0.176,0.088
1427,500,CC,LITETime,0.104,0.18,0.076
1428,500,CC,LITETime,0.152,0.626,0.778
1429,500,CC,LITETime,0.036,0.41,0.446
1430,500,CC,LITETime,0.216,0.714,0.93
1431,500,CC,LITETime,0.1079999999999999,0.504,0.612
1432,500,CC,LITETime,0.1159999999999999,0.15,0.034
1433,500,CC,LITETime,0.0799999999999999,0.236,0.156
1434,500,CC,LITETime,0.034,0.238,0.204
1435,500,CC,LITETime,0.1979999999999999,0.776,0.974
1436,500,CC,LITETime,0.048,0.266,0.218
1437,500,CC,LITETime,0.074,0.44,0.514
1438,500,CC,LITETime,0.218,0.718,0.936
1439,500,CC,LITETime,0.252,0.724,0.976
1440,500,CC,LITETime,0.0539999999999999,0.29,0.236
1441,500,CC,LITETime,0.0979999999999999,0.146,0.048
1442,500,CC,LITETime,0.0559999999999999,0.208,0.152
1443,500,CC,LITETime,0.146,0.208,0.062
1444,500,CC,LITETime,0.0499999999999999,0.244,0.194
1445,500,CC,LITETime,0.1059999999999999,0.462,0.568
1446,500,CC,LITETime,0.2319999999999999,0.68,0.912
1447,500,CC,LITETime,0.066,0.47,0.536
1448,500,CC,LITETime,0.146,0.478,0.624
1449,500,CC,LITETime,0.06,0.26,0.2
1450,500,CC,LITETime,0.168,0.632,0.8
1451,500,CC,LITETime,0.0879999999999999,0.528,0.616
1452,500,CC,LITETime,0.172,0.692,0.864
1453,500,CC,LITETime,0.258,0.69,0.948
1454,500,CC,LITETime,0.0099999999999999,0.336,0.346
1455,500,CC,LITETime,0.078,0.168,0.09
1456,500,CC,LITETime,0.05,0.274,0.224
1457,500,CC,LITETime,0.024,0.412,0.436
1458,500,CC,LITETime,0.24,0.704,0.944
1459,500,CC,LITETime,0.012,0.366,0.378
1460,500,CC,LITETime,0.174,0.596,0.77
1461,500,CC,LITETime,0.104,0.436,0.54
1462,500,CC,LITETime,0.07,0.252,0.182
1463,500,CC,LITETime,0.0339999999999999,0.354,0.32
1464,500,CC,LITETime,0.14,0.512,0.652
1465,500,CC,LITETime,0.148,0.524,0.672
1466,500,CC,LITETime,0.0359999999999999,0.398,0.434
1467,500,CC,LITETime,0.0699999999999999,0.298,0.228
1468,500,CC,LITETime,0.134,0.586,0.72
1469,500,CC,LITETime,0.066,0.234,0.168
1470,500,CC,LITETime,0.214,0.722,0.936
1471,500,CC,LITETime,0.064,0.25,0.186
1472,500,CC,LITETime,0.08,0.186,0.106
1473,500,CC,LITETime,0.06,0.436,0.496
1474,500,CC,LITETime,0.066,0.452,0.518
1475,500,CC,LITETime,0.0439999999999999,0.464,0.508
1476,500,CC,LITETime,0.0299999999999999,0.406,0.436
1477,500,CC,LITETime,0.266,0.728,0.994
1478,500,CC,LITETime,0.01,0.476,0.486
1479,500,CC,LITETime,0.0439999999999999,0.432,0.476
1480,500,CC,LITETime,0.004,0.416,0.42
1481,500,CC,LITETime,0.0819999999999999,0.148,0.066
1482,500,CC,LITETime,0.1079999999999999,0.484,0.592
1483,500,CC,LITETime,0.054,0.28,0.226
1484,500,CC,LITETime,0.1099999999999999,0.526,0.636
1485,500,CC,LITETime,0.104,0.154,0.05
1486,500,CC,LITETime,0.2259999999999999,0.754,0.98
1487,500,CC,LITETime,0.058,0.41,0.468
1488,500,CC,LITETime,0.2,0.696,0.896
1489,500,CC,LITETime,0.0379999999999999,0.436,0.474
1490,500,CC,LITETime,0.104,0.164,0.06
1491,500,CC,LITETime,0.1739999999999999,0.648,0.822
1492,500,CC,LITETime,0.1159999999999999,0.532,0.648
1493,500,CC,LITETime,0.17,0.61,0.78
1494,500,CC,LITETime,0.0219999999999999,0.406,0.428
1495,500,CC,LITETime,0.1039999999999999,0.532,0.636
1496,500,CC,LITETime,0.2139999999999999,0.642,0.856
1497,500,CC,LITETime,0.0859999999999999,0.544,0.63
1498,500,CC,LITETime,0.0059999999999999,0.34,0.346
1499,500,CC,LITETime,0.1079999999999999,0.554,0.662
1500,500,CC,LITETime,0.1139999999999999,0.556,0.67
1501,500,CC,LITETime,0.2119999999999999,0.748,0.96
1502,500,CC,LITETime,0.014,0.356,0.37
1503,500,CC,LITETime,0.0219999999999999,0.402,0.424
1504,500,CC,LITETime,0.148,0.664,0.812
1505,500,CC,LITETime,0.0419999999999999,0.462,0.504
1506,500,CC,LITETime,0.13,0.606,0.736
1507,500,CC,LITETime,0.04,0.418,0.458
1508,500,CC,LITETime,0.04,0.254,0.214
1509,500,CC,LITETime,0.14,0.604,0.744
1510,500,CC,LITETime,0.062,0.192,0.13
1511,500,CC,LITETime,0.082,0.28,0.198
1512,500,CC,LITETime,0.1159999999999999,0.51,0.626
1513,500,CC,LITETime,0.138,0.608,0.746
1514,500,CC,LITETime,0.2,0.694,0.894
1515,500,CC,LITETime,0.0399999999999999,0.312,0.272
1516,500,CC,LITETime,0.0699999999999999,0.18,0.11
1517,500,CC,LITETime,0.256,0.7,0.956
1518,500,CC,LITETime,0.064,0.218,0.154
1519,500,CC,LITETime,0.036,0.232,0.196
1520,500,CC,LITETime,0.018,0.308,0.29
1521,500,CC,LITETime,0.062,0.466,0.528
1522,500,CC,LITETime,0.2159999999999999,0.666,0.882
1523,500,CC,LITETime,0.152,0.608,0.76
1524,500,CC,LITETime,0.1739999999999999,0.534,0.708
1525,500,CC,LITETime,0.09,0.264,0.174
1526,500,CC,LITETime,0.006,0.35,0.356
1527,500,CC,LITETime,0.0359999999999999,0.442,0.478
1528,500,CC,LITETime,0.062,0.208,0.146
1529,500,CC,LITETime,0.0379999999999999,0.31,0.272
1530,500,CC,LITETime,0.016,0.324,0.308
1531,500,CC,LITETime,0.0839999999999999,0.21,0.126
1532,500,CC,LITETime,0.064,0.486,0.55
1533,500,CC,LITETime,0.1139999999999999,0.59,0.704
1534,500,CC,LITETime,0.1099999999999999,0.178,0.068
1535,500,CC,LITETime,0.0559999999999999,0.424,0.48
1536,500,CC,LITETime,0.158,0.624,0.782
1537,500,CC,LITETime,0.154,0.592,0.746
1538,500,CC,LITETime,0.1759999999999999,0.638,0.814
1539,500,CC,LITETime,0.014,0.434,0.448
1540,500,CC,LITETime,0.1679999999999999,0.652,0.82
1541,500,CC,LITETime,0.034,0.274,0.24
1542,500,CC,LITETime,0.008,0.368,0.36
1543,500,CC,LITETime,0.072,0.248,0.176
1544,500,CC,LITETime,0.086,0.38,0.466
1545,500,CC,LITETime,0.0,0.392,0.392
1546,500,CC,LITETime,0.062,0.302,0.24
1547,500,CC,LITETime,0.152,0.598,0.75
1548,500,CC,LITETime,0.02,0.332,0.312
1549,500,CC,LITETime,0.0159999999999999,0.288,0.272
1550,500,CC,LITETime,0.09,0.22,0.13
1551,500,CC,LITETime,0.03,0.408,0.438
1552,500,CC,LITETime,0.034,0.336,0.302
1553,500,CC,LITETime,0.006,0.362,0.368
1554,500,CC,LITETime,0.0559999999999999,0.29,0.234
1555,500,CC,LITETime,0.14,0.622,0.762
1556,500,CC,LITETime,0.206,0.724,0.93
1557,500,CC,LITETime,0.062,0.434,0.496
1558,500,CC,LITETime,0.1099999999999999,0.532,0.642
1559,500,CC,LITETime,0.15,0.716,0.866
1560,500,CC,LITETime,0.248,0.75,0.998
1561,500,CC,LITETime,0.1119999999999999,0.5,0.612
1562,500,CC,LITETime,0.2059999999999999,0.682,0.888
1563,500,CC,LITETime,0.17,0.738,0.908
1564,500,CC,LITETime,0.158,0.632,0.79
1565,500,CC,LITETime,0.014,0.446,0.46
1566,500,CC,LITETime,0.116,0.196,0.08
1567,500,CC,LITETime,0.148,0.162,0.014
1568,500,CC,LITETime,0.0419999999999999,0.434,0.476
1569,500,CC,LITETime,0.0579999999999999,0.436,0.494
1570,500,CC,LITETime,0.028,0.378,0.406
1571,500,CC,LITETime,0.0339999999999999,0.534,0.568
1572,500,CC,LITETime,0.076,0.476,0.552
1573,500,CC,LITETime,0.14,0.696,0.836
1574,500,CC,LITETime,0.0999999999999999,0.208,0.108
1575,500,CC,LITETime,0.0599999999999999,0.284,0.224
1576,500,CC,LITETime,0.172,0.62,0.792
1577,500,CC,LITETime,0.1799999999999999,0.666,0.846
1578,500,CC,LITETime,0.2199999999999999,0.774,0.994
1579,500,CC,LITETime,0.1999999999999999,0.672,0.872
1580,500,CC,LITETime,0.2219999999999999,0.666,0.888
1581,500,CC,LITETime,0.01,0.324,0.314
1582,500,CC,LITETime,0.034,0.366,0.4
1583,500,CC,LITETime,0.0319999999999999,0.3,0.268
1584,500,CC,LITETime,0.1119999999999999,0.494,0.606
1585,500,CC,LITETime,0.2019999999999999,0.736,0.938
1586,500,CC,LITETime,0.0139999999999999,0.33,0.344
1587,500,CC,LITETime,0.106,0.45,0.556
1588,500,CC,LITETime,0.042,0.338,0.296
1589,500,CC,LITETime,0.0699999999999999,0.238,0.168
1590,500,CC,LITETime,0.0539999999999999,0.248,0.194
1591,500,CC,LITETime,0.114,0.17,0.056
1592,500,CC,LITETime,0.2659999999999999,0.682,0.948
1593,500,CC,LITETime,0.026,0.376,0.402
1594,500,CC,LITETime,0.1839999999999999,0.65,0.834
1595,500,CC,LITETime,0.118,0.562,0.68
1596,500,CC,LITETime,0.0559999999999999,0.246,0.19
1597,500,CC,LITETime,0.064,0.238,0.174
1598,500,CC,LITETime,0.192,0.618,0.81
1599,500,CC,LITETime,0.0259999999999999,0.29,0.264
1600,500,CC,LITETime,0.192,0.72,0.912
1601,500,CC,LITETime,0.088,0.228,0.14
1602,500,CC,LITETime,0.124,0.552,0.676
1603,500,CC,LITETime,0.1559999999999999,0.658,0.814
1604,500,CC,LITETime,0.038,0.272,0.234
1605,500,CC,LITETime,0.0339999999999999,0.31,0.276
1606,500,CC,LITETime,0.262,0.702,0.964
1607,500,CC,LITETime,0.0339999999999999,0.298,0.264
1608,500,CC,LITETime,0.0299999999999999,0.398,0.428
1609,500,CC,LITETime,0.0379999999999999,0.394,0.432
1610,500,CC,LITETime,0.0579999999999999,0.31,0.252
1611,500,CC,LITETime,0.158,0.616,0.774
1612,500,CC,LITETime,0.17,0.6,0.77
1613,500,CC,LITETime,0.004,0.374,0.378
1614,500,CC,LITETime,0.1759999999999999,0.658,0.834
1615,500,CC,LITETime,0.0259999999999999,0.238,0.212
1616,500,CC,LITETime,0.146,0.15,0.004
1617,500,CC,LITETime,0.0679999999999999,0.502,0.57
1618,500,CC,LITETime,0.25,0.744,0.994
1619,500,CC,LITETime,0.1079999999999999,0.146,0.038
1620,500,CC,LITETime,0.05,0.256,0.206
1621,500,CC,LITETime,0.0499999999999999,0.468,0.518
1622,500,CC,LITETime,0.184,0.624,0.808
1623,500,CC,LITETime,0.108,0.196,0.088
1624,500,CC,LITETime,0.028,0.366,0.394
1625,500,CC,LITETime,0.162,0.584,0.746
1626,500,CC,LITETime,0.004,0.374,0.37
1627,500,CC,LITETime,0.074,0.262,0.188
1628,500,CC,LITETime,0.0539999999999999,0.248,0.194
1629,500,CC,LITETime,0.0039999999999999,0.406,0.41
1630,500,CC,LITETime,0.07,0.408,0.478
1631,500,CC,LITETime,0.1819999999999999,0.678,0.86
1632,500,CC,LITETime,0.0979999999999999,0.544,0.642
1633,500,CC,LITETime,0.1339999999999999,0.556,0.69
1634,500,CC,LITETime,0.25,0.732,0.982
1635,500,CC,LITETime,0.0119999999999999,0.398,0.41
1636,500,CC,LITETime,0.012,0.39,0.402
1637,500,CC,LITETime,0.2240000000000001,0.698,0.922
1638,500,CC,LITETime,0.028,0.272,0.244
1639,500,CC,LITETime,0.156,0.572,0.728
1640,500,CC,LITETime,0.14,0.614,0.754
1641,500,CC,LITETime,0.086,0.182,0.096
1642,500,CC,LITETime,0.074,0.394,0.468
1643,500,CC,LITETime,0.078,0.278,0.2
1644,500,CC,LITETime,0.046,0.23,0.184
1645,500,CC,LITETime,0.04,0.422,0.462
1646,500,CC,LITETime,0.046,0.334,0.288
1647,500,CC,LITETime,0.15,0.646,0.796
1648,500,CC,LITETime,0.246,0.66,0.906
1649,500,CC,LITETime,0.182,0.62,0.802
1650,500,CC,LITETime,0.0259999999999999,0.292,0.266
1651,500,CC,LITETime,0.0399999999999999,0.314,0.274
1652,500,CC,LITETime,0.008,0.262,0.254
1653,500,CC,LITETime,0.06,0.194,0.134
1654,500,CC,LITETime,0.2159999999999999,0.726,0.942
1655,500,CC,LITETime,0.028,0.374,0.402
1656,500,CC,LITETime,0.046,0.27,0.224
1657,500,CC,LITETime,0.1799999999999999,0.666,0.846
1658,500,CC,LITETime,0.026,0.372,0.398
1659,500,CC,LITETime,0.094,0.128,0.034
1660,500,CC,LITETime,0.0779999999999999,0.238,0.16
1661,500,CC,LITETime,0.1079999999999999,0.53,0.638
1662,500,CC,LITETime,0.166,0.616,0.782
1663,500,CC,LITETime,0.036,0.246,0.21
1664,500,CC,LITETime,0.182,0.734,0.916
1665,500,CC,LITETime,0.162,0.688,0.85
1666,500,CC,LITETime,0.2059999999999999,0.642,0.848
1667,500,CC,LITETime,0.048,0.274,0.226
1668,500,CC,LITETime,0.106,0.156,0.05
1669,500,CC,LITETime,0.168,0.698,0.866
1670,500,CC,LITETime,0.012,0.316,0.304
1671,500,CC,LITETime,0.0979999999999999,0.52,0.618
1672,500,CC,LITETime,0.124,0.634,0.758
1673,500,CC,LITETime,0.0539999999999999,0.182,0.128
1674,500,CC,LITETime,0.162,0.618,0.78
1675,500,CC,LITETime,0.2059999999999999,0.732,0.938
1676,500,CC,LITETime,0.1739999999999999,0.554,0.728
1677,500,CC,LITETime,0.016,0.424,0.44
1678,500,CC,LITETime,0.17,0.706,0.876
1679,500,CC,LITETime,0.064,0.462,0.526
1680,500,CC,LITETime,0.14,0.604,0.744
1681,500,CC,LITETime,0.1659999999999999,0.654,0.82
1682,500,CC,LITETime,0.132,0.616,0.748
1683,500,CC,LITETime,0.0059999999999999,0.28,0.286
1684,500,CC,LITETime,0.078,0.194,0.116
1685,500,CC,LITETime,0.034,0.272,0.238
1686,500,CC,LITETime,0.074,0.428,0.502
1687,500,CC,LITETime,0.03,0.474,0.504
1688,500,CC,LITETime,0.1019999999999999,0.48,0.582
1689,500,CC,LITETime,0.004,0.398,0.394
1690,500,CC,LITETime,0.164,0.622,0.786
1691,500,CC,LITETime,0.2220000000000001,0.69,0.912
1692,500,CC,LITETime,0.034,0.28,0.246
1693,500,CC,LITETime,0.162,0.574,0.736
1694,500,CC,LITETime,0.122,0.554,0.676
1695,500,CC,LITETime,0.05,0.472,0.522
1696,500,CC,LITETime,0.0559999999999999,0.244,0.188
1697,500,CC,LITETime,0.15,0.644,0.794
1698,500,CC,LITETime,0.2079999999999999,0.752,0.96
1699,500,CC,LITETime,0.1119999999999999,0.608,0.72
1700,500,CC,LITETime,0.2299999999999999,0.686,0.916
1701,500,CC,LITETime,0.2199999999999999,0.764,0.984
1702,500,CC,LITETime,0.0159999999999999,0.336,0.352
1703,500,CC,LITETime,0.0819999999999999,0.556,0.638
1704,500,CC,LITETime,0.0339999999999999,0.438,0.472
1705,500,CC,LITETime,0.256,0.73,0.986
1706,500,CC,LITETime,0.106,0.198,0.092
1707,500,CC,LITETime,0.0159999999999999,0.396,0.412
1708,500,CC,LITETime,0.1879999999999999,0.686,0.874
1709,500,CC,LITETime,0.032,0.316,0.284
1710,500,CC,LITETime,0.2,0.586,0.786
1711,500,CC,LITETime,0.008,0.39,0.382
1712,500,CC,LITETime,0.2259999999999999,0.752,0.978
1713,500,CC,LITETime,0.2059999999999999,0.676,0.882
1714,500,CC,LITETime,0.004,0.296,0.3
1715,500,CC,LITETime,0.178,0.592,0.77
1716,500,CC,LITETime,0.0259999999999999,0.362,0.336
1717,500,CC,LITETime,0.0899999999999999,0.516,0.606
1718,500,CC,LITETime,0.138,0.52,0.658
1719,500,CC,LITETime,0.1659999999999999,0.662,0.828
1720,500,CC,LITETime,0.124,0.148,0.024
1721,500,CC,LITETime,0.054,0.274,0.22
1722,500,CC,LITETime,0.13,0.58,0.71
1723,500,CC,LITETime,0.072,0.49,0.562
1724,500,CC,LITETime,0.0339999999999999,0.46,0.494
1725,500,CC,LITETime,0.148,0.202,0.054
1726,500,CC,LITETime,0.008,0.356,0.348
1727,500,CC,LITETime,0.2299999999999999,0.634,0.864
1728,500,CC,LITETime,0.1139999999999999,0.144,0.03
1729,500,CC,LITETime,0.004,0.392,0.396
1730,500,CC,LITETime,0.2759999999999999,0.668,0.944
1731,500,CC,LITETime,0.1219999999999999,0.172,0.05
1732,500,CC,LITETime,0.146,0.602,0.748
1733,500,CC,LITETime,0.0279999999999999,0.284,0.256
1734,500,CC,LITETime,0.2139999999999999,0.652,0.866
1735,500,CC,LITETime,0.1099999999999999,0.636,0.746
1736,500,CC,LITETime,0.182,0.702,0.884
1737,500,CC,LITETime,0.0259999999999999,0.24,0.214
1738,500,CC,LITETime,0.094,0.436,0.53
1739,500,CC,LITETime,0.194,0.584,0.778
1740,500,CC,LITETime,0.026,0.27,0.244
1741,500,CC,LITETime,0.038,0.268,0.23
1742,500,CC,LITETime,0.132,0.158,0.026
1743,500,CC,LITETime,0.2299999999999999,0.728,0.958
1744,500,CC,LITETime,0.118,0.592,0.71
1745,500,CC,LITETime,0.0839999999999999,0.55,0.634
1746,500,CC,LITETime,0.152,0.59,0.742
1747,500,CC,LITETime,0.04,0.49,0.53
1748,500,CC,LITETime,0.0779999999999999,0.398,0.476
1749,500,CC,LITETime,0.0479999999999999,0.4,0.448
1750,500,CC,LITETime,0.0979999999999999,0.542,0.64
1751,500,CC,LITETime,0.066,0.266,0.2
1752,500,CC,LITETime,0.2139999999999999,0.674,0.888
1753,500,CC,LITETime,0.184,0.626,0.81
1754,500,CC,LITETime,0.004,0.344,0.348
1755,500,CC,LITETime,0.0999999999999999,0.478,0.578
1756,500,CC,LITETime,0.0699999999999999,0.21,0.14
1757,500,CC,LITETime,0.2119999999999999,0.76,0.972
1758,500,CC,LITETime,0.208,0.694,0.902
1759,500,CC,LITETime,0.2280000000000001,0.692,0.92
1760,500,CC,LITETime,0.0159999999999999,0.348,0.332
1761,500,CC,LITETime,0.0499999999999999,0.218,0.168
1762,500,CC,LITETime,0.046,0.256,0.21
1763,500,CC,LITETime,0.088,0.178,0.09
1764,500,CC,LITETime,0.072,0.192,0.12
1765,500,CC,LITETime,0.1159999999999999,0.186,0.07
1766,500,CC,LITETime,0.2079999999999999,0.78,0.988
1767,500,CC,LITETime,0.096,0.17,0.074
1768,500,CC,LITETime,0.0539999999999999,0.186,0.132
1769,500,CC,LITETime,0.1959999999999999,0.63,0.826
1770,500,CC,LITETime,0.1059999999999999,0.474,0.58
1771,500,CC,LITETime,0.172,0.602,0.774
1772,500,CC,LITETime,0.0879999999999999,0.542,0.63
1773,500,CC,LITETime,0.2039999999999999,0.678,0.882
1774,500,CC,LITETime,0.1099999999999999,0.528,0.638
1775,500,CC,LITETime,0.084,0.438,0.522
1776,500,CC,LITETime,0.146,0.566,0.712
1777,500,CC,LITETime,0.026,0.42,0.446
1778,500,CC,LITETime,0.026,0.372,0.346
1779,500,CC,LITETime,0.032,0.434,0.466
1780,500,CC,LITETime,0.0699999999999999,0.238,0.168
1781,500,CC,LITETime,0.204,0.592,0.796
1782,500,CC,LITETime,0.008,0.268,0.26
1783,500,CC,LITETime,0.048,0.2,0.152
1784,500,CC,LITETime,0.0439999999999999,0.29,0.246
1785,500,CC,LITETime,0.1759999999999999,0.666,0.842
1786,500,CC,LITETime,0.026,0.304,0.33
1787,500,CC,LITETime,0.126,0.56,0.686
1788,500,CC,LITETime,0.1739999999999999,0.682,0.856
1789,500,CC,LITETime,0.122,0.198,0.076
1790,500,CC,LITETime,0.158,0.606,0.764
1791,500,CC,LITETime,0.02,0.286,0.306
1792,500,CC,LITETime,0.03,0.246,0.216
1793,500,CC,LITETime,0.1399999999999999,0.548,0.688
1794,500,CC,LITETime,0.2239999999999999,0.684,0.908
1795,500,CC,LITETime,0.012,0.306,0.294
1796,500,CC,LITETime,0.0959999999999999,0.472,0.568
1797,500,CC,LITETime,0.032,0.32,0.288
1798,500,CC,LITETime,0.078,0.476,0.554
1799,500,CC,LITETime,0.1139999999999999,0.506,0.62
1800,500,CC,LITETime,0.138,0.472,0.61
1801,500,CC,LITETime,0.0959999999999999,0.526,0.622
1802,500,CC,LITETime,0.0699999999999999,0.204,0.134
1803,500,CC,LITETime,0.1539999999999999,0.538,0.692
1804,500,CC,LITETime,0.1119999999999999,0.562,0.674
1805,500,CC,LITETime,0.12,0.562,0.682
1806,500,CC,LITETime,0.0999999999999999,0.174,0.074
1807,500,CC,LITETime,0.028,0.418,0.446
1808,500,CC,LITETime,0.0319999999999999,0.376,0.408
1809,500,CC,LITETime,0.084,0.17,0.086
1810,500,CC,LITETime,0.052,0.274,0.222
1811,500,CC,LITETime,0.068,0.372,0.44
1812,500,CC,LITETime,0.13,0.612,0.742
1813,500,CC,LITETime,0.04,0.276,0.236
1814,500,CC,LITETime,0.1799999999999999,0.648,0.828
1815,500,CC,LITETime,0.092,0.452,0.544
1816,500,CC,LITETime,0.16,0.6,0.76
1817,500,CC,LITETime,0.0499999999999999,0.422,0.472
1818,500,CC,LITETime,0.0579999999999999,0.44,0.498
1819,500,CC,LITETime,0.1099999999999999,0.508,0.618
1820,500,CC,LITETime,0.2340000000000001,0.692,0.926
1821,500,CC,LITETime,0.0419999999999999,0.448,0.49
1822,500,CC,LITETime,0.064,0.464,0.528
1823,500,CC,LITETime,0.1379999999999999,0.462,0.6
1824,500,CC,LITETime,0.1159999999999999,0.62,0.736
1825,500,CC,LITETime,0.09,0.16,0.07
1826,500,CC,LITETime,0.026,0.488,0.514
1827,500,CC,LITETime,0.0219999999999999,0.458,0.48
1828,500,CC,LITETime,0.208,0.712,0.92
1829,500,CC,LITETime,0.066,0.426,0.492
1830,500,CC,LITETime,0.1,0.368,0.468
1831,500,CC,LITETime,0.2319999999999999,0.73,0.962
1832,500,CC,LITETime,0.01,0.44,0.45
1833,500,CC,LITETime,0.084,0.264,0.18
1834,500,CC,LITETime,0.034,0.25,0.216
1835,500,CC,LITETime,0.098,0.192,0.094
1836,500,CC,LITETime,0.12,0.12,0.0
1837,500,CC,LITETime,0.022,0.408,0.43
1838,500,CC,LITETime,0.154,0.614,0.768
1839,500,CC,LITETime,0.162,0.57,0.732
1840,500,CC,LITETime,0.126,0.158,0.032
1841,500,CC,LITETime,0.1079999999999999,0.46,0.568
1842,500,CC,LITETime,0.0499999999999999,0.204,0.154
1843,500,CC,LITETime,0.2019999999999999,0.738,0.94
1844,500,CC,LITETime,0.0699999999999999,0.236,0.166
1845,500,CC,LITETime,0.0759999999999999,0.55,0.626
1846,500,CC,LITETime,0.036,0.29,0.326
1847,500,CC,LITETime,0.1079999999999999,0.532,0.64
1848,500,CC,LITETime,0.0279999999999999,0.384,0.412
1849,500,CC,LITETime,0.19,0.568,0.758
1850,500,CC,LITETime,0.0659999999999999,0.296,0.23
1851,500,CC,LITETime,0.2199999999999999,0.684,0.904
1852,500,CC,LITETime,0.06,0.44,0.5
1853,500,CC,LITETime,0.134,0.622,0.756
1854,500,CC,LITETime,0.1979999999999999,0.65,0.848
1855,500,CC,LITETime,0.264,0.734,0.998
1856,500,CC,LITETime,0.038,0.26,0.222
1857,500,CC,LITETime,0.034,0.32,0.286
1858,500,CC,LITETime,0.026,0.276,0.25
1859,500,CC,LITETime,0.018,0.28,0.262
1860,500,CC,LITETime,0.0879999999999999,0.494,0.582
1861,500,CC,LITETime,0.246,0.746,0.992
1862,500,CC,LITETime,0.24,0.75,0.99
1863,500,CC,LITETime,0.068,0.458,0.526
1864,500,CC,LITETime,0.128,0.51,0.638
1865,500,CC,LITETime,0.2019999999999999,0.656,0.858
1866,500,CC,LITETime,0.256,0.676,0.932
1867,500,CC,LITETime,0.068,0.27,0.202
1868,500,CC,LITETime,0.074,0.454,0.528
1869,500,CC,LITETime,0.1859999999999999,0.646,0.832
1870,500,CC,LITETime,0.03,0.332,0.302
1871,500,CC,LITETime,0.0579999999999999,0.38,0.438
1872,500,CC,LITETime,0.2319999999999999,0.752,0.984
1873,500,CC,LITETime,0.248,0.736,0.984
1874,500,CC,LITETime,0.212,0.694,0.906
1875,500,CC,LITETime,0.148,0.65,0.798
1876,500,CC,LITETime,0.06,0.328,0.268
1877,500,CC,LITETime,0.006,0.326,0.32
1878,500,CC,LITETime,0.1,0.446,0.546
1879,500,CC,LITETime,0.11,0.45,0.56
1880,500,CC,LITETime,0.0359999999999999,0.468,0.504
1881,500,CC,LITETime,0.1019999999999999,0.534,0.636
1882,500,CC,LITETime,0.0139999999999999,0.394,0.408
1883,500,CC,LITETime,0.14,0.608,0.748
1884,500,CC,LITETime,0.02,0.312,0.332
1885,500,CC,LITETime,0.0219999999999999,0.352,0.33
1886,500,CC,LITETime,0.0459999999999999,0.172,0.126
1887,500,CC,LITETime,0.042,0.23,0.188
1888,500,CC,LITETime,0.2019999999999999,0.648,0.85
1889,500,CC,LITETime,0.028,0.418,0.446
1890,500,CC,LITETime,0.052,0.278,0.226
1891,500,CC,LITETime,0.172,0.586,0.758
1892,500,CC,LITETime,0.082,0.47,0.552
1893,500,CC,LITETime,0.138,0.158,0.02
1894,500,CC,LITETime,0.022,0.338,0.316
1895,500,CC,LITETime,0.08,0.256,0.176
1896,500,CC,LITETime,0.138,0.516,0.654
1897,500,CC,LITETime,0.0459999999999999,0.32,0.274
1898,500,CC,LITETime,0.126,0.19,0.064
1899,500,CC,LITETime,0.102,0.156,0.054
1900,500,CC,LITETime,0.1119999999999999,0.468,0.58
1901,500,CC,LITETime,0.1219999999999999,0.142,0.02
1902,500,CC,LITETime,0.1659999999999999,0.682,0.848
1903,500,CC,LITETime,0.066,0.22,0.154
1904,500,CC,LITETime,0.1019999999999999,0.504,0.606
1905,500,CC,LITETime,0.062,0.382,0.444
1906,500,CC,LITETime,0.03,0.412,0.442
1907,500,CC,LITETime,0.094,0.164,0.07
1908,500,CC,LITETime,0.158,0.644,0.802
1909,500,CC,LITETime,0.162,0.73,0.892
1910,500,CC,LITETime,0.116,0.126,0.01
1911,500,CC,LITETime,0.048,0.226,0.178
1912,500,CC,LITETime,0.2279999999999999,0.674,0.902
1913,500,CC,LITETime,0.058,0.49,0.548
1914,500,CC,LITETime,0.086,0.236,0.15
1915,500,CC,LITETime,0.064,0.266,0.202
1916,500,CC,LITETime,0.1159999999999999,0.542,0.658
1917,500,CC,LITETime,0.144,0.58,0.724
1918,500,CC,LITETime,0.0499999999999999,0.548,0.598
1919,500,CC,LITETime,0.2199999999999999,0.732,0.952
1920,500,CC,LITETime,0.0519999999999999,0.442,0.494
1921,500,CC,LITETime,0.01,0.31,0.3
1922,500,CC,LITETime,0.0299999999999999,0.446,0.476
1923,500,CC,LITETime,0.004,0.362,0.358
1924,500,CC,LITETime,0.034,0.258,0.224
1925,500,CC,LITETime,0.118,0.162,0.044
1926,500,CC,LITETime,0.002,0.354,0.352
1927,500,CC,LITETime,0.132,0.578,0.71
1928,500,CC,LITETime,0.108,0.126,0.018
1929,500,CC,LITETime,0.0399999999999999,0.398,0.438
1930,500,CC,LITETime,0.0999999999999999,0.544,0.644
1931,500,CC,LITETime,0.126,0.484,0.61
1932,500,CC,LITETime,0.166,0.61,0.776
1933,500,CC,LITETime,0.19,0.62,0.81
1934,500,CC,LITETime,0.14,0.57,0.71
1935,500,CC,LITETime,0.1,0.202,0.102
1936,500,CC,LITETime,0.0679999999999999,0.406,0.474
1937,500,CC,LITETime,0.1099999999999999,0.492,0.602
1938,500,CC,LITETime,0.02,0.264,0.244
1939,500,CC,LITETime,0.1119999999999999,0.154,0.042
1940,500,CC,LITETime,0.042,0.264,0.222
1941,500,CC,LITETime,0.026,0.428,0.454
1942,500,CC,LITETime,0.0299999999999999,0.382,0.412
1943,500,CC,LITETime,0.042,0.218,0.176
1944,500,CC,LITETime,0.1899999999999999,0.634,0.824
1945,500,CC,LITETime,0.218,0.706,0.924
1946,500,CC,LITETime,0.0419999999999999,0.242,0.2
1947,500,CC,LITETime,0.186,0.742,0.928
1948,500,CC,LITETime,0.13,0.146,0.016
1949,500,CC,LITETime,0.22,0.704,0.924
1950,500,CC,LITETime,0.2739999999999999,0.676,0.95
1951,500,CC,LITETime,0.122,0.134,0.012
1952,500,CC,LITETime,0.1159999999999999,0.646,0.762
1953,500,CC,LITETime,0.262,0.708,0.97
1954,500,CC,LITETime,0.2279999999999999,0.676,0.904
1955,500,CC,LITETime,0.2139999999999999,0.756,0.97
1956,500,CC,LITETime,0.06,0.49,0.55
1957,500,CC,LITETime,0.0959999999999999,0.174,0.078
1958,500,CC,LITETime,0.1859999999999999,0.662,0.848
1959,500,CC,LITETime,0.1039999999999999,0.508,0.612
1960,500,CC,LITETime,0.1039999999999999,0.51,0.614
1961,500,CC,LITETime,0.0239999999999999,0.392,0.416
1962,500,CC,LITETime,0.1119999999999999,0.458,0.57
1963,500,CC,LITETime,0.066,0.218,0.152
1964,500,CC,LITETime,0.1119999999999999,0.626,0.738
1965,500,CC,LITETime,0.0979999999999999,0.172,0.074
1966,500,CC,LITETime,0.16,0.568,0.728
1967,500,CC,LITETime,0.156,0.692,0.848
1968,500,CC,LITETime,0.0719999999999999,0.4,0.472
1969,500,CC,LITETime,0.08,0.428,0.508
1970,500,CC,LITETime,0.0319999999999999,0.344,0.312
1971,500,CC,LITETime,0.252,0.716,0.968
1972,500,CC,LITETime,0.1719999999999999,0.56,0.732
1973,500,CC,LITETime,0.0259999999999999,0.342,0.368
1974,500,CC,LITETime,0.084,0.258,0.174
1975,500,CC,LITETime,0.044,0.262,0.218
1976,500,CC,LITETime,0.028,0.434,0.462
1977,500,CC,LITETime,0.2139999999999999,0.728,0.942
1978,500,CC,LITETime,0.138,0.596,0.734
1979,500,CC,LITETime,0.048,0.262,0.214
1980,500,CC,LITETime,0.2039999999999999,0.654,0.858
1981,500,CC,LITETime,0.0379999999999999,0.34,0.378
1982,500,CC,LITETime,0.1719999999999999,0.678,0.85
1983,500,CC,LITETime,0.018,0.258,0.24
1984,500,CC,LITETime,0.0999999999999999,0.518,0.618
1985,500,CC,LITETime,0.262,0.664,0.926
1986,500,CC,LITETime,0.0439999999999999,0.3,0.256
1987,500,CC,LITETime,0.1159999999999999,0.576,0.692
1988,500,CC,LITETime,0.242,0.744,0.986
1989,500,CC,LITETime,0.078,0.228,0.15
1990,500,CC,LITETime,0.118,0.206,0.088
1991,500,CC,LITETime,0.118,0.556,0.674
1992,500,CC,LITETime,0.0199999999999999,0.358,0.338
1993,500,CC,LITETime,0.0819999999999999,0.152,0.07
1994,500,CC,LITETime,0.0479999999999999,0.426,0.474
1995,500,CC,LITETime,0.164,0.588,0.752
1996,500,CC,LITETime,0.022,0.306,0.284
1997,500,CC,LITETime,0.014,0.32,0.334
1998,500,CC,LITETime,0.1859999999999999,0.658,0.844
1999,500,CC,LITETime,0.1,0.42,0.52
