bag_id,bag_size,method,classifier,mae,pred_pos,true_pos
0,100,ACC,SVM,0.13185684255000762,0.6381431574499924,0.77
1,100,ACC,SVM,0.01537258600157887,0.44537258600157886,0.43
2,100,ACC,SVM,0.06981536885117656,0.7801846311488234,0.85
3,100,ACC,SVM,0.08229430119975711,0.6077056988002428,0.69
4,100,ACC,SVM,0.08143545815383324,0.17143545815383324,0.09
5,100,ACC,SVM,0.159377910201427,0.810622089798573,0.97
6,100,ACC,SVM,0.14214848164984062,0.6178515183501594,0.76
7,100,ACC,SVM,0.11141938390025807,0.668580616099742,0.78
8,100,ACC,SVM,0.07172709725366627,0.19172709725366627,0.12
9,100,ACC,SVM,0.004627413998421148,0.44537258600157886,0.45
10,100,ACC,SVM,0.04493512735182931,0.4149351273518293,0.37
11,100,ACC,SVM,0.18039864705084263,0.7396013529491574,0.92
12,100,ACC,SVM,0.06273175984950674,0.5772682401504933,0.64
13,100,ACC,SVM,0.14127356435034155,0.6787264356496584,0.82
14,100,ACC,SVM,0.05610168375116137,0.49610168375116137,0.44
15,100,ACC,SVM,0.04274783410308178,0.2627478341030818,0.22
16,100,ACC,SVM,0.013315038049172667,0.5366849619508274,0.55
17,100,ACC,SVM,0.040414721304417714,0.10041472130441771,0.06
18,100,ACC,SVM,0.1311277448004251,0.6888722551995748,0.82
19,100,ACC,SVM,0.06287757939942318,0.5671224206005768,0.63
20,100,ACC,SVM,0.0915652034501746,0.6584347965498254,0.75
21,100,ACC,SVM,0.006085609497586186,0.3439143905024138,0.35
22,100,ACC,SVM,0.199961188401093,0.770038811598907,0.97
23,100,ACC,SVM,0.1503986470508426,0.7396013529491574,0.89
24,100,ACC,SVM,0.08112774480042517,0.6888722551995748,0.77
25,100,ACC,SVM,0.03885618094599974,0.15114381905400026,0.19
26,100,ACC,SVM,0.005664225101411791,0.4656642251014118,0.46
27,100,ACC,SVM,0.11114381905400025,0.15114381905400026,0.04
28,100,ACC,SVM,0.07216455590341578,0.22216455590341577,0.15
29,100,ACC,SVM,0.13316921849925611,0.5468307815007439,0.68
30,100,ACC,SVM,0.1018568425500076,0.6381431574499924,0.74
31,100,ACC,SVM,0.13923209065151054,0.8207679093484894,0.96
32,100,ACC,SVM,0.013768570952497339,0.33376857095249735,0.32
33,100,ACC,SVM,0.004351849152163356,0.37435184915216335,0.37
34,100,ACC,SVM,0.05521069219808722,0.4047893078019128,0.46
35,100,ACC,SVM,0.011727097253666274,0.19172709725366627,0.18
36,100,ACC,SVM,0.10216455590341578,0.22216455590341577,0.12
37,100,ACC,SVM,0.0463933228509944,0.5163933228509944,0.47
38,100,ACC,SVM,0.07318529275283128,0.2931852927528313,0.22
39,100,ACC,SVM,0.0725859402995902,0.5874140597004098,0.66
40,100,ACC,SVM,0.004919053098254134,0.42508094690174586,0.43
41,100,ACC,SVM,0.12083610570059211,0.7091638942994078,0.83
42,100,ACC,SVM,0.08214848164984057,0.6178515183501594,0.7
43,100,ACC,SVM,0.006668887697252213,0.3033311123027478,0.31
44,100,ACC,SVM,0.10054446660075911,0.7294555333992409,0.83
45,100,ACC,SVM,0.1111277448004252,0.6888722551995748,0.8
46,100,ACC,SVM,0.06537258600157886,0.44537258600157886,0.38
47,100,ACC,SVM,0.04362275140258082,0.32362275140258084,0.28
48,100,ACC,SVM,0.041856842550007656,0.6381431574499924,0.68
49,100,ACC,SVM,0.06172709725366626,0.19172709725366627,0.13
50,100,ACC,SVM,0.03216455590341577,0.22216455590341577,0.19
51,100,ACC,SVM,0.13085217995416726,0.13085217995416726,0.0
52,100,ACC,SVM,0.050544466600759175,0.7294555333992409,0.78
53,100,ACC,SVM,0.062440120749673644,0.5975598792503264,0.66
54,100,ACC,SVM,0.08214848164984057,0.6178515183501594,0.7
55,100,ACC,SVM,0.06069028615067562,0.7193097138493244,0.78
56,100,ACC,SVM,0.055356511748003656,0.39464348825199635,0.45
57,100,ACC,SVM,0.06389831624883868,0.49610168375116137,0.56
58,100,ACC,SVM,0.09216455590341577,0.22216455590341577,0.13
59,100,ACC,SVM,0.061435458153833236,0.17143545815383324,0.11
60,100,ACC,SVM,0.032002662099924195,0.6279973379000758,0.66
61,100,ACC,SVM,0.026101683751161397,0.49610168375116137,0.47
62,100,ACC,SVM,0.04360667714900568,0.5163933228509944,0.56
63,100,ACC,SVM,0.14214848164984062,0.6178515183501594,0.76
64,100,ACC,SVM,0.02229430119975717,0.6077056988002428,0.63
65,100,ACC,SVM,0.06404413579875518,0.48595586420124487,0.55
66,100,ACC,SVM,0.023460857599089224,0.5265391424009108,0.55
67,100,ACC,SVM,0.013476931852664298,0.3134769318526643,0.3
68,100,ACC,SVM,0.12114381905400026,0.15114381905400026,0.03
69,100,ACC,SVM,0.01537258600157887,0.44537258600157886,0.43
70,100,ACC,SVM,0.07303947320291479,0.2830394732029148,0.21
71,100,ACC,SVM,0.015502331297920169,0.38449766870207985,0.4
72,100,ACC,SVM,0.06981536885117656,0.7801846311488234,0.85
73,100,ACC,SVM,0.06318529275283127,0.2931852927528313,0.23
74,100,ACC,SVM,0.08085217995416726,0.13085217995416726,0.05
75,100,ACC,SVM,0.013185292752831257,0.2931852927528313,0.28
76,100,ACC,SVM,0.033622751402580864,0.32362275140258084,0.29
77,100,ACC,SVM,0.08273175984950676,0.5772682401504933,0.66
78,100,ACC,SVM,0.03360667714900567,0.5163933228509944,0.55
79,100,ACC,SVM,0.06069028615067562,0.7193097138493244,0.78
80,100,ACC,SVM,0.12331503804917265,0.5366849619508274,0.66
81,100,ACC,SVM,0.04537258600157884,0.44537258600157886,0.4
82,100,ACC,SVM,0.06025282750092609,0.749747172499074,0.81
83,100,ACC,SVM,0.011435458153833233,0.17143545815383324,0.16
84,100,ACC,SVM,0.14128963860391677,0.16128963860391676,0.02
85,100,ACC,SVM,0.07128963860391677,0.16128963860391676,0.09
86,100,ACC,SVM,0.06156520345017458,0.6584347965498254,0.72
87,100,ACC,SVM,0.015810044651328348,0.47581004465132837,0.46
88,100,ACC,SVM,0.11289365365299833,0.27289365365299834,0.16
89,100,ACC,SVM,0.07491905309825414,0.42508094690174586,0.5
90,100,ACC,SVM,0.10260201455316528,0.2526020145531653,0.15
91,100,ACC,SVM,0.10258594029959012,0.5874140597004098,0.69
92,100,ACC,SVM,0.004773233548337641,0.43522676645166236,0.44
93,100,ACC,SVM,0.04623142904750266,0.33376857095249735,0.38
94,100,ACC,SVM,0.054060210052330304,0.3540602100523303,0.3
95,100,ACC,SVM,0.09331503804917263,0.5366849619508274,0.63
96,100,ACC,SVM,0.014351849152163365,0.37435184915216335,0.36
97,100,ACC,SVM,0.03056054085433421,0.11056054085433421,0.08
98,100,ACC,SVM,0.061435458153833236,0.17143545815383324,0.11
99,100,ACC,SVM,0.1087946320017611,0.8512053679982389,0.96
100,100,ACC,SVM,0.15025282750092606,0.749747172499074,0.9
101,100,ACC,SVM,0.08229430119975711,0.6077056988002428,0.69
102,100,ACC,SVM,0.07376857095249734,0.33376857095249735,0.26
103,100,ACC,SVM,0.149377910201427,0.810622089798573,0.96
104,100,ACC,SVM,0.08112774480042517,0.6888722551995748,0.77
105,100,ACC,SVM,0.031273564350341565,0.6787264356496584,0.71
106,100,ACC,SVM,0.04535651174800365,0.39464348825199635,0.44
107,100,ACC,SVM,0.053622751402580826,0.32362275140258084,0.27
108,100,ACC,SVM,0.08143545815383324,0.17143545815383324,0.09
109,100,ACC,SVM,0.09952372975134349,0.8004762702486565,0.9
110,100,ACC,SVM,0.01477323354833765,0.43522676645166236,0.45
111,100,ACC,SVM,0.07289365365299832,0.27289365365299834,0.2
112,100,ACC,SVM,0.033768570952497357,0.33376857095249735,0.3
113,100,ACC,SVM,0.06375249669892202,0.5062475033010779,0.57
114,100,ACC,SVM,0.03187291680358276,0.20187291680358277,0.17
115,100,ACC,SVM,0.13069028615067557,0.7193097138493244,0.85
116,100,ACC,SVM,0.05098192525050871,0.6990180747494913,0.75
117,100,ACC,SVM,0.09214848164984057,0.6178515183501594,0.71
118,100,ACC,SVM,0.005226766451662368,0.43522676645166236,0.43
119,100,ACC,SVM,0.02244012074967361,0.5975598792503264,0.62
120,100,ACC,SVM,0.05346085759908914,0.5265391424009108,0.58
121,100,ACC,SVM,0.06273175984950674,0.5772682401504933,0.64
122,100,ACC,SVM,0.13201873635349926,0.21201873635349927,0.08
123,100,ACC,SVM,0.04551840555149539,0.45551840555149536,0.41
124,100,ACC,SVM,0.09085217995416725,0.13085217995416726,0.04
125,100,ACC,SVM,0.00610168375116138,0.49610168375116137,0.49
126,100,ACC,SVM,0.054351849152163345,0.37435184915216335,0.32
127,100,ACC,SVM,0.11260201455316526,0.2526020145531653,0.14
128,100,ACC,SVM,0.08158127770374976,0.18158127770374977,0.1
129,100,ACC,SVM,0.02302339894933958,0.5569766010506604,0.58
130,100,ACC,SVM,0.08260201455316526,0.2526020145531653,0.17
131,100,ACC,SVM,0.17025282750092607,0.749747172499074,0.92
132,100,ACC,SVM,0.02302339894933958,0.5569766010506604,0.58
133,100,ACC,SVM,0.09522676645166234,0.43522676645166236,0.34
134,100,ACC,SVM,0.022877579399423142,0.5671224206005768,0.59
135,100,ACC,SVM,0.0702689017545012,0.09026890175450121,0.02
136,100,ACC,SVM,0.10894045155167753,0.8410595484483224,0.95
137,100,ACC,SVM,0.03639332285099439,0.5163933228509944,0.48
138,100,ACC,SVM,0.13171102300009108,0.648288976999909,0.78
139,100,ACC,SVM,0.06099799950408373,0.14099799950408373,0.08
140,100,ACC,SVM,0.05491905309825412,0.42508094690174586,0.48
141,100,ACC,SVM,0.03448159444850463,0.45551840555149536,0.49
142,100,ACC,SVM,0.09908627110159418,0.8309137288984059,0.93
143,100,ACC,SVM,0.06375249669892202,0.5062475033010779,0.57
144,100,ACC,SVM,0.02462741399842111,0.44537258600157886,0.47
145,100,ACC,SVM,0.06362275140258083,0.32362275140258084,0.26
146,100,ACC,SVM,0.00376857095249733,0.33376857095249735,0.33
147,100,ACC,SVM,0.026830781500743917,0.5468307815007439,0.52
148,100,ACC,SVM,0.03566422510141182,0.4656642251014118,0.43
149,100,ACC,SVM,0.12099799950408373,0.14099799950408373,0.02
150,100,ACC,SVM,0.12098192525050866,0.6990180747494913,0.82
151,100,ACC,SVM,0.14025282750092605,0.749747172499074,0.89
152,100,ACC,SVM,0.061872916803582756,0.20187291680358277,0.14
153,100,ACC,SVM,0.023460857599089224,0.5265391424009108,0.55
154,100,ACC,SVM,0.11201873635349927,0.21201873635349927,0.1
155,100,ACC,SVM,0.13331503804917266,0.5366849619508274,0.67
156,100,ACC,SVM,0.0030394732029147553,0.2830394732029148,0.28
157,100,ACC,SVM,0.06258594029959019,0.5874140597004098,0.65
158,100,ACC,SVM,0.11229430119975714,0.6077056988002428,0.72
159,100,ACC,SVM,0.10156520345017461,0.6584347965498254,0.76
160,100,ACC,SVM,0.12216455590341577,0.22216455590341577,0.1
161,100,ACC,SVM,0.18054446660075918,0.7294555333992409,0.91
162,100,ACC,SVM,0.03274783410308177,0.2627478341030818,0.23
163,100,ACC,SVM,0.01968562355483519,0.04968562355483519,0.03
164,100,ACC,SVM,0.10462741399842118,0.44537258600157886,0.55
165,100,ACC,SVM,0.04493512735182931,0.4149351273518293,0.37
166,100,ACC,SVM,0.16156520345017455,0.6584347965498254,0.82
167,100,ACC,SVM,0.0908361057005922,0.7091638942994078,0.8
168,100,ACC,SVM,0.0542060296022468,0.3642060296022468,0.31
169,100,ACC,SVM,0.14952372975134343,0.8004762702486565,0.95
170,100,ACC,SVM,0.033622751402580864,0.32362275140258084,0.29
171,100,ACC,SVM,0.006393322850994365,0.5163933228509944,0.51
172,100,ACC,SVM,0.053331112302747785,0.3033311123027478,0.25
173,100,ACC,SVM,0.12952372975134352,0.8004762702486565,0.93
174,100,ACC,SVM,0.06216455590341577,0.22216455590341577,0.16
175,100,ACC,SVM,0.16187291680358276,0.20187291680358277,0.04
176,100,ACC,SVM,0.005226766451662368,0.43522676645166236,0.43
177,100,ACC,SVM,0.20981536885117658,0.7801846311488234,0.99
178,100,ACC,SVM,0.09966954930126004,0.79033045069874,0.89
179,100,ACC,SVM,0.0815652034501746,0.6584347965498254,0.74
180,100,ACC,SVM,0.14025282750092605,0.749747172499074,0.89
181,100,ACC,SVM,0.16054446660075916,0.7294555333992409,0.89
182,100,ACC,SVM,0.03418995534867164,0.47581004465132837,0.51
183,100,ACC,SVM,0.033914390502413794,0.3439143905024138,0.31
184,100,ACC,SVM,0.08112774480042517,0.6888722551995748,0.77
185,100,ACC,SVM,0.1131692184992561,0.5468307815007439,0.66
186,100,ACC,SVM,0.014497668702079858,0.38449766870207985,0.37
187,100,ACC,SVM,0.050997999504083735,0.14099799950408373,0.09
188,100,ACC,SVM,0.1221484816498406,0.6178515183501594,0.74
189,100,ACC,SVM,0.027689624546667735,0.23231037545333227,0.26
190,100,ACC,SVM,0.11937791020142707,0.810622089798573,0.93
191,100,ACC,SVM,0.0024561950032487845,0.24245619500324878,0.24
192,100,ACC,SVM,0.04128963860391677,0.16128963860391676,0.12
193,100,ACC,SVM,0.11069028615067555,0.7193097138493244,0.83
194,100,ACC,SVM,0.08231037545333228,0.23231037545333227,0.15
195,100,ACC,SVM,0.12318529275283127,0.2931852927528313,0.17
196,100,ACC,SVM,0.06346085759908915,0.5265391424009108,0.59
197,100,ACC,SVM,0.03908627110159413,0.8309137288984059,0.87
198,100,ACC,SVM,0.05245619500324877,0.24245619500324878,0.19
199,100,ACC,SVM,0.044060210052330295,0.3540602100523303,0.31
200,100,ACC,SVM,0.08112774480042517,0.6888722551995748,0.77
201,100,ACC,SVM,0.16952372975134344,0.8004762702486565,0.97
202,100,ACC,SVM,0.06477323354833764,0.43522676645166236,0.5
203,100,ACC,SVM,0.13289365365299832,0.27289365365299834,0.14
204,100,ACC,SVM,0.15128963860391675,0.16128963860391676,0.01
205,100,ACC,SVM,0.08333111230274778,0.3033311123027478,0.22
206,100,ACC,SVM,0.09216455590341577,0.22216455590341577,0.13
207,100,ACC,SVM,0.07244012074967365,0.5975598792503264,0.67
208,100,ACC,SVM,0.12245619500324878,0.24245619500324878,0.12
209,100,ACC,SVM,0.03433577489858819,0.4656642251014118,0.5
210,100,ACC,SVM,0.11273175984950667,0.5772682401504933,0.69
211,100,ACC,SVM,0.02302339894933958,0.5569766010506604,0.58
212,100,ACC,SVM,0.08289365365299833,0.27289365365299834,0.19
213,100,ACC,SVM,0.10098192525050875,0.6990180747494913,0.8
214,100,ACC,SVM,0.04141938390025801,0.668580616099742,0.71
215,100,ACC,SVM,0.07156520345017459,0.6584347965498254,0.73
216,100,ACC,SVM,0.07187291680358276,0.20187291680358277,0.13
217,100,ACC,SVM,0.07172709725366627,0.19172709725366627,0.12
218,100,ACC,SVM,0.18039864705084263,0.7396013529491574,0.92
219,100,ACC,SVM,0.04608560949758622,0.3439143905024138,0.39
220,100,ACC,SVM,0.0033311123027477962,0.3033311123027478,0.3
221,100,ACC,SVM,0.0041899553486716146,0.47581004465132837,0.48
222,100,ACC,SVM,0.10302339894933965,0.5569766010506604,0.66
223,100,ACC,SVM,0.14952372975134343,0.8004762702486565,0.95
224,100,ACC,SVM,0.007106346347001691,0.27289365365299834,0.28
225,100,ACC,SVM,0.17025282750092607,0.749747172499074,0.92
226,100,ACC,SVM,0.16158127770374978,0.18158127770374977,0.02
227,100,ACC,SVM,0.043752496698922116,0.5062475033010779,0.55
228,100,ACC,SVM,0.12375249669892208,0.5062475033010779,0.63
229,100,ACC,SVM,0.11201873635349927,0.21201873635349927,0.1
230,100,ACC,SVM,0.051727097253666254,0.19172709725366627,0.14
231,100,ACC,SVM,0.03537258600157889,0.44537258600157886,0.41
232,100,ACC,SVM,0.149377910201427,0.810622089798573,0.96
233,100,ACC,SVM,0.007559879250326418,0.5975598792503264,0.59
234,100,ACC,SVM,0.15996118840109308,0.770038811598907,0.93
235,100,ACC,SVM,0.10098192525050875,0.6990180747494913,0.8
236,100,ACC,SVM,0.02477323354833766,0.43522676645166236,0.46
237,100,ACC,SVM,0.12156520345017463,0.6584347965498254,0.78
238,100,ACC,SVM,0.14114381905400025,0.15114381905400026,0.01
239,100,ACC,SVM,0.09172709725366626,0.19172709725366627,0.1
240,100,ACC,SVM,0.0905444666007591,0.7294555333992409,0.82
241,100,ACC,SVM,0.10112774480042519,0.6888722551995748,0.79
242,100,ACC,SVM,0.07333111230274778,0.3033311123027478,0.23
243,100,ACC,SVM,0.033898316248838656,0.49610168375116137,0.53
244,100,ACC,SVM,0.007705698800242855,0.6077056988002428,0.6
245,100,ACC,SVM,0.1609819252505087,0.6990180747494913,0.86
246,100,ACC,SVM,0.07346085759908916,0.5265391424009108,0.6
247,100,ACC,SVM,0.025226766451662386,0.43522676645166236,0.41
248,100,ACC,SVM,0.005793970397753201,0.3642060296022468,0.37
249,100,ACC,SVM,0.02537258600157888,0.44537258600157886,0.42
250,100,ACC,SVM,0.022002662099924186,0.6279973379000758,0.65
251,100,ACC,SVM,0.15083610570059214,0.7091638942994078,0.86
252,100,ACC,SVM,0.04521069219808721,0.4047893078019128,0.45
253,100,ACC,SVM,0.05318529275283129,0.2931852927528313,0.24
254,100,ACC,SVM,0.09362275140258083,0.32362275140258084,0.23
255,100,ACC,SVM,0.1018568425500076,0.6381431574499924,0.74
256,100,ACC,SVM,0.11098192525050876,0.6990180747494913,0.81
257,100,ACC,SVM,0.06128963860391676,0.16128963860391676,0.1
258,100,ACC,SVM,0.06070636040425073,0.12070636040425073,0.06
259,100,ACC,SVM,0.08375249669892204,0.5062475033010779,0.59
260,100,ACC,SVM,0.08216455590341576,0.22216455590341577,0.14
261,100,ACC,SVM,0.0905444666007591,0.7294555333992409,0.82
262,100,ACC,SVM,0.006668887697252213,0.3033311123027478,0.31
263,100,ACC,SVM,0.11260201455316526,0.2526020145531653,0.14
264,100,ACC,SVM,0.13981536885117662,0.7801846311488234,0.92
265,100,ACC,SVM,0.08245619500324877,0.24245619500324878,0.16
266,100,ACC,SVM,0.0030394732029147553,0.2830394732029148,0.28
267,100,ACC,SVM,0.09245619500324878,0.24245619500324878,0.15
268,100,ACC,SVM,0.061435458153833236,0.17143545815383324,0.11
269,100,ACC,SVM,0.11085217995416725,0.13085217995416726,0.02
270,100,ACC,SVM,0.11128963860391676,0.16128963860391676,0.05
271,100,ACC,SVM,0.09274783410308177,0.2627478341030818,0.17
272,100,ACC,SVM,0.10114381905400026,0.15114381905400026,0.05
273,100,ACC,SVM,0.08375249669892204,0.5062475033010779,0.59
274,100,ACC,SVM,0.008872255199574797,0.6888722551995748,0.68
275,100,ACC,SVM,0.035080946901745846,0.42508094690174586,0.39
276,100,ACC,SVM,0.003476931852664289,0.3134769318526643,0.31
277,100,ACC,SVM,0.07491905309825414,0.42508094690174586,0.5
278,100,ACC,SVM,0.07966954930126002,0.79033045069874,0.87
279,100,ACC,SVM,0.14083610570059213,0.7091638942994078,0.85
280,100,ACC,SVM,0.09085217995416725,0.13085217995416726,0.04
281,100,ACC,SVM,0.10303947320291479,0.2830394732029148,0.18
282,100,ACC,SVM,0.06318529275283127,0.2931852927528313,0.23
283,100,ACC,SVM,0.09376857095249735,0.33376857095249735,0.24
284,100,ACC,SVM,0.07389831624883858,0.49610168375116137,0.57
285,100,ACC,SVM,0.015080946901745884,0.42508094690174586,0.41
286,100,ACC,SVM,0.15172709725366626,0.19172709725366627,0.04
287,100,ACC,SVM,0.04493512735182931,0.4149351273518293,0.37
288,100,ACC,SVM,0.04418995534867165,0.47581004465132837,0.52
289,100,ACC,SVM,0.020706360404250723,0.12070636040425073,0.1
290,100,ACC,SVM,0.11069028615067555,0.7193097138493244,0.83
291,100,ACC,SVM,0.15187291680358278,0.20187291680358277,0.05
292,100,ACC,SVM,0.12966954930126007,0.79033045069874,0.92
293,100,ACC,SVM,0.10172709725366627,0.19172709725366627,0.09
294,100,ACC,SVM,0.090252827500926,0.749747172499074,0.84
295,100,ACC,SVM,0.1198153688511766,0.7801846311488234,0.9
296,100,ACC,SVM,0.09850299290192799,0.871497007098072,0.97
297,100,ACC,SVM,0.1314193839002581,0.668580616099742,0.8
298,100,ACC,SVM,0.09127356435034162,0.6787264356496584,0.77
299,100,ACC,SVM,0.10331503804917264,0.5366849619508274,0.64
300,100,ACC,SVM,0.10141938390025806,0.668580616099742,0.77
301,100,ACC,SVM,0.06172709725366626,0.19172709725366627,0.13
302,100,ACC,SVM,0.016830781500743908,0.5468307815007439,0.53
303,100,ACC,SVM,0.03418995534867164,0.47581004465132837,0.51
304,100,ACC,SVM,0.10025282750092601,0.749747172499074,0.85
305,100,ACC,SVM,0.02595586420124485,0.48595586420124487,0.46
306,100,ACC,SVM,0.01579397039775321,0.3642060296022468,0.38
307,100,ACC,SVM,0.09331503804917263,0.5366849619508274,0.63
308,100,ACC,SVM,0.06362275140258083,0.32362275140258084,0.26
309,100,ACC,SVM,0.05158127770374976,0.18158127770374977,0.13
310,100,ACC,SVM,0.014481594448504609,0.45551840555149536,0.47
311,100,ACC,SVM,0.03537258600157889,0.44537258600157886,0.41
312,100,ACC,SVM,0.06318529275283127,0.2931852927528313,0.23
313,100,ACC,SVM,0.024497668702079867,0.38449766870207985,0.36
314,100,ACC,SVM,0.02623142904750264,0.33376857095249735,0.36
315,100,ACC,SVM,0.023914390502413785,0.3439143905024138,0.32
316,100,ACC,SVM,0.034789307801912805,0.4047893078019128,0.37
317,100,ACC,SVM,0.11287757939942322,0.5671224206005768,0.68
318,100,ACC,SVM,0.017106346347001644,0.27289365365299834,0.29
319,100,ACC,SVM,0.11923209065151052,0.8207679093484894,0.94
320,100,ACC,SVM,0.12981536885117662,0.7801846311488234,0.91
321,100,ACC,SVM,0.04653914240091084,0.5265391424009108,0.48
322,100,ACC,SVM,0.00652306814733572,0.3134769318526643,0.32
323,100,ACC,SVM,0.05418995534867166,0.47581004465132837,0.53
324,100,ACC,SVM,0.090252827500926,0.749747172499074,0.84
325,100,ACC,SVM,0.03214848164984063,0.6178515183501594,0.65
326,100,ACC,SVM,0.029961188401093075,0.770038811598907,0.8
327,100,ACC,SVM,0.07448159444850466,0.45551840555149536,0.53
328,100,ACC,SVM,0.012148481649840615,0.6178515183501594,0.63
329,100,ACC,SVM,0.05376857095249732,0.33376857095249735,0.28
330,100,ACC,SVM,0.09185684255000759,0.6381431574499924,0.73
331,100,ACC,SVM,0.08303947320291477,0.2830394732029148,0.2
332,100,ACC,SVM,0.11273175984950667,0.5772682401504933,0.69
333,100,ACC,SVM,0.07981536885117657,0.7801846311488234,0.86
334,100,ACC,SVM,0.08201873635349927,0.21201873635349927,0.13
335,100,ACC,SVM,0.08346085759908917,0.5265391424009108,0.61
336,100,ACC,SVM,0.17274783410308178,0.2627478341030818,0.09
337,100,ACC,SVM,0.11229430119975714,0.6077056988002428,0.72
338,100,ACC,SVM,0.09143545815383324,0.17143545815383324,0.08
339,100,ACC,SVM,0.14981536885117663,0.7801846311488234,0.93
340,100,ACC,SVM,0.13274783410308177,0.2627478341030818,0.13
341,100,ACC,SVM,0.200252827500926,0.749747172499074,0.95
342,100,ACC,SVM,0.060398647050842635,0.7396013529491574,0.8
343,100,ACC,SVM,0.02785151835015942,0.6178515183501594,0.59
344,100,ACC,SVM,0.10127356435034163,0.6787264356496584,0.78
345,100,ACC,SVM,0.060544466600759184,0.7294555333992409,0.79
346,100,ACC,SVM,0.13952372975134342,0.8004762702486565,0.94
347,100,ACC,SVM,0.022893653652998336,0.27289365365299834,0.25
348,100,ACC,SVM,0.1547732335483376,0.43522676645166236,0.59
349,100,ACC,SVM,0.09158127770374977,0.18158127770374977,0.09
350,100,ACC,SVM,0.032731759849506714,0.5772682401504933,0.61
351,100,ACC,SVM,0.08260201455316526,0.2526020145531653,0.17
352,100,ACC,SVM,0.03755987925032633,0.5975598792503264,0.56
353,100,ACC,SVM,0.09418995534867158,0.47581004465132837,0.57
354,100,ACC,SVM,0.02477323354833766,0.43522676645166236,0.46
355,100,ACC,SVM,0.04418995534867165,0.47581004465132837,0.52
356,100,ACC,SVM,0.15229430119975718,0.6077056988002428,0.76
357,100,ACC,SVM,0.019961188401093066,0.770038811598907,0.79
358,100,ACC,SVM,0.05477323354833763,0.43522676645166236,0.49
359,100,ACC,SVM,0.022877579399423142,0.5671224206005768,0.59
360,100,ACC,SVM,0.10923209065151063,0.8207679093484894,0.93
361,100,ACC,SVM,0.061435458153833236,0.17143545815383324,0.11
362,100,ACC,SVM,0.04114381905400026,0.15114381905400026,0.11
363,100,ACC,SVM,0.08128963860391676,0.16128963860391676,0.08
364,100,ACC,SVM,0.1234608575990892,0.5265391424009108,0.65
365,100,ACC,SVM,0.004935127351829327,0.4149351273518293,0.41
366,100,ACC,SVM,0.09127356435034162,0.6787264356496584,0.77
367,100,ACC,SVM,0.042002662099924204,0.6279973379000758,0.67
368,100,ACC,SVM,0.00376857095249733,0.33376857095249735,0.33
369,100,ACC,SVM,0.19098192525050872,0.6990180747494913,0.89
370,100,ACC,SVM,0.08127356435034161,0.6787264356496584,0.76
371,100,ACC,SVM,0.07391439050241377,0.3439143905024138,0.27
372,100,ACC,SVM,0.024497668702079867,0.38449766870207985,0.36
373,100,ACC,SVM,0.026960526797085216,0.2830394732029148,0.31
374,100,ACC,SVM,0.08231037545333228,0.23231037545333227,0.15
375,100,ACC,SVM,0.08216455590341576,0.22216455590341577,0.14
376,100,ACC,SVM,0.17010700795100964,0.7598929920489904,0.93
377,100,ACC,SVM,0.03566422510141182,0.4656642251014118,0.43
378,100,ACC,SVM,0.005648150847836653,0.37435184915216335,0.38
379,100,ACC,SVM,0.041273564350341574,0.6787264356496584,0.72
380,100,ACC,SVM,0.006976601050660336,0.5569766010506604,0.55
381,100,ACC,SVM,0.09908627110159418,0.8309137288984059,0.93
382,100,ACC,SVM,0.09112774480042518,0.6888722551995748,0.78
383,100,ACC,SVM,0.005810044651328394,0.47581004465132837,0.47
384,100,ACC,SVM,0.004351849152163356,0.37435184915216335,0.37
385,100,ACC,SVM,0.13894045155167756,0.8410595484483224,0.98
386,100,ACC,SVM,0.04141938390025801,0.668580616099742,0.71
387,100,ACC,SVM,0.200252827500926,0.749747172499074,0.95
388,100,ACC,SVM,0.07158127770374977,0.18158127770374977,0.11
389,100,ACC,SVM,0.17127356435034158,0.6787264356496584,0.85
390,100,ACC,SVM,0.12375249669892208,0.5062475033010779,0.63
391,100,ACC,SVM,0.10216455590341578,0.22216455590341577,0.12
392,100,ACC,SVM,0.11433577489858815,0.4656642251014118,0.58
393,100,ACC,SVM,0.07229430119975722,0.6077056988002428,0.68
394,100,ACC,SVM,0.09041472130441772,0.10041472130441771,0.01
395,100,ACC,SVM,0.055356511748003656,0.39464348825199635,0.45
396,100,ACC,SVM,0.08039864705084254,0.7396013529491574,0.82
397,100,ACC,SVM,0.023476931852664307,0.3134769318526643,0.29
398,100,ACC,SVM,0.005518405551495353,0.45551840555149536,0.45
399,100,ACC,SVM,0.06564815084783665,0.37435184915216335,0.44
400,100,ACC,SVM,0.054060210052330304,0.3540602100523303,0.3
401,100,ACC,SVM,0.15010700795100962,0.7598929920489904,0.91
402,100,ACC,SVM,0.10127356435034163,0.6787264356496584,0.78
403,100,ACC,SVM,0.10201873635349927,0.21201873635349927,0.11
404,100,ACC,SVM,0.19966954930126002,0.79033045069874,0.99
405,100,ACC,SVM,0.22171102300009105,0.648288976999909,0.87
406,100,ACC,SVM,0.007106346347001691,0.27289365365299834,0.28
407,100,ACC,SVM,0.15127356435034156,0.6787264356496584,0.83
408,100,ACC,SVM,0.11201873635349927,0.21201873635349927,0.1
409,100,ACC,SVM,0.118502992901928,0.871497007098072,0.99
410,100,ACC,SVM,0.0928775793994232,0.5671224206005768,0.66
411,100,ACC,SVM,0.001711023000091072,0.648288976999909,0.65
412,100,ACC,SVM,0.13216455590341578,0.22216455590341577,0.09
413,100,ACC,SVM,0.1706902861506756,0.7193097138493244,0.89
414,100,ACC,SVM,0.12099799950408373,0.14099799950408373,0.02
415,100,ACC,SVM,0.13435184915216336,0.37435184915216335,0.24
416,100,ACC,SVM,0.061872916803582756,0.20187291680358277,0.14
417,100,ACC,SVM,0.14200266209992418,0.6279973379000758,0.77
418,100,ACC,SVM,0.04231037545333227,0.23231037545333227,0.19
419,100,ACC,SVM,0.09937791020142706,0.810622089798573,0.91
420,100,ACC,SVM,0.06258594029959019,0.5874140597004098,0.65
421,100,ACC,SVM,0.13128963860391676,0.16128963860391676,0.03
422,100,ACC,SVM,0.12070636040425073,0.12070636040425073,0.0
423,100,ACC,SVM,0.05041472130441771,0.10041472130441771,0.05
424,100,ACC,SVM,0.0836066771490056,0.5163933228509944,0.6
425,100,ACC,SVM,0.0908361057005922,0.7091638942994078,0.8
426,100,ACC,SVM,0.09362275140258083,0.32362275140258084,0.23
427,100,ACC,SVM,0.069961188401093,0.770038811598907,0.84
428,100,ACC,SVM,0.04026890175450121,0.09026890175450121,0.05
429,100,ACC,SVM,0.1111277448004252,0.6888722551995748,0.8
430,100,ACC,SVM,0.17025282750092607,0.749747172499074,0.92
431,100,ACC,SVM,0.10141938390025806,0.668580616099742,0.77
432,100,ACC,SVM,0.12287757939942312,0.5671224206005768,0.69
433,100,ACC,SVM,0.07010700795100955,0.7598929920489904,0.83
434,100,ACC,SVM,0.13143545815383323,0.17143545815383324,0.04
435,100,ACC,SVM,0.02216455590341576,0.22216455590341577,0.2
436,100,ACC,SVM,0.11231037545333228,0.23231037545333227,0.12
437,100,ACC,SVM,0.01404413579875513,0.48595586420124487,0.5
438,100,ACC,SVM,0.09171102300009104,0.648288976999909,0.74
439,100,ACC,SVM,0.0020026620999241684,0.6279973379000758,0.63
440,100,ACC,SVM,0.10025282750092601,0.749747172499074,0.85
441,100,ACC,SVM,0.11274783410308178,0.2627478341030818,0.15
442,100,ACC,SVM,0.10200266209992415,0.6279973379000758,0.73
443,100,ACC,SVM,0.03216455590341577,0.22216455590341577,0.19
444,100,ACC,SVM,0.03333111230274777,0.3033311123027478,0.27
445,100,ACC,SVM,0.13287757939942313,0.5671224206005768,0.7
446,100,ACC,SVM,0.17952372975134345,0.8004762702486565,0.98
447,100,ACC,SVM,0.09360667714900561,0.5163933228509944,0.61
448,100,ACC,SVM,0.06056054085433421,0.11056054085433421,0.05
449,100,ACC,SVM,0.0124401207496736,0.5975598792503264,0.61
450,100,ACC,SVM,0.15172709725366626,0.19172709725366627,0.04
451,100,ACC,SVM,0.10996118840109304,0.770038811598907,0.88
452,100,ACC,SVM,0.17346085759908914,0.5265391424009108,0.7
453,100,ACC,SVM,0.05216455590341576,0.22216455590341577,0.17
454,100,ACC,SVM,0.08143545815383324,0.17143545815383324,0.09
455,100,ACC,SVM,0.04216455590341578,0.22216455590341577,0.18
456,100,ACC,SVM,0.108502992901928,0.871497007098072,0.98
457,100,ACC,SVM,0.06550233129792016,0.38449766870207985,0.45
458,100,ACC,SVM,0.11141938390025807,0.668580616099742,0.78
459,100,ACC,SVM,0.11360667714900563,0.5163933228509944,0.63
460,100,ACC,SVM,0.023169218499256017,0.5468307815007439,0.57
461,100,ACC,SVM,0.11260201455316526,0.2526020145531653,0.14
462,100,ACC,SVM,0.16996118840109298,0.770038811598907,0.94
463,100,ACC,SVM,0.023622751402580855,0.32362275140258084,0.3
464,100,ACC,SVM,0.08404413579875508,0.48595586420124487,0.57
465,100,ACC,SVM,0.021419383900257993,0.668580616099742,0.69
466,100,ACC,SVM,0.022148481649840623,0.6178515183501594,0.64
467,100,ACC,SVM,0.16996118840109298,0.770038811598907,0.94
468,100,ACC,SVM,0.09231037545333226,0.23231037545333227,0.14
469,100,ACC,SVM,0.003898316248838629,0.49610168375116137,0.5
470,100,ACC,SVM,0.05551840555149534,0.45551840555149536,0.4
471,100,ACC,SVM,0.026101683751161397,0.49610168375116137,0.47
472,100,ACC,SVM,0.10201873635349927,0.21201873635349927,0.11
473,100,ACC,SVM,0.04143545815383323,0.17143545815383324,0.13
474,100,ACC,SVM,0.06376857095249733,0.33376857095249735,0.27
475,100,ACC,SVM,0.0439143905024138,0.3439143905024138,0.3
476,100,ACC,SVM,0.005064872648170682,0.4149351273518293,0.42
477,100,ACC,SVM,0.07331503804917261,0.5366849619508274,0.61
478,100,ACC,SVM,0.03858061609974195,0.668580616099742,0.63
479,100,ACC,SVM,0.0052106921980871745,0.4047893078019128,0.41
480,100,ACC,SVM,0.005356511748003667,0.39464348825199635,0.4
481,100,ACC,SVM,0.008127083196417223,0.20187291680358277,0.21
482,100,ACC,SVM,0.033169218499256026,0.5468307815007439,0.58
483,100,ACC,SVM,0.033914390502413794,0.3439143905024138,0.31
484,100,ACC,SVM,0.10085217995416726,0.13085217995416726,0.03
485,100,ACC,SVM,0.025226766451662386,0.43522676645166236,0.41
486,100,ACC,SVM,0.036247503301077955,0.5062475033010779,0.47
487,100,ACC,SVM,0.09347693185266429,0.3134769318526643,0.22
488,100,ACC,SVM,0.01302339894933957,0.5569766010506604,0.57
489,100,ACC,SVM,0.023315038049172676,0.5366849619508274,0.56
490,100,ACC,SVM,0.10244012074967357,0.5975598792503264,0.7
491,100,ACC,SVM,0.06273175984950674,0.5772682401504933,0.64
492,100,ACC,SVM,0.011856842550007629,0.6381431574499924,0.65
493,100,ACC,SVM,0.033914390502413794,0.3439143905024138,0.31
494,100,ACC,SVM,0.050544466600759175,0.7294555333992409,0.78
495,100,ACC,SVM,0.03375249669892211,0.5062475033010779,0.54
496,100,ACC,SVM,0.025210692198087192,0.4047893078019128,0.43
497,100,ACC,SVM,0.06302339894933962,0.5569766010506604,0.62
498,100,ACC,SVM,0.054935127351829316,0.4149351273518293,0.36
499,100,ACC,SVM,0.013898316248838638,0.49610168375116137,0.51
500,100,ACC,SVM,0.09185684255000759,0.6381431574499924,0.73
501,100,ACC,SVM,0.1606902861506756,0.7193097138493244,0.88
502,100,ACC,SVM,0.10937791020142706,0.810622089798573,0.92
503,100,ACC,SVM,0.03668496195082738,0.5366849619508274,0.5
504,100,ACC,SVM,0.05433577489858821,0.4656642251014118,0.52
505,100,ACC,SVM,0.12141938390025808,0.668580616099742,0.79
506,100,ACC,SVM,0.0542060296022468,0.3642060296022468,0.31
507,100,ACC,SVM,0.15127356435034156,0.6787264356496584,0.83
508,100,ACC,SVM,0.02433577489858818,0.4656642251014118,0.49
509,100,ACC,SVM,0.10201873635349927,0.21201873635349927,0.11
510,100,ACC,SVM,0.10143545815383323,0.17143545815383324,0.07
511,100,ACC,SVM,0.10039864705084256,0.7396013529491574,0.84
512,100,ACC,SVM,0.10114381905400026,0.15114381905400026,0.05
513,100,ACC,SVM,0.04362275140258082,0.32362275140258084,0.28
514,100,ACC,SVM,0.013914390502413776,0.3439143905024138,0.33
515,100,ACC,SVM,0.08260201455316526,0.2526020145531653,0.17
516,100,ACC,SVM,0.13537258600157887,0.44537258600157886,0.31
517,100,ACC,SVM,0.06127356435034159,0.6787264356496584,0.74
518,100,ACC,SVM,0.15128963860391675,0.16128963860391676,0.01
519,100,ACC,SVM,0.151419383900258,0.668580616099742,0.82
520,100,ACC,SVM,0.16112774480042513,0.6888722551995748,0.85
521,100,ACC,SVM,0.034789307801912805,0.4047893078019128,0.37
522,100,ACC,SVM,0.07216455590341578,0.22216455590341577,0.15
523,100,ACC,SVM,0.012585940299590148,0.5874140597004098,0.6
524,100,ACC,SVM,0.1527478341030818,0.2627478341030818,0.11
525,100,ACC,SVM,0.024497668702079867,0.38449766870207985,0.36
526,100,ACC,SVM,0.15966954930125998,0.79033045069874,0.95
527,100,ACC,SVM,0.13879463200176112,0.8512053679982389,0.99
528,100,ACC,SVM,0.12171102300009107,0.648288976999909,0.77
529,100,ACC,SVM,0.044060210052330295,0.3540602100523303,0.31
530,100,ACC,SVM,0.10273175984950678,0.5772682401504933,0.68
531,100,ACC,SVM,0.09229430119975712,0.6077056988002428,0.7
532,100,ACC,SVM,0.0349351273518293,0.4149351273518293,0.38
533,100,ACC,SVM,0.0018568425500076202,0.6381431574499924,0.64
534,100,ACC,SVM,0.13099799950408372,0.14099799950408373,0.01
535,100,ACC,SVM,0.03231037545333226,0.23231037545333227,0.2
536,100,ACC,SVM,0.023898316248838647,0.49610168375116137,0.52
537,100,ACC,SVM,0.09260201455316527,0.2526020145531653,0.16
538,100,ACC,SVM,0.06216455590341577,0.22216455590341577,0.16
539,100,ACC,SVM,0.161419383900258,0.668580616099742,0.83
540,100,ACC,SVM,0.22010700795100957,0.7598929920489904,0.98
541,100,ACC,SVM,0.07418995534867168,0.47581004465132837,0.55
542,100,ACC,SVM,0.07010700795100955,0.7598929920489904,0.83
543,100,ACC,SVM,0.13879463200176112,0.8512053679982389,0.99
544,100,ACC,SVM,0.10245619500324876,0.24245619500324878,0.14
545,100,ACC,SVM,0.014919053098254142,0.42508094690174586,0.44
546,100,ACC,SVM,0.02493512735182929,0.4149351273518293,0.39
547,100,ACC,SVM,0.13201873635349926,0.21201873635349927,0.08
548,100,ACC,SVM,0.0915652034501746,0.6584347965498254,0.75
549,100,ACC,SVM,0.004919053098254134,0.42508094690174586,0.43
550,100,ACC,SVM,0.0044815944485046555,0.45551840555149536,0.46
551,100,ACC,SVM,0.09245619500324878,0.24245619500324878,0.15
552,100,ACC,SVM,0.008564541846166757,0.17143545815383324,0.18
553,100,ACC,SVM,0.20098192525050873,0.6990180747494913,0.9
554,100,ACC,SVM,0.09085217995416725,0.13085217995416726,0.04
555,100,ACC,SVM,0.08347693185266428,0.3134769318526643,0.23
556,100,ACC,SVM,0.07420602960224681,0.3642060296022468,0.29
557,100,ACC,SVM,0.10550233129792014,0.38449766870207985,0.49
558,100,ACC,SVM,0.07375249669892203,0.5062475033010779,0.58
559,100,ACC,SVM,0.03448159444850463,0.45551840555149536,0.49
560,100,ACC,SVM,0.06099799950408373,0.14099799950408373,0.08
561,100,ACC,SVM,0.1039143905024138,0.3439143905024138,0.24
562,100,ACC,SVM,0.15112774480042512,0.6888722551995748,0.84
563,100,ACC,SVM,0.12375249669892208,0.5062475033010779,0.63
564,100,ACC,SVM,0.12360667714900564,0.5163933228509944,0.64
565,100,ACC,SVM,0.042002662099924204,0.6279973379000758,0.67
566,100,ACC,SVM,0.07112774480042516,0.6888722551995748,0.76
567,100,ACC,SVM,0.09099799950408373,0.14099799950408373,0.05
568,100,ACC,SVM,0.024497668702079867,0.38449766870207985,0.36
569,100,ACC,SVM,0.047268240150493246,0.5772682401504933,0.53
570,100,ACC,SVM,0.09508094690174584,0.42508094690174586,0.33
571,100,ACC,SVM,0.090252827500926,0.749747172499074,0.84
572,100,ACC,SVM,0.06506487264817068,0.4149351273518293,0.48
573,100,ACC,SVM,0.06098192525050872,0.6990180747494913,0.76
574,100,ACC,SVM,0.12054446660075913,0.7294555333992409,0.85
575,100,ACC,SVM,0.01404413579875513,0.48595586420124487,0.5
576,100,ACC,SVM,0.10966954930126005,0.79033045069874,0.9
577,100,ACC,SVM,0.02302339894933958,0.5569766010506604,0.58
578,100,ACC,SVM,0.11039864705084257,0.7396013529491574,0.85
579,100,ACC,SVM,0.003914390502413767,0.3439143905024138,0.34
580,100,ACC,SVM,0.07506487264817069,0.4149351273518293,0.49
581,100,ACC,SVM,0.026976601050660354,0.5569766010506604,0.53
582,100,ACC,SVM,0.08158127770374976,0.18158127770374977,0.1
583,100,ACC,SVM,0.05623142904750267,0.33376857095249735,0.39
584,100,ACC,SVM,0.11966954930126006,0.79033045069874,0.91
585,100,ACC,SVM,0.08316921849925607,0.5468307815007439,0.63
586,100,ACC,SVM,0.07245619500324876,0.24245619500324878,0.17
587,100,ACC,SVM,0.013914390502413776,0.3439143905024138,0.33
588,100,ACC,SVM,0.08289365365299833,0.27289365365299834,0.19
589,100,ACC,SVM,0.14128963860391677,0.16128963860391676,0.02
590,100,ACC,SVM,0.18039864705084263,0.7396013529491574,0.92
591,100,ACC,SVM,0.015518405551495362,0.45551840555149536,0.44
592,100,ACC,SVM,0.0642060296022468,0.3642060296022468,0.3
593,100,ACC,SVM,0.1141899553486716,0.47581004465132837,0.59
594,100,ACC,SVM,0.18158127770374977,0.18158127770374977,0.0
595,100,ACC,SVM,0.04347693185266427,0.3134769318526643,0.27
596,100,ACC,SVM,0.12273175984950668,0.5772682401504933,0.7
597,100,ACC,SVM,0.02229430119975717,0.6077056988002428,0.63
598,100,ACC,SVM,0.18966954930126,0.79033045069874,0.98
599,100,ACC,SVM,0.08331503804917262,0.5366849619508274,0.62
600,100,ACC,SVM,0.014481594448504609,0.45551840555149536,0.47
601,100,ACC,SVM,0.0001070079510095967,0.7598929920489904,0.76
602,100,ACC,SVM,0.18069028615067562,0.7193097138493244,0.9
603,100,ACC,SVM,0.07171102300009102,0.648288976999909,0.72
604,100,ACC,SVM,0.1087946320017611,0.8512053679982389,0.96
605,100,ACC,SVM,0.10127356435034163,0.6787264356496584,0.78
606,100,ACC,SVM,0.13054446660075913,0.7294555333992409,0.86
607,100,ACC,SVM,0.061435458153833236,0.17143545815383324,0.11
608,100,ACC,SVM,0.07156520345017459,0.6584347965498254,0.73
609,100,ACC,SVM,0.04535651174800365,0.39464348825199635,0.44
610,100,ACC,SVM,0.07418995534867168,0.47581004465132837,0.55
611,100,ACC,SVM,0.09302339894933964,0.5569766010506604,0.65
612,100,ACC,SVM,0.210252827500926,0.749747172499074,0.96
613,100,ACC,SVM,0.15923209065151056,0.8207679093484894,0.98
614,100,ACC,SVM,0.04362275140258082,0.32362275140258084,0.28
615,100,ACC,SVM,0.06141938390025803,0.668580616099742,0.73
616,100,ACC,SVM,0.07141938390025804,0.668580616099742,0.74
617,100,ACC,SVM,0.05464348825199633,0.39464348825199635,0.34
618,100,ACC,SVM,0.06158127770374977,0.18158127770374977,0.12
619,100,ACC,SVM,0.08070636040425072,0.12070636040425073,0.04
620,100,ACC,SVM,0.010184631148823398,0.7801846311488234,0.77
621,100,ACC,SVM,0.005955864201244887,0.48595586420124487,0.48
622,100,ACC,SVM,0.169377910201427,0.810622089798573,0.98
623,100,ACC,SVM,0.0044815944485046555,0.45551840555149536,0.46
624,100,ACC,SVM,0.159377910201427,0.810622089798573,0.97
625,100,ACC,SVM,0.0052106921980871745,0.4047893078019128,0.41
626,100,ACC,SVM,0.09098192525050874,0.6990180747494913,0.79
627,100,ACC,SVM,0.07114381905400026,0.15114381905400026,0.08
628,100,ACC,SVM,0.09448159444850468,0.45551840555149536,0.55
629,100,ACC,SVM,0.07054446660075919,0.7294555333992409,0.8
630,100,ACC,SVM,0.12966954930126007,0.79033045069874,0.92
631,100,ACC,SVM,0.1108361057005921,0.7091638942994078,0.82
632,100,ACC,SVM,0.15158127770374977,0.18158127770374977,0.03
633,100,ACC,SVM,0.004351849152163356,0.37435184915216335,0.37
634,100,ACC,SVM,0.08070636040425072,0.12070636040425073,0.04
635,100,ACC,SVM,0.08158127770374976,0.18158127770374977,0.1
636,100,ACC,SVM,0.011565203450174644,0.6584347965498254,0.67
637,100,ACC,SVM,0.1327317598495067,0.5772682401504933,0.71
638,100,ACC,SVM,0.03039864705084261,0.7396013529491574,0.77
639,100,ACC,SVM,0.11025282750092602,0.749747172499074,0.86
640,100,ACC,SVM,0.010690286150675576,0.7193097138493244,0.73
641,100,ACC,SVM,0.04010700795100963,0.7598929920489904,0.8
642,100,ACC,SVM,0.12128963860391676,0.16128963860391676,0.04
643,100,ACC,SVM,0.10376857095249734,0.33376857095249735,0.23
644,100,ACC,SVM,0.018143157449992398,0.6381431574499924,0.62
645,100,ACC,SVM,0.10025282750092601,0.749747172499074,0.85
646,100,ACC,SVM,0.10041472130441771,0.10041472130441771,0.0
647,100,ACC,SVM,0.0443357748985882,0.4656642251014118,0.51
648,100,ACC,SVM,0.05214848164984065,0.6178515183501594,0.67
649,100,ACC,SVM,0.18187291680358278,0.20187291680358277,0.02
650,100,ACC,SVM,0.004789307801912779,0.4047893078019128,0.4
651,100,ACC,SVM,0.18083610570059216,0.7091638942994078,0.89
652,100,ACC,SVM,0.10287757939942321,0.5671224206005768,0.67
653,100,ACC,SVM,0.12406021005233028,0.3540602100523303,0.23
654,100,ACC,SVM,0.059669549301260005,0.79033045069874,0.85
655,100,ACC,SVM,0.03666888769725224,0.3033311123027478,0.34
656,100,ACC,SVM,0.19156520345017458,0.6584347965498254,0.85
657,100,ACC,SVM,0.033622751402580864,0.32362275140258084,0.29
658,100,ACC,SVM,0.043169218499256035,0.5468307815007439,0.59
659,100,ACC,SVM,0.00550233129792016,0.38449766870207985,0.39
660,100,ACC,SVM,0.013039473202914764,0.2830394732029148,0.27
661,100,ACC,SVM,0.08966954930126003,0.79033045069874,0.88
662,100,ACC,SVM,0.04216455590341578,0.22216455590341577,0.18
663,100,ACC,SVM,0.07114381905400026,0.15114381905400026,0.08
664,100,ACC,SVM,0.06710634634700169,0.27289365365299834,0.34
665,100,ACC,SVM,0.07185684255000757,0.6381431574499924,0.71
666,100,ACC,SVM,0.10098192525050875,0.6990180747494913,0.8
667,100,ACC,SVM,0.13879463200176112,0.8512053679982389,0.99
668,100,ACC,SVM,0.09449766870207987,0.38449766870207985,0.29
669,100,ACC,SVM,0.005356511748003667,0.39464348825199635,0.4
670,100,ACC,SVM,0.04143545815383323,0.17143545815383324,0.13
671,100,ACC,SVM,0.09418995534867158,0.47581004465132837,0.57
672,100,ACC,SVM,0.16923209065151057,0.8207679093484894,0.99
673,100,ACC,SVM,0.08214848164984057,0.6178515183501594,0.7
674,100,ACC,SVM,0.05331503804917259,0.5366849619508274,0.59
675,100,ACC,SVM,0.004643488251996342,0.39464348825199635,0.39
676,100,ACC,SVM,0.24141938390025808,0.668580616099742,0.91
677,100,ACC,SVM,0.004044135798755122,0.48595586420124487,0.49
678,100,ACC,SVM,0.07187291680358276,0.20187291680358277,0.13
679,100,ACC,SVM,0.0465230681473357,0.3134769318526643,0.36
680,100,ACC,SVM,0.10128963860391677,0.16128963860391676,0.06
681,100,ACC,SVM,0.03231037545333226,0.23231037545333227,0.2
682,100,ACC,SVM,0.08026890175450122,0.09026890175450121,0.01
683,100,ACC,SVM,0.05624750330107792,0.5062475033010779,0.45
684,100,ACC,SVM,0.0020026620999241684,0.6279973379000758,0.63
685,100,ACC,SVM,0.026523068147335738,0.3134769318526643,0.34
686,100,ACC,SVM,0.015210692198087183,0.4047893078019128,0.42
687,100,ACC,SVM,0.21039864705084255,0.7396013529491574,0.95
688,100,ACC,SVM,0.12200266209992416,0.6279973379000758,0.75
689,100,ACC,SVM,0.043898316248838665,0.49610168375116137,0.54
690,100,ACC,SVM,0.017252165896918248,0.2627478341030818,0.28
691,100,ACC,SVM,0.11996118840109304,0.770038811598907,0.89
692,100,ACC,SVM,0.07333111230274778,0.3033311123027478,0.23
693,100,ACC,SVM,0.0949351273518293,0.4149351273518293,0.32
694,100,ACC,SVM,0.08937791020142705,0.810622089798573,0.9
695,100,ACC,SVM,0.03404413579875515,0.48595586420124487,0.52
696,100,ACC,SVM,0.1018568425500076,0.6381431574499924,0.74
697,100,ACC,SVM,0.043169218499256035,0.5468307815007439,0.59
698,100,ACC,SVM,0.04229430119975719,0.6077056988002428,0.65
699,100,ACC,SVM,0.043768570952497365,0.33376857095249735,0.29
700,100,ACC,SVM,0.0734769318526643,0.3134769318526643,0.24
701,100,ACC,SVM,0.036960526797085225,0.2830394732029148,0.32
702,100,ACC,SVM,0.08231037545333228,0.23231037545333227,0.15
703,100,ACC,SVM,0.14054446660075914,0.7294555333992409,0.87
704,100,ACC,SVM,0.007106346347001691,0.27289365365299834,0.28
705,100,ACC,SVM,0.053752496698922125,0.5062475033010779,0.56
706,100,ACC,SVM,0.050398647050842627,0.7396013529491574,0.79
707,100,ACC,SVM,0.09112774480042518,0.6888722551995748,0.78
708,100,ACC,SVM,0.01537258600157887,0.44537258600157886,0.43
709,100,ACC,SVM,0.06521069219808717,0.4047893078019128,0.47
710,100,ACC,SVM,0.15908627110159412,0.8309137288984059,0.99
711,100,ACC,SVM,0.042002662099924204,0.6279973379000758,0.67
712,100,ACC,SVM,0.18200266209992422,0.6279973379000758,0.81
713,100,ACC,SVM,0.1198153688511766,0.7801846311488234,0.9
714,100,ACC,SVM,0.09112774480042518,0.6888722551995748,0.78
715,100,ACC,SVM,0.04216455590341578,0.22216455590341577,0.18
716,100,ACC,SVM,0.07404413579875518,0.48595586420124487,0.56
717,100,ACC,SVM,0.12216455590341577,0.22216455590341577,0.1
718,100,ACC,SVM,0.1437524966989221,0.5062475033010779,0.65
719,100,ACC,SVM,0.10894045155167753,0.8410595484483224,0.95
720,100,ACC,SVM,0.06462741399842115,0.44537258600157886,0.51
721,100,ACC,SVM,0.02551840555149537,0.45551840555149536,0.43
722,100,ACC,SVM,0.11099799950408373,0.14099799950408373,0.03
723,100,ACC,SVM,0.13937791020142698,0.810622089798573,0.95
724,100,ACC,SVM,0.06128963860391676,0.16128963860391676,0.1
725,100,ACC,SVM,0.09085217995416725,0.13085217995416726,0.04
726,100,ACC,SVM,0.08362275140258085,0.32362275140258084,0.24
727,100,ACC,SVM,0.09114381905400026,0.15114381905400026,0.06
728,100,ACC,SVM,0.11623142904750267,0.33376857095249735,0.45
729,100,ACC,SVM,0.013898316248838638,0.49610168375116137,0.51
730,100,ACC,SVM,0.016814707247168714,0.2931852927528313,0.31
731,100,ACC,SVM,0.16201873635349928,0.21201873635349927,0.05
732,100,ACC,SVM,0.010706360404250728,0.12070636040425073,0.11
733,100,ACC,SVM,0.004497668702079849,0.38449766870207985,0.38
734,100,ACC,SVM,0.08099799950408373,0.14099799950408373,0.06
735,100,ACC,SVM,0.09244012074967356,0.5975598792503264,0.69
736,100,ACC,SVM,0.08303947320291477,0.2830394732029148,0.2
737,100,ACC,SVM,0.013476931852664298,0.3134769318526643,0.3
738,100,ACC,SVM,0.004643488251996342,0.39464348825199635,0.39
739,100,ACC,SVM,0.01535651174800362,0.39464348825199635,0.41
740,100,ACC,SVM,0.09026890175450121,0.09026890175450121,0.0
741,100,ACC,SVM,0.08172709725366627,0.19172709725366627,0.11
742,100,ACC,SVM,0.1609819252505087,0.6990180747494913,0.86
743,100,ACC,SVM,0.13085217995416726,0.13085217995416726,0.0
744,100,ACC,SVM,0.05462741399842114,0.44537258600157886,0.5
745,100,ACC,SVM,0.024481594448504618,0.45551840555149536,0.48
746,100,ACC,SVM,0.02666888769725223,0.3033311123027478,0.33
747,100,ACC,SVM,0.01537258600157887,0.44537258600157886,0.43
748,100,ACC,SVM,0.050544466600759175,0.7294555333992409,0.78
749,100,ACC,SVM,0.059815368851176554,0.7801846311488234,0.84
750,100,ACC,SVM,0.027689624546667735,0.23231037545333227,0.26
751,100,ACC,SVM,0.10508094690174585,0.42508094690174586,0.32
752,100,ACC,SVM,0.04303947320291479,0.2830394732029148,0.24
753,100,ACC,SVM,0.08550233129792012,0.38449766870207985,0.47
754,100,ACC,SVM,0.09258594029959022,0.5874140597004098,0.68
755,100,ACC,SVM,0.022456195003248774,0.24245619500324878,0.22
756,100,ACC,SVM,0.013914390502413776,0.3439143905024138,0.33
757,100,ACC,SVM,0.21069028615067564,0.7193097138493244,0.93
758,100,ACC,SVM,0.09085217995416725,0.13085217995416726,0.04
759,100,ACC,SVM,0.014627413998421157,0.44537258600157886,0.46
760,100,ACC,SVM,0.10229430119975713,0.6077056988002428,0.71
761,100,ACC,SVM,0.09245619500324878,0.24245619500324878,0.15
762,100,ACC,SVM,0.05026890175450121,0.09026890175450121,0.04
763,100,ACC,SVM,0.13274783410308177,0.2627478341030818,0.13
764,100,ACC,SVM,0.13996118840109306,0.770038811598907,0.91
765,100,ACC,SVM,0.12070636040425073,0.12070636040425073,0.0
766,100,ACC,SVM,0.1334769318526643,0.3134769318526643,0.18
767,100,ACC,SVM,0.14143545815383324,0.17143545815383324,0.03
768,100,ACC,SVM,0.061435458153833236,0.17143545815383324,0.11
769,100,ACC,SVM,0.07316921849925606,0.5468307815007439,0.62
770,100,ACC,SVM,0.012602014553165286,0.2526020145531653,0.24
771,100,ACC,SVM,0.08418995534867169,0.47581004465132837,0.56
772,100,ACC,SVM,0.05331503804917259,0.5366849619508274,0.59
773,100,ACC,SVM,0.10039864705084256,0.7396013529491574,0.84
774,100,ACC,SVM,0.11056054085433421,0.11056054085433421,0.0
775,100,ACC,SVM,0.09010700795100957,0.7598929920489904,0.85
776,100,ACC,SVM,0.032731759849506714,0.5772682401504933,0.61
777,100,ACC,SVM,0.008856180945999742,0.15114381905400026,0.16
778,100,ACC,SVM,0.09127356435034162,0.6787264356496584,0.77
779,100,ACC,SVM,0.11039864705084257,0.7396013529491574,0.85
780,100,ACC,SVM,0.012747834103081779,0.2627478341030818,0.25
781,100,ACC,SVM,0.13996118840109306,0.770038811598907,0.91
782,100,ACC,SVM,0.005518405551495353,0.45551840555149536,0.45
783,100,ACC,SVM,0.0836066771490056,0.5163933228509944,0.6
784,100,ACC,SVM,0.14908627110159411,0.8309137288984059,0.98
785,100,ACC,SVM,0.014351849152163365,0.37435184915216335,0.36
786,100,ACC,SVM,0.0805444666007592,0.7294555333992409,0.81
787,100,ACC,SVM,0.03710634634700166,0.27289365365299834,0.31
788,100,ACC,SVM,0.12141938390025808,0.668580616099742,0.79
789,100,ACC,SVM,0.053169218499256043,0.5468307815007439,0.6
790,100,ACC,SVM,0.022310375453332282,0.23231037545333227,0.21
791,100,ACC,SVM,0.004935127351829327,0.4149351273518293,0.41
792,100,ACC,SVM,0.006668887697252213,0.3033311123027478,0.31
793,100,ACC,SVM,0.17245619500324877,0.24245619500324878,0.07
794,100,ACC,SVM,0.0702689017545012,0.09026890175450121,0.02
795,100,ACC,SVM,0.03666888769725224,0.3033311123027478,0.34
796,100,ACC,SVM,0.059977262654668205,0.06997726265466821,0.01
797,100,ACC,SVM,0.05201873635349927,0.21201873635349927,0.16
798,100,ACC,SVM,0.12244012074967359,0.5975598792503264,0.72
799,100,ACC,SVM,0.051711023000091005,0.648288976999909,0.7
800,100,ACC,SVM,0.09185684255000759,0.6381431574499924,0.73
801,100,ACC,SVM,0.023768570952497348,0.33376857095249735,0.31
802,100,ACC,SVM,0.09966954930126004,0.79033045069874,0.89
803,100,ACC,SVM,0.022877579399423142,0.5671224206005768,0.59
804,100,ACC,SVM,0.06158127770374977,0.18158127770374977,0.12
805,100,ACC,SVM,0.03143545815383322,0.17143545815383324,0.14
806,100,ACC,SVM,0.07214848164984056,0.6178515183501594,0.69
807,100,ACC,SVM,0.11303947320291477,0.2830394732029148,0.17
808,100,ACC,SVM,0.02653914240091082,0.5265391424009108,0.5
809,100,ACC,SVM,0.14894045155167757,0.8410595484483224,0.99
810,100,ACC,SVM,0.09026890175450121,0.09026890175450121,0.0
811,100,ACC,SVM,0.10056054085433422,0.11056054085433421,0.01
812,100,ACC,SVM,0.13879463200176112,0.8512053679982389,0.99
813,100,ACC,SVM,0.02302339894933958,0.5569766010506604,0.58
814,100,ACC,SVM,0.020997999504083736,0.14099799950408373,0.12
815,100,ACC,SVM,0.08952372975134348,0.8004762702486565,0.89
816,100,ACC,SVM,0.1403986470508426,0.7396013529491574,0.88
817,100,ACC,SVM,0.013606677149005653,0.5163933228509944,0.53
818,100,ACC,SVM,0.05287757939942317,0.5671224206005768,0.62
819,100,ACC,SVM,0.08406021005233028,0.3540602100523303,0.27
820,100,ACC,SVM,0.11128963860391676,0.16128963860391676,0.05
821,100,ACC,SVM,0.007559879250326418,0.5975598792503264,0.59
822,100,ACC,SVM,0.033622751402580864,0.32362275140258084,0.29
823,100,ACC,SVM,0.10302339894933965,0.5569766010506604,0.66
824,100,ACC,SVM,0.14112774480042511,0.6888722551995748,0.83
825,100,ACC,SVM,0.14114381905400025,0.15114381905400026,0.01
826,100,ACC,SVM,0.017705698800242864,0.6077056988002428,0.59
827,100,ACC,SVM,0.03274783410308177,0.2627478341030818,0.23
828,100,ACC,SVM,0.12025282750092603,0.749747172499074,0.87
829,100,ACC,SVM,0.043185292752831284,0.2931852927528313,0.25
830,100,ACC,SVM,0.032731759849506714,0.5772682401504933,0.61
831,100,ACC,SVM,0.006976601050660336,0.5569766010506604,0.55
832,100,ACC,SVM,0.03593978994766972,0.3540602100523303,0.39
833,100,ACC,SVM,0.07244012074967365,0.5975598792503264,0.67
834,100,ACC,SVM,0.05141938390025802,0.668580616099742,0.72
835,100,ACC,SVM,0.04360667714900568,0.5163933228509944,0.56
836,100,ACC,SVM,0.10171102300009105,0.648288976999909,0.75
837,100,ACC,SVM,0.11864881245184455,0.8613511875481554,0.98
838,100,ACC,SVM,0.05593978994766968,0.3540602100523303,0.41
839,100,ACC,SVM,0.013898316248838638,0.49610168375116137,0.51
840,100,ACC,SVM,0.10056054085433422,0.11056054085433421,0.01
841,100,ACC,SVM,0.050398647050842627,0.7396013529491574,0.79
842,100,ACC,SVM,0.07462741399842115,0.44537258600157886,0.52
843,100,ACC,SVM,0.01493512735182928,0.4149351273518293,0.4
844,100,ACC,SVM,0.061143819054000265,0.15114381905400026,0.09
845,100,ACC,SVM,0.06937791020142703,0.810622089798573,0.88
846,100,ACC,SVM,0.00550233129792016,0.38449766870207985,0.39
847,100,ACC,SVM,0.10273175984950678,0.5772682401504933,0.68
848,100,ACC,SVM,0.10245619500324876,0.24245619500324878,0.14
849,100,ACC,SVM,0.17981536885117655,0.7801846311488234,0.96
850,100,ACC,SVM,0.13333111230274777,0.3033311123027478,0.17
851,100,ACC,SVM,0.02201873635349927,0.21201873635349927,0.19
852,100,ACC,SVM,0.07996118840109301,0.770038811598907,0.85
853,100,ACC,SVM,0.20083610570059218,0.7091638942994078,0.91
854,100,ACC,SVM,0.0020187363534992786,0.21201873635349927,0.21
855,100,ACC,SVM,0.005664225101411791,0.4656642251014118,0.46
856,100,ACC,SVM,0.03098192525050869,0.6990180747494913,0.73
857,100,ACC,SVM,0.1303986470508426,0.7396013529491574,0.87
858,100,ACC,SVM,0.06522676645166237,0.43522676645166236,0.37
859,100,ACC,SVM,0.054481594448504644,0.45551840555149536,0.51
860,100,ACC,SVM,0.0815652034501746,0.6584347965498254,0.74
861,100,ACC,SVM,0.07156520345017459,0.6584347965498254,0.73
862,100,ACC,SVM,0.11141938390025807,0.668580616099742,0.78
863,100,ACC,SVM,0.053752496698922125,0.5062475033010779,0.56
864,100,ACC,SVM,0.06128963860391676,0.16128963860391676,0.1
865,100,ACC,SVM,0.2720026620999242,0.6279973379000758,0.9
866,100,ACC,SVM,0.08996118840109302,0.770038811598907,0.86
867,100,ACC,SVM,0.050398647050842627,0.7396013529491574,0.79
868,100,ACC,SVM,0.061143819054000265,0.15114381905400026,0.09
869,100,ACC,SVM,0.042456195003248764,0.24245619500324878,0.2
870,100,ACC,SVM,0.11200266209992416,0.6279973379000758,0.74
871,100,ACC,SVM,0.09056054085433421,0.11056054085433421,0.02
872,100,ACC,SVM,0.1390862711015941,0.8309137288984059,0.97
873,100,ACC,SVM,0.034789307801912805,0.4047893078019128,0.37
874,100,ACC,SVM,0.02112774480042512,0.6888722551995748,0.71
875,100,ACC,SVM,0.17083610570059216,0.7091638942994078,0.88
876,100,ACC,SVM,0.02493512735182929,0.4149351273518293,0.39
877,100,ACC,SVM,0.006668887697252213,0.3033311123027478,0.31
878,100,ACC,SVM,0.022731759849506705,0.5772682401504933,0.6
879,100,ACC,SVM,0.05346085759908914,0.5265391424009108,0.58
880,100,ACC,SVM,0.025080946901745838,0.42508094690174586,0.4
881,100,ACC,SVM,0.0836066771490056,0.5163933228509944,0.6
882,100,ACC,SVM,0.25127356435034165,0.6787264356496584,0.93
883,100,ACC,SVM,0.014627413998421157,0.44537258600157886,0.46
884,100,ACC,SVM,0.07274783410308178,0.2627478341030818,0.19
885,100,ACC,SVM,0.02464348825199636,0.39464348825199635,0.37
886,100,ACC,SVM,0.05537258600157885,0.44537258600157886,0.39
887,100,ACC,SVM,0.07187291680358276,0.20187291680358277,0.13
888,100,ACC,SVM,0.10274783410308178,0.2627478341030818,0.16
889,100,ACC,SVM,0.08244012074967366,0.5975598792503264,0.68
890,100,ACC,SVM,0.00376857095249733,0.33376857095249735,0.33
891,100,ACC,SVM,0.14952372975134343,0.8004762702486565,0.95
892,100,ACC,SVM,0.012602014553165286,0.2526020145531653,0.24
893,100,ACC,SVM,0.14231037545333228,0.23231037545333227,0.09
894,100,ACC,SVM,0.04083610570059215,0.7091638942994078,0.75
895,100,ACC,SVM,0.2012735643503416,0.6787264356496584,0.88
896,100,ACC,SVM,0.053622751402580826,0.32362275140258084,0.27
897,100,ACC,SVM,0.11347693185266428,0.3134769318526643,0.2
898,100,ACC,SVM,0.09289365365299834,0.27289365365299834,0.18
899,100,ACC,SVM,0.07462741399842115,0.44537258600157886,0.52
900,100,ACC,SVM,0.015810044651328348,0.47581004465132837,0.46
901,100,ACC,SVM,0.022893653652998336,0.27289365365299834,0.25
902,100,ACC,SVM,0.040123082204584694,0.0801230822045847,0.04
903,100,ACC,SVM,0.014335774898588172,0.4656642251014118,0.48
904,100,ACC,SVM,0.08864881245184453,0.8613511875481554,0.95
905,100,ACC,SVM,0.07273175984950675,0.5772682401504933,0.65
906,100,ACC,SVM,0.05477323354833763,0.43522676645166236,0.49
907,100,ACC,SVM,0.10201873635349927,0.21201873635349927,0.11
908,100,ACC,SVM,0.053331112302747785,0.3033311123027478,0.25
909,100,ACC,SVM,0.006960526797085198,0.2830394732029148,0.29
910,100,ACC,SVM,0.07112774480042516,0.6888722551995748,0.76
911,100,ACC,SVM,0.03908627110159413,0.8309137288984059,0.87
912,100,ACC,SVM,0.15025282750092606,0.749747172499074,0.9
913,100,ACC,SVM,0.169377910201427,0.810622089798573,0.98
914,100,ACC,SVM,0.09835717335201155,0.8816428266479884,0.98
915,100,ACC,SVM,0.10894045155167753,0.8410595484483224,0.95
916,100,ACC,SVM,0.11158127770374976,0.18158127770374977,0.07
917,100,ACC,SVM,0.15303947320291478,0.2830394732029148,0.13
918,100,ACC,SVM,0.006814707247168705,0.2931852927528313,0.3
919,100,ACC,SVM,0.023460857599089224,0.5265391424009108,0.55
920,100,ACC,SVM,0.07128963860391677,0.16128963860391676,0.09
921,100,ACC,SVM,0.10039864705084256,0.7396013529491574,0.84
922,100,ACC,SVM,0.053023398949339606,0.5569766010506604,0.61
923,100,ACC,SVM,0.013460857599089215,0.5265391424009108,0.54
924,100,ACC,SVM,0.05201873635349927,0.21201873635349927,0.16
925,100,ACC,SVM,0.06347693185266429,0.3134769318526643,0.25
926,100,ACC,SVM,0.06216455590341577,0.22216455590341577,0.16
927,100,ACC,SVM,0.059669549301260005,0.79033045069874,0.85
928,100,ACC,SVM,0.09404413579875509,0.48595586420124487,0.58
929,100,ACC,SVM,0.08171102300009103,0.648288976999909,0.73
930,100,ACC,SVM,0.0031852927528313035,0.2931852927528313,0.29
931,100,ACC,SVM,0.004351849152163356,0.37435184915216335,0.37
932,100,ACC,SVM,0.09610168375116135,0.49610168375116137,0.4
933,100,ACC,SVM,0.10156520345017461,0.6584347965498254,0.76
934,100,ACC,SVM,0.09127356435034162,0.6787264356496584,0.77
935,100,ACC,SVM,0.052602014553165266,0.2526020145531653,0.2
936,100,ACC,SVM,0.16996118840109298,0.770038811598907,0.94
937,100,ACC,SVM,0.09201873635349928,0.21201873635349927,0.12
938,100,ACC,SVM,0.1301070079510096,0.7598929920489904,0.89
939,100,ACC,SVM,0.10187291680358276,0.20187291680358277,0.1
940,100,ACC,SVM,0.007397985446834732,0.2526020145531653,0.26
941,100,ACC,SVM,0.13083610570059212,0.7091638942994078,0.84
942,100,ACC,SVM,0.03187291680358276,0.20187291680358277,0.17
943,100,ACC,SVM,0.04551840555149539,0.45551840555149536,0.41
944,100,ACC,SVM,0.015518405551495362,0.45551840555149536,0.44
945,100,ACC,SVM,0.01783544409658422,0.22216455590341577,0.24
946,100,ACC,SVM,0.11244012074967358,0.5975598792503264,0.71
947,100,ACC,SVM,0.17127356435034158,0.6787264356496584,0.85
948,100,ACC,SVM,0.11010700795100958,0.7598929920489904,0.87
949,100,ACC,SVM,0.06464348825199634,0.39464348825199635,0.33
950,100,ACC,SVM,0.0371224206005768,0.5671224206005768,0.53
951,100,ACC,SVM,0.0734769318526643,0.3134769318526643,0.24
952,100,ACC,SVM,0.09376857095249735,0.33376857095249735,0.24
953,100,ACC,SVM,0.031727097253666264,0.19172709725366627,0.16
954,100,ACC,SVM,0.16996118840109298,0.770038811598907,0.94
955,100,ACC,SVM,0.13025282750092604,0.749747172499074,0.88
956,100,ACC,SVM,0.040544466600759166,0.7294555333992409,0.77
957,100,ACC,SVM,0.02404413579875514,0.48595586420124487,0.51
958,100,ACC,SVM,0.014189955348671623,0.47581004465132837,0.49
959,100,ACC,SVM,0.006539142400910802,0.5265391424009108,0.52
960,100,ACC,SVM,0.05418995534867166,0.47581004465132837,0.53
961,100,ACC,SVM,0.01506487264817069,0.4149351273518293,0.43
962,100,ACC,SVM,0.08201873635349927,0.21201873635349927,0.13
963,100,ACC,SVM,0.12245619500324878,0.24245619500324878,0.12
964,100,ACC,SVM,0.21039864705084255,0.7396013529491574,0.95
965,100,ACC,SVM,0.05491905309825412,0.42508094690174586,0.48
966,100,ACC,SVM,0.200252827500926,0.749747172499074,0.95
967,100,ACC,SVM,0.06216455590341577,0.22216455590341577,0.16
968,100,ACC,SVM,0.00316921849925611,0.5468307815007439,0.55
969,100,ACC,SVM,0.03231037545333226,0.23231037545333227,0.2
970,100,ACC,SVM,0.012747834103081779,0.2627478341030818,0.25
971,100,ACC,SVM,0.10085217995416726,0.13085217995416726,0.03
972,100,ACC,SVM,0.11216455590341577,0.22216455590341577,0.11
973,100,ACC,SVM,0.15010700795100962,0.7598929920489904,0.91
974,100,ACC,SVM,0.026814707247168723,0.2931852927528313,0.32
975,100,ACC,SVM,0.03287757939942315,0.5671224206005768,0.6
976,100,ACC,SVM,0.014627413998421157,0.44537258600157886,0.46
977,100,ACC,SVM,0.05551840555149534,0.45551840555149536,0.4
978,100,ACC,SVM,0.033898316248838656,0.49610168375116137,0.53
979,100,ACC,SVM,0.15376857095249735,0.33376857095249735,0.18
980,100,ACC,SVM,0.1287946320017611,0.8512053679982389,0.98
981,100,ACC,SVM,0.11098192525050876,0.6990180747494913,0.81
982,100,ACC,SVM,0.11200266209992416,0.6279973379000758,0.74
983,100,ACC,SVM,0.02477323354833766,0.43522676645166236,0.46
984,100,ACC,SVM,0.062018736353499276,0.21201873635349927,0.15
985,100,ACC,SVM,0.09923209065151062,0.8207679093484894,0.92
986,100,ACC,SVM,0.02420602960224677,0.3642060296022468,0.34
987,100,ACC,SVM,0.10114381905400026,0.15114381905400026,0.05
988,100,ACC,SVM,0.03666888769725224,0.3033311123027478,0.34
989,100,ACC,SVM,0.2431692184992561,0.5468307815007439,0.79
990,100,ACC,SVM,0.06302339894933962,0.5569766010506604,0.62
991,100,ACC,SVM,0.0712735643503416,0.6787264356496584,0.75
992,100,ACC,SVM,0.12141938390025808,0.668580616099742,0.79
993,100,ACC,SVM,0.03245619500324878,0.24245619500324878,0.21
994,100,ACC,SVM,0.08908627110159417,0.8309137288984059,0.92
995,100,ACC,SVM,0.02551840555149537,0.45551840555149536,0.43
996,100,ACC,SVM,0.10346085759908918,0.5265391424009108,0.63
997,100,ACC,SVM,0.10041472130441771,0.10041472130441771,0.0
998,100,ACC,SVM,0.20981536885117658,0.7801846311488234,0.99
999,100,ACC,SVM,0.02739798544683475,0.2526020145531653,0.28
1000,100,ACC,SVM,0.17231037545333228,0.23231037545333227,0.06
1001,100,ACC,SVM,0.04521069219808721,0.4047893078019128,0.45
1002,100,ACC,SVM,0.08187291680358277,0.20187291680358277,0.12
1003,100,ACC,SVM,0.021435458153833242,0.17143545815383324,0.15
1004,100,ACC,SVM,0.09331503804917263,0.5366849619508274,0.63
1005,100,ACC,SVM,0.02493512735182929,0.4149351273518293,0.39
1006,100,ACC,SVM,0.13981536885117662,0.7801846311488234,0.92
1007,100,ACC,SVM,0.013622751402580846,0.32362275140258084,0.31
1008,100,ACC,SVM,0.041273564350341574,0.6787264356496584,0.72
1009,100,ACC,SVM,0.014627413998421157,0.44537258600157886,0.46
1010,100,ACC,SVM,0.06258594029959019,0.5874140597004098,0.65
1011,100,ACC,SVM,0.043169218499256035,0.5468307815007439,0.59
1012,100,ACC,SVM,0.02462741399842111,0.44537258600157886,0.47
1013,100,ACC,SVM,0.14952372975134343,0.8004762702486565,0.95
1014,100,ACC,SVM,0.04681470724716874,0.2931852927528313,0.34
1015,100,ACC,SVM,0.07245619500324876,0.24245619500324878,0.17
1016,100,ACC,SVM,0.10287757939942321,0.5671224206005768,0.67
1017,100,ACC,SVM,0.16127356435034157,0.6787264356496584,0.84
1018,100,ACC,SVM,0.12128963860391676,0.16128963860391676,0.04
1019,100,ACC,SVM,0.005372586001578861,0.44537258600157886,0.44
1020,100,ACC,SVM,0.2112735643503416,0.6787264356496584,0.89
1021,100,ACC,SVM,0.07141938390025804,0.668580616099742,0.74
1022,100,ACC,SVM,0.20981536885117658,0.7801846311488234,0.99
1023,100,ACC,SVM,0.033898316248838656,0.49610168375116137,0.53
1024,100,ACC,SVM,0.03214848164984063,0.6178515183501594,0.65
1025,100,ACC,SVM,0.054060210052330304,0.3540602100523303,0.3
1026,100,ACC,SVM,0.13952372975134342,0.8004762702486565,0.94
1027,100,ACC,SVM,0.03464348825199637,0.39464348825199635,0.36
1028,100,ACC,SVM,0.1730233989493396,0.5569766010506604,0.73
1029,100,ACC,SVM,0.04593978994766973,0.3540602100523303,0.4
1030,100,ACC,SVM,0.07404413579875518,0.48595586420124487,0.56
1031,100,ACC,SVM,0.08200266209992413,0.6279973379000758,0.71
1032,100,ACC,SVM,0.03433577489858819,0.4656642251014118,0.5
1033,100,ACC,SVM,0.12996118840109305,0.770038811598907,0.9
1034,100,ACC,SVM,0.004935127351829327,0.4149351273518293,0.41
1035,100,ACC,SVM,0.052585940299590184,0.5874140597004098,0.64
1036,100,ACC,SVM,0.03435184915216333,0.37435184915216335,0.34
1037,100,ACC,SVM,0.08595586420124485,0.48595586420124487,0.4
1038,100,ACC,SVM,0.04535651174800365,0.39464348825199635,0.44
1039,100,ACC,SVM,0.06158127770374977,0.18158127770374977,0.12
1040,100,ACC,SVM,0.10172709725366627,0.19172709725366627,0.09
1041,100,ACC,SVM,0.04214848164984064,0.6178515183501594,0.66
1042,100,ACC,SVM,0.03214848164984063,0.6178515183501594,0.65
1043,100,ACC,SVM,0.14360667714900566,0.5163933228509944,0.66
1044,100,ACC,SVM,0.12085217995416726,0.13085217995416726,0.01
1045,100,ACC,SVM,0.07464348825199635,0.39464348825199635,0.32
1046,100,ACC,SVM,0.08289365365299833,0.27289365365299834,0.19
1047,100,ACC,SVM,0.11156520345017462,0.6584347965498254,0.77
1048,100,ACC,SVM,0.1609819252505087,0.6990180747494913,0.86
1049,100,ACC,SVM,0.04303947320291479,0.2830394732029148,0.24
1050,100,ACC,SVM,0.0928775793994232,0.5671224206005768,0.66
1051,100,ACC,SVM,0.04128963860391677,0.16128963860391676,0.12
1052,100,ACC,SVM,0.08406021005233028,0.3540602100523303,0.27
1053,100,ACC,SVM,0.09216455590341577,0.22216455590341577,0.13
1054,100,ACC,SVM,0.05376857095249732,0.33376857095249735,0.28
1055,100,ACC,SVM,0.042002662099924204,0.6279973379000758,0.67
1056,100,ACC,SVM,0.09937791020142706,0.810622089798573,0.91
1057,100,ACC,SVM,0.06274783410308177,0.2627478341030818,0.2
1058,100,ACC,SVM,0.054044135798755166,0.48595586420124487,0.54
1059,100,ACC,SVM,0.09229430119975712,0.6077056988002428,0.7
1060,100,ACC,SVM,0.13937791020142698,0.810622089798573,0.95
1061,100,ACC,SVM,0.032731759849506714,0.5772682401504933,0.61
1062,100,ACC,SVM,0.06347693185266429,0.3134769318526643,0.25
1063,100,ACC,SVM,0.05287757939942317,0.5671224206005768,0.62
1064,100,ACC,SVM,0.04420602960224679,0.3642060296022468,0.32
1065,100,ACC,SVM,0.08835717335201154,0.8816428266479884,0.97
1066,100,ACC,SVM,0.02579397039775322,0.3642060296022468,0.39
1067,100,ACC,SVM,0.16360667714900567,0.5163933228509944,0.68
1068,100,ACC,SVM,0.12099799950408373,0.14099799950408373,0.02
1069,100,ACC,SVM,0.005356511748003667,0.39464348825199635,0.4
1070,100,ACC,SVM,0.03908627110159413,0.8309137288984059,0.87
1071,100,ACC,SVM,0.04287757939942316,0.5671224206005768,0.61
1072,100,ACC,SVM,0.004773233548337641,0.43522676645166236,0.44
1073,100,ACC,SVM,0.12952372975134352,0.8004762702486565,0.93
1074,100,ACC,SVM,0.14083610570059213,0.7091638942994078,0.85
1075,100,ACC,SVM,0.054351849152163345,0.37435184915216335,0.32
1076,100,ACC,SVM,0.09462741399842117,0.44537258600157886,0.54
1077,100,ACC,SVM,0.005955864201244887,0.48595586420124487,0.48
1078,100,ACC,SVM,0.10346085759908918,0.5265391424009108,0.63
1079,100,ACC,SVM,0.00376857095249733,0.33376857095249735,0.33
1080,100,ACC,SVM,0.022747834103081788,0.2627478341030818,0.24
1081,100,ACC,SVM,0.15010700795100962,0.7598929920489904,0.91
1082,100,ACC,SVM,0.16010700795100963,0.7598929920489904,0.92
1083,100,ACC,SVM,0.14098192525050868,0.6990180747494913,0.84
1084,100,ACC,SVM,0.220252827500926,0.749747172499074,0.97
1085,100,ACC,SVM,0.1221484816498406,0.6178515183501594,0.74
1086,100,ACC,SVM,0.09141938390025806,0.668580616099742,0.76
1087,100,ACC,SVM,0.12185684255000762,0.6381431574499924,0.76
1088,100,ACC,SVM,0.005955864201244887,0.48595586420124487,0.48
1089,100,ACC,SVM,0.03506487264817071,0.4149351273518293,0.45
1090,100,ACC,SVM,0.14449766870207986,0.38449766870207985,0.24
1091,100,ACC,SVM,0.07287757939942319,0.5671224206005768,0.64
1092,100,ACC,SVM,0.02333111230274776,0.3033311123027478,0.28
1093,100,ACC,SVM,0.06347693185266429,0.3134769318526643,0.25
1094,100,ACC,SVM,0.033169218499256026,0.5468307815007439,0.58
1095,100,ACC,SVM,0.015502331297920169,0.38449766870207985,0.4
1096,100,ACC,SVM,0.07303947320291479,0.2830394732029148,0.21
1097,100,ACC,SVM,0.11098192525050876,0.6990180747494913,0.81
1098,100,ACC,SVM,0.11025282750092602,0.749747172499074,0.86
1099,100,ACC,SVM,0.06216455590341577,0.22216455590341577,0.16
1100,100,ACC,SVM,0.11056054085433421,0.11056054085433421,0.0
1101,100,ACC,SVM,0.024060210052330278,0.3540602100523303,0.33
1102,100,ACC,SVM,0.11127356435034164,0.6787264356496584,0.79
1103,100,ACC,SVM,0.09039864705084255,0.7396013529491574,0.83
1104,100,ACC,SVM,0.12260201455316527,0.2526020145531653,0.13
1105,100,ACC,SVM,0.11156520345017462,0.6584347965498254,0.77
1106,100,ACC,SVM,0.07158127770374977,0.18158127770374977,0.11
1107,100,ACC,SVM,0.004643488251996342,0.39464348825199635,0.39
1108,100,ACC,SVM,0.26054446660075914,0.7294555333992409,0.99
1109,100,ACC,SVM,0.08289365365299833,0.27289365365299834,0.19
1110,100,ACC,SVM,0.021435458153833242,0.17143545815383324,0.15
1111,100,ACC,SVM,0.02535651174800363,0.39464348825199635,0.42
1112,100,ACC,SVM,0.0124401207496736,0.5975598792503264,0.61
1113,100,ACC,SVM,0.07879463200176118,0.8512053679982389,0.93
1114,100,ACC,SVM,0.17952372975134345,0.8004762702486565,0.98
1115,100,ACC,SVM,0.09114381905400026,0.15114381905400026,0.06
1116,100,ACC,SVM,0.10231037545333227,0.23231037545333227,0.13
1117,100,ACC,SVM,0.08083610570059219,0.7091638942994078,0.79
1118,100,ACC,SVM,0.013039473202914764,0.2830394732029148,0.27
1119,100,ACC,SVM,0.1403986470508426,0.7396013529491574,0.88
1120,100,ACC,SVM,0.1537524966989221,0.5062475033010779,0.66
1121,100,ACC,SVM,0.08172709725366627,0.19172709725366627,0.11
1122,100,ACC,SVM,0.07010700795100955,0.7598929920489904,0.83
1123,100,ACC,SVM,0.06231037545333226,0.23231037545333227,0.17
1124,100,ACC,SVM,0.015210692198087183,0.4047893078019128,0.42
1125,100,ACC,SVM,0.06404413579875518,0.48595586420124487,0.55
1126,100,ACC,SVM,0.06477323354833764,0.43522676645166236,0.5
1127,100,ACC,SVM,0.05200266209992421,0.6279973379000758,0.68
1128,100,ACC,SVM,0.011856842550007629,0.6381431574499924,0.65
1129,100,ACC,SVM,0.15908627110159412,0.8309137288984059,0.99
1130,100,ACC,SVM,0.118502992901928,0.871497007098072,0.99
1131,100,ACC,SVM,0.02404413579875514,0.48595586420124487,0.51
1132,100,ACC,SVM,0.061143819054000265,0.15114381905400026,0.09
1133,100,ACC,SVM,0.10214848164984058,0.6178515183501594,0.72
1134,100,ACC,SVM,0.18981536885117656,0.7801846311488234,0.97
1135,100,ACC,SVM,0.06435184915216335,0.37435184915216335,0.31
1136,100,ACC,SVM,0.005664225101411791,0.4656642251014118,0.46
1137,100,ACC,SVM,0.03551840555149538,0.45551840555149536,0.42
1138,100,ACC,SVM,0.05041472130441771,0.10041472130441771,0.05
1139,100,ACC,SVM,0.03185684255000765,0.6381431574499924,0.67
1140,100,ACC,SVM,0.06493512735182932,0.4149351273518293,0.35
1141,100,ACC,SVM,0.13171102300009108,0.648288976999909,0.78
1142,100,ACC,SVM,0.09039864705084255,0.7396013529491574,0.83
1143,100,ACC,SVM,0.151419383900258,0.668580616099742,0.82
1144,100,ACC,SVM,0.03537258600157889,0.44537258600157886,0.41
1145,100,ACC,SVM,0.034060210052330286,0.3540602100523303,0.32
1146,100,ACC,SVM,0.07141938390025804,0.668580616099742,0.74
1147,100,ACC,SVM,0.060398647050842635,0.7396013529491574,0.8
1148,100,ACC,SVM,0.00610168375116138,0.49610168375116137,0.49
1149,100,ACC,SVM,0.14025282750092605,0.749747172499074,0.89
1150,100,ACC,SVM,0.07201873635349926,0.21201873635349927,0.14
1151,100,ACC,SVM,0.12025282750092603,0.749747172499074,0.87
1152,100,ACC,SVM,0.12201873635349927,0.21201873635349927,0.09
1153,100,ACC,SVM,0.09245619500324878,0.24245619500324878,0.15
1154,100,ACC,SVM,0.04404413579875516,0.48595586420124487,0.53
1155,100,ACC,SVM,0.15201873635349927,0.21201873635349927,0.06
1156,100,ACC,SVM,0.15187291680358278,0.20187291680358277,0.05
1157,100,ACC,SVM,0.19172709725366627,0.19172709725366627,0.0
1158,100,ACC,SVM,0.0860856094975862,0.3439143905024138,0.43
1159,100,ACC,SVM,0.10141938390025806,0.668580616099742,0.77
1160,100,ACC,SVM,0.11099799950408373,0.14099799950408373,0.03
1161,100,ACC,SVM,0.11331503804917264,0.5366849619508274,0.65
1162,100,ACC,SVM,0.1311277448004251,0.6888722551995748,0.82
1163,100,ACC,SVM,0.09260201455316527,0.2526020145531653,0.16
1164,100,ACC,SVM,0.11260201455316526,0.2526020145531653,0.14
1165,100,ACC,SVM,0.11025282750092602,0.749747172499074,0.86
1166,100,ACC,SVM,0.18185684255000756,0.6381431574499924,0.82
1167,100,ACC,SVM,0.0574140597004098,0.5874140597004098,0.53
1168,100,ACC,SVM,0.1617110230000911,0.648288976999909,0.81
1169,100,ACC,SVM,0.10172709725366627,0.19172709725366627,0.09
1170,100,ACC,SVM,0.04522676645166235,0.43522676645166236,0.39
1171,100,ACC,SVM,0.07156520345017459,0.6584347965498254,0.73
1172,100,ACC,SVM,0.07362275140258084,0.32362275140258084,0.25
1173,100,ACC,SVM,0.12200266209992416,0.6279973379000758,0.75
1174,100,ACC,SVM,0.03433577489858819,0.4656642251014118,0.5
1175,100,ACC,SVM,0.0712735643503416,0.6787264356496584,0.75
1176,100,ACC,SVM,0.03610168375116135,0.49610168375116137,0.46
1177,100,ACC,SVM,0.044789307801912814,0.4047893078019128,0.36
1178,100,ACC,SVM,0.06289365365299834,0.27289365365299834,0.21
1179,100,ACC,SVM,0.052602014553165266,0.2526020145531653,0.2
1180,100,ACC,SVM,0.10171102300009105,0.648288976999909,0.75
1181,100,ACC,SVM,0.07158127770374977,0.18158127770374977,0.11
1182,100,ACC,SVM,0.14216455590341576,0.22216455590341577,0.08
1183,100,ACC,SVM,0.10289365365299832,0.27289365365299834,0.17
1184,100,ACC,SVM,0.06231037545333226,0.23231037545333227,0.17
1185,100,ACC,SVM,0.04996118840109298,0.770038811598907,0.82
1186,100,ACC,SVM,0.06637724859741917,0.32362275140258084,0.39
1187,100,ACC,SVM,0.15908627110159412,0.8309137288984059,0.99
1188,100,ACC,SVM,0.07187291680358276,0.20187291680358277,0.13
1189,100,ACC,SVM,0.022002662099924186,0.6279973379000758,0.65
1190,100,ACC,SVM,0.005372586001578861,0.44537258600157886,0.44
1191,100,ACC,SVM,0.004643488251996342,0.39464348825199635,0.39
1192,100,ACC,SVM,0.16083610570059215,0.7091638942994078,0.87
1193,100,ACC,SVM,0.1187946320017611,0.8512053679982389,0.97
1194,100,ACC,SVM,0.1506902861506756,0.7193097138493244,0.87
1195,100,ACC,SVM,0.11333111230274778,0.3033311123027478,0.19
1196,100,ACC,SVM,0.15435184915216335,0.37435184915216335,0.22
1197,100,ACC,SVM,0.011856842550007629,0.6381431574499924,0.65
1198,100,ACC,SVM,0.10449766870207983,0.38449766870207985,0.28
1199,100,ACC,SVM,0.020836105700592134,0.7091638942994078,0.73
1200,100,ACC,SVM,0.1349190530982542,0.42508094690174586,0.56
1201,100,ACC,SVM,0.08433577489858823,0.4656642251014118,0.55
1202,100,ACC,SVM,0.06010700795100954,0.7598929920489904,0.82
1203,100,ACC,SVM,0.10229430119975713,0.6077056988002428,0.71
1204,100,ACC,SVM,0.08041472130441771,0.10041472130441771,0.02
1205,100,ACC,SVM,0.10099799950408372,0.14099799950408373,0.04
1206,100,ACC,SVM,0.053169218499256043,0.5468307815007439,0.6
1207,100,ACC,SVM,0.06683078150074395,0.5468307815007439,0.48
1208,100,ACC,SVM,0.012893653652998327,0.27289365365299834,0.26
1209,100,ACC,SVM,0.055664225101411835,0.4656642251014118,0.41
1210,100,ACC,SVM,0.1321484816498406,0.6178515183501594,0.75
1211,100,ACC,SVM,0.0905444666007591,0.7294555333992409,0.82
1212,100,ACC,SVM,0.04360667714900568,0.5163933228509944,0.56
1213,100,ACC,SVM,0.005648150847836653,0.37435184915216335,0.38
1214,100,ACC,SVM,0.053622751402580826,0.32362275140258084,0.27
1215,100,ACC,SVM,0.006539142400910802,0.5265391424009108,0.52
1216,100,ACC,SVM,0.07449766870207986,0.38449766870207985,0.31
1217,100,ACC,SVM,0.04360667714900568,0.5163933228509944,0.56
1218,100,ACC,SVM,0.0014193839002580866,0.668580616099742,0.67
1219,100,ACC,SVM,0.14187291680358277,0.20187291680358277,0.06
1220,100,ACC,SVM,0.15114381905400026,0.15114381905400026,0.0
1221,100,ACC,SVM,0.09333111230274779,0.3033311123027478,0.21
1222,100,ACC,SVM,0.09966954930126004,0.79033045069874,0.89
1223,100,ACC,SVM,0.10331503804917264,0.5366849619508274,0.64
1224,100,ACC,SVM,0.06231037545333226,0.23231037545333227,0.17
1225,100,ACC,SVM,0.1301070079510096,0.7598929920489904,0.89
1226,100,ACC,SVM,0.04624750330107791,0.5062475033010779,0.46
1227,100,ACC,SVM,0.004335774898588163,0.4656642251014118,0.47
1228,100,ACC,SVM,0.15996118840109308,0.770038811598907,0.93
1229,100,ACC,SVM,0.09099799950408373,0.14099799950408373,0.05
1230,100,ACC,SVM,0.05274783410308179,0.2627478341030818,0.21
1231,100,ACC,SVM,0.08389831624883859,0.49610168375116137,0.58
1232,100,ACC,SVM,0.011872916803582767,0.20187291680358277,0.19
1233,100,ACC,SVM,0.03185684255000765,0.6381431574499924,0.67
1234,100,ACC,SVM,0.008127083196417223,0.20187291680358277,0.21
1235,100,ACC,SVM,0.010414721304417715,0.10041472130441771,0.09
1236,100,ACC,SVM,0.08303947320291477,0.2830394732029148,0.2
1237,100,ACC,SVM,0.04564815084783663,0.37435184915216335,0.42
1238,100,ACC,SVM,0.09274783410308177,0.2627478341030818,0.17
1239,100,ACC,SVM,0.08201873635349927,0.21201873635349927,0.13
1240,100,ACC,SVM,0.10010700795100957,0.7598929920489904,0.86
1241,100,ACC,SVM,0.034060210052330286,0.3540602100523303,0.32
1242,100,ACC,SVM,0.004206029602246808,0.3642060296022468,0.36
1243,100,ACC,SVM,0.10114381905400026,0.15114381905400026,0.05
1244,100,ACC,SVM,0.024351849152163374,0.37435184915216335,0.35
1245,100,ACC,SVM,0.033185292752831275,0.2931852927528313,0.26
1246,100,ACC,SVM,0.14433577489858818,0.4656642251014118,0.61
1247,100,ACC,SVM,0.008272902746333743,0.19172709725366627,0.2
1248,100,ACC,SVM,0.09981536885117659,0.7801846311488234,0.88
1249,100,ACC,SVM,0.13981536885117662,0.7801846311488234,0.92
1250,100,ACC,SVM,0.07128963860391677,0.16128963860391676,0.09
1251,100,ACC,SVM,0.13231037545333227,0.23231037545333227,0.1
1252,100,ACC,SVM,0.09187291680358277,0.20187291680358277,0.11
1253,100,ACC,SVM,0.053023398949339606,0.5569766010506604,0.61
1254,100,ACC,SVM,0.09201873635349928,0.21201873635349927,0.12
1255,100,ACC,SVM,0.16112774480042513,0.6888722551995748,0.85
1256,100,ACC,SVM,0.08141938390025805,0.668580616099742,0.75
1257,100,ACC,SVM,0.1414193839002581,0.668580616099742,0.81
1258,100,ACC,SVM,0.01668496195082736,0.5366849619508274,0.52
1259,100,ACC,SVM,0.18952372975134346,0.8004762702486565,0.99
1260,100,ACC,SVM,0.12128963860391676,0.16128963860391676,0.04
1261,100,ACC,SVM,0.02564815084783667,0.37435184915216335,0.4
1262,100,ACC,SVM,0.00652306814733572,0.3134769318526643,0.32
1263,100,ACC,SVM,0.18010700795100953,0.7598929920489904,0.94
1264,100,ACC,SVM,0.09418995534867158,0.47581004465132837,0.57
1265,100,ACC,SVM,0.08069028615067564,0.7193097138493244,0.8
1266,100,ACC,SVM,0.07245619500324876,0.24245619500324878,0.17
1267,100,ACC,SVM,0.1187946320017611,0.8512053679982389,0.97
1268,100,ACC,SVM,0.08521069219808719,0.4047893078019128,0.49
1269,100,ACC,SVM,0.02433577489858818,0.4656642251014118,0.49
1270,100,ACC,SVM,0.1390862711015941,0.8309137288984059,0.97
1271,100,ACC,SVM,0.005648150847836653,0.37435184915216335,0.38
1272,100,ACC,SVM,0.09595586420124486,0.48595586420124487,0.39
1273,100,ACC,SVM,0.033169218499256026,0.5468307815007439,0.58
1274,100,ACC,SVM,0.10216455590341578,0.22216455590341577,0.12
1275,100,ACC,SVM,0.06449766870207985,0.38449766870207985,0.32
1276,100,ACC,SVM,0.09303947320291478,0.2830394732029148,0.19
1277,100,ACC,SVM,0.06128963860391676,0.16128963860391676,0.1
1278,100,ACC,SVM,0.11025282750092602,0.749747172499074,0.86
1279,100,ACC,SVM,0.02302339894933958,0.5569766010506604,0.58
1280,100,ACC,SVM,0.024351849152163374,0.37435184915216335,0.35
1281,100,ACC,SVM,0.03522676645166234,0.43522676645166236,0.4
1282,100,ACC,SVM,0.004919053098254134,0.42508094690174586,0.43
1283,100,ACC,SVM,0.05273175984950673,0.5772682401504933,0.63
1284,100,ACC,SVM,0.12966954930126007,0.79033045069874,0.92
1285,100,ACC,SVM,0.19039864705084264,0.7396013529491574,0.93
1286,100,ACC,SVM,0.004643488251996342,0.39464348825199635,0.39
1287,100,ACC,SVM,0.026814707247168723,0.2931852927528313,0.32
1288,100,ACC,SVM,0.04610168375116136,0.49610168375116137,0.45
1289,100,ACC,SVM,0.04360667714900568,0.5163933228509944,0.56
1290,100,ACC,SVM,0.03610168375116135,0.49610168375116137,0.46
1291,100,ACC,SVM,0.06258594029959019,0.5874140597004098,0.65
1292,100,ACC,SVM,0.07418995534867168,0.47581004465132837,0.55
1293,100,ACC,SVM,0.0949351273518293,0.4149351273518293,0.32
1294,100,ACC,SVM,0.03435184915216333,0.37435184915216335,0.34
1295,100,ACC,SVM,0.02464348825199636,0.39464348825199635,0.37
1296,100,ACC,SVM,0.07128963860391677,0.16128963860391676,0.09
1297,100,ACC,SVM,0.031727097253666264,0.19172709725366627,0.16
1298,100,ACC,SVM,0.031127744800425128,0.6888722551995748,0.72
1299,100,ACC,SVM,0.045080946901745855,0.42508094690174586,0.38
1300,100,ACC,SVM,0.09333111230274779,0.3033311123027478,0.21
1301,100,ACC,SVM,0.09433577489858824,0.4656642251014118,0.56
1302,100,ACC,SVM,0.1118568425500076,0.6381431574499924,0.75
1303,100,ACC,SVM,0.053331112302747785,0.3033311123027478,0.25
1304,100,ACC,SVM,0.1108361057005921,0.7091638942994078,0.82
1305,100,ACC,SVM,0.14996118840109307,0.770038811598907,0.92
1306,100,ACC,SVM,0.08375249669892204,0.5062475033010779,0.59
1307,100,ACC,SVM,0.0928775793994232,0.5671224206005768,0.66
1308,100,ACC,SVM,0.09099799950408373,0.14099799950408373,0.05
1309,100,ACC,SVM,0.13952372975134342,0.8004762702486565,0.94
1310,100,ACC,SVM,0.014789307801912788,0.4047893078019128,0.39
1311,100,ACC,SVM,0.16010700795100963,0.7598929920489904,0.92
1312,100,ACC,SVM,0.04346085759908913,0.5265391424009108,0.57
1313,100,ACC,SVM,0.11056054085433421,0.11056054085433421,0.0
1314,100,ACC,SVM,0.06026890175450121,0.09026890175450121,0.03
1315,100,ACC,SVM,0.10273175984950678,0.5772682401504933,0.68
1316,100,ACC,SVM,0.013169218499256119,0.5468307815007439,0.56
1317,100,ACC,SVM,0.11085217995416725,0.13085217995416726,0.02
1318,100,ACC,SVM,0.17287757939942316,0.5671224206005768,0.74
1319,100,ACC,SVM,0.11039864705084257,0.7396013529491574,0.85
1320,100,ACC,SVM,0.046684961950827386,0.5366849619508274,0.49
1321,100,ACC,SVM,0.056393322850994354,0.5163933228509944,0.46
1322,100,ACC,SVM,0.16128963860391676,0.16128963860391676,0.0
1323,100,ACC,SVM,0.10127356435034163,0.6787264356496584,0.78
1324,100,ACC,SVM,0.01652306814733573,0.3134769318526643,0.33
1325,100,ACC,SVM,0.09996118840109303,0.770038811598907,0.87
1326,100,ACC,SVM,0.014497668702079858,0.38449766870207985,0.37
1327,100,ACC,SVM,0.03346085759908923,0.5265391424009108,0.56
1328,100,ACC,SVM,0.07391439050241377,0.3439143905024138,0.27
1329,100,ACC,SVM,0.041872916803582766,0.20187291680358277,0.16
1330,100,ACC,SVM,0.13185684255000762,0.6381431574499924,0.77
1331,100,ACC,SVM,0.016247503301077937,0.5062475033010779,0.49
1332,100,ACC,SVM,0.013606677149005653,0.5163933228509944,0.53
1333,100,ACC,SVM,0.15952372975134343,0.8004762702486565,0.96
1334,100,ACC,SVM,0.149377910201427,0.810622089798573,0.96
1335,100,ACC,SVM,0.12054446660075913,0.7294555333992409,0.85
1336,100,ACC,SVM,0.09289365365299834,0.27289365365299834,0.18
1337,100,ACC,SVM,0.1141899553486716,0.47581004465132837,0.59
1338,100,ACC,SVM,0.1709819252505087,0.6990180747494913,0.87
1339,100,ACC,SVM,0.02464348825199636,0.39464348825199635,0.37
1340,100,ACC,SVM,0.051143819054000256,0.15114381905400026,0.1
1341,100,ACC,SVM,0.05010700795100964,0.7598929920489904,0.81
1342,100,ACC,SVM,0.014335774898588172,0.4656642251014118,0.48
1343,100,ACC,SVM,0.013169218499256119,0.5468307815007439,0.56
1344,100,ACC,SVM,0.15923209065151056,0.8207679093484894,0.98
1345,100,ACC,SVM,0.053169218499256043,0.5468307815007439,0.6
1346,100,ACC,SVM,0.045664225101411826,0.4656642251014118,0.42
1347,100,ACC,SVM,0.06508094690174587,0.42508094690174586,0.36
1348,100,ACC,SVM,0.03537258600157889,0.44537258600157886,0.41
1349,100,ACC,SVM,0.04114381905400026,0.15114381905400026,0.11
1350,100,ACC,SVM,0.13156520345017464,0.6584347965498254,0.79
1351,100,ACC,SVM,0.14112774480042511,0.6888722551995748,0.83
1352,100,ACC,SVM,0.07406021005233027,0.3540602100523303,0.28
1353,100,ACC,SVM,0.03725216589691821,0.2627478341030818,0.3
1354,100,ACC,SVM,0.1303986470508426,0.7396013529491574,0.87
1355,100,ACC,SVM,0.13114381905400027,0.15114381905400026,0.02
1356,100,ACC,SVM,0.03404413579875515,0.48595586420124487,0.52
1357,100,ACC,SVM,0.005664225101411791,0.4656642251014118,0.46
1358,100,ACC,SVM,0.08229430119975711,0.6077056988002428,0.69
1359,100,ACC,SVM,0.011435458153833233,0.17143545815383324,0.16
1360,100,ACC,SVM,0.0522943011997572,0.6077056988002428,0.66
1361,100,ACC,SVM,0.015939789947669702,0.3540602100523303,0.37
1362,100,ACC,SVM,0.04287757939942316,0.5671224206005768,0.61
1363,100,ACC,SVM,0.10099799950408372,0.14099799950408373,0.04
1364,100,ACC,SVM,0.005664225101411791,0.4656642251014118,0.46
1365,100,ACC,SVM,0.07462741399842115,0.44537258600157886,0.52
1366,100,ACC,SVM,0.09333111230274779,0.3033311123027478,0.21
1367,100,ACC,SVM,0.13274783410308177,0.2627478341030818,0.13
1368,100,ACC,SVM,0.08274783410308179,0.2627478341030818,0.18
1369,100,ACC,SVM,0.003914390502413767,0.3439143905024138,0.34
1370,100,ACC,SVM,0.07128963860391677,0.16128963860391676,0.09
1371,100,ACC,SVM,0.16996118840109298,0.770038811598907,0.94
1372,100,ACC,SVM,0.05608560949758623,0.3439143905024138,0.4
1373,100,ACC,SVM,0.1720026620999242,0.6279973379000758,0.8
1374,100,ACC,SVM,0.1187946320017611,0.8512053679982389,0.97
1375,100,ACC,SVM,0.08128963860391676,0.16128963860391676,0.08
1376,100,ACC,SVM,0.03214848164984063,0.6178515183501594,0.65
1377,100,ACC,SVM,0.14054446660075914,0.7294555333992409,0.87
1378,100,ACC,SVM,0.05273175984950673,0.5772682401504933,0.63
1379,100,ACC,SVM,0.015210692198087183,0.4047893078019128,0.42
1380,100,ACC,SVM,0.04550233129792014,0.38449766870207985,0.43
1381,100,ACC,SVM,0.18201873635349927,0.21201873635349927,0.03
1382,100,ACC,SVM,0.016830781500743908,0.5468307815007439,0.53
1383,100,ACC,SVM,0.17937791020142702,0.810622089798573,0.99
1384,100,ACC,SVM,0.10894045155167753,0.8410595484483224,0.95
1385,100,ACC,SVM,0.09085217995416725,0.13085217995416726,0.04
1386,100,ACC,SVM,0.10244012074967357,0.5975598792503264,0.7
1387,100,ACC,SVM,0.0033311123027477962,0.3033311123027478,0.3
1388,100,ACC,SVM,0.17054446660075917,0.7294555333992409,0.9
1389,100,ACC,SVM,0.15172709725366626,0.19172709725366627,0.04
1390,100,ACC,SVM,0.15996118840109308,0.770038811598907,0.93
1391,100,ACC,SVM,0.11069028615067555,0.7193097138493244,0.83
1392,100,ACC,SVM,0.09187291680358277,0.20187291680358277,0.11
1393,100,ACC,SVM,0.07070636040425073,0.12070636040425073,0.05
1394,100,ACC,SVM,0.12083610570059211,0.7091638942994078,0.83
1395,100,ACC,SVM,0.10260201455316528,0.2526020145531653,0.15
1396,100,ACC,SVM,0.04404413579875516,0.48595586420124487,0.53
1397,100,ACC,SVM,0.18054446660075918,0.7294555333992409,0.91
1398,100,ACC,SVM,0.053752496698922125,0.5062475033010779,0.56
1399,100,ACC,SVM,0.06551840555149535,0.45551840555149536,0.39
1400,100,ACC,SVM,0.04595586420124487,0.48595586420124487,0.44
1401,100,ACC,SVM,0.12158127770374977,0.18158127770374977,0.06
1402,100,ACC,SVM,0.1087946320017611,0.8512053679982389,0.96
1403,100,ACC,SVM,0.003476931852664289,0.3134769318526643,0.31
1404,100,ACC,SVM,0.11318529275283129,0.2931852927528313,0.18
1405,100,ACC,SVM,0.0030394732029147553,0.2830394732029148,0.28
1406,100,ACC,SVM,0.16966954930126,0.79033045069874,0.96
1407,100,ACC,SVM,0.050997999504083735,0.14099799950408373,0.09
1408,100,ACC,SVM,0.17112774480042514,0.6888722551995748,0.86
1409,100,ACC,SVM,0.11258594029959013,0.5874140597004098,0.7
1410,100,ACC,SVM,0.09039864705084255,0.7396013529491574,0.83
1411,100,ACC,SVM,0.16952372975134344,0.8004762702486565,0.97
1412,100,ACC,SVM,0.12069028615067556,0.7193097138493244,0.84
1413,100,ACC,SVM,0.20039864705084254,0.7396013529491574,0.94
1414,100,ACC,SVM,0.06158127770374977,0.18158127770374977,0.12
1415,100,ACC,SVM,0.1822943011997572,0.6077056988002428,0.79
1416,100,ACC,SVM,0.08448159444850467,0.45551840555149536,0.54
1417,100,ACC,SVM,0.016976601050660345,0.5569766010506604,0.54
1418,100,ACC,SVM,0.16054446660075916,0.7294555333992409,0.89
1419,100,ACC,SVM,0.199961188401093,0.770038811598907,0.97
1420,100,ACC,SVM,0.07200266209992412,0.6279973379000758,0.7
1421,100,ACC,SVM,0.056684961950827395,0.5366849619508274,0.48
1422,100,ACC,SVM,0.025810044651328357,0.47581004465132837,0.45
1423,100,ACC,SVM,0.01464348825199635,0.39464348825199635,0.38
1424,100,ACC,SVM,0.0465230681473357,0.3134769318526643,0.36
1425,100,ACC,SVM,0.02493512735182929,0.4149351273518293,0.39
1426,100,ACC,SVM,0.08128963860391676,0.16128963860391676,0.08
1427,100,ACC,SVM,0.11158127770374976,0.18158127770374977,0.07
1428,100,ACC,SVM,0.10141938390025806,0.668580616099742,0.77
1429,100,ACC,SVM,0.0250648726481707,0.4149351273518293,0.44
1430,100,ACC,SVM,0.14981536885117663,0.7801846311488234,0.93
1431,100,ACC,SVM,0.053023398949339606,0.5569766010506604,0.61
1432,100,ACC,SVM,0.13128963860391676,0.16128963860391676,0.03
1433,100,ACC,SVM,0.12289365365299834,0.27289365365299834,0.15
1434,100,ACC,SVM,0.052602014553165266,0.2526020145531653,0.2
1435,100,ACC,SVM,0.1390862711015941,0.8309137288984059,0.97
1436,100,ACC,SVM,0.05274783410308179,0.2627478341030818,0.21
1437,100,ACC,SVM,0.03418995534867164,0.47581004465132837,0.51
1438,100,ACC,SVM,0.15996118840109308,0.770038811598907,0.93
1439,100,ACC,SVM,0.17966954930126,0.79033045069874,0.97
1440,100,ACC,SVM,0.07333111230274778,0.3033311123027478,0.23
1441,100,ACC,SVM,0.12128963860391676,0.16128963860391676,0.04
1442,100,ACC,SVM,0.062018736353499276,0.21201873635349927,0.15
1443,100,ACC,SVM,0.08099799950408373,0.14099799950408373,0.06
1444,100,ACC,SVM,0.05245619500324877,0.24245619500324878,0.19
1445,100,ACC,SVM,0.003023398949339673,0.5569766010506604,0.56
1446,100,ACC,SVM,0.18054446660075918,0.7294555333992409,0.91
1447,100,ACC,SVM,0.0034608575990892065,0.5265391424009108,0.53
1448,100,ACC,SVM,0.04273175984950672,0.5772682401504933,0.62
1449,100,ACC,SVM,0.07289365365299832,0.27289365365299834,0.2
1450,100,ACC,SVM,0.12127356435034164,0.6787264356496584,0.8
1451,100,ACC,SVM,0.053023398949339606,0.5569766010506604,0.61
1452,100,ACC,SVM,0.14069028615067558,0.7193097138493244,0.86
1453,100,ACC,SVM,0.19025282750092598,0.749747172499074,0.94
1454,100,ACC,SVM,0.02420602960224677,0.3642060296022468,0.34
1455,100,ACC,SVM,0.10172709725366627,0.19172709725366627,0.09
1456,100,ACC,SVM,0.08333111230274778,0.3033311123027478,0.22
1457,100,ACC,SVM,0.02551840555149537,0.45551840555149536,0.43
1458,100,ACC,SVM,0.2105444666007591,0.7294555333992409,0.94
1459,100,ACC,SVM,0.04637724859741915,0.32362275140258084,0.37
1460,100,ACC,SVM,0.12171102300009107,0.648288976999909,0.77
1461,100,ACC,SVM,0.06418995534867167,0.47581004465132837,0.54
1462,100,ACC,SVM,0.09289365365299834,0.27289365365299834,0.18
1463,100,ACC,SVM,0.054351849152163345,0.37435184915216335,0.32
1464,100,ACC,SVM,0.07273175984950675,0.5772682401504933,0.65
1465,100,ACC,SVM,0.02171102300009109,0.648288976999909,0.67
1466,100,ACC,SVM,0.0759397899476697,0.3540602100523303,0.43
1467,100,ACC,SVM,0.10362275140258084,0.32362275140258084,0.22
1468,100,ACC,SVM,0.07171102300009102,0.648288976999909,0.72
1469,100,ACC,SVM,0.09260201455316527,0.2526020145531653,0.16
1470,100,ACC,SVM,0.15996118840109308,0.770038811598907,0.93
1471,100,ACC,SVM,0.12333111230274779,0.3033311123027478,0.18
1472,100,ACC,SVM,0.12216455590341577,0.22216455590341577,0.1
1473,100,ACC,SVM,0.05477323354833763,0.43522676645166236,0.49
1474,100,ACC,SVM,0.04697660105066037,0.5569766010506604,0.51
1475,100,ACC,SVM,0.01404413579875513,0.48595586420124487,0.5
1476,100,ACC,SVM,0.01537258600157887,0.44537258600157886,0.43
1477,100,ACC,SVM,0.098211353802095,0.891788646197905,0.99
1478,100,ACC,SVM,0.0041899553486716146,0.47581004465132837,0.48
1479,100,ACC,SVM,0.004335774898588163,0.4656642251014118,0.47
1480,100,ACC,SVM,0.05579397039775319,0.3642060296022468,0.42
1481,100,ACC,SVM,0.12158127770374977,0.18158127770374977,0.06
1482,100,ACC,SVM,0.06346085759908915,0.5265391424009108,0.59
1483,100,ACC,SVM,0.052893653652998335,0.27289365365299834,0.22
1484,100,ACC,SVM,0.11360667714900563,0.5163933228509944,0.63
1485,100,ACC,SVM,0.08085217995416726,0.13085217995416726,0.05
1486,100,ACC,SVM,0.22010700795100957,0.7598929920489904,0.98
1487,100,ACC,SVM,0.015810044651328348,0.47581004465132837,0.46
1488,100,ACC,SVM,0.1301070079510096,0.7598929920489904,0.89
1489,100,ACC,SVM,0.0463933228509944,0.5163933228509944,0.47
1490,100,ACC,SVM,0.15201873635349927,0.21201873635349927,0.06
1491,100,ACC,SVM,0.02966954930125998,0.79033045069874,0.82
1492,100,ACC,SVM,0.06273175984950674,0.5772682401504933,0.64
1493,100,ACC,SVM,0.1722943011997572,0.6077056988002428,0.78
1494,100,ACC,SVM,0.03551840555149538,0.45551840555149536,0.42
1495,100,ACC,SVM,0.08316921849925607,0.5468307815007439,0.63
1496,100,ACC,SVM,0.14083610570059213,0.7091638942994078,0.85
1497,100,ACC,SVM,0.008143157449992389,0.6381431574499924,0.63
1498,100,ACC,SVM,0.04449766870207983,0.38449766870207985,0.34
1499,100,ACC,SVM,0.062440120749673644,0.5975598792503264,0.66
1500,100,ACC,SVM,0.08258594029959021,0.5874140597004098,0.67
1501,100,ACC,SVM,0.210252827500926,0.749747172499074,0.96
1502,100,ACC,SVM,0.055080946901745864,0.42508094690174586,0.37
1503,100,ACC,SVM,0.06595586420124488,0.48595586420124487,0.42
1504,100,ACC,SVM,0.19214848164984066,0.6178515183501594,0.81
1505,100,ACC,SVM,0.044481594448504636,0.45551840555149536,0.5
1506,100,ACC,SVM,0.10200266209992415,0.6279973379000758,0.73
1507,100,ACC,SVM,0.03595586420124486,0.48595586420124487,0.45
1508,100,ACC,SVM,0.05274783410308179,0.2627478341030818,0.21
1509,100,ACC,SVM,0.051127744800425146,0.6888722551995748,0.74
1510,100,ACC,SVM,0.09216455590341577,0.22216455590341577,0.13
1511,100,ACC,SVM,0.06260201455316527,0.2526020145531653,0.19
1512,100,ACC,SVM,0.0384347965498254,0.6584347965498254,0.62
1513,100,ACC,SVM,0.1221484816498406,0.6178515183501594,0.74
1514,100,ACC,SVM,0.18083610570059216,0.7091638942994078,0.89
1515,100,ACC,SVM,0.11449766870207984,0.38449766870207985,0.27
1516,100,ACC,SVM,0.1324561950032488,0.24245619500324878,0.11
1517,100,ACC,SVM,0.21039864705084255,0.7396013529491574,0.95
1518,100,ACC,SVM,0.0011438190540002668,0.15114381905400026,0.15
1519,100,ACC,SVM,0.04231037545333227,0.23231037545333227,0.19
1520,100,ACC,SVM,0.043768570952497365,0.33376857095249735,0.29
1521,100,ACC,SVM,0.01375249669892209,0.5062475033010779,0.52
1522,100,ACC,SVM,0.12010700795100959,0.7598929920489904,0.88
1523,100,ACC,SVM,0.11171102300009106,0.648288976999909,0.76
1524,100,ACC,SVM,0.07200266209992412,0.6279973379000758,0.7
1525,100,ACC,SVM,0.07245619500324876,0.24245619500324878,0.17
1526,100,ACC,SVM,0.034497668702079876,0.38449766870207985,0.35
1527,100,ACC,SVM,0.015955864201244896,0.48595586420124487,0.47
1528,100,ACC,SVM,0.051727097253666254,0.19172709725366627,0.14
1529,100,ACC,SVM,0.053622751402580826,0.32362275140258084,0.27
1530,100,ACC,SVM,0.054060210052330304,0.3540602100523303,0.3
1531,100,ACC,SVM,0.05143545815383324,0.17143545815383324,0.12
1532,100,ACC,SVM,0.017122420600576782,0.5671224206005768,0.55
1533,100,ACC,SVM,0.08214848164984057,0.6178515183501594,0.7
1534,100,ACC,SVM,0.08099799950408373,0.14099799950408373,0.06
1535,100,ACC,SVM,0.09550233129792013,0.38449766870207985,0.48
1536,100,ACC,SVM,0.1520026620999242,0.6279973379000758,0.78
1537,100,ACC,SVM,0.07141938390025804,0.668580616099742,0.74
1538,100,ACC,SVM,0.1617110230000911,0.648288976999909,0.81
1539,100,ACC,SVM,0.08653914240091082,0.5265391424009108,0.44
1540,100,ACC,SVM,0.1108361057005921,0.7091638942994078,0.82
1541,100,ACC,SVM,0.0633311123027478,0.3033311123027478,0.24
1542,100,ACC,SVM,0.014351849152163365,0.37435184915216335,0.36
1543,100,ACC,SVM,0.10289365365299832,0.27289365365299834,0.17
1544,100,ACC,SVM,0.02595586420124485,0.48595586420124487,0.46
1545,100,ACC,SVM,0.04522676645166235,0.43522676645166236,0.39
1546,100,ACC,SVM,0.09376857095249735,0.33376857095249735,0.24
1547,100,ACC,SVM,0.1118568425500076,0.6381431574499924,0.75
1548,100,ACC,SVM,0.003476931852664289,0.3134769318526643,0.31
1549,100,ACC,SVM,0.023185292752831266,0.2931852927528313,0.27
1550,100,ACC,SVM,0.06172709725366626,0.19172709725366627,0.13
1551,100,ACC,SVM,0.02551840555149537,0.45551840555149536,0.43
1552,100,ACC,SVM,0.013476931852664298,0.3134769318526643,0.3
1553,100,ACC,SVM,0.054935127351829316,0.4149351273518293,0.36
1554,100,ACC,SVM,0.042893653652998326,0.27289365365299834,0.23
1555,100,ACC,SVM,0.12185684255000762,0.6381431574499924,0.76
1556,100,ACC,SVM,0.2005444666007592,0.7294555333992409,0.93
1557,100,ACC,SVM,0.00610168375116138,0.49610168375116137,0.49
1558,100,ACC,SVM,0.1134608575990892,0.5265391424009108,0.64
1559,100,ACC,SVM,0.12039864705084258,0.7396013529491574,0.86
1560,100,ACC,SVM,0.15908627110159412,0.8309137288984059,0.99
1561,100,ACC,SVM,0.053023398949339606,0.5569766010506604,0.61
1562,100,ACC,SVM,0.1606902861506756,0.7193097138493244,0.88
1563,100,ACC,SVM,0.20098192525050873,0.6990180747494913,0.9
1564,100,ACC,SVM,0.07069028615067563,0.7193097138493244,0.79
1565,100,ACC,SVM,0.03491905309825416,0.42508094690174586,0.46
1566,100,ACC,SVM,0.14216455590341576,0.22216455590341577,0.08
1567,100,ACC,SVM,0.16143545815383323,0.17143545815383324,0.01
1568,100,ACC,SVM,0.014481594448504609,0.45551840555149536,0.47
1569,100,ACC,SVM,0.03448159444850463,0.45551840555149536,0.49
1570,100,ACC,SVM,0.025080946901745838,0.42508094690174586,0.4
1571,100,ACC,SVM,0.003023398949339673,0.5569766010506604,0.56
1572,100,ACC,SVM,0.013315038049172667,0.5366849619508274,0.55
1573,100,ACC,SVM,0.080252827500926,0.749747172499074,0.83
1574,100,ACC,SVM,0.06128963860391676,0.16128963860391676,0.1
1575,100,ACC,SVM,0.0021645559034157713,0.22216455590341577,0.22
1576,100,ACC,SVM,0.15185684255000764,0.6381431574499924,0.79
1577,100,ACC,SVM,0.10039864705084256,0.7396013529491574,0.84
1578,100,ACC,SVM,0.15908627110159412,0.8309137288984059,0.99
1579,100,ACC,SVM,0.1912735643503416,0.6787264356496584,0.87
1580,100,ACC,SVM,0.10996118840109304,0.770038811598907,0.88
1581,100,ACC,SVM,0.023768570952497348,0.33376857095249735,0.31
1582,100,ACC,SVM,0.08595586420124485,0.48595586420124487,0.4
1583,100,ACC,SVM,0.007397985446834732,0.2526020145531653,0.26
1584,100,ACC,SVM,0.0836066771490056,0.5163933228509944,0.6
1585,100,ACC,SVM,0.09908627110159418,0.8309137288984059,0.93
1586,100,ACC,SVM,0.02420602960224677,0.3642060296022468,0.34
1587,100,ACC,SVM,0.07418995534867168,0.47581004465132837,0.55
1588,100,ACC,SVM,0.05391439050241381,0.3439143905024138,0.29
1589,100,ACC,SVM,0.031727097253666264,0.19172709725366627,0.16
1590,100,ACC,SVM,0.04231037545333227,0.23231037545333227,0.19
1591,100,ACC,SVM,0.18231037545333229,0.23231037545333227,0.05
1592,100,ACC,SVM,0.12937791020142697,0.810622089798573,0.94
1593,100,ACC,SVM,0.04537258600157884,0.44537258600157886,0.4
1594,100,ACC,SVM,0.11069028615067555,0.7193097138493244,0.83
1595,100,ACC,SVM,0.05200266209992421,0.6279973379000758,0.68
1596,100,ACC,SVM,0.04231037545333227,0.23231037545333227,0.19
1597,100,ACC,SVM,0.05216455590341576,0.22216455590341577,0.17
1598,100,ACC,SVM,0.12112774480042521,0.6888722551995748,0.81
1599,100,ACC,SVM,0.033185292752831275,0.2931852927528313,0.26
1600,100,ACC,SVM,0.12981536885117662,0.7801846311488234,0.91
1601,100,ACC,SVM,0.051727097253666254,0.19172709725366627,0.14
1602,100,ACC,SVM,0.05214848164984065,0.6178515183501594,0.67
1603,100,ACC,SVM,0.15156520345017466,0.6584347965498254,0.81
1604,100,ACC,SVM,0.042893653652998326,0.27289365365299834,0.23
1605,100,ACC,SVM,0.06376857095249733,0.33376857095249735,0.27
1606,100,ACC,SVM,0.149377910201427,0.810622089798573,0.96
1607,100,ACC,SVM,0.09406021005233028,0.3540602100523303,0.26
1608,100,ACC,SVM,0.03550233129792013,0.38449766870207985,0.42
1609,100,ACC,SVM,0.004919053098254134,0.42508094690174586,0.43
1610,100,ACC,SVM,0.1040602100523303,0.3540602100523303,0.25
1611,100,ACC,SVM,0.09127356435034162,0.6787264356496584,0.77
1612,100,ACC,SVM,0.14200266209992418,0.6279973379000758,0.77
1613,100,ACC,SVM,0.015939789947669702,0.3540602100523303,0.37
1614,100,ACC,SVM,0.080252827500926,0.749747172499074,0.83
1615,100,ACC,SVM,0.06289365365299834,0.27289365365299834,0.21
1616,100,ACC,SVM,0.15114381905400026,0.15114381905400026,0.0
1617,100,ACC,SVM,0.06375249669892202,0.5062475033010779,0.57
1618,100,ACC,SVM,0.118502992901928,0.871497007098072,0.99
1619,100,ACC,SVM,0.050123082204584696,0.0801230822045847,0.03
1620,100,ACC,SVM,0.06274783410308177,0.2627478341030818,0.2
1621,100,ACC,SVM,0.07477323354833765,0.43522676645166236,0.51
1622,100,ACC,SVM,0.18214848164984065,0.6178515183501594,0.8
1623,100,ACC,SVM,0.050852179954167256,0.13085217995416726,0.08
1624,100,ACC,SVM,0.02493512735182929,0.4149351273518293,0.39
1625,100,ACC,SVM,0.1830233989493396,0.5569766010506604,0.74
1626,100,ACC,SVM,0.034789307801912805,0.4047893078019128,0.37
1627,100,ACC,SVM,0.05231037545333228,0.23231037545333227,0.18
1628,100,ACC,SVM,0.08289365365299833,0.27289365365299834,0.19
1629,100,ACC,SVM,0.004935127351829327,0.4149351273518293,0.41
1630,100,ACC,SVM,0.044919053098254114,0.42508094690174586,0.47
1631,100,ACC,SVM,0.15083610570059214,0.7091638942994078,0.86
1632,100,ACC,SVM,0.06273175984950674,0.5772682401504933,0.64
1633,100,ACC,SVM,0.07214848164984056,0.6178515183501594,0.69
1634,100,ACC,SVM,0.15923209065151056,0.8207679093484894,0.98
1635,100,ACC,SVM,0.025226766451662386,0.43522676645166236,0.41
1636,100,ACC,SVM,0.04593978994766973,0.3540602100523303,0.4
1637,100,ACC,SVM,0.08908627110159417,0.8309137288984059,0.92
1638,100,ACC,SVM,0.09376857095249735,0.33376857095249735,0.24
1639,100,ACC,SVM,0.10214848164984058,0.6178515183501594,0.72
1640,100,ACC,SVM,0.05098192525050871,0.6990180747494913,0.75
1641,100,ACC,SVM,0.09158127770374977,0.18158127770374977,0.09
1642,100,ACC,SVM,0.0044815944485046555,0.45551840555149536,0.46
1643,100,ACC,SVM,0.03231037545333226,0.23231037545333227,0.2
1644,100,ACC,SVM,0.021872916803582776,0.20187291680358277,0.18
1645,100,ACC,SVM,0.03610168375116135,0.49610168375116137,0.46
1646,100,ACC,SVM,0.0030394732029147553,0.2830394732029148,0.28
1647,100,ACC,SVM,0.07069028615067563,0.7193097138493244,0.79
1648,100,ACC,SVM,0.1198153688511766,0.7801846311488234,0.9
1649,100,ACC,SVM,0.1111277448004252,0.6888722551995748,0.8
1650,100,ACC,SVM,0.10420602960224679,0.3642060296022468,0.26
1651,100,ACC,SVM,0.023185292752831266,0.2931852927528313,0.27
1652,100,ACC,SVM,0.002602014553165277,0.2526020145531653,0.25
1653,100,ACC,SVM,0.08201873635349927,0.21201873635349927,0.13
1654,100,ACC,SVM,0.18010700795100953,0.7598929920489904,0.94
1655,100,ACC,SVM,0.06623142904750268,0.33376857095249735,0.4
1656,100,ACC,SVM,0.04274783410308178,0.2627478341030818,0.22
1657,100,ACC,SVM,0.14098192525050868,0.6990180747494913,0.84
1658,100,ACC,SVM,0.014789307801912788,0.4047893078019128,0.39
1659,100,ACC,SVM,0.08056054085433421,0.11056054085433421,0.03
1660,100,ACC,SVM,0.06216455590341577,0.22216455590341577,0.16
1661,100,ACC,SVM,0.07302339894933962,0.5569766010506604,0.63
1662,100,ACC,SVM,0.12156520345017463,0.6584347965498254,0.78
1663,100,ACC,SVM,0.06289365365299834,0.27289365365299834,0.21
1664,100,ACC,SVM,0.11966954930126006,0.79033045069874,0.91
1665,100,ACC,SVM,0.16112774480042513,0.6888722551995748,0.85
1666,100,ACC,SVM,0.059815368851176554,0.7801846311488234,0.84
1667,100,ACC,SVM,0.12391439050241379,0.3439143905024138,0.22
1668,100,ACC,SVM,0.12143545815383323,0.17143545815383324,0.05
1669,100,ACC,SVM,0.17112774480042514,0.6888722551995748,0.86
1670,100,ACC,SVM,0.08449766870207986,0.38449766870207985,0.3
1671,100,ACC,SVM,0.053023398949339606,0.5569766010506604,0.61
1672,100,ACC,SVM,0.0915652034501746,0.6584347965498254,0.75
1673,100,ACC,SVM,0.06158127770374977,0.18158127770374977,0.12
1674,100,ACC,SVM,0.06069028615067562,0.7193097138493244,0.78
1675,100,ACC,SVM,0.14981536885117663,0.7801846311488234,0.93
1676,100,ACC,SVM,0.041273564350341574,0.6787264356496584,0.72
1677,100,ACC,SVM,0.005372586001578861,0.44537258600157886,0.44
1678,100,ACC,SVM,0.16083610570059215,0.7091638942994078,0.87
1679,100,ACC,SVM,0.06448159444850465,0.45551840555149536,0.52
1680,100,ACC,SVM,0.051127744800425146,0.6888722551995748,0.74
1681,100,ACC,SVM,0.08039864705084254,0.7396013529491574,0.82
1682,100,ACC,SVM,0.07141938390025804,0.668580616099742,0.74
1683,100,ACC,SVM,0.02333111230274776,0.3033311123027478,0.28
1684,100,ACC,SVM,0.09187291680358277,0.20187291680358277,0.11
1685,100,ACC,SVM,0.007835444096584238,0.22216455590341577,0.23
1686,100,ACC,SVM,0.02653914240091082,0.5265391424009108,0.5
1687,100,ACC,SVM,0.03433577489858819,0.4656642251014118,0.5
1688,100,ACC,SVM,0.10418995534867159,0.47581004465132837,0.58
1689,100,ACC,SVM,0.00550233129792016,0.38449766870207985,0.39
1690,100,ACC,SVM,0.07083610570059218,0.7091638942994078,0.78
1691,100,ACC,SVM,0.08923209065151061,0.8207679093484894,0.91
1692,100,ACC,SVM,0.0633311123027478,0.3033311123027478,0.24
1693,100,ACC,SVM,0.05127356435034158,0.6787264356496584,0.73
1694,100,ACC,SVM,0.09273175984950677,0.5772682401504933,0.67
1695,100,ACC,SVM,0.04418995534867165,0.47581004465132837,0.52
1696,100,ACC,SVM,0.021872916803582776,0.20187291680358277,0.18
1697,100,ACC,SVM,0.08083610570059219,0.7091638942994078,0.79
1698,100,ACC,SVM,0.16966954930126,0.79033045069874,0.96
1699,100,ACC,SVM,0.1630233989493396,0.5569766010506604,0.72
1700,100,ACC,SVM,0.17039864705084262,0.7396013529491574,0.91
1701,100,ACC,SVM,0.169377910201427,0.810622089798573,0.98
1702,100,ACC,SVM,0.004060210052330315,0.3540602100523303,0.35
1703,100,ACC,SVM,0.10346085759908918,0.5265391424009108,0.63
1704,100,ACC,SVM,0.0463933228509944,0.5163933228509944,0.47
1705,100,ACC,SVM,0.15923209065151056,0.8207679093484894,0.98
1706,100,ACC,SVM,0.08143545815383324,0.17143545815383324,0.09
1707,100,ACC,SVM,0.03537258600157889,0.44537258600157886,0.41
1708,100,ACC,SVM,0.1709819252505087,0.6990180747494913,0.87
1709,100,ACC,SVM,0.06391439050241376,0.3439143905024138,0.28
1710,100,ACC,SVM,0.18244012074967364,0.5975598792503264,0.78
1711,100,ACC,SVM,0.004497668702079849,0.38449766870207985,0.38
1712,100,ACC,SVM,0.14923209065151055,0.8207679093484894,0.97
1713,100,ACC,SVM,0.1809819252505087,0.6990180747494913,0.88
1714,100,ACC,SVM,0.0439143905024138,0.3439143905024138,0.3
1715,100,ACC,SVM,0.12171102300009107,0.648288976999909,0.77
1716,100,ACC,SVM,0.01652306814733573,0.3134769318526643,0.33
1717,100,ACC,SVM,0.03287757939942315,0.5671224206005768,0.6
1718,100,ACC,SVM,0.0828775793994232,0.5671224206005768,0.65
1719,100,ACC,SVM,0.10069028615067555,0.7193097138493244,0.82
1720,100,ACC,SVM,0.11085217995416725,0.13085217995416726,0.02
1721,100,ACC,SVM,0.06303947320291478,0.2830394732029148,0.22
1722,100,ACC,SVM,0.11244012074967358,0.5975598792503264,0.71
1723,100,ACC,SVM,0.07404413579875518,0.48595586420124487,0.56
1724,100,ACC,SVM,0.04462741399842113,0.44537258600157886,0.49
1725,100,ACC,SVM,0.11128963860391676,0.16128963860391676,0.05
1726,100,ACC,SVM,0.006231429047502679,0.33376857095249735,0.34
1727,100,ACC,SVM,0.10010700795100957,0.7598929920489904,0.86
1728,100,ACC,SVM,0.15158127770374977,0.18158127770374977,0.03
1729,100,ACC,SVM,0.05537258600157885,0.44537258600157886,0.39
1730,100,ACC,SVM,0.16996118840109298,0.770038811598907,0.94
1731,100,ACC,SVM,0.09099799950408373,0.14099799950408373,0.05
1732,100,ACC,SVM,0.06127356435034159,0.6787264356496584,0.74
1733,100,ACC,SVM,0.053331112302747785,0.3033311123027478,0.25
1734,100,ACC,SVM,0.1609819252505087,0.6990180747494913,0.86
1735,100,ACC,SVM,0.07141938390025804,0.668580616099742,0.74
1736,100,ACC,SVM,0.15054446660075915,0.7294555333992409,0.88
1737,100,ACC,SVM,0.06289365365299834,0.27289365365299834,0.21
1738,100,ACC,SVM,0.05418995534867166,0.47581004465132837,0.53
1739,100,ACC,SVM,0.05069028615067561,0.7193097138493244,0.77
1740,100,ACC,SVM,0.08362275140258085,0.32362275140258084,0.24
1741,100,ACC,SVM,0.08347693185266428,0.3134769318526643,0.23
1742,100,ACC,SVM,0.18187291680358278,0.20187291680358277,0.02
1743,100,ACC,SVM,0.14952372975134343,0.8004762702486565,0.95
1744,100,ACC,SVM,0.04141938390025801,0.668580616099742,0.71
1745,100,ACC,SVM,0.05273175984950673,0.5772682401504933,0.63
1746,100,ACC,SVM,0.1018568425500076,0.6381431574499924,0.74
1747,100,ACC,SVM,0.05418995534867166,0.47581004465132837,0.53
1748,100,ACC,SVM,0.014481594448504609,0.45551840555149536,0.47
1749,100,ACC,SVM,0.015518405551495362,0.45551840555149536,0.44
1750,100,ACC,SVM,0.08302339894933963,0.5569766010506604,0.64
1751,100,ACC,SVM,0.01201873635349926,0.21201873635349927,0.2
1752,100,ACC,SVM,0.10996118840109304,0.770038811598907,0.88
1753,100,ACC,SVM,0.06025282750092609,0.749747172499074,0.81
1754,100,ACC,SVM,0.003914390502413767,0.3439143905024138,0.34
1755,100,ACC,SVM,0.04346085759908913,0.5265391424009108,0.57
1756,100,ACC,SVM,0.08216455590341576,0.22216455590341577,0.14
1757,100,ACC,SVM,0.14923209065151055,0.8207679093484894,0.97
1758,100,ACC,SVM,0.09952372975134349,0.8004762702486565,0.9
1759,100,ACC,SVM,0.18039864705084263,0.7396013529491574,0.92
1760,100,ACC,SVM,0.05449766870207984,0.38449766870207985,0.33
1761,100,ACC,SVM,0.021581277703749763,0.18158127770374977,0.16
1762,100,ACC,SVM,0.008127083196417223,0.20187291680358277,0.21
1763,100,ACC,SVM,0.10172709725366627,0.19172709725366627,0.09
1764,100,ACC,SVM,0.08187291680358277,0.20187291680358277,0.12
1765,100,ACC,SVM,0.10143545815383323,0.17143545815383324,0.07
1766,100,ACC,SVM,0.1287946320017611,0.8512053679982389,0.98
1767,100,ACC,SVM,0.07099799950408373,0.14099799950408373,0.07
1768,100,ACC,SVM,0.09216455590341577,0.22216455590341577,0.13
1769,100,ACC,SVM,0.151419383900258,0.668580616099742,0.82
1770,100,ACC,SVM,0.08389831624883859,0.49610168375116137,0.58
1771,100,ACC,SVM,0.17244012074967363,0.5975598792503264,0.77
1772,100,ACC,SVM,0.09331503804917263,0.5366849619508274,0.63
1773,100,ACC,SVM,0.13025282750092604,0.749747172499074,0.88
1774,100,ACC,SVM,0.03244012074967362,0.5975598792503264,0.63
1775,100,ACC,SVM,0.05433577489858821,0.4656642251014118,0.52
1776,100,ACC,SVM,0.04141938390025801,0.668580616099742,0.71
1777,100,ACC,SVM,0.05610168375116137,0.49610168375116137,0.44
1778,100,ACC,SVM,0.02420602960224677,0.3642060296022468,0.34
1779,100,ACC,SVM,0.06535651174800367,0.39464348825199635,0.46
1780,100,ACC,SVM,0.09260201455316527,0.2526020145531653,0.16
1781,100,ACC,SVM,0.07069028615067563,0.7193097138493244,0.79
1782,100,ACC,SVM,0.017543804996751233,0.24245619500324878,0.26
1783,100,ACC,SVM,0.051872916803582775,0.20187291680358277,0.15
1784,100,ACC,SVM,0.04303947320291479,0.2830394732029148,0.24
1785,100,ACC,SVM,0.13083610570059212,0.7091638942994078,0.84
1786,100,ACC,SVM,0.05449766870207984,0.38449766870207985,0.33
1787,100,ACC,SVM,0.14331503804917267,0.5366849619508274,0.68
1788,100,ACC,SVM,0.17127356435034158,0.6787264356496584,0.85
1789,100,ACC,SVM,0.15216455590341577,0.22216455590341577,0.07
1790,100,ACC,SVM,0.09141938390025806,0.668580616099742,0.76
1791,100,ACC,SVM,0.0642060296022468,0.3642060296022468,0.3
1792,100,ACC,SVM,0.03245619500324878,0.24245619500324878,0.21
1793,100,ACC,SVM,0.13316921849925611,0.5468307815007439,0.68
1794,100,ACC,SVM,0.1603986470508426,0.7396013529491574,0.9
1795,100,ACC,SVM,0.06406021005233031,0.3540602100523303,0.29
1796,100,ACC,SVM,0.013169218499256119,0.5468307815007439,0.56
1797,100,ACC,SVM,0.0030394732029147553,0.2830394732029148,0.28
1798,100,ACC,SVM,0.043752496698922116,0.5062475033010779,0.55
1799,100,ACC,SVM,0.05287757939942317,0.5671224206005768,0.62
1800,100,ACC,SVM,0.06316921849925605,0.5468307815007439,0.61
1801,100,ACC,SVM,0.07316921849925606,0.5468307815007439,0.62
1802,100,ACC,SVM,0.05158127770374976,0.18158127770374977,0.13
1803,100,ACC,SVM,0.11273175984950667,0.5772682401504933,0.69
1804,100,ACC,SVM,0.11302339894933966,0.5569766010506604,0.67
1805,100,ACC,SVM,0.07229430119975722,0.6077056988002428,0.68
1806,100,ACC,SVM,0.08114381905400025,0.15114381905400026,0.07
1807,100,ACC,SVM,0.005372586001578861,0.44537258600157886,0.44
1808,100,ACC,SVM,0.025080946901745838,0.42508094690174586,0.4
1809,100,ACC,SVM,0.08128963860391676,0.16128963860391676,0.08
1810,100,ACC,SVM,0.052893653652998335,0.27289365365299834,0.22
1811,100,ACC,SVM,0.0352106921980872,0.4047893078019128,0.44
1812,100,ACC,SVM,0.0409819252505087,0.6990180747494913,0.74
1813,100,ACC,SVM,0.022602014553165267,0.2526020145531653,0.23
1814,100,ACC,SVM,0.151419383900258,0.668580616099742,0.82
1815,100,ACC,SVM,0.02360667714900566,0.5163933228509944,0.54
1816,100,ACC,SVM,0.030544466600759157,0.7294555333992409,0.76
1817,100,ACC,SVM,0.015955864201244896,0.48595586420124487,0.47
1818,100,ACC,SVM,0.026393322850994383,0.5163933228509944,0.49
1819,100,ACC,SVM,0.09360667714900561,0.5163933228509944,0.61
1820,100,ACC,SVM,0.14996118840109307,0.770038811598907,0.92
1821,100,ACC,SVM,0.06491905309825413,0.42508094690174586,0.49
1822,100,ACC,SVM,0.10506487264817072,0.4149351273518293,0.52
1823,100,ACC,SVM,0.0633150380491726,0.5366849619508274,0.6
1824,100,ACC,SVM,0.09185684255000759,0.6381431574499924,0.73
1825,100,ACC,SVM,0.12172709725366626,0.19172709725366627,0.07
1826,100,ACC,SVM,0.03418995534867164,0.47581004465132837,0.51
1827,100,ACC,SVM,0.024481594448504618,0.45551840555149536,0.48
1828,100,ACC,SVM,0.16010700795100963,0.7598929920489904,0.92
1829,100,ACC,SVM,0.00610168375116138,0.49610168375116137,0.49
1830,100,ACC,SVM,0.02595586420124485,0.48595586420124487,0.46
1831,100,ACC,SVM,0.1087946320017611,0.8512053679982389,0.96
1832,100,ACC,SVM,0.004627413998421148,0.44537258600157886,0.45
1833,100,ACC,SVM,0.021872916803582776,0.20187291680358277,0.18
1834,100,ACC,SVM,0.01216455590341578,0.22216455590341577,0.21
1835,100,ACC,SVM,0.061143819054000265,0.15114381905400026,0.09
1836,100,ACC,SVM,0.15114381905400026,0.15114381905400026,0.0
1837,100,ACC,SVM,0.025210692198087192,0.4047893078019128,0.43
1838,100,ACC,SVM,0.14214848164984062,0.6178515183501594,0.76
1839,100,ACC,SVM,0.1324401207496736,0.5975598792503264,0.73
1840,100,ACC,SVM,0.14143545815383324,0.17143545815383324,0.03
1841,100,ACC,SVM,0.053752496698922125,0.5062475033010779,0.56
1842,100,ACC,SVM,0.03158127770374977,0.18158127770374977,0.15
1843,100,ACC,SVM,0.09894045155167752,0.8410595484483224,0.94
1844,100,ACC,SVM,0.011435458153833233,0.17143545815383324,0.16
1845,100,ACC,SVM,0.09346085759908918,0.5265391424009108,0.62
1846,100,ACC,SVM,0.034060210052330286,0.3540602100523303,0.32
1847,100,ACC,SVM,0.03229430119975718,0.6077056988002428,0.64
1848,100,ACC,SVM,0.015080946901745884,0.42508094690174586,0.41
1849,100,ACC,SVM,0.1118568425500076,0.6381431574499924,0.75
1850,100,ACC,SVM,0.022602014553165267,0.2526020145531653,0.23
1851,100,ACC,SVM,0.1401070079510096,0.7598929920489904,0.9
1852,100,ACC,SVM,0.03433577489858819,0.4656642251014118,0.5
1853,100,ACC,SVM,0.1321484816498406,0.6178515183501594,0.75
1854,100,ACC,SVM,0.17141938390025802,0.668580616099742,0.84
1855,100,ACC,SVM,0.17937791020142702,0.810622089798573,0.99
1856,100,ACC,SVM,0.032602014553165276,0.2526020145531653,0.22
1857,100,ACC,SVM,0.06391439050241376,0.3439143905024138,0.28
1858,100,ACC,SVM,0.022893653652998336,0.27289365365299834,0.25
1859,100,ACC,SVM,0.08391439050241378,0.3439143905024138,0.26
1860,100,ACC,SVM,0.04331503804917258,0.5366849619508274,0.58
1861,100,ACC,SVM,0.20981536885117658,0.7801846311488234,0.99
1862,100,ACC,SVM,0.18952372975134346,0.8004762702486565,0.99
1863,100,ACC,SVM,0.07462741399842115,0.44537258600157886,0.52
1864,100,ACC,SVM,0.05273175984950673,0.5772682401504933,0.63
1865,100,ACC,SVM,0.11039864705084257,0.7396013529491574,0.85
1866,100,ACC,SVM,0.15996118840109308,0.770038811598907,0.93
1867,100,ACC,SVM,0.042456195003248764,0.24245619500324878,0.2
1868,100,ACC,SVM,0.08477323354833766,0.43522676645166236,0.52
1869,100,ACC,SVM,0.14112774480042511,0.6888722551995748,0.83
1870,100,ACC,SVM,0.0033311123027477962,0.3033311123027478,0.3
1871,100,ACC,SVM,0.025210692198087192,0.4047893078019128,0.43
1872,100,ACC,SVM,0.13894045155167756,0.8410595484483224,0.98
1873,100,ACC,SVM,0.19981536885117657,0.7801846311488234,0.98
1874,100,ACC,SVM,0.12996118840109305,0.770038811598907,0.9
1875,100,ACC,SVM,0.12141938390025808,0.668580616099742,0.79
1876,100,ACC,SVM,0.05347693185266428,0.3134769318526643,0.26
1877,100,ACC,SVM,0.00652306814733572,0.3134769318526643,0.32
1878,100,ACC,SVM,0.02360667714900566,0.5163933228509944,0.54
1879,100,ACC,SVM,0.04360667714900568,0.5163933228509944,0.56
1880,100,ACC,SVM,0.016393322850994374,0.5163933228509944,0.5
1881,100,ACC,SVM,0.042585940299590175,0.5874140597004098,0.63
1882,100,ACC,SVM,0.06623142904750268,0.33376857095249735,0.4
1883,100,ACC,SVM,0.1221484816498406,0.6178515183501594,0.74
1884,100,ACC,SVM,0.03420602960224678,0.3642060296022468,0.33
1885,100,ACC,SVM,0.03681470724716873,0.2931852927528313,0.33
1886,100,ACC,SVM,0.10216455590341578,0.22216455590341577,0.12
1887,100,ACC,SVM,0.08274783410308179,0.2627478341030818,0.18
1888,100,ACC,SVM,0.14083610570059213,0.7091638942994078,0.85
1889,100,ACC,SVM,0.06564815084783665,0.37435184915216335,0.44
1890,100,ACC,SVM,0.022456195003248774,0.24245619500324878,0.22
1891,100,ACC,SVM,0.10171102300009105,0.648288976999909,0.75
1892,100,ACC,SVM,0.03360667714900567,0.5163933228509944,0.55
1893,100,ACC,SVM,0.18187291680358278,0.20187291680358277,0.02
1894,100,ACC,SVM,0.08464348825199636,0.39464348825199635,0.31
1895,100,ACC,SVM,0.09274783410308177,0.2627478341030818,0.17
1896,100,ACC,SVM,0.06258594029959019,0.5874140597004098,0.65
1897,100,ACC,SVM,0.06376857095249733,0.33376857095249735,0.27
1898,100,ACC,SVM,0.10128963860391677,0.16128963860391676,0.06
1899,100,ACC,SVM,0.12143545815383323,0.17143545815383324,0.05
1900,100,ACC,SVM,0.033169218499256026,0.5468307815007439,0.58
1901,100,ACC,SVM,0.12099799950408373,0.14099799950408373,0.02
1902,100,ACC,SVM,0.15112774480042512,0.6888722551995748,0.84
1903,100,ACC,SVM,0.08231037545333228,0.23231037545333227,0.15
1904,100,ACC,SVM,0.03287757939942315,0.5671224206005768,0.6
1905,100,ACC,SVM,0.005372586001578861,0.44537258600157886,0.44
1906,100,ACC,SVM,0.005372586001578861,0.44537258600157886,0.44
1907,100,ACC,SVM,0.09128963860391676,0.16128963860391676,0.07
1908,100,ACC,SVM,0.05025282750092608,0.749747172499074,0.8
1909,100,ACC,SVM,0.1098153688511766,0.7801846311488234,0.89
1910,100,ACC,SVM,0.09041472130441772,0.10041472130441771,0.01
1911,100,ACC,SVM,0.039147820045832754,0.13085217995416726,0.17
1912,100,ACC,SVM,0.1198153688511766,0.7801846311488234,0.9
1913,100,ACC,SVM,0.0033150380491726583,0.5366849619508274,0.54
1914,100,ACC,SVM,0.029293639595749266,0.12070636040425073,0.15
1915,100,ACC,SVM,0.008272902746333743,0.19172709725366627,0.2
1916,100,ACC,SVM,0.0828775793994232,0.5671224206005768,0.65
1917,100,ACC,SVM,0.09200266209992414,0.6279973379000758,0.72
1918,100,ACC,SVM,0.0736066771490056,0.5163933228509944,0.59
1919,100,ACC,SVM,0.19010700795100954,0.7598929920489904,0.95
1920,100,ACC,SVM,0.004044135798755122,0.48595586420124487,0.49
1921,100,ACC,SVM,0.0642060296022468,0.3642060296022468,0.3
1922,100,ACC,SVM,0.004335774898588163,0.4656642251014118,0.47
1923,100,ACC,SVM,0.004060210052330315,0.3540602100523303,0.35
1924,100,ACC,SVM,0.012310375453332273,0.23231037545333227,0.22
1925,100,ACC,SVM,0.10099799950408372,0.14099799950408373,0.04
1926,100,ACC,SVM,0.04464348825199638,0.39464348825199635,0.35
1927,100,ACC,SVM,0.10229430119975713,0.6077056988002428,0.71
1928,100,ACC,SVM,0.09041472130441772,0.10041472130441771,0.01
1929,100,ACC,SVM,0.01506487264817069,0.4149351273518293,0.43
1930,100,ACC,SVM,0.0018568425500076202,0.6381431574499924,0.64
1931,100,ACC,SVM,0.04287757939942316,0.5671224206005768,0.61
1932,100,ACC,SVM,0.10141938390025806,0.668580616099742,0.77
1933,100,ACC,SVM,0.20229430119975722,0.6077056988002428,0.81
1934,100,ACC,SVM,0.05156520345017457,0.6584347965498254,0.71
1935,100,ACC,SVM,0.07143545815383323,0.17143545815383324,0.1
1936,100,ACC,SVM,0.014481594448504609,0.45551840555149536,0.47
1937,100,ACC,SVM,0.0836066771490056,0.5163933228509944,0.6
1938,100,ACC,SVM,0.0734769318526643,0.3134769318526643,0.24
1939,100,ACC,SVM,0.13143545815383323,0.17143545815383324,0.04
1940,100,ACC,SVM,0.00798126364650073,0.21201873635349927,0.22
1941,100,ACC,SVM,0.02491905309825415,0.42508094690174586,0.45
1942,100,ACC,SVM,0.035648150847836624,0.37435184915216335,0.41
1943,100,ACC,SVM,0.05216455590341576,0.22216455590341577,0.17
1944,100,ACC,SVM,0.07025282750092599,0.749747172499074,0.82
1945,100,ACC,SVM,0.18039864705084263,0.7396013529491574,0.92
1946,100,ACC,SVM,0.07289365365299832,0.27289365365299834,0.2
1947,100,ACC,SVM,0.11952372975134351,0.8004762702486565,0.92
1948,100,ACC,SVM,0.11070636040425073,0.12070636040425073,0.01
1949,100,ACC,SVM,0.08908627110159417,0.8309137288984059,0.92
1950,100,ACC,SVM,0.19010700795100954,0.7598929920489904,0.95
1951,100,ACC,SVM,0.08026890175450122,0.09026890175450121,0.01
1952,100,ACC,SVM,0.10156520345017461,0.6584347965498254,0.76
1953,100,ACC,SVM,0.16952372975134344,0.8004762702486565,0.97
1954,100,ACC,SVM,0.1198153688511766,0.7801846311488234,0.9
1955,100,ACC,SVM,0.17966954930126,0.79033045069874,0.97
1956,100,ACC,SVM,0.053898316248838674,0.49610168375116137,0.55
1957,100,ACC,SVM,0.12172709725366626,0.19172709725366627,0.07
1958,100,ACC,SVM,0.18156520345017457,0.6584347965498254,0.84
1959,100,ACC,SVM,0.04287757939942316,0.5671224206005768,0.61
1960,100,ACC,SVM,0.04287757939942316,0.5671224206005768,0.61
1961,100,ACC,SVM,0.025502331297920122,0.38449766870207985,0.41
1962,100,ACC,SVM,0.023169218499256017,0.5468307815007439,0.57
1963,100,ACC,SVM,0.12289365365299834,0.27289365365299834,0.15
1964,100,ACC,SVM,0.05127356435034158,0.6787264356496584,0.73
1965,100,ACC,SVM,0.09128963860391676,0.16128963860391676,0.07
1966,100,ACC,SVM,0.12244012074967359,0.5975598792503264,0.72
1967,100,ACC,SVM,0.11054446660075912,0.7294555333992409,0.84
1968,100,ACC,SVM,0.05506487264817067,0.4149351273518293,0.47
1969,100,ACC,SVM,0.046830781500743934,0.5468307815007439,0.5
1970,100,ACC,SVM,0.003476931852664289,0.3134769318526643,0.31
1971,100,ACC,SVM,0.16966954930126,0.79033045069874,0.96
1972,100,ACC,SVM,0.04112774480042514,0.6888722551995748,0.73
1973,100,ACC,SVM,0.054935127351829316,0.4149351273518293,0.36
1974,100,ACC,SVM,0.11303947320291477,0.2830394732029148,0.17
1975,100,ACC,SVM,0.05274783410308179,0.2627478341030818,0.21
1976,100,ACC,SVM,0.015810044651328348,0.47581004465132837,0.46
1977,100,ACC,SVM,0.16996118840109298,0.770038811598907,0.94
1978,100,ACC,SVM,0.10200266209992415,0.6279973379000758,0.73
1979,100,ACC,SVM,0.05274783410308179,0.2627478341030818,0.21
1980,100,ACC,SVM,0.11039864705084257,0.7396013529491574,0.85
1981,100,ACC,SVM,0.026085609497586204,0.3439143905024138,0.37
1982,100,ACC,SVM,0.12054446660075913,0.7294555333992409,0.85
1983,100,ACC,SVM,0.03812708319641722,0.20187291680358277,0.24
1984,100,ACC,SVM,0.07331503804917261,0.5366849619508274,0.61
1985,100,ACC,SVM,0.11952372975134351,0.8004762702486565,0.92
1986,100,ACC,SVM,0.053331112302747785,0.3033311123027478,0.25
1987,100,ACC,SVM,0.051856842550007554,0.6381431574499924,0.69
1988,100,ACC,SVM,0.17952372975134345,0.8004762702486565,0.98
1989,100,ACC,SVM,0.10260201455316528,0.2526020145531653,0.15
1990,100,ACC,SVM,0.09143545815383324,0.17143545815383324,0.08
1991,100,ACC,SVM,0.11302339894933966,0.5569766010506604,0.67
1992,100,ACC,SVM,0.013914390502413776,0.3439143905024138,0.33
1993,100,ACC,SVM,0.09128963860391676,0.16128963860391676,0.07
1994,100,ACC,SVM,0.05506487264817067,0.4149351273518293,0.47
1995,100,ACC,SVM,0.05098192525050871,0.6990180747494913,0.75
1996,100,ACC,SVM,0.05376857095249732,0.33376857095249735,0.28
1997,100,ACC,SVM,0.006377248597419172,0.32362275140258084,0.33
1998,100,ACC,SVM,0.15112774480042512,0.6888722551995748,0.84
1999,100,ACC,SVM,0.0036066771490056437,0.5163933228509944,0.52
0,200,ACC,SVM,0.12171102300009107,0.648288976999909,0.77
1,200,ACC,SVM,0.020518405551495367,0.45551840555149536,0.435
2,200,ACC,SVM,0.08496118840109301,0.770038811598907,0.855
3,200,ACC,SVM,0.0822213914247989,0.6127786085752011,0.695
4,200,ACC,SVM,0.08650836792879152,0.17650836792879152,0.09
5,200,ACC,SVM,0.19481536885117656,0.7801846311488234,0.975
6,200,ACC,SVM,0.03561737637571738,0.7243826236242826,0.76
7,200,ACC,SVM,0.09105483502546696,0.6939451649745331,0.785
8,200,ACC,SVM,0.08701873635349927,0.21201873635349927,0.125
9,200,ACC,SVM,0.01477323354833765,0.43522676645166236,0.45
10,200,ACC,SVM,0.00942475892712158,0.3794247589271216,0.37
11,200,ACC,SVM,0.17525282750092608,0.749747172499074,0.925
12,200,ACC,SVM,0.03229430119975718,0.6077056988002428,0.64
13,200,ACC,SVM,0.09561737637571732,0.7243826236242826,0.82
14,200,ACC,SVM,0.004773233548337641,0.43522676645166236,0.44
15,200,ACC,SVM,0.058039473202914776,0.2830394732029148,0.225
16,200,ACC,SVM,0.043752496698922116,0.5062475033010779,0.55
17,200,ACC,SVM,0.09114381905400026,0.15114381905400026,0.06
18,200,ACC,SVM,0.11076319592563388,0.7142368040743661,0.825
19,200,ACC,SVM,0.06795048917438151,0.5620495108256185,0.63
20,200,ACC,SVM,0.09149229367521639,0.6635077063247836,0.755
21,200,ACC,SVM,0.019278939377205095,0.3692789393772051,0.35
22,200,ACC,SVM,0.17966954930126,0.79033045069874,0.97
23,200,ACC,SVM,0.12503409817605138,0.7649659018239486,0.89
24,200,ACC,SVM,0.09120065457538329,0.6837993454246167,0.775
25,200,ACC,SVM,0.09303947320291478,0.2830394732029148,0.19
26,200,ACC,SVM,0.01962741399842116,0.44537258600157886,0.465
27,200,ACC,SVM,0.09592508972912547,0.13592508972912548,0.04
28,200,ACC,SVM,0.051872916803582775,0.20187291680358277,0.15
29,200,ACC,SVM,0.07229430119975722,0.6077056988002428,0.68
30,200,ACC,SVM,0.06127356435034159,0.6787264356496584,0.74
31,200,ACC,SVM,0.15945081997638522,0.8055491800236148,0.965
32,200,ACC,SVM,0.01891439050241378,0.3439143905024138,0.325
33,200,ACC,SVM,0.02464348825199636,0.39464348825199635,0.37
34,200,ACC,SVM,0.026028773976203068,0.4910287739762031,0.465
35,200,ACC,SVM,0.08789365365299834,0.27289365365299834,0.185
36,200,ACC,SVM,0.10223746567837402,0.22723746567837402,0.125
37,200,ACC,SVM,0.03470032377337939,0.4402996762266206,0.475
38,200,ACC,SVM,0.07325820252778956,0.29825820252778956,0.225
39,200,ACC,SVM,0.062367210974715426,0.6026327890252846,0.665
40,200,ACC,SVM,0.00022676645166236353,0.43522676645166236,0.435
41,200,ACC,SVM,0.11069028615067555,0.7193097138493244,0.83
42,200,ACC,SVM,0.10244012074967357,0.5975598792503264,0.7
43,200,ACC,SVM,0.0542060296022468,0.3642060296022468,0.31
44,200,ACC,SVM,0.11069028615067555,0.7193097138493244,0.83
45,200,ACC,SVM,0.11620065457538331,0.6837993454246167,0.8
46,200,ACC,SVM,0.05022676645166235,0.43522676645166236,0.385
47,200,ACC,SVM,0.03354984162762259,0.31854984162762257,0.285
48,200,ACC,SVM,0.07229430119975722,0.6077056988002428,0.68
49,200,ACC,SVM,0.08209164612845751,0.21709164612845752,0.135
50,200,ACC,SVM,0.07789365365299833,0.27289365365299834,0.195
51,200,ACC,SVM,0.15628963860391676,0.16128963860391676,0.005
52,200,ACC,SVM,0.11134647412529985,0.6736535258747002,0.785
53,200,ACC,SVM,0.07765885007454842,0.5823411499254516,0.66
54,200,ACC,SVM,0.07700266209992412,0.6279973379000758,0.705
55,200,ACC,SVM,0.10634647412529985,0.6736535258747002,0.78
56,200,ACC,SVM,0.045137782423128936,0.4098622175768711,0.455
57,200,ACC,SVM,0.0021224206005768798,0.5671224206005768,0.565
58,200,ACC,SVM,0.05672709725366626,0.19172709725366627,0.135
59,200,ACC,SVM,0.056362548378874985,0.16636254837887499,0.11
60,200,ACC,SVM,0.07251303052463198,0.592486969475368,0.665
61,200,ACC,SVM,0.00940868467354633,0.46059131532645364,0.47
62,200,ACC,SVM,0.008023398949339566,0.5569766010506604,0.565
63,200,ACC,SVM,0.05083610570059216,0.7091638942994078,0.76
64,200,ACC,SVM,0.11360667714900563,0.5163933228509944,0.63
65,200,ACC,SVM,0.001903691275702113,0.5519036912757022,0.55
66,200,ACC,SVM,0.05889831624883868,0.49610168375116137,0.555
67,200,ACC,SVM,0.05913311982728858,0.35913311982728857,0.3
68,200,ACC,SVM,0.07041472130441771,0.10041472130441771,0.03
69,200,ACC,SVM,0.030210692198087197,0.4047893078019128,0.435
70,200,ACC,SVM,0.047674924328123564,0.25767492432812356,0.21
71,200,ACC,SVM,0.030226766451662335,0.43522676645166236,0.405
72,200,ACC,SVM,0.1560548350254669,0.6939451649745331,0.85
73,200,ACC,SVM,0.07333111230274778,0.3033311123027478,0.23
74,200,ACC,SVM,0.12658127770374977,0.18158127770374977,0.055
75,200,ACC,SVM,0.058841480727455486,0.3388414807274555,0.28
76,200,ACC,SVM,0.03869566117753909,0.32869566117753907,0.29
77,200,ACC,SVM,0.032002662099924195,0.6279973379000758,0.66
78,200,ACC,SVM,0.038606677149005675,0.5163933228509944,0.555
79,200,ACC,SVM,0.14692975232496586,0.6330702476750342,0.78
80,200,ACC,SVM,0.0928775793994232,0.5671224206005768,0.66
81,200,ACC,SVM,0.045445495776537115,0.45044549577653714,0.405
82,200,ACC,SVM,0.07039864705084264,0.7396013529491574,0.81
83,200,ACC,SVM,0.09267492432812355,0.25767492432812356,0.165
84,200,ACC,SVM,0.13621672882895852,0.1562167288289585,0.02
85,200,ACC,SVM,0.12709164612845752,0.21709164612845752,0.09
86,200,ACC,SVM,0.07171102300009102,0.648288976999909,0.72
87,200,ACC,SVM,0.009554504223462879,0.45044549577653714,0.46
88,200,ACC,SVM,0.09260201455316527,0.2526020145531653,0.16
89,200,ACC,SVM,0.03940868467354636,0.46059131532645364,0.5
90,200,ACC,SVM,0.051872916803582775,0.20187291680358277,0.15
91,200,ACC,SVM,0.09744012074967356,0.5975598792503264,0.695
92,200,ACC,SVM,0.035882954426286584,0.4808829544262866,0.445
93,200,ACC,SVM,0.005648150847836653,0.37435184915216335,0.38
94,200,ACC,SVM,0.008404022077706075,0.30840402207770606,0.3
95,200,ACC,SVM,0.057804669624464955,0.572195330375535,0.63
96,200,ACC,SVM,0.024497668702079867,0.38449766870207985,0.36
97,200,ACC,SVM,0.11687291680358276,0.20187291680358277,0.085
98,200,ACC,SVM,0.10209164612845752,0.21709164612845752,0.115
99,200,ACC,SVM,0.19503409817605133,0.7649659018239486,0.96
100,200,ACC,SVM,0.16539864705084262,0.7396013529491574,0.905
101,200,ACC,SVM,0.08729430119975712,0.6077056988002428,0.695
102,200,ACC,SVM,0.06876857095249733,0.33376857095249735,0.265
103,200,ACC,SVM,0.16452372975134344,0.8004762702486565,0.965
104,200,ACC,SVM,0.09120065457538329,0.6837993454246167,0.775
105,200,ACC,SVM,0.11236721097471536,0.6026327890252846,0.715
106,200,ACC,SVM,0.00037258600157885624,0.44537258600157886,0.445
107,200,ACC,SVM,0.038404022077706046,0.30840402207770606,0.27
108,200,ACC,SVM,0.07643545815383324,0.17143545815383324,0.095
109,200,ACC,SVM,0.16547155682580084,0.7345284431741992,0.9
110,200,ACC,SVM,0.000518405551495349,0.45551840555149536,0.455
111,200,ACC,SVM,0.06782074387804005,0.26782074387804006,0.2
112,200,ACC,SVM,0.023695661177539074,0.32869566117753907,0.305
113,200,ACC,SVM,0.023096308724297798,0.5519036912757022,0.575
114,200,ACC,SVM,0.08267492432812357,0.25767492432812356,0.175
115,200,ACC,SVM,0.09003409817605135,0.7649659018239486,0.855
116,200,ACC,SVM,0.061054835025466936,0.6939451649745331,0.755
117,200,ACC,SVM,0.07685684255000758,0.6381431574499924,0.715
118,200,ACC,SVM,0.01506487264817069,0.4149351273518293,0.43
119,200,ACC,SVM,0.07309630872429784,0.5519036912757022,0.625
120,200,ACC,SVM,0.017950489174381468,0.5620495108256185,0.58
121,200,ACC,SVM,0.07280466962446497,0.572195330375535,0.645
122,200,ACC,SVM,0.06607090927904198,0.14607090927904198,0.08
123,200,ACC,SVM,0.015153856676704103,0.4301538566767041,0.415
124,200,ACC,SVM,0.08577927017920897,0.12577927017920898,0.04
125,200,ACC,SVM,0.029408684673546348,0.46059131532645364,0.49
126,200,ACC,SVM,0.054424758927121564,0.3794247589271216,0.325
127,200,ACC,SVM,0.07201873635349926,0.21201873635349927,0.14
128,200,ACC,SVM,0.08158127770374976,0.18158127770374977,0.1
129,200,ACC,SVM,0.043242128274214364,0.5417578717257856,0.585
130,200,ACC,SVM,0.07752910477820701,0.24752910477820703,0.17
131,200,ACC,SVM,0.1600340981760514,0.7649659018239486,0.925
132,200,ACC,SVM,0.05346085759908914,0.5265391424009108,0.58
133,200,ACC,SVM,0.03949766870207988,0.38449766870207985,0.345
134,200,ACC,SVM,0.043169218499256035,0.5468307815007439,0.59
135,200,ACC,SVM,0.11592508972912548,0.13592508972912548,0.02
136,200,ACC,SVM,0.1494508199763852,0.8055491800236148,0.955
137,200,ACC,SVM,0.026247503301077946,0.5062475033010779,0.48
138,200,ACC,SVM,0.1367839327750494,0.6432160672249506,0.78
139,200,ACC,SVM,0.11172709725366627,0.19172709725366627,0.08
140,200,ACC,SVM,0.039627413998421124,0.44537258600157886,0.485
141,200,ACC,SVM,0.0010287739762031012,0.4910287739762031,0.49
142,200,ACC,SVM,0.14466954930126008,0.79033045069874,0.935
143,200,ACC,SVM,0.09418995534867158,0.47581004465132837,0.57
144,200,ACC,SVM,0.019554504223462832,0.45044549577653714,0.47
145,200,ACC,SVM,0.05862275140258083,0.32362275140258084,0.265
146,200,ACC,SVM,0.013914390502413776,0.3439143905024138,0.33
147,200,ACC,SVM,0.059408684673546375,0.46059131532645364,0.52
148,200,ACC,SVM,0.004846143323295915,0.4301538566767041,0.435
149,200,ACC,SVM,0.10070636040425072,0.12070636040425073,0.02
150,200,ACC,SVM,0.0955444666007591,0.7294555333992409,0.825
151,200,ACC,SVM,0.09452372975134349,0.8004762702486565,0.895
152,200,ACC,SVM,0.09231037545333226,0.23231037545333227,0.14
153,200,ACC,SVM,0.09448159444850468,0.45551840555149536,0.55
154,200,ACC,SVM,0.051216728828958516,0.1562167288289585,0.105
155,200,ACC,SVM,0.11302339894933966,0.5569766010506604,0.67
156,200,ACC,SVM,0.058841480727455486,0.3388414807274555,0.28
157,200,ACC,SVM,0.10816921849925609,0.5468307815007439,0.655
158,200,ACC,SVM,0.10207557187488236,0.6229244281251176,0.725
159,200,ACC,SVM,0.06598192525050872,0.6990180747494913,0.765
160,200,ACC,SVM,0.08165418747870802,0.18665418747870802,0.105
161,200,ACC,SVM,0.1500340981760514,0.7649659018239486,0.915
162,200,ACC,SVM,0.06825820252778955,0.29825820252778956,0.23
163,200,ACC,SVM,0.11614381905400026,0.15114381905400026,0.035
164,200,ACC,SVM,0.038679586923964004,0.511320413076036,0.55
165,200,ACC,SVM,0.0007210606227949223,0.3692789393772051,0.37
166,200,ACC,SVM,0.10061737637571733,0.7243826236242826,0.825
167,200,ACC,SVM,0.0958361057005922,0.7091638942994078,0.805
168,200,ACC,SVM,0.05935184915216335,0.37435184915216335,0.315
169,200,ACC,SVM,0.15459663952630176,0.7954033604736982,0.95
170,200,ACC,SVM,0.09449766870207987,0.38449766870207985,0.29
171,200,ACC,SVM,0.018898316248838642,0.49610168375116137,0.515
172,200,ACC,SVM,0.04325820252778956,0.29825820252778956,0.255
173,200,ACC,SVM,0.17510700795100964,0.7598929920489904,0.935
174,200,ACC,SVM,0.128112382977873,0.288112382977873,0.16
175,200,ACC,SVM,0.11114381905400025,0.15114381905400026,0.04
176,200,ACC,SVM,0.014991962873212417,0.4200080371267876,0.435
177,200,ACC,SVM,0.1540133613266358,0.8359866386733642,0.99
178,200,ACC,SVM,0.17576319592563394,0.7142368040743661,0.89
179,200,ACC,SVM,0.06120065457538326,0.6837993454246167,0.745
180,200,ACC,SVM,0.11996118840109304,0.770038811598907,0.89
181,200,ACC,SVM,0.12503409817605138,0.7649659018239486,0.89
182,200,ACC,SVM,0.008752496698922085,0.5062475033010779,0.515
183,200,ACC,SVM,0.03398730027737207,0.34898730027737207,0.315
184,200,ACC,SVM,0.040544466600759166,0.7294555333992409,0.77
185,200,ACC,SVM,0.04214848164984064,0.6178515183501594,0.66
186,200,ACC,SVM,0.014497668702079858,0.38449766870207985,0.37
187,200,ACC,SVM,0.06621672882895852,0.1562167288289585,0.09
188,200,ACC,SVM,0.06120065457538326,0.6837993454246167,0.745
189,200,ACC,SVM,0.033185292752831275,0.2931852927528313,0.26
190,200,ACC,SVM,0.11930500042646897,0.8156949995735311,0.935
191,200,ACC,SVM,0.07854984162762257,0.31854984162762257,0.24
192,200,ACC,SVM,0.11738328522829053,0.23738328522829052,0.12
193,200,ACC,SVM,0.08532573727588433,0.7446742627241156,0.83
194,200,ACC,SVM,0.10260201455316528,0.2526020145531653,0.15
195,200,ACC,SVM,0.062383285228290536,0.23738328522829052,0.175
196,200,ACC,SVM,0.06338794782413082,0.5316120521758692,0.595
197,200,ACC,SVM,0.19634647412529982,0.6736535258747002,0.87
198,200,ACC,SVM,0.0829665634279565,0.2779665634279565,0.195
199,200,ACC,SVM,0.013622751402580846,0.32362275140258084,0.31
200,200,ACC,SVM,0.14192975232496585,0.6330702476750342,0.775
201,200,ACC,SVM,0.18474245907621822,0.7852575409237817,0.97
202,200,ACC,SVM,0.06477323354833764,0.43522676645166236,0.5
203,200,ACC,SVM,0.051727097253666254,0.19172709725366627,0.14
204,200,ACC,SVM,0.12085217995416726,0.13085217995416726,0.01
205,200,ACC,SVM,0.08847693185266428,0.3134769318526643,0.225
206,200,ACC,SVM,0.10231037545333227,0.23231037545333227,0.13
207,200,ACC,SVM,0.08251303052463199,0.592486969475368,0.675
208,200,ACC,SVM,0.0768000070286245,0.1968000070286245,0.12
209,200,ACC,SVM,0.04440868467354636,0.46059131532645364,0.505
210,200,ACC,SVM,0.07214848164984056,0.6178515183501594,0.69
211,200,ACC,SVM,0.048387947824130806,0.5316120521758692,0.58
212,200,ACC,SVM,0.03731037545333227,0.23231037545333227,0.195
213,200,ACC,SVM,0.06547155682580086,0.7345284431741992,0.8
214,200,ACC,SVM,0.09207557187488236,0.6229244281251176,0.715
215,200,ACC,SVM,0.10700266209992415,0.6279973379000758,0.735
216,200,ACC,SVM,0.07694582657854102,0.20694582657854102,0.13
217,200,ACC,SVM,0.06665418747870802,0.18665418747870802,0.12
218,200,ACC,SVM,0.1397424590762183,0.7852575409237817,0.925
219,200,ACC,SVM,0.009789307801912783,0.4047893078019128,0.395
220,200,ACC,SVM,0.0033311123027477962,0.3033311123027478,0.3
221,200,ACC,SVM,0.034554504223462845,0.45044549577653714,0.485
222,200,ACC,SVM,0.0928775793994232,0.5671224206005768,0.66
223,200,ACC,SVM,0.19003409817605132,0.7649659018239486,0.955
224,200,ACC,SVM,0.03354984162762259,0.31854984162762257,0.285
225,200,ACC,SVM,0.17025282750092607,0.749747172499074,0.92
226,200,ACC,SVM,0.10577927017920898,0.12577927017920898,0.02
227,200,ACC,SVM,0.0944086846735464,0.46059131532645364,0.555
228,200,ACC,SVM,0.07809630872429785,0.5519036912757022,0.63
229,200,ACC,SVM,0.09687291680358277,0.20187291680358277,0.105
230,200,ACC,SVM,0.08216455590341576,0.22216455590341577,0.14
231,200,ACC,SVM,0.035575241072878405,0.3794247589271216,0.415
232,200,ACC,SVM,0.15945081997638522,0.8055491800236148,0.965
233,200,ACC,SVM,0.012658850074548367,0.5823411499254516,0.595
234,200,ACC,SVM,0.1041591808765524,0.8258408191234476,0.93
235,200,ACC,SVM,0.10605483502546698,0.6939451649745331,0.8
236,200,ACC,SVM,0.02470032377337944,0.4402996762266206,0.465
237,200,ACC,SVM,0.12156520345017463,0.6584347965498254,0.78
238,200,ACC,SVM,0.10570636040425073,0.12070636040425073,0.015
239,200,ACC,SVM,0.07150836792879152,0.17650836792879152,0.105
240,200,ACC,SVM,0.10061737637571733,0.7243826236242826,0.825
241,200,ACC,SVM,0.13656520345017464,0.6584347965498254,0.795
242,200,ACC,SVM,0.058112382977872995,0.288112382977873,0.23
243,200,ACC,SVM,0.05926286512362994,0.4707371348763701,0.53
244,200,ACC,SVM,0.037877579399423156,0.5671224206005768,0.605
245,200,ACC,SVM,0.1304715568258008,0.7345284431741992,0.865
246,200,ACC,SVM,0.053169218499256043,0.5468307815007439,0.6
247,200,ACC,SVM,0.004935127351829327,0.4149351273518293,0.41
248,200,ACC,SVM,0.0007210606227949223,0.3692789393772051,0.37
249,200,ACC,SVM,0.004991962873212408,0.4200080371267876,0.425
250,200,ACC,SVM,0.04736721097471541,0.6026327890252846,0.65
251,200,ACC,SVM,0.14569028615067559,0.7193097138493244,0.865
252,200,ACC,SVM,0.01984614332329593,0.4301538566767041,0.45
253,200,ACC,SVM,0.007602014553165282,0.2526020145531653,0.245
254,200,ACC,SVM,0.01252910477820704,0.24752910477820703,0.235
255,200,ACC,SVM,0.08149229367521638,0.6635077063247836,0.745
256,200,ACC,SVM,0.11598192525050866,0.6990180747494913,0.815
257,200,ACC,SVM,0.08165418747870802,0.18665418747870802,0.105
258,200,ACC,SVM,0.05570636040425073,0.12070636040425073,0.065
259,200,ACC,SVM,0.012632789025284641,0.6026327890252846,0.59
260,200,ACC,SVM,0.10760201455316529,0.2526020145531653,0.145
261,200,ACC,SVM,0.09561737637571732,0.7243826236242826,0.82
262,200,ACC,SVM,0.028841480727455515,0.3388414807274555,0.31
263,200,ACC,SVM,0.09231037545333226,0.23231037545333227,0.14
264,200,ACC,SVM,0.13981536885117662,0.7801846311488234,0.92
265,200,ACC,SVM,0.057164555903415765,0.22216455590341577,0.165
266,200,ACC,SVM,0.04362275140258082,0.32362275140258084,0.28
267,200,ACC,SVM,0.062018736353499276,0.21201873635349927,0.15
268,200,ACC,SVM,0.10716455590341577,0.22216455590341577,0.115
269,200,ACC,SVM,0.10577927017920898,0.12577927017920898,0.02
270,200,ACC,SVM,0.10628963860391677,0.16128963860391676,0.055
271,200,ACC,SVM,0.05216455590341576,0.22216455590341577,0.17
272,200,ACC,SVM,0.11128963860391676,0.16128963860391676,0.05
273,200,ACC,SVM,0.05331503804917259,0.5366849619508274,0.59
274,200,ACC,SVM,0.09258594029959022,0.5874140597004098,0.68
275,200,ACC,SVM,0.0004294215229619369,0.3895705784770381,0.39
276,200,ACC,SVM,0.003549841627622563,0.31854984162762257,0.315
277,200,ACC,SVM,0.05462741399842114,0.44537258600157886,0.5
278,200,ACC,SVM,0.11510700795100959,0.7598929920489904,0.875
279,200,ACC,SVM,0.1763464741252998,0.6736535258747002,0.85
280,200,ACC,SVM,0.1162167288289585,0.1562167288289585,0.04
281,200,ACC,SVM,0.09796656342795651,0.2779665634279565,0.18
282,200,ACC,SVM,0.027747834103081792,0.2627478341030818,0.235
283,200,ACC,SVM,0.03296656342795651,0.2779665634279565,0.245
284,200,ACC,SVM,0.07389831624883858,0.49610168375116137,0.57
285,200,ACC,SVM,0.02022676645166238,0.43522676645166236,0.415
286,200,ACC,SVM,0.10614381905400026,0.15114381905400026,0.045
287,200,ACC,SVM,0.0007210606227949223,0.3692789393772051,0.37
288,200,ACC,SVM,0.0014662326259525793,0.5214662326259526,0.52
289,200,ACC,SVM,0.11201873635349927,0.21201873635349927,0.1
290,200,ACC,SVM,0.13098192525050867,0.6990180747494913,0.83
291,200,ACC,SVM,0.11128963860391676,0.16128963860391676,0.05
292,200,ACC,SVM,0.10937791020142706,0.810622089798573,0.92
293,200,ACC,SVM,0.08658127770374976,0.18158127770374977,0.095
294,200,ACC,SVM,0.090252827500926,0.749747172499074,0.84
295,200,ACC,SVM,0.17054446660075917,0.7294555333992409,0.9
296,200,ACC,SVM,0.21003409817605134,0.7649659018239486,0.975
297,200,ACC,SVM,0.13649229367521643,0.6635077063247836,0.8
298,200,ACC,SVM,0.10134647412529985,0.6736535258747002,0.775
299,200,ACC,SVM,0.04751303052463196,0.592486969475368,0.64
300,200,ACC,SVM,0.07598192525050873,0.6990180747494913,0.775
301,200,ACC,SVM,0.07187291680358276,0.20187291680358277,0.13
302,200,ACC,SVM,0.04904413579875516,0.48595586420124487,0.535
303,200,ACC,SVM,0.03926286512362992,0.4707371348763701,0.51
304,200,ACC,SVM,0.06466954930126001,0.79033045069874,0.855
305,200,ACC,SVM,0.03491905309825416,0.42508094690174586,0.46
306,200,ACC,SVM,0.020793970397753214,0.3642060296022468,0.385
307,200,ACC,SVM,0.06280466962446496,0.572195330375535,0.635
308,200,ACC,SVM,0.04340402207770605,0.30840402207770606,0.265
309,200,ACC,SVM,0.08209164612845751,0.21709164612845752,0.135
310,200,ACC,SVM,0.019481594448504613,0.45551840555149536,0.475
311,200,ACC,SVM,0.02022676645166238,0.43522676645166236,0.415
312,200,ACC,SVM,0.06318529275283127,0.2931852927528313,0.23
313,200,ACC,SVM,0.004278939377205082,0.3692789393772051,0.365
314,200,ACC,SVM,0.0007939703977531964,0.3642060296022468,0.365
315,200,ACC,SVM,0.02398730027737206,0.34898730027737207,0.325
316,200,ACC,SVM,0.05008094690174586,0.42508094690174586,0.375
317,200,ACC,SVM,0.05700266209992422,0.6279973379000758,0.685
318,200,ACC,SVM,0.05906021005233031,0.3540602100523303,0.295
319,200,ACC,SVM,0.12930500042646886,0.8156949995735311,0.945
320,200,ACC,SVM,0.13988827862613484,0.7751117213738652,0.915
321,200,ACC,SVM,0.014335774898588172,0.4656642251014118,0.48
322,200,ACC,SVM,0.011523068147335724,0.3134769318526643,0.325
323,200,ACC,SVM,0.07440868467354639,0.46059131532645364,0.535
324,200,ACC,SVM,0.12061737637571734,0.7243826236242826,0.845
325,200,ACC,SVM,0.06258594029959019,0.5874140597004098,0.65
326,200,ACC,SVM,0.12127356435034164,0.6787264356496584,0.8
327,200,ACC,SVM,0.038971226023796934,0.4910287739762031,0.53
328,200,ACC,SVM,0.07302339894933962,0.5569766010506604,0.63
329,200,ACC,SVM,0.0031123829778730294,0.288112382977873,0.285
330,200,ACC,SVM,0.056346474125299806,0.6736535258747002,0.73
331,200,ACC,SVM,0.07289365365299832,0.27289365365299834,0.2
332,200,ACC,SVM,0.08736721097471534,0.6026327890252846,0.69
333,200,ACC,SVM,0.09503409817605135,0.7649659018239486,0.86
334,200,ACC,SVM,0.08201873635349927,0.21201873635349927,0.13
335,200,ACC,SVM,0.10882540647388039,0.5011745935261196,0.61
336,200,ACC,SVM,0.10180000702862449,0.1968000070286245,0.095
337,200,ACC,SVM,0.09192975232496581,0.6330702476750342,0.725
338,200,ACC,SVM,0.12187291680358277,0.20187291680358277,0.08
339,200,ACC,SVM,0.1497424590762183,0.7852575409237817,0.935
340,200,ACC,SVM,0.08209164612845751,0.21709164612845752,0.135
341,200,ACC,SVM,0.20017991772596777,0.7548200822740322,0.955
342,200,ACC,SVM,0.09590901547555042,0.7040909845244496,0.8
343,200,ACC,SVM,0.058387947824130815,0.5316120521758692,0.59
344,200,ACC,SVM,0.11649229367521641,0.6635077063247836,0.78
345,200,ACC,SVM,0.09090901547555041,0.7040909845244496,0.795
346,200,ACC,SVM,0.1597424590762182,0.7852575409237817,0.945
347,200,ACC,SVM,0.03303947320291478,0.2830394732029148,0.25
348,200,ACC,SVM,0.06346085759908915,0.5265391424009108,0.59
349,200,ACC,SVM,0.14238328522829052,0.23738328522829052,0.095
350,200,ACC,SVM,0.032658850074548385,0.5823411499254516,0.615
351,200,ACC,SVM,0.09274783410308177,0.2627478341030818,0.17
352,200,ACC,SVM,0.06389831624883868,0.49610168375116137,0.56
353,200,ACC,SVM,0.0383879478241308,0.5316120521758692,0.57
354,200,ACC,SVM,0.03484614332329594,0.4301538566767041,0.465
355,200,ACC,SVM,0.07970032377337943,0.4402996762266206,0.52
356,200,ACC,SVM,0.09649229367521639,0.6635077063247836,0.76
357,200,ACC,SVM,0.08583610570059219,0.7091638942994078,0.795
358,200,ACC,SVM,0.02433577489858818,0.4656642251014118,0.49
359,200,ACC,SVM,0.03802339894933959,0.5569766010506604,0.595
360,200,ACC,SVM,0.18025282750092608,0.749747172499074,0.93
361,200,ACC,SVM,0.07165418747870801,0.18665418747870802,0.115
362,200,ACC,SVM,0.06658127770374976,0.18158127770374977,0.115
363,200,ACC,SVM,0.09658127770374976,0.18158127770374977,0.085
364,200,ACC,SVM,0.0675859402995902,0.5874140597004098,0.655
365,200,ACC,SVM,0.025429421522961904,0.3895705784770381,0.415
366,200,ACC,SVM,0.11663811322513284,0.6533618867748672,0.77
367,200,ACC,SVM,0.05214848164984065,0.6178515183501594,0.67
368,200,ACC,SVM,0.03927893937720506,0.3692789393772051,0.33
369,200,ACC,SVM,0.16047155682580083,0.7345284431741992,0.895
370,200,ACC,SVM,0.08634647412529983,0.6736535258747002,0.76
371,200,ACC,SVM,0.05869566117753905,0.32869566117753907,0.27
372,200,ACC,SVM,0.06508094690174587,0.42508094690174586,0.36
373,200,ACC,SVM,0.003476931852664289,0.3134769318526643,0.31
374,200,ACC,SVM,0.11282074387804006,0.26782074387804006,0.155
375,200,ACC,SVM,0.11267492432812357,0.25767492432812356,0.145
376,200,ACC,SVM,0.13959663952630186,0.7954033604736982,0.935
377,200,ACC,SVM,0.00022676645166236353,0.43522676645166236,0.435
378,200,ACC,SVM,0.024789307801912797,0.4047893078019128,0.38
379,200,ACC,SVM,0.10207557187488236,0.6229244281251176,0.725
380,200,ACC,SVM,0.04882540647388045,0.5011745935261196,0.55
381,200,ACC,SVM,0.09901336132663585,0.8359866386733642,0.935
382,200,ACC,SVM,0.18244012074967364,0.5975598792503264,0.78
383,200,ACC,SVM,0.009335774898588167,0.4656642251014118,0.475
384,200,ACC,SVM,0.02601269972262793,0.34898730027737207,0.375
385,200,ACC,SVM,0.15408627110159412,0.8309137288984059,0.985
386,200,ACC,SVM,0.10729430119975714,0.6077056988002428,0.715
387,200,ACC,SVM,0.11908627110159409,0.8309137288984059,0.95
388,200,ACC,SVM,0.09701873635349927,0.21201873635349927,0.115
389,200,ACC,SVM,0.13069028615067557,0.7193097138493244,0.85
390,200,ACC,SVM,0.0526588500745484,0.5823411499254516,0.635
391,200,ACC,SVM,0.08694582657854102,0.20694582657854102,0.12
392,200,ACC,SVM,0.028023398949339584,0.5569766010506604,0.585
393,200,ACC,SVM,0.092513030524632,0.592486969475368,0.685
394,200,ACC,SVM,0.12592508972912547,0.13592508972912548,0.01
395,200,ACC,SVM,0.03595586420124486,0.48595586420124487,0.45
396,200,ACC,SVM,0.14120065457538322,0.6837993454246167,0.825
397,200,ACC,SVM,0.02862275140258086,0.32362275140258084,0.295
398,200,ACC,SVM,0.004554504223462874,0.45044549577653714,0.455
399,200,ACC,SVM,0.01044549577653714,0.45044549577653714,0.44
400,200,ACC,SVM,0.008404022077706075,0.30840402207770606,0.3
401,200,ACC,SVM,0.14496118840109307,0.770038811598907,0.915
402,200,ACC,SVM,0.08605483502546696,0.6939451649745331,0.78
403,200,ACC,SVM,0.07158127770374977,0.18158127770374977,0.11
404,200,ACC,SVM,0.13364881245184457,0.8613511875481554,0.995
405,200,ACC,SVM,0.07452372975134347,0.8004762702486565,0.875
406,200,ACC,SVM,0.04869566117753904,0.32869566117753907,0.28
407,200,ACC,SVM,0.12583610570059212,0.7091638942994078,0.835
408,200,ACC,SVM,0.1273103754533323,0.23231037545333227,0.105
409,200,ACC,SVM,0.17423209065151057,0.8207679093484894,0.995
410,200,ACC,SVM,0.10295048917438154,0.5620495108256185,0.665
411,200,ACC,SVM,0.07780466962446497,0.572195330375535,0.65
412,200,ACC,SVM,0.07636254837887499,0.16636254837887499,0.09
413,200,ACC,SVM,0.1148153688511766,0.7801846311488234,0.895
414,200,ACC,SVM,0.13628963860391677,0.16128963860391676,0.025
415,200,ACC,SVM,0.02290835387154247,0.21709164612845752,0.24
416,200,ACC,SVM,0.08216455590341576,0.22216455590341577,0.14
417,200,ACC,SVM,0.07598192525050873,0.6990180747494913,0.775
418,200,ACC,SVM,0.05760201455316527,0.2526020145531653,0.195
419,200,ACC,SVM,0.15010700795100962,0.7598929920489904,0.91
420,200,ACC,SVM,0.05744012074967364,0.5975598792503264,0.655
421,200,ACC,SVM,0.10092508972912548,0.13592508972912548,0.035
422,200,ACC,SVM,0.11570636040425072,0.12070636040425073,0.005
423,200,ACC,SVM,0.136654187478708,0.18665418747870802,0.05
424,200,ACC,SVM,0.08860667714900561,0.5163933228509944,0.605
425,200,ACC,SVM,0.10605483502546698,0.6939451649745331,0.8
426,200,ACC,SVM,0.05311238297787302,0.288112382977873,0.235
427,200,ACC,SVM,0.074961188401093,0.770038811598907,0.845
428,200,ACC,SVM,0.11643545815383324,0.17143545815383324,0.055
429,200,ACC,SVM,0.12127356435034164,0.6787264356496584,0.8
430,200,ACC,SVM,0.1803257372758844,0.7446742627241156,0.925
431,200,ACC,SVM,0.13692975232496585,0.6330702476750342,0.77
432,200,ACC,SVM,0.08729430119975712,0.6077056988002428,0.695
433,200,ACC,SVM,0.049742459076218215,0.7852575409237817,0.835
434,200,ACC,SVM,0.10099799950408372,0.14099799950408373,0.04
435,200,ACC,SVM,0.042456195003248764,0.24245619500324878,0.2
436,200,ACC,SVM,0.08694582657854102,0.20694582657854102,0.12
437,200,ACC,SVM,0.01911704557371341,0.4808829544262866,0.5
438,200,ACC,SVM,0.09671102300009105,0.648288976999909,0.745
439,200,ACC,SVM,0.06287757939942318,0.5671224206005768,0.63
440,200,ACC,SVM,0.12054446660075913,0.7294555333992409,0.85
441,200,ACC,SVM,0.07223746567837402,0.22723746567837402,0.155
442,200,ACC,SVM,0.10200266209992415,0.6279973379000758,0.73
443,200,ACC,SVM,0.10825820252778956,0.29825820252778956,0.19
444,200,ACC,SVM,0.06376857095249733,0.33376857095249735,0.27
445,200,ACC,SVM,0.08207557187488235,0.6229244281251176,0.705
446,200,ACC,SVM,0.19981536885117657,0.7801846311488234,0.98
447,200,ACC,SVM,0.032731759849506714,0.5772682401504933,0.61
448,200,ACC,SVM,0.06056054085433421,0.11056054085433421,0.05
449,200,ACC,SVM,0.1138254064738804,0.5011745935261196,0.615
450,200,ACC,SVM,0.09592508972912547,0.13592508972912548,0.04
451,200,ACC,SVM,0.18605483502546694,0.6939451649745331,0.88
452,200,ACC,SVM,0.05671102300009101,0.648288976999909,0.705
453,200,ACC,SVM,0.06231037545333226,0.23231037545333227,0.17
454,200,ACC,SVM,0.07636254837887499,0.16636254837887499,0.09
455,200,ACC,SVM,0.07767492432812356,0.25767492432812356,0.18
456,200,ACC,SVM,0.1845966395263018,0.7954033604736982,0.98
457,200,ACC,SVM,0.024846143323295933,0.4301538566767041,0.455
458,200,ACC,SVM,0.09112774480042518,0.6888722551995748,0.78
459,200,ACC,SVM,0.0323672109747154,0.6026327890252846,0.635
460,200,ACC,SVM,0.0028775793994231247,0.5671224206005768,0.57
461,200,ACC,SVM,0.12789365365299835,0.27289365365299834,0.145
462,200,ACC,SVM,0.16481536885117654,0.7801846311488234,0.945
463,200,ACC,SVM,0.011887617022126984,0.288112382977873,0.3
464,200,ACC,SVM,0.06367958692396392,0.511320413076036,0.575
465,200,ACC,SVM,0.1228046696244649,0.572195330375535,0.695
466,200,ACC,SVM,0.05758594029959019,0.5874140597004098,0.645
467,200,ACC,SVM,0.19532573727588431,0.7446742627241156,0.94
468,200,ACC,SVM,0.036581277703749776,0.18158127770374977,0.145
469,200,ACC,SVM,0.05455450422346286,0.45044549577653714,0.505
470,200,ACC,SVM,0.005356511748003667,0.39464348825199635,0.4
471,200,ACC,SVM,0.0804294215229619,0.3895705784770381,0.47
472,200,ACC,SVM,0.07672709725366626,0.19172709725366627,0.115
473,200,ACC,SVM,0.07694582657854102,0.20694582657854102,0.13
474,200,ACC,SVM,0.06384148072745549,0.3388414807274555,0.275
475,200,ACC,SVM,0.04898730027737208,0.34898730027737207,0.3
476,200,ACC,SVM,0.015299676226620595,0.4402996762266206,0.425
477,200,ACC,SVM,0.09360667714900561,0.5163933228509944,0.61
478,200,ACC,SVM,0.06795048917438151,0.5620495108256185,0.63
479,200,ACC,SVM,0.0305752410728784,0.3794247589271216,0.41
480,200,ACC,SVM,0.009935127351829276,0.4149351273518293,0.405
481,200,ACC,SVM,0.017310375453332277,0.23231037545333227,0.215
482,200,ACC,SVM,0.03816921849925603,0.5468307815007439,0.585
483,200,ACC,SVM,0.06442475892712157,0.3794247589271216,0.315
484,200,ACC,SVM,0.12628963860391676,0.16128963860391676,0.035
485,200,ACC,SVM,0.025429421522961904,0.3895705784770381,0.415
486,200,ACC,SVM,0.00940868467354633,0.46059131532645364,0.47
487,200,ACC,SVM,0.08847693185266428,0.3134769318526643,0.225
488,200,ACC,SVM,0.05360667714900558,0.5163933228509944,0.57
489,200,ACC,SVM,0.06889831624883858,0.49610168375116137,0.565
490,200,ACC,SVM,0.08214848164984057,0.6178515183501594,0.7
491,200,ACC,SVM,0.07787757939942319,0.5671224206005768,0.645
492,200,ACC,SVM,0.052440120749673635,0.5975598792503264,0.65
493,200,ACC,SVM,0.06442475892712157,0.3794247589271216,0.315
494,200,ACC,SVM,0.07583610570059218,0.7091638942994078,0.785
495,200,ACC,SVM,0.03875249669892211,0.5062475033010779,0.545
496,200,ACC,SVM,0.040737134876370096,0.4707371348763701,0.43
497,200,ACC,SVM,0.002075571874882387,0.6229244281251176,0.625
498,200,ACC,SVM,0.02957057847703809,0.3895705784770381,0.36
499,200,ACC,SVM,0.02404413579875514,0.48595586420124487,0.51
500,200,ACC,SVM,0.14251303052463193,0.592486969475368,0.735
501,200,ACC,SVM,0.16061737637571738,0.7243826236242826,0.885
502,200,ACC,SVM,0.13981536885117662,0.7801846311488234,0.92
503,200,ACC,SVM,0.02926286512362991,0.4707371348763701,0.5
504,200,ACC,SVM,0.03404413579875515,0.48595586420124487,0.52
505,200,ACC,SVM,0.1112006545753833,0.6837993454246167,0.795
506,200,ACC,SVM,0.023768570952497348,0.33376857095249735,0.31
507,200,ACC,SVM,0.09539864705084256,0.7396013529491574,0.835
508,200,ACC,SVM,0.026393322850994383,0.5163933228509944,0.49
509,200,ACC,SVM,0.10716455590341577,0.22216455590341577,0.115
510,200,ACC,SVM,0.11665418747870801,0.18665418747870802,0.07
511,200,ACC,SVM,0.14098192525050868,0.6990180747494913,0.84
512,200,ACC,SVM,0.15194582657854103,0.20694582657854102,0.055
513,200,ACC,SVM,0.008112382977872978,0.288112382977873,0.28
514,200,ACC,SVM,0.013914390502413776,0.3439143905024138,0.33
515,200,ACC,SVM,0.06738328522829051,0.23738328522829052,0.17
516,200,ACC,SVM,0.0542060296022468,0.3642060296022468,0.31
517,200,ACC,SVM,0.01054446660075914,0.7294555333992409,0.74
518,200,ACC,SVM,0.12085217995416726,0.13085217995416726,0.01
519,200,ACC,SVM,0.12598192525050866,0.6990180747494913,0.825
520,200,ACC,SVM,0.17120065457538325,0.6837993454246167,0.855
521,200,ACC,SVM,0.021012699722627926,0.34898730027737207,0.37
522,200,ACC,SVM,0.07723746567837403,0.22723746567837402,0.15
523,200,ACC,SVM,0.012585940299590148,0.5874140597004098,0.6
524,200,ACC,SVM,0.08180000702862449,0.1968000070286245,0.115
525,200,ACC,SVM,0.02957057847703809,0.3895705784770381,0.36
526,200,ACC,SVM,0.19510700795100955,0.7598929920489904,0.955
527,200,ACC,SVM,0.1793050004264689,0.8156949995735311,0.995
528,200,ACC,SVM,0.06083610570059217,0.7091638942994078,0.77
529,200,ACC,SVM,0.06435184915216335,0.37435184915216335,0.31
530,200,ACC,SVM,0.08744012074967367,0.5975598792503264,0.685
531,200,ACC,SVM,0.0922213914247989,0.6127786085752011,0.705
532,200,ACC,SVM,0.015721060622794936,0.3692789393772051,0.385
533,200,ACC,SVM,0.07795048917438152,0.5620495108256185,0.64
534,200,ACC,SVM,0.07519599197954296,0.08519599197954296,0.01
535,200,ACC,SVM,0.13384148072745553,0.3388414807274555,0.205
536,200,ACC,SVM,0.06948159444850466,0.45551840555149536,0.525
537,200,ACC,SVM,0.06216455590341577,0.22216455590341577,0.16
538,200,ACC,SVM,0.04701873635349926,0.21201873635349927,0.165
539,200,ACC,SVM,0.05481536885117655,0.7801846311488234,0.835
540,200,ACC,SVM,0.13886754177671934,0.8461324582232806,0.985
541,200,ACC,SVM,0.023387947824130895,0.5316120521758692,0.555
542,200,ACC,SVM,0.10554446660075911,0.7294555333992409,0.835
543,200,ACC,SVM,0.14894045155167757,0.8410595484483224,0.99
544,200,ACC,SVM,0.09231037545333226,0.23231037545333227,0.14
545,200,ACC,SVM,0.019919053098254147,0.42508094690174586,0.445
546,200,ACC,SVM,0.04015385667670407,0.4301538566767041,0.39
547,200,ACC,SVM,0.10158127770374976,0.18158127770374977,0.08
548,200,ACC,SVM,0.13714848164984061,0.6178515183501594,0.755
549,200,ACC,SVM,0.005226766451662368,0.43522676645166236,0.43
550,200,ACC,SVM,0.020955864201244845,0.48595586420124487,0.465
551,200,ACC,SVM,0.09245619500324878,0.24245619500324878,0.15
552,200,ACC,SVM,0.05738328522829053,0.23738328522829052,0.18
553,200,ACC,SVM,0.13496118840109306,0.770038811598907,0.905
554,200,ACC,SVM,0.09085217995416725,0.13085217995416726,0.04
555,200,ACC,SVM,0.06318529275283127,0.2931852927528313,0.23
556,200,ACC,SVM,0.018404022077706084,0.30840402207770606,0.29
557,200,ACC,SVM,0.0010287739762031012,0.4910287739762031,0.49
558,200,ACC,SVM,0.028023398949339584,0.5569766010506604,0.585
559,200,ACC,SVM,0.014189955348671623,0.47581004465132837,0.49
560,200,ACC,SVM,0.12187291680358277,0.20187291680358277,0.08
561,200,ACC,SVM,0.04303947320291479,0.2830394732029148,0.24
562,200,ACC,SVM,0.1460548350254669,0.6939451649745331,0.84
563,200,ACC,SVM,0.04758594029959018,0.5874140597004098,0.635
564,200,ACC,SVM,0.05758594029959019,0.5874140597004098,0.645
565,200,ACC,SVM,0.05214848164984065,0.6178515183501594,0.67
566,200,ACC,SVM,0.11171102300009106,0.648288976999909,0.76
567,200,ACC,SVM,0.11643545815383324,0.17143545815383324,0.055
568,200,ACC,SVM,0.004278939377205082,0.3692789393772051,0.365
569,200,ACC,SVM,0.02367958692396399,0.511320413076036,0.535
570,200,ACC,SVM,0.01398730027737205,0.34898730027737207,0.335
571,200,ACC,SVM,0.08517991772596778,0.7548200822740322,0.84
572,200,ACC,SVM,0.01102877397620311,0.4910287739762031,0.48
573,200,ACC,SVM,0.1014922936752164,0.6635077063247836,0.765
574,200,ACC,SVM,0.14083610570059213,0.7091638942994078,0.85
575,200,ACC,SVM,0.03433577489858819,0.4656642251014118,0.5
576,200,ACC,SVM,0.12481536885117661,0.7801846311488234,0.905
577,200,ACC,SVM,0.02777860857520109,0.6127786085752011,0.585
578,200,ACC,SVM,0.10532573727588435,0.7446742627241156,0.85
579,200,ACC,SVM,0.02420602960224677,0.3642060296022468,0.34
580,200,ACC,SVM,0.059773233548337634,0.43522676645166236,0.495
581,200,ACC,SVM,0.033898316248838656,0.49610168375116137,0.53
582,200,ACC,SVM,0.11201873635349927,0.21201873635349927,0.1
583,200,ACC,SVM,0.035153856676704065,0.4301538566767041,0.395
584,200,ACC,SVM,0.13988827862613484,0.7751117213738652,0.915
585,200,ACC,SVM,0.027367210974715395,0.6026327890252846,0.63
586,200,ACC,SVM,0.1181852927528313,0.2931852927528313,0.175
587,200,ACC,SVM,0.03935184915216333,0.37435184915216335,0.335
588,200,ACC,SVM,0.08289365365299833,0.27289365365299834,0.19
589,200,ACC,SVM,0.08041472130441771,0.10041472130441771,0.02
590,200,ACC,SVM,0.09408627110159418,0.8309137288984059,0.925
591,200,ACC,SVM,0.03081004465132836,0.47581004465132837,0.445
592,200,ACC,SVM,0.0490602100523303,0.3540602100523303,0.305
593,200,ACC,SVM,0.0177317598495067,0.5772682401504933,0.595
594,200,ACC,SVM,0.11063345062929246,0.11563345062929246,0.005
595,200,ACC,SVM,0.038476931852664265,0.3134769318526643,0.275
596,200,ACC,SVM,0.1075130305246319,0.592486969475368,0.7
597,200,ACC,SVM,0.012148481649840615,0.6178515183501594,0.63
598,200,ACC,SVM,0.14908627110159411,0.8309137288984059,0.98
599,200,ACC,SVM,0.02244012074967361,0.5975598792503264,0.62
600,200,ACC,SVM,0.029627413998421115,0.44537258600157886,0.475
601,200,ACC,SVM,0.06098192525050872,0.6990180747494913,0.76
602,200,ACC,SVM,0.11474245907621827,0.7852575409237817,0.9
603,200,ACC,SVM,0.09707557187488236,0.6229244281251176,0.72
604,200,ACC,SVM,0.17474245907621822,0.7852575409237817,0.96
605,200,ACC,SVM,0.08605483502546696,0.6939451649745331,0.78
606,200,ACC,SVM,0.13554446660075914,0.7294555333992409,0.865
607,200,ACC,SVM,0.06650836792879151,0.17650836792879152,0.11
608,200,ACC,SVM,0.08171102300009103,0.648288976999909,0.73
609,200,ACC,SVM,0.01999196287321242,0.4200080371267876,0.44
610,200,ACC,SVM,0.008242128274214444,0.5417578717257856,0.55
611,200,ACC,SVM,0.06258594029959019,0.5874140597004098,0.65
612,200,ACC,SVM,0.11886754177671932,0.8461324582232806,0.965
613,200,ACC,SVM,0.13386754177671933,0.8461324582232806,0.98
614,200,ACC,SVM,0.0741331198272886,0.35913311982728857,0.285
615,200,ACC,SVM,0.08678393277504937,0.6432160672249506,0.73
616,200,ACC,SVM,0.1068568425500076,0.6381431574499924,0.745
617,200,ACC,SVM,0.0445705784770381,0.3895705784770381,0.345
618,200,ACC,SVM,0.08187291680358277,0.20187291680358277,0.12
619,200,ACC,SVM,0.13143545815383323,0.17143545815383324,0.04
620,200,ACC,SVM,0.10641938390025807,0.668580616099742,0.775
621,200,ACC,SVM,0.049773233548337625,0.43522676645166236,0.485
622,200,ACC,SVM,0.19974245907621824,0.7852575409237817,0.985
623,200,ACC,SVM,0.0005913153264536231,0.46059131532645364,0.46
624,200,ACC,SVM,0.164377910201427,0.810622089798573,0.975
625,200,ACC,SVM,0.015080946901745884,0.42508094690174586,0.41
626,200,ACC,SVM,0.13663811322513286,0.6533618867748672,0.79
627,200,ACC,SVM,0.11172709725366627,0.19172709725366627,0.08
628,200,ACC,SVM,0.0030963087242978915,0.5519036912757022,0.555
629,200,ACC,SVM,0.09590901547555042,0.7040909845244496,0.8
630,200,ACC,SVM,0.14488827862613485,0.7751117213738652,0.92
631,200,ACC,SVM,0.07532573727588432,0.7446742627241156,0.82
632,200,ACC,SVM,0.11614381905400026,0.15114381905400026,0.035
633,200,ACC,SVM,0.01957057847703808,0.3895705784770381,0.37
634,200,ACC,SVM,0.10107090927904198,0.14607090927904198,0.045
635,200,ACC,SVM,0.0918000070286245,0.1968000070286245,0.105
636,200,ACC,SVM,0.07236721097471543,0.6026327890252846,0.675
637,200,ACC,SVM,0.09214848164984057,0.6178515183501594,0.71
638,200,ACC,SVM,0.1064922936752164,0.6635077063247836,0.77
639,200,ACC,SVM,0.12032573727588436,0.7446742627241156,0.865
640,200,ACC,SVM,0.07149229367521637,0.6635077063247836,0.735
641,200,ACC,SVM,0.08576319592563397,0.7142368040743661,0.8
642,200,ACC,SVM,0.08585217995416726,0.13085217995416726,0.045
643,200,ACC,SVM,0.08854984162762256,0.31854984162762257,0.23
644,200,ACC,SVM,0.07316921849925606,0.5468307815007439,0.62
645,200,ACC,SVM,0.13061737637571735,0.7243826236242826,0.855
646,200,ACC,SVM,0.10041472130441771,0.10041472130441771,0.0
647,200,ACC,SVM,0.006393322850994365,0.5163933228509944,0.51
648,200,ACC,SVM,0.11295048917438155,0.5620495108256185,0.675
649,200,ACC,SVM,0.11092508972912549,0.13592508972912548,0.025
650,200,ACC,SVM,0.009862217576871057,0.4098622175768711,0.4
651,200,ACC,SVM,0.14017991772596783,0.7548200822740322,0.895
652,200,ACC,SVM,0.10287757939942321,0.5671224206005768,0.67
653,200,ACC,SVM,0.06325820252778958,0.29825820252778956,0.235
654,200,ACC,SVM,0.09517991772596779,0.7548200822740322,0.85
655,200,ACC,SVM,0.00615851927254446,0.3388414807274555,0.345
656,200,ACC,SVM,0.1509819252505087,0.6990180747494913,0.85
657,200,ACC,SVM,0.02862275140258086,0.32362275140258084,0.295
658,200,ACC,SVM,0.05331503804917259,0.5366849619508274,0.59
659,200,ACC,SVM,0.004716398026954616,0.39971639802695463,0.395
660,200,ACC,SVM,0.0688414807274555,0.3388414807274555,0.27
661,200,ACC,SVM,0.11496118840109304,0.770038811598907,0.885
662,200,ACC,SVM,0.07774783410308178,0.2627478341030818,0.185
663,200,ACC,SVM,0.08128963860391676,0.16128963860391676,0.08
664,200,ACC,SVM,0.05464348825199633,0.39464348825199635,0.34
665,200,ACC,SVM,0.09714848164984058,0.6178515183501594,0.715
666,200,ACC,SVM,0.08569028615067564,0.7193097138493244,0.805
667,200,ACC,SVM,0.18437791020142702,0.810622089798573,0.995
668,200,ACC,SVM,0.03369566117753908,0.32869566117753907,0.295
669,200,ACC,SVM,0.004862217576871053,0.4098622175768711,0.405
670,200,ACC,SVM,0.09223746567837401,0.22723746567837402,0.135
671,200,ACC,SVM,0.01302339894933957,0.5569766010506604,0.57
672,200,ACC,SVM,0.16915918087655235,0.8258408191234476,0.995
673,200,ACC,SVM,0.051711023000091005,0.648288976999909,0.7
674,200,ACC,SVM,0.03802339894933959,0.5569766010506604,0.595
675,200,ACC,SVM,0.0004294215229619369,0.3895705784770381,0.39
676,200,ACC,SVM,0.12974245907621829,0.7852575409237817,0.915
677,200,ACC,SVM,0.03440868467354635,0.46059131532645364,0.495
678,200,ACC,SVM,0.09216455590341577,0.22216455590341577,0.13
679,200,ACC,SVM,0.010939789947669698,0.3540602100523303,0.365
680,200,ACC,SVM,0.07599799950408373,0.14099799950408373,0.065
681,200,ACC,SVM,0.03231037545333226,0.23231037545333227,0.2
682,200,ACC,SVM,0.11077927017920898,0.12577927017920898,0.015
683,200,ACC,SVM,0.004627413998421148,0.44537258600157886,0.45
684,200,ACC,SVM,0.0882421282742144,0.5417578717257856,0.63
685,200,ACC,SVM,0.019133119827288547,0.35913311982728857,0.34
686,200,ACC,SVM,0.030429421522961908,0.3895705784770381,0.42
687,200,ACC,SVM,0.1494508199763852,0.8055491800236148,0.955
688,200,ACC,SVM,0.061127744800425154,0.6888722551995748,0.75
689,200,ACC,SVM,0.059117045573713445,0.4808829544262866,0.54
690,200,ACC,SVM,0.08420602960224677,0.3642060296022468,0.28
691,200,ACC,SVM,0.1706173763757174,0.7243826236242826,0.895
692,200,ACC,SVM,0.0784769318526643,0.3134769318526643,0.235
693,200,ACC,SVM,0.01891439050241378,0.3439143905024138,0.325
694,200,ACC,SVM,0.15525282750092606,0.749747172499074,0.905
695,200,ACC,SVM,0.02889831624883865,0.49610168375116137,0.525
696,200,ACC,SVM,0.051127744800425146,0.6888722551995748,0.74
697,200,ACC,SVM,0.04824212827421437,0.5417578717257856,0.59
698,200,ACC,SVM,0.07273175984950675,0.5772682401504933,0.65
699,200,ACC,SVM,0.04891439050241381,0.3439143905024138,0.295
700,200,ACC,SVM,0.09376857095249735,0.33376857095249735,0.24
701,200,ACC,SVM,0.034060210052330286,0.3540602100523303,0.32
702,200,ACC,SVM,0.10267492432812356,0.25767492432812356,0.155
703,200,ACC,SVM,0.12025282750092603,0.749747172499074,0.87
704,200,ACC,SVM,0.03347693185266426,0.3134769318526643,0.28
705,200,ACC,SVM,0.04867958692396401,0.511320413076036,0.56
706,200,ACC,SVM,0.11127356435034164,0.6787264356496584,0.79
707,200,ACC,SVM,0.09112774480042518,0.6888722551995748,0.78
708,200,ACC,SVM,0.030210692198087197,0.4047893078019128,0.435
709,200,ACC,SVM,0.014408684673546335,0.46059131532645364,0.475
710,200,ACC,SVM,0.1540133613266358,0.8359866386733642,0.99
711,200,ACC,SVM,0.07751303052463199,0.592486969475368,0.67
712,200,ACC,SVM,0.1008361057005922,0.7091638942994078,0.81
713,200,ACC,SVM,0.1350340981760514,0.7649659018239486,0.9
714,200,ACC,SVM,0.0809090154755504,0.7040909845244496,0.785
715,200,ACC,SVM,0.06760201455316528,0.2526020145531653,0.185
716,200,ACC,SVM,0.05882540647388046,0.5011745935261196,0.56
717,200,ACC,SVM,0.09680000702862449,0.1968000070286245,0.1
718,200,ACC,SVM,0.07780466962446497,0.572195330375535,0.65
719,200,ACC,SVM,0.12915918087655232,0.8258408191234476,0.955
720,200,ACC,SVM,0.02668496195082737,0.5366849619508274,0.51
721,200,ACC,SVM,0.01506487264817069,0.4149351273518293,0.43
722,200,ACC,SVM,0.08570636040425073,0.12070636040425073,0.035
723,200,ACC,SVM,0.17481536885117654,0.7801846311488234,0.955
724,200,ACC,SVM,0.06128963860391676,0.16128963860391676,0.1
725,200,ACC,SVM,0.10099799950408372,0.14099799950408373,0.04
726,200,ACC,SVM,0.01267492432812356,0.25767492432812356,0.245
727,200,ACC,SVM,0.10643545815383323,0.17143545815383324,0.065
728,200,ACC,SVM,0.041101683751161355,0.49610168375116137,0.455
729,200,ACC,SVM,0.006466232625952584,0.5214662326259526,0.515
730,200,ACC,SVM,0.03898730027737207,0.34898730027737207,0.31
731,200,ACC,SVM,0.10114381905400026,0.15114381905400026,0.05
732,200,ACC,SVM,0.07665418747870802,0.18665418747870802,0.11
733,200,ACC,SVM,0.02593978994766971,0.3540602100523303,0.38
734,200,ACC,SVM,0.08099799950408373,0.14099799950408373,0.06
735,200,ACC,SVM,0.06700266209992412,0.6279973379000758,0.695
736,200,ACC,SVM,0.04760201455316529,0.2526020145531653,0.205
737,200,ACC,SVM,0.0642060296022468,0.3642060296022468,0.3
738,200,ACC,SVM,0.05029967622662057,0.4402996762266206,0.39
739,200,ACC,SVM,0.03544549577653716,0.45044549577653714,0.415
740,200,ACC,SVM,0.10041472130441771,0.10041472130441771,0.0
741,200,ACC,SVM,0.10201873635349927,0.21201873635349927,0.11
742,200,ACC,SVM,0.10010700795100957,0.7598929920489904,0.86
743,200,ACC,SVM,0.13085217995416726,0.13085217995416726,0.0
744,200,ACC,SVM,0.034262865123629915,0.4707371348763701,0.505
745,200,ACC,SVM,0.0009558642012448826,0.48595586420124487,0.485
746,200,ACC,SVM,0.013914390502413776,0.3439143905024138,0.33
747,200,ACC,SVM,0.01506487264817069,0.4149351273518293,0.43
748,200,ACC,SVM,0.11141938390025807,0.668580616099742,0.78
749,200,ACC,SVM,0.11561737637571734,0.7243826236242826,0.84
750,200,ACC,SVM,0.023039473202914773,0.2830394732029148,0.26
751,200,ACC,SVM,0.023914390502413785,0.3439143905024138,0.32
752,200,ACC,SVM,0.0734769318526643,0.3134769318526643,0.24
753,200,ACC,SVM,0.024554504223462836,0.45044549577653714,0.475
754,200,ACC,SVM,0.10273175984950678,0.5772682401504933,0.68
755,200,ACC,SVM,0.08340402207770606,0.30840402207770606,0.225
756,200,ACC,SVM,0.013914390502413776,0.3439143905024138,0.33
757,200,ACC,SVM,0.18025282750092608,0.749747172499074,0.93
758,200,ACC,SVM,0.10107090927904198,0.14607090927904198,0.045
759,200,ACC,SVM,0.019700323773379436,0.4402996762266206,0.46
760,200,ACC,SVM,0.0769297523249658,0.6330702476750342,0.71
761,200,ACC,SVM,0.11782074387804006,0.26782074387804006,0.15
762,200,ACC,SVM,0.060487631079375964,0.10548763107937596,0.045
763,200,ACC,SVM,0.10238328522829052,0.23738328522829052,0.135
764,200,ACC,SVM,0.1145237297513435,0.8004762702486565,0.915
765,200,ACC,SVM,0.15628963860391676,0.16128963860391676,0.005
766,200,ACC,SVM,0.021945826578541022,0.20694582657854102,0.185
767,200,ACC,SVM,0.12114381905400026,0.15114381905400026,0.03
768,200,ACC,SVM,0.03099799950408373,0.14099799950408373,0.11
769,200,ACC,SVM,0.0985337673740474,0.5214662326259526,0.62
770,200,ACC,SVM,0.06840402207770607,0.30840402207770606,0.24
771,200,ACC,SVM,0.09426286512362986,0.4707371348763701,0.565
772,200,ACC,SVM,0.05331503804917259,0.5366849619508274,0.59
773,200,ACC,SVM,0.16120065457538324,0.6837993454246167,0.845
774,200,ACC,SVM,0.12577927017920898,0.12577927017920898,0.0
775,200,ACC,SVM,0.14590901547555035,0.7040909845244496,0.85
776,200,ACC,SVM,0.06816921849925606,0.5468307815007439,0.615
777,200,ACC,SVM,0.09260201455316527,0.2526020145531653,0.16
778,200,ACC,SVM,0.08112774480042517,0.6888722551995748,0.77
779,200,ACC,SVM,0.14583610570059213,0.7091638942994078,0.855
780,200,ACC,SVM,0.012747834103081779,0.2627478341030818,0.25
781,200,ACC,SVM,0.1906173763757174,0.7243826236242826,0.915
782,200,ACC,SVM,0.00044549577653713035,0.45044549577653714,0.45
783,200,ACC,SVM,0.053169218499256043,0.5468307815007439,0.6
784,200,ACC,SVM,0.12372172222680278,0.8562782777731972,0.98
785,200,ACC,SVM,0.0701538566767041,0.4301538566767041,0.36
786,200,ACC,SVM,0.0805444666007592,0.7294555333992409,0.81
787,200,ACC,SVM,0.08471639802695463,0.39971639802695463,0.315
788,200,ACC,SVM,0.08583610570059219,0.7091638942994078,0.795
789,200,ACC,SVM,0.03287757939942315,0.5671224206005768,0.6
790,200,ACC,SVM,0.05282074387804006,0.26782074387804006,0.215
791,200,ACC,SVM,0.0407210606227949,0.3692789393772051,0.41
792,200,ACC,SVM,0.02891439050241379,0.3439143905024138,0.315
793,200,ACC,SVM,0.09136254837887499,0.16636254837887499,0.075
794,200,ACC,SVM,0.13121672882895852,0.1562167288289585,0.025
795,200,ACC,SVM,0.0344247589271216,0.3794247589271216,0.345
796,200,ACC,SVM,0.14628963860391675,0.16128963860391676,0.015
797,200,ACC,SVM,0.07745619500324877,0.24245619500324878,0.165
798,200,ACC,SVM,0.09700266209992414,0.6279973379000758,0.725
799,200,ACC,SVM,0.07700266209992412,0.6279973379000758,0.705
800,200,ACC,SVM,0.08163811322513281,0.6533618867748672,0.735
801,200,ACC,SVM,0.003549841627622563,0.31854984162762257,0.315
802,200,ACC,SVM,0.12503409817605138,0.7649659018239486,0.89
803,200,ACC,SVM,0.04824212827421437,0.5417578717257856,0.59
804,200,ACC,SVM,0.10223746567837402,0.22723746567837402,0.125
805,200,ACC,SVM,0.10245619500324876,0.24245619500324878,0.14
806,200,ACC,SVM,0.0975130305246319,0.592486969475368,0.69
807,200,ACC,SVM,0.06738328522829051,0.23738328522829052,0.17
808,200,ACC,SVM,0.013971226023796912,0.4910287739762031,0.505
809,200,ACC,SVM,0.16415918087655235,0.8258408191234476,0.99
810,200,ACC,SVM,0.13085217995416726,0.13085217995416726,0.0
811,200,ACC,SVM,0.12092508972912548,0.13592508972912548,0.015
812,200,ACC,SVM,0.15908627110159412,0.8309137288984059,0.99
813,200,ACC,SVM,0.02302339894933958,0.5569766010506604,0.58
814,200,ACC,SVM,0.10731037545333227,0.23231037545333227,0.125
815,200,ACC,SVM,0.12496118840109305,0.770038811598907,0.895
816,200,ACC,SVM,0.10996118840109304,0.770038811598907,0.88
817,200,ACC,SVM,0.03382540647388044,0.5011745935261196,0.535
818,200,ACC,SVM,0.06302339894933962,0.5569766010506604,0.62
819,200,ACC,SVM,0.023185292752831266,0.2931852927528313,0.27
820,200,ACC,SVM,0.09099799950408373,0.14099799950408373,0.05
821,200,ACC,SVM,0.04824212827421437,0.5417578717257856,0.59
822,200,ACC,SVM,0.05898730027737209,0.34898730027737207,0.29
823,200,ACC,SVM,0.04214848164984064,0.6178515183501594,0.66
824,200,ACC,SVM,0.09032573727588433,0.7446742627241156,0.835
825,200,ACC,SVM,0.12092508972912548,0.13592508972912548,0.015
826,200,ACC,SVM,0.06846085759908915,0.5265391424009108,0.595
827,200,ACC,SVM,0.042893653652998326,0.27289365365299834,0.23
828,200,ACC,SVM,0.1354715568258008,0.7345284431741992,0.87
829,200,ACC,SVM,0.053331112302747785,0.3033311123027478,0.25
830,200,ACC,SVM,0.07838794782413083,0.5316120521758692,0.61
831,200,ACC,SVM,0.028533767374047447,0.5214662326259526,0.55
832,200,ACC,SVM,0.019935127351829285,0.4149351273518293,0.395
833,200,ACC,SVM,0.08251303052463199,0.592486969475368,0.675
834,200,ACC,SVM,0.09192975232496581,0.6330702476750342,0.725
835,200,ACC,SVM,0.03338794782413079,0.5316120521758692,0.565
836,200,ACC,SVM,0.06612774480042516,0.6888722551995748,0.755
837,200,ACC,SVM,0.11864881245184455,0.8613511875481554,0.98
838,200,ACC,SVM,0.020356511748003625,0.39464348825199635,0.415
839,200,ACC,SVM,0.0443357748985882,0.4656642251014118,0.51
840,200,ACC,SVM,0.12085217995416726,0.13085217995416726,0.01
841,200,ACC,SVM,0.09598192525050875,0.6990180747494913,0.795
842,200,ACC,SVM,0.0014662326259525793,0.5214662326259526,0.52
843,200,ACC,SVM,0.040372586001578836,0.44537258600157886,0.405
844,200,ACC,SVM,0.07636254837887499,0.16636254837887499,0.09
845,200,ACC,SVM,0.13017991772596782,0.7548200822740322,0.885
846,200,ACC,SVM,0.040939789947669725,0.3540602100523303,0.395
847,200,ACC,SVM,0.057075571874882436,0.6229244281251176,0.68
848,200,ACC,SVM,0.09745619500324879,0.24245619500324878,0.145
849,200,ACC,SVM,0.20517991772596778,0.7548200822740322,0.96
850,200,ACC,SVM,0.06745619500324879,0.24245619500324878,0.175
851,200,ACC,SVM,0.06267492432812355,0.25767492432812356,0.195
852,200,ACC,SVM,0.18641938390025803,0.668580616099742,0.855
853,200,ACC,SVM,0.10445081997638528,0.8055491800236148,0.91
854,200,ACC,SVM,0.037529104778207034,0.24752910477820703,0.21
855,200,ACC,SVM,0.01962741399842116,0.44537258600157886,0.465
856,200,ACC,SVM,0.09692975232496581,0.6330702476750342,0.73
857,200,ACC,SVM,0.09988827862613481,0.7751117213738652,0.875
858,200,ACC,SVM,0.019643488251996355,0.39464348825199635,0.375
859,200,ACC,SVM,0.039189955348671646,0.47581004465132837,0.515
860,200,ACC,SVM,0.09171102300009104,0.648288976999909,0.74
861,200,ACC,SVM,0.08171102300009103,0.648288976999909,0.73
862,200,ACC,SVM,0.08605483502546696,0.6939451649745331,0.78
863,200,ACC,SVM,0.04353376737404735,0.5214662326259526,0.565
864,200,ACC,SVM,0.06636254837887498,0.16636254837887499,0.1
865,200,ACC,SVM,0.1603986470508426,0.7396013529491574,0.9
866,200,ACC,SVM,0.13554446660075914,0.7294555333992409,0.865
867,200,ACC,SVM,0.09090901547555041,0.7040909845244496,0.795
868,200,ACC,SVM,0.04599799950408373,0.14099799950408373,0.095
869,200,ACC,SVM,0.03231037545333226,0.23231037545333227,0.2
870,200,ACC,SVM,0.0409819252505087,0.6990180747494913,0.74
871,200,ACC,SVM,0.11085217995416725,0.13085217995416726,0.02
872,200,ACC,SVM,0.19481536885117656,0.7801846311488234,0.975
873,200,ACC,SVM,0.041231429047502655,0.33376857095249735,0.375
874,200,ACC,SVM,0.06671102300009102,0.648288976999909,0.715
875,200,ACC,SVM,0.1251070079510096,0.7598929920489904,0.885
876,200,ACC,SVM,0.004643488251996342,0.39464348825199635,0.39
877,200,ACC,SVM,0.05935184915216335,0.37435184915216335,0.315
878,200,ACC,SVM,0.05816921849925605,0.5468307815007439,0.605
879,200,ACC,SVM,0.05853376737404736,0.5214662326259526,0.58
880,200,ACC,SVM,0.005283601973045393,0.39971639802695463,0.405
881,200,ACC,SVM,0.022731759849506705,0.5772682401504933,0.6
882,200,ACC,SVM,0.11423209065151063,0.8207679093484894,0.935
883,200,ACC,SVM,0.004408684673546381,0.46059131532645364,0.465
884,200,ACC,SVM,0.06774783410308177,0.2627478341030818,0.195
885,200,ACC,SVM,0.004424758927121575,0.3794247589271216,0.375
886,200,ACC,SVM,0.030008037126787568,0.4200080371267876,0.39
887,200,ACC,SVM,0.06680000702862449,0.1968000070286245,0.13
888,200,ACC,SVM,0.128112382977873,0.288112382977873,0.16
889,200,ACC,SVM,0.087513030524632,0.592486969475368,0.68
890,200,ACC,SVM,0.044424758927121555,0.3794247589271216,0.335
891,200,ACC,SVM,0.13937791020142698,0.810622089798573,0.95
892,200,ACC,SVM,0.0734769318526643,0.3134769318526643,0.24
893,200,ACC,SVM,0.09165418747870802,0.18665418747870802,0.095
894,200,ACC,SVM,0.061127744800425154,0.6888722551995748,0.75
895,200,ACC,SVM,0.17083610570059216,0.7091638942994078,0.88
896,200,ACC,SVM,0.028331112302747763,0.3033311123027478,0.275
897,200,ACC,SVM,0.052602014553165266,0.2526020145531653,0.2
898,200,ACC,SVM,0.05238328522829053,0.23738328522829052,0.185
899,200,ACC,SVM,0.03911704557371343,0.4808829544262866,0.52
900,200,ACC,SVM,0.015882954426286566,0.4808829544262866,0.465
901,200,ACC,SVM,0.06354984162762256,0.31854984162762257,0.255
902,200,ACC,SVM,0.08585217995416726,0.13085217995416726,0.045
903,200,ACC,SVM,0.009262865123629893,0.4707371348763701,0.48
904,200,ACC,SVM,0.12915918087655232,0.8258408191234476,0.955
905,200,ACC,SVM,0.006783932775049406,0.6432160672249506,0.65
906,200,ACC,SVM,0.03440868467354635,0.46059131532645364,0.495
907,200,ACC,SVM,0.04114381905400026,0.15114381905400026,0.11
908,200,ACC,SVM,0.022893653652998336,0.27289365365299834,0.25
909,200,ACC,SVM,0.04884148072745553,0.3388414807274555,0.29
910,200,ACC,SVM,0.10663811322513284,0.6533618867748672,0.76
911,200,ACC,SVM,0.15061737637571737,0.7243826236242826,0.875
912,200,ACC,SVM,0.1350340981760514,0.7649659018239486,0.9
913,200,ACC,SVM,0.17952372975134345,0.8004762702486565,0.98
914,200,ACC,SVM,0.12372172222680278,0.8562782777731972,0.98
915,200,ACC,SVM,0.12415918087655231,0.8258408191234476,0.95
916,200,ACC,SVM,0.06085217995416725,0.13085217995416726,0.07
917,200,ACC,SVM,0.05165418747870801,0.18665418747870802,0.135
918,200,ACC,SVM,0.07435184915216336,0.37435184915216335,0.3
919,200,ACC,SVM,0.04755987925032634,0.5975598792503264,0.55
920,200,ACC,SVM,0.09672709725366627,0.19172709725366627,0.095
921,200,ACC,SVM,0.13583610570059212,0.7091638942994078,0.845
922,200,ACC,SVM,0.06309630872429783,0.5519036912757022,0.615
923,200,ACC,SVM,0.028679586923963996,0.511320413076036,0.54
924,200,ACC,SVM,0.08252910477820702,0.24752910477820703,0.165
925,200,ACC,SVM,0.04825820252778956,0.29825820252778956,0.25
926,200,ACC,SVM,0.11289365365299833,0.27289365365299834,0.16
927,200,ACC,SVM,0.16620065457538324,0.6837993454246167,0.85
928,200,ACC,SVM,0.012877579399423134,0.5671224206005768,0.58
929,200,ACC,SVM,0.0968568425500076,0.6381431574499924,0.735
930,200,ACC,SVM,0.05906021005233031,0.3540602100523303,0.295
931,200,ACC,SVM,0.014497668702079858,0.38449766870207985,0.37
932,200,ACC,SVM,0.010429421522961946,0.3895705784770381,0.4
933,200,ACC,SVM,0.09141938390025806,0.668580616099742,0.76
934,200,ACC,SVM,0.07098192525050873,0.6990180747494913,0.77
935,200,ACC,SVM,0.022237465678374035,0.22723746567837402,0.205
936,200,ACC,SVM,0.12430500042646886,0.8156949995735311,0.94
937,200,ACC,SVM,0.10216455590341578,0.22216455590341577,0.12
938,200,ACC,SVM,0.13003409817605138,0.7649659018239486,0.895
939,200,ACC,SVM,0.10694582657854101,0.20694582657854102,0.1
940,200,ACC,SVM,0.058549841627622556,0.31854984162762257,0.26
941,200,ACC,SVM,0.2119297523249658,0.6330702476750342,0.845
942,200,ACC,SVM,0.09282074387804007,0.26782074387804006,0.175
943,200,ACC,SVM,0.025502331297920122,0.38449766870207985,0.41
944,200,ACC,SVM,0.00037258600157885624,0.44537258600157886,0.445
945,200,ACC,SVM,0.07862275140258085,0.32362275140258084,0.245
946,200,ACC,SVM,0.0769297523249658,0.6330702476750342,0.71
947,200,ACC,SVM,0.13069028615067557,0.7193097138493244,0.85
948,200,ACC,SVM,0.1709819252505087,0.6990180747494913,0.87
949,200,ACC,SVM,0.03935184915216333,0.37435184915216335,0.335
950,200,ACC,SVM,0.06940868467354638,0.46059131532645364,0.53
951,200,ACC,SVM,0.06340402207770607,0.30840402207770606,0.245
952,200,ACC,SVM,0.05318529275283129,0.2931852927528313,0.24
953,200,ACC,SVM,0.07231037545333227,0.23231037545333227,0.16
954,200,ACC,SVM,0.16996118840109298,0.770038811598907,0.94
955,200,ACC,SVM,0.12003409817605137,0.7649659018239486,0.885
956,200,ACC,SVM,0.1114922936752164,0.6635077063247836,0.775
957,200,ACC,SVM,0.03411704557371342,0.4808829544262866,0.515
958,200,ACC,SVM,0.014189955348671623,0.47581004465132837,0.49
959,200,ACC,SVM,0.011684961950827355,0.5366849619508274,0.525
960,200,ACC,SVM,0.02367958692396399,0.511320413076036,0.535
961,200,ACC,SVM,0.04550233129792014,0.38449766870207985,0.43
962,200,ACC,SVM,0.08201873635349927,0.21201873635349927,0.13
963,200,ACC,SVM,0.08194582657854102,0.20694582657854102,0.125
964,200,ACC,SVM,0.1444508199763852,0.8055491800236148,0.95
965,200,ACC,SVM,0.02955450422346284,0.45044549577653714,0.48
966,200,ACC,SVM,0.13937791020142698,0.810622089798573,0.95
967,200,ACC,SVM,0.06723746567837402,0.22723746567837402,0.16
968,200,ACC,SVM,0.01838794782413089,0.5316120521758692,0.55
969,200,ACC,SVM,0.06282074387804007,0.26782074387804006,0.205
970,200,ACC,SVM,0.038112382977873005,0.288112382977873,0.25
971,200,ACC,SVM,0.10592508972912548,0.13592508972912548,0.03
972,200,ACC,SVM,0.08180000702862449,0.1968000070286245,0.115
973,200,ACC,SVM,0.14496118840109307,0.770038811598907,0.915
974,200,ACC,SVM,0.003622751402580837,0.32362275140258084,0.32
975,200,ACC,SVM,0.06324212827421438,0.5417578717257856,0.605
976,200,ACC,SVM,0.00948159444850466,0.45551840555149536,0.465
977,200,ACC,SVM,0.015502331297920169,0.38449766870207985,0.4
978,200,ACC,SVM,0.0016120521758691275,0.5316120521758692,0.53
979,200,ACC,SVM,0.047310375453332276,0.23231037545333227,0.185
980,200,ACC,SVM,0.14901336132663578,0.8359866386733642,0.985
981,200,ACC,SVM,0.08047155682580076,0.7345284431741992,0.815
982,200,ACC,SVM,0.1018568425500076,0.6381431574499924,0.74
983,200,ACC,SVM,0.02470032377337944,0.4402996762266206,0.465
984,200,ACC,SVM,0.04172709725366627,0.19172709725366627,0.15
985,200,ACC,SVM,0.1753257372758844,0.7446742627241156,0.92
986,200,ACC,SVM,0.05464348825199633,0.39464348825199635,0.34
987,200,ACC,SVM,0.10621672882895851,0.1562167288289585,0.05
988,200,ACC,SVM,0.019133119827288547,0.35913311982728857,0.34
989,200,ACC,SVM,0.10112774480042519,0.6888722551995748,0.79
990,200,ACC,SVM,0.07316921849925606,0.5468307815007439,0.62
991,200,ACC,SVM,0.09663811322513283,0.6533618867748672,0.75
992,200,ACC,SVM,0.11634647412529986,0.6736535258747002,0.79
993,200,ACC,SVM,0.027383285228290533,0.23738328522829052,0.21
994,200,ACC,SVM,0.1753257372758844,0.7446742627241156,0.92
995,200,ACC,SVM,0.010372586001578865,0.44537258600157886,0.435
996,200,ACC,SVM,0.06280466962446496,0.572195330375535,0.635
997,200,ACC,SVM,0.12577927017920898,0.12577927017920898,0.0
998,200,ACC,SVM,0.18445081997638524,0.8055491800236148,0.99
999,200,ACC,SVM,0.058841480727455486,0.3388414807274555,0.28
1000,200,ACC,SVM,0.09114381905400026,0.15114381905400026,0.06
1001,200,ACC,SVM,0.004554504223462874,0.45044549577653714,0.455
1002,200,ACC,SVM,0.10223746567837402,0.22723746567837402,0.125
1003,200,ACC,SVM,0.09245619500324878,0.24245619500324878,0.15
1004,200,ACC,SVM,0.07302339894933962,0.5569766010506604,0.63
1005,200,ACC,SVM,0.010575241072878439,0.3794247589271216,0.39
1006,200,ACC,SVM,0.0941591808765524,0.8258408191234476,0.92
1007,200,ACC,SVM,0.06442475892712157,0.3794247589271216,0.315
1008,200,ACC,SVM,0.06149229367521636,0.6635077063247836,0.725
1009,200,ACC,SVM,0.02477323354833766,0.43522676645166236,0.46
1010,200,ACC,SVM,0.0067110230000910764,0.648288976999909,0.655
1011,200,ACC,SVM,0.043096308724297816,0.5519036912757022,0.595
1012,200,ACC,SVM,0.03477323354833761,0.43522676645166236,0.47
1013,200,ACC,SVM,0.179961188401093,0.770038811598907,0.95
1014,200,ACC,SVM,0.06986221757687106,0.4098622175768711,0.34
1015,200,ACC,SVM,0.07760201455316529,0.2526020145531653,0.175
1016,200,ACC,SVM,0.13831503804917267,0.5366849619508274,0.675
1017,200,ACC,SVM,0.15612774480042513,0.6888722551995748,0.845
1018,200,ACC,SVM,0.11114381905400025,0.15114381905400026,0.04
1019,200,ACC,SVM,0.014846143323295924,0.4301538566767041,0.445
1020,200,ACC,SVM,0.09966954930126004,0.79033045069874,0.89
1021,200,ACC,SVM,0.05612774480042515,0.6888722551995748,0.745
1022,200,ACC,SVM,0.14894045155167757,0.8410595484483224,0.99
1023,200,ACC,SVM,0.06433577489858822,0.4656642251014118,0.53
1024,200,ACC,SVM,0.032075571874882414,0.6229244281251176,0.655
1025,200,ACC,SVM,0.07942475892712159,0.3794247589271216,0.3
1026,200,ACC,SVM,0.14959663952630176,0.7954033604736982,0.945
1027,200,ACC,SVM,0.0058668801727114195,0.35913311982728857,0.365
1028,200,ACC,SVM,0.05120065457538325,0.6837993454246167,0.735
1029,200,ACC,SVM,0.004789307801912779,0.4047893078019128,0.4
1030,200,ACC,SVM,0.023315038049172676,0.5366849619508274,0.56
1031,200,ACC,SVM,0.14787757939942314,0.5671224206005768,0.715
1032,200,ACC,SVM,0.024117045573713414,0.4808829544262866,0.505
1033,200,ACC,SVM,0.13496118840109306,0.770038811598907,0.905
1034,200,ACC,SVM,0.015283601973045347,0.39971639802695463,0.415
1035,200,ACC,SVM,0.05758594029959019,0.5874140597004098,0.645
1036,200,ACC,SVM,0.008987300277372046,0.34898730027737207,0.34
1037,200,ACC,SVM,0.009935127351829276,0.4149351273518293,0.405
1038,200,ACC,SVM,0.01999196287321242,0.4200080371267876,0.44
1039,200,ACC,SVM,0.07687291680358277,0.20187291680358277,0.125
1040,200,ACC,SVM,0.11694582657854102,0.20694582657854102,0.09
1041,200,ACC,SVM,0.07251303052463198,0.592486969475368,0.665
1042,200,ACC,SVM,0.05744012074967364,0.5975598792503264,0.655
1043,200,ACC,SVM,0.06751303052463198,0.592486969475368,0.66
1044,200,ACC,SVM,0.13107090927904197,0.14607090927904198,0.015
1045,200,ACC,SVM,0.029060210052330282,0.3540602100523303,0.325
1046,200,ACC,SVM,0.05760201455316527,0.2526020145531653,0.195
1047,200,ACC,SVM,0.11656520345017463,0.6584347965498254,0.775
1048,200,ACC,SVM,0.12039864705084258,0.7396013529491574,0.86
1049,200,ACC,SVM,0.05325820252778957,0.29825820252778956,0.245
1050,200,ACC,SVM,0.08265885007454843,0.5823411499254516,0.665
1051,200,ACC,SVM,0.12760201455316528,0.2526020145531653,0.125
1052,200,ACC,SVM,0.03340402207770604,0.30840402207770606,0.275
1053,200,ACC,SVM,0.06180000702862448,0.1968000070286245,0.135
1054,200,ACC,SVM,0.02333111230274776,0.3033311123027478,0.28
1055,200,ACC,SVM,0.026783932775049424,0.6432160672249506,0.67
1056,200,ACC,SVM,0.13488827862613484,0.7751117213738652,0.91
1057,200,ACC,SVM,0.047529104778207015,0.24752910477820703,0.2
1058,200,ACC,SVM,0.01853376737404744,0.5214662326259526,0.54
1059,200,ACC,SVM,0.04663811322513278,0.6533618867748672,0.7
1060,200,ACC,SVM,0.13430500042646887,0.8156949995735311,0.95
1061,200,ACC,SVM,0.03780466962446494,0.572195330375535,0.61
1062,200,ACC,SVM,0.01789365365299833,0.27289365365299834,0.255
1063,200,ACC,SVM,0.03758594029959017,0.5874140597004098,0.625
1064,200,ACC,SVM,0.06449766870207985,0.38449766870207985,0.32
1065,200,ACC,SVM,0.19988827862613479,0.7751117213738652,0.975
1066,200,ACC,SVM,0.0003565117480036628,0.39464348825199635,0.395
1067,200,ACC,SVM,0.0367110230000911,0.648288976999909,0.685
1068,200,ACC,SVM,0.16665418747870803,0.18665418747870802,0.02
1069,200,ACC,SVM,0.03522676645166234,0.43522676645166236,0.4
1070,200,ACC,SVM,0.08974245907621825,0.7852575409237817,0.875
1071,200,ACC,SVM,0.06316921849925605,0.5468307815007439,0.61
1072,200,ACC,SVM,0.015518405551495362,0.45551840555149536,0.44
1073,200,ACC,SVM,0.12437791020142708,0.810622089798573,0.935
1074,200,ACC,SVM,0.16620065457538324,0.6837993454246167,0.85
1075,200,ACC,SVM,0.00869566117753906,0.32869566117753907,0.32
1076,200,ACC,SVM,0.02360667714900566,0.5163933228509944,0.54
1077,200,ACC,SVM,0.049773233548337625,0.43522676645166236,0.485
1078,200,ACC,SVM,0.042585940299590175,0.5874140597004098,0.63
1079,200,ACC,SVM,0.07478930780191279,0.4047893078019128,0.33
1080,200,ACC,SVM,0.0024561950032487845,0.24245619500324878,0.24
1081,200,ACC,SVM,0.11966954930126006,0.79033045069874,0.91
1082,200,ACC,SVM,0.12966954930126007,0.79033045069874,0.92
1083,200,ACC,SVM,0.10547155682580078,0.7345284431741992,0.84
1084,200,ACC,SVM,0.18974245907621823,0.7852575409237817,0.975
1085,200,ACC,SVM,0.051127744800425146,0.6888722551995748,0.74
1086,200,ACC,SVM,0.08634647412529983,0.6736535258747002,0.76
1087,200,ACC,SVM,0.09141938390025806,0.668580616099742,0.76
1088,200,ACC,SVM,0.0008829544262866085,0.4808829544262866,0.48
1089,200,ACC,SVM,0.034991962873212434,0.4200080371267876,0.455
1090,200,ACC,SVM,0.04303947320291479,0.2830394732029148,0.24
1091,200,ACC,SVM,0.05765885007454841,0.5823411499254516,0.64
1092,200,ACC,SVM,0.03354984162762259,0.31854984162762257,0.285
1093,200,ACC,SVM,0.07369566117753906,0.32869566117753907,0.255
1094,200,ACC,SVM,0.03309630872429781,0.5519036912757022,0.585
1095,200,ACC,SVM,0.015008037126787555,0.4200080371267876,0.405
1096,200,ACC,SVM,0.03760201455316528,0.2526020145531653,0.215
1097,200,ACC,SVM,0.06525282750092598,0.749747172499074,0.815
1098,200,ACC,SVM,0.2218568425500076,0.6381431574499924,0.86
1099,200,ACC,SVM,0.04701873635349926,0.21201873635349927,0.165
1100,200,ACC,SVM,0.14614381905400026,0.15114381905400026,0.005
1101,200,ACC,SVM,0.003841480727455493,0.3388414807274555,0.335
1102,200,ACC,SVM,0.15685684255000765,0.6381431574499924,0.795
1103,200,ACC,SVM,0.13090901547555034,0.7040909845244496,0.835
1104,200,ACC,SVM,0.07194582657854101,0.20694582657854102,0.135
1105,200,ACC,SVM,0.09634647412529984,0.6736535258747002,0.77
1106,200,ACC,SVM,0.07672709725366626,0.19172709725366627,0.115
1107,200,ACC,SVM,0.030008037126787568,0.4200080371267876,0.39
1108,200,ACC,SVM,0.16408627110159413,0.8309137288984059,0.995
1109,200,ACC,SVM,0.02201873635349927,0.21201873635349927,0.19
1110,200,ACC,SVM,0.138112382977873,0.288112382977873,0.15
1111,200,ACC,SVM,0.030445495776537157,0.45044549577653714,0.42
1112,200,ACC,SVM,0.07831503804917261,0.5366849619508274,0.615
1113,200,ACC,SVM,0.18532573727588442,0.7446742627241156,0.93
1114,200,ACC,SVM,0.15415918087655234,0.8258408191234476,0.98
1115,200,ACC,SVM,0.10643545815383323,0.17143545815383324,0.065
1116,200,ACC,SVM,0.07194582657854101,0.20694582657854102,0.135
1117,200,ACC,SVM,0.11127356435034164,0.6787264356496584,0.79
1118,200,ACC,SVM,0.053622751402580826,0.32362275140258084,0.27
1119,200,ACC,SVM,0.14547155682580082,0.7345284431741992,0.88
1120,200,ACC,SVM,0.07765885007454842,0.5823411499254516,0.66
1121,200,ACC,SVM,0.08680000702862449,0.1968000070286245,0.11
1122,200,ACC,SVM,0.12083610570059211,0.7091638942994078,0.83
1123,200,ACC,SVM,0.057310375453332285,0.23231037545333227,0.175
1124,200,ACC,SVM,0.03551840555149538,0.45551840555149536,0.42
1125,200,ACC,SVM,0.023460857599089224,0.5265391424009108,0.55
1126,200,ACC,SVM,0.01404413579875513,0.48595586420124487,0.5
1127,200,ACC,SVM,0.08744012074967367,0.5975598792503264,0.685
1128,200,ACC,SVM,0.04736721097471541,0.6026327890252846,0.65
1129,200,ACC,SVM,0.18952372975134346,0.8004762702486565,0.99
1130,200,ACC,SVM,0.1793050004264689,0.8156949995735311,0.995
1131,200,ACC,SVM,0.029044135798755144,0.48595586420124487,0.515
1132,200,ACC,SVM,0.08150836792879151,0.17650836792879152,0.095
1133,200,ACC,SVM,0.08685684255000758,0.6381431574499924,0.725
1134,200,ACC,SVM,0.14915918087655233,0.8258408191234476,0.975
1135,200,ACC,SVM,0.02384148072745551,0.3388414807274555,0.315
1136,200,ACC,SVM,0.029846143323295937,0.4301538566767041,0.46
1137,200,ACC,SVM,0.045664225101411826,0.4656642251014118,0.42
1138,200,ACC,SVM,0.09099799950408373,0.14099799950408373,0.05
1139,200,ACC,SVM,0.11809630872429788,0.5519036912757022,0.67
1140,200,ACC,SVM,0.02130433882246091,0.32869566117753907,0.35
1141,200,ACC,SVM,0.10627356435034163,0.6787264356496584,0.785
1142,200,ACC,SVM,0.11069028615067555,0.7193097138493244,0.83
1143,200,ACC,SVM,0.09561737637571732,0.7243826236242826,0.82
1144,200,ACC,SVM,0.0051377824231289,0.4098622175768711,0.415
1145,200,ACC,SVM,0.023914390502413785,0.3439143905024138,0.32
1146,200,ACC,SVM,0.06120065457538326,0.6837993454246167,0.745
1147,200,ACC,SVM,0.09590901547555042,0.7040909845244496,0.8
1148,200,ACC,SVM,0.00610168375116138,0.49610168375116137,0.49
1149,200,ACC,SVM,0.14532573727588438,0.7446742627241156,0.89
1150,200,ACC,SVM,0.10752910477820701,0.24752910477820703,0.14
1151,200,ACC,SVM,0.12017991772596781,0.7548200822740322,0.875
1152,200,ACC,SVM,0.07643545815383324,0.17143545815383324,0.095
1153,200,ACC,SVM,0.062018736353499276,0.21201873635349927,0.15
1154,200,ACC,SVM,0.00853376737404743,0.5214662326259526,0.53
1155,200,ACC,SVM,0.11150836792879151,0.17650836792879152,0.065
1156,200,ACC,SVM,0.07577927017920898,0.12577927017920898,0.05
1157,200,ACC,SVM,0.11056054085433421,0.11056054085433421,0.0
1158,200,ACC,SVM,0.020064872648170695,0.4149351273518293,0.435
1159,200,ACC,SVM,0.09634647412529984,0.6736535258747002,0.77
1160,200,ACC,SVM,0.12114381905400026,0.15114381905400026,0.03
1161,200,ACC,SVM,0.037221391424798966,0.6127786085752011,0.65
1162,200,ACC,SVM,0.14127356435034155,0.6787264356496584,0.82
1163,200,ACC,SVM,0.08760201455316527,0.2526020145531653,0.165
1164,200,ACC,SVM,0.05687291680358278,0.20187291680358277,0.145
1165,200,ACC,SVM,0.12039864705084258,0.7396013529491574,0.86
1166,200,ACC,SVM,0.12605483502546688,0.6939451649745331,0.82
1167,200,ACC,SVM,0.03889831624883866,0.49610168375116137,0.535
1168,200,ACC,SVM,0.06525282750092598,0.749747172499074,0.815
1169,200,ACC,SVM,0.1068000070286245,0.1968000070286245,0.09
1170,200,ACC,SVM,0.010575241072878439,0.3794247589271216,0.39
1171,200,ACC,SVM,0.12222139142479893,0.6127786085752011,0.735
1172,200,ACC,SVM,0.033112382977873,0.288112382977873,0.255
1173,200,ACC,SVM,0.11692975232496583,0.6330702476750342,0.75
1174,200,ACC,SVM,0.06477323354833764,0.43522676645166236,0.5
1175,200,ACC,SVM,0.10171102300009105,0.648288976999909,0.75
1176,200,ACC,SVM,0.0005913153264536231,0.46059131532645364,0.46
1177,200,ACC,SVM,0.00935184915216336,0.37435184915216335,0.365
1178,200,ACC,SVM,0.06803947320291479,0.2830394732029148,0.215
1179,200,ACC,SVM,0.06789365365299835,0.27289365365299834,0.205
1180,200,ACC,SVM,0.0712735643503416,0.6787264356496584,0.75
1181,200,ACC,SVM,0.07672709725366626,0.19172709725366627,0.115
1182,200,ACC,SVM,0.08643545815383323,0.17143545815383324,0.085
1183,200,ACC,SVM,0.062383285228290536,0.23738328522829052,0.175
1184,200,ACC,SVM,0.08267492432812357,0.25767492432812356,0.175
1185,200,ACC,SVM,0.09561737637571732,0.7243826236242826,0.82
1186,200,ACC,SVM,0.014862217576871062,0.4098622175768711,0.395
1187,200,ACC,SVM,0.16923209065151057,0.8207679093484894,0.99
1188,200,ACC,SVM,0.06687291680358276,0.20187291680358277,0.135
1189,200,ACC,SVM,0.09809630872429786,0.5519036912757022,0.65
1190,200,ACC,SVM,0.005445495776537135,0.45044549577653714,0.445
1191,200,ACC,SVM,0.06044549577653713,0.45044549577653714,0.39
1192,200,ACC,SVM,0.11003409817605136,0.7649659018239486,0.875
1193,200,ACC,SVM,0.164377910201427,0.810622089798573,0.975
1194,200,ACC,SVM,0.08474245907621825,0.7852575409237817,0.87
1195,200,ACC,SVM,0.08289365365299833,0.27289365365299834,0.19
1196,200,ACC,SVM,0.06303947320291478,0.2830394732029148,0.22
1197,200,ACC,SVM,0.047294301199757194,0.6077056988002428,0.655
1198,200,ACC,SVM,0.04876857095249737,0.33376857095249735,0.285
1199,200,ACC,SVM,0.07663811322513281,0.6533618867748672,0.73
1200,200,ACC,SVM,0.05367958692396391,0.511320413076036,0.565
1201,200,ACC,SVM,0.028533767374047447,0.5214662326259526,0.55
1202,200,ACC,SVM,0.12598192525050866,0.6990180747494913,0.825
1203,200,ACC,SVM,0.08200266209992413,0.6279973379000758,0.71
1204,200,ACC,SVM,0.10077927017920899,0.12577927017920898,0.025
1205,200,ACC,SVM,0.06556054085433421,0.11056054085433421,0.045
1206,200,ACC,SVM,0.012585940299590148,0.5874140597004098,0.6
1207,200,ACC,SVM,0.004117045573713396,0.4808829544262866,0.485
1208,200,ACC,SVM,0.028112382977872996,0.288112382977873,0.26
1209,200,ACC,SVM,0.02022676645166238,0.43522676645166236,0.415
1210,200,ACC,SVM,0.09149229367521639,0.6635077063247836,0.755
1211,200,ACC,SVM,0.1361277448004251,0.6888722551995748,0.825
1212,200,ACC,SVM,0.038533767374047456,0.5214662326259526,0.56
1213,200,ACC,SVM,0.015721060622794936,0.3692789393772051,0.385
1214,200,ACC,SVM,0.08406021005233028,0.3540602100523303,0.27
1215,200,ACC,SVM,0.059408684673546375,0.46059131532645364,0.52
1216,200,ACC,SVM,0.028841480727455515,0.3388414807274555,0.31
1217,200,ACC,SVM,0.09433577489858824,0.4656642251014118,0.56
1218,200,ACC,SVM,0.07236721097471543,0.6026327890252846,0.675
1219,200,ACC,SVM,0.12165418747870801,0.18665418747870802,0.065
1220,200,ACC,SVM,0.09026890175450121,0.09026890175450121,0.0
1221,200,ACC,SVM,0.06796656342795651,0.2779665634279565,0.21
1222,200,ACC,SVM,0.1706902861506756,0.7193097138493244,0.89
1223,200,ACC,SVM,0.06265885007454841,0.5823411499254516,0.645
1224,200,ACC,SVM,0.05723746567837401,0.22723746567837402,0.17
1225,200,ACC,SVM,0.1098153688511766,0.7801846311488234,0.89
1226,200,ACC,SVM,0.039919053098254165,0.42508094690174586,0.465
1227,200,ACC,SVM,0.004262865123629889,0.4707371348763701,0.475
1228,200,ACC,SVM,0.12437791020142708,0.810622089798573,0.935
1229,200,ACC,SVM,0.08599799950408374,0.14099799950408373,0.055
1230,200,ACC,SVM,0.07311238297787301,0.288112382977873,0.215
1231,200,ACC,SVM,0.058460857599089144,0.5265391424009108,0.585
1232,200,ACC,SVM,0.06267492432812355,0.25767492432812356,0.195
1233,200,ACC,SVM,0.07236721097471543,0.6026327890252846,0.675
1234,200,ACC,SVM,0.047674924328123564,0.25767492432812356,0.21
1235,200,ACC,SVM,0.07643545815383324,0.17143545815383324,0.095
1236,200,ACC,SVM,0.0881852927528313,0.2931852927528313,0.205
1237,200,ACC,SVM,8.037126787596716e-06,0.4200080371267876,0.42
1238,200,ACC,SVM,0.047164555903415784,0.22216455590341577,0.175
1239,200,ACC,SVM,0.08201873635349927,0.21201873635349927,0.13
1240,200,ACC,SVM,0.09503409817605135,0.7649659018239486,0.86
1241,200,ACC,SVM,0.0847893078019128,0.4047893078019128,0.32
1242,200,ACC,SVM,0.014351849152163365,0.37435184915216335,0.36
1243,200,ACC,SVM,0.07077927017920899,0.12577927017920898,0.055
1244,200,ACC,SVM,0.01615851927254447,0.3388414807274555,0.355
1245,200,ACC,SVM,0.048404022077706055,0.30840402207770606,0.26
1246,200,ACC,SVM,0.08853376737404739,0.5214662326259526,0.61
1247,200,ACC,SVM,0.06282074387804007,0.26782074387804006,0.205
1248,200,ACC,SVM,0.17076319592563394,0.7142368040743661,0.885
1249,200,ACC,SVM,0.14988827862613485,0.7751117213738652,0.925
1250,200,ACC,SVM,0.11194582657854102,0.20694582657854102,0.095
1251,200,ACC,SVM,0.08672709725366627,0.19172709725366627,0.105
1252,200,ACC,SVM,0.06658127770374976,0.18158127770374977,0.115
1253,200,ACC,SVM,0.08338794782413084,0.5316120521758692,0.615
1254,200,ACC,SVM,0.12752910477820703,0.24752910477820703,0.12
1255,200,ACC,SVM,0.12054446660075913,0.7294555333992409,0.85
1256,200,ACC,SVM,0.06620065457538327,0.6837993454246167,0.75
1257,200,ACC,SVM,0.10076319592563387,0.7142368040743661,0.815
1258,200,ACC,SVM,0.03904413579875515,0.48595586420124487,0.525
1259,200,ACC,SVM,0.1387217222268028,0.8562782777731972,0.995
1260,200,ACC,SVM,0.07056054085433422,0.11056054085433421,0.04
1261,200,ACC,SVM,0.02564815084783667,0.37435184915216335,0.4
1262,200,ACC,SVM,0.028987300277372063,0.34898730027737207,0.32
1263,200,ACC,SVM,0.15466954930125998,0.79033045069874,0.945
1264,200,ACC,SVM,0.02816921849925602,0.5468307815007439,0.575
1265,200,ACC,SVM,0.12627356435034165,0.6787264356496584,0.805
1266,200,ACC,SVM,0.06231037545333226,0.23231037545333227,0.17
1267,200,ACC,SVM,0.14915918087655233,0.8258408191234476,0.975
1268,200,ACC,SVM,0.019189955348671628,0.47581004465132837,0.495
1269,200,ACC,SVM,0.019262865123629902,0.4707371348763701,0.49
1270,200,ACC,SVM,0.15430500042646889,0.8156949995735311,0.97
1271,200,ACC,SVM,0.024789307801912797,0.4047893078019128,0.38
1272,200,ACC,SVM,0.030080946901745842,0.42508094690174586,0.395
1273,200,ACC,SVM,0.05853376737404736,0.5214662326259526,0.58
1274,200,ACC,SVM,0.08701873635349927,0.21201873635349927,0.125
1275,200,ACC,SVM,0.054351849152163345,0.37435184915216335,0.32
1276,200,ACC,SVM,0.09303947320291478,0.2830394732029148,0.19
1277,200,ACC,SVM,0.09172709725366626,0.19172709725366627,0.1
1278,200,ACC,SVM,0.07466954930126002,0.79033045069874,0.865
1279,200,ACC,SVM,0.05338794782413081,0.5316120521758692,0.585
1280,200,ACC,SVM,0.004133119827288589,0.35913311982728857,0.355
1281,200,ACC,SVM,0.040372586001578836,0.44537258600157886,0.405
1282,200,ACC,SVM,0.02551840555149537,0.45551840555149536,0.43
1283,200,ACC,SVM,0.05273175984950673,0.5772682401504933,0.63
1284,200,ACC,SVM,0.14481536885117663,0.7801846311488234,0.925
1285,200,ACC,SVM,0.15488827862613486,0.7751117213738652,0.93
1286,200,ACC,SVM,0.010575241072878439,0.3794247589271216,0.39
1287,200,ACC,SVM,0.0036956611775390558,0.32869566117753907,0.325
1288,200,ACC,SVM,0.02999196287321243,0.4200080371267876,0.45
1289,200,ACC,SVM,0.05875249669892202,0.5062475033010779,0.565
1290,200,ACC,SVM,0.014627413998421157,0.44537258600157886,0.46
1291,200,ACC,SVM,0.09802339894933965,0.5569766010506604,0.655
1292,200,ACC,SVM,0.01838794782413089,0.5316120521758692,0.55
1293,200,ACC,SVM,0.0014501583723774414,0.31854984162762257,0.32
1294,200,ACC,SVM,0.0344247589271216,0.3794247589271216,0.345
1295,200,ACC,SVM,0.010793970397753205,0.3642060296022468,0.375
1296,200,ACC,SVM,0.11187291680358277,0.20187291680358277,0.09
1297,200,ACC,SVM,0.062237465678374015,0.22723746567837402,0.165
1298,200,ACC,SVM,0.07171102300009102,0.648288976999909,0.72
1299,200,ACC,SVM,0.020793970397753214,0.3642060296022468,0.385
1300,200,ACC,SVM,0.10854984162762257,0.31854984162762257,0.21
1301,200,ACC,SVM,0.003023398949339673,0.5569766010506604,0.56
1302,200,ACC,SVM,0.10163811322513283,0.6533618867748672,0.755
1303,200,ACC,SVM,0.05847693185266428,0.3134769318526643,0.255
1304,200,ACC,SVM,0.054961188401092986,0.770038811598907,0.825
1305,200,ACC,SVM,0.17017991772596786,0.7548200822740322,0.925
1306,200,ACC,SVM,0.08367958692396393,0.511320413076036,0.595
1307,200,ACC,SVM,0.08265885007454843,0.5823411499254516,0.665
1308,200,ACC,SVM,0.09099799950408373,0.14099799950408373,0.05
1309,200,ACC,SVM,0.12423209065151053,0.8207679093484894,0.945
1310,200,ACC,SVM,0.05029967622662057,0.4402996762266206,0.39
1311,200,ACC,SVM,0.1347424590762183,0.7852575409237817,0.92
1312,200,ACC,SVM,0.023096308724297798,0.5519036912757022,0.575
1313,200,ACC,SVM,0.12577927017920898,0.12577927017920898,0.0
1314,200,ACC,SVM,0.10092508972912548,0.13592508972912548,0.035
1315,200,ACC,SVM,0.06722139142479899,0.6127786085752011,0.68
1316,200,ACC,SVM,0.06897122602379696,0.4910287739762031,0.56
1317,200,ACC,SVM,0.11092508972912549,0.13592508972912548,0.025
1318,200,ACC,SVM,0.08663811322513282,0.6533618867748672,0.74
1319,200,ACC,SVM,0.07996118840109301,0.770038811598907,0.85
1320,200,ACC,SVM,0.031539142400910825,0.5265391424009108,0.495
1321,200,ACC,SVM,0.00948159444850466,0.45551840555149536,0.465
1322,200,ACC,SVM,0.12585217995416725,0.13085217995416726,0.005
1323,200,ACC,SVM,0.0809090154755504,0.7040909845244496,0.785
1324,200,ACC,SVM,0.06464348825199634,0.39464348825199635,0.33
1325,200,ACC,SVM,0.06437791020142702,0.810622089798573,0.875
1326,200,ACC,SVM,0.0007210606227949223,0.3692789393772051,0.37
1327,200,ACC,SVM,0.02831503804917257,0.5366849619508274,0.565
1328,200,ACC,SVM,0.06376857095249733,0.33376857095249735,0.27
1329,200,ACC,SVM,0.09767492432812355,0.25767492432812356,0.16
1330,200,ACC,SVM,0.11156520345017462,0.6584347965498254,0.77
1331,200,ACC,SVM,0.003971226023796903,0.4910287739762031,0.495
1332,200,ACC,SVM,0.028752496698922103,0.5062475033010779,0.535
1333,200,ACC,SVM,0.154377910201427,0.810622089798573,0.965
1334,200,ACC,SVM,0.1544508199763852,0.8055491800236148,0.96
1335,200,ACC,SVM,0.08496118840109301,0.770038811598907,0.855
1336,200,ACC,SVM,0.11325820252778956,0.29825820252778956,0.185
1337,200,ACC,SVM,0.03302339894933959,0.5569766010506604,0.59
1338,200,ACC,SVM,0.14554446660075915,0.7294555333992409,0.875
1339,200,ACC,SVM,0.0007210606227949223,0.3692789393772051,0.37
1340,200,ACC,SVM,0.10187291680358276,0.20187291680358277,0.1
1341,200,ACC,SVM,0.11098192525050876,0.6990180747494913,0.81
1342,200,ACC,SVM,0.0599919628732124,0.4200080371267876,0.48
1343,200,ACC,SVM,0.04360667714900568,0.5163933228509944,0.56
1344,200,ACC,SVM,0.1287946320017611,0.8512053679982389,0.98
1345,200,ACC,SVM,0.0683150380491726,0.5366849619508274,0.605
1346,200,ACC,SVM,0.05581004465132838,0.47581004465132837,0.42
1347,200,ACC,SVM,0.014424758927121584,0.3794247589271216,0.365
1348,200,ACC,SVM,0.07615851927254447,0.3388414807274555,0.415
1349,200,ACC,SVM,0.09701873635349927,0.21201873635349927,0.115
1350,200,ACC,SVM,0.11634647412529986,0.6736535258747002,0.79
1351,200,ACC,SVM,0.1613464741252998,0.6736535258747002,0.835
1352,200,ACC,SVM,0.05376857095249732,0.33376857095249735,0.28
1353,200,ACC,SVM,0.033768570952497357,0.33376857095249735,0.3
1354,200,ACC,SVM,0.17605483502546693,0.6939451649745331,0.87
1355,200,ACC,SVM,0.11592508972912548,0.13592508972912548,0.02
1356,200,ACC,SVM,0.01375249669892209,0.5062475033010779,0.52
1357,200,ACC,SVM,0.0005913153264536231,0.46059131532645364,0.46
1358,200,ACC,SVM,0.04678393277504933,0.6432160672249506,0.69
1359,200,ACC,SVM,0.07738328522829052,0.23738328522829052,0.16
1360,200,ACC,SVM,0.06744012074967365,0.5975598792503264,0.665
1361,200,ACC,SVM,0.0006481508478366482,0.37435184915216335,0.375
1362,200,ACC,SVM,0.05802339894933961,0.5569766010506604,0.615
1363,200,ACC,SVM,0.12636254837887498,0.16636254837887499,0.04
1364,200,ACC,SVM,0.02477323354833766,0.43522676645166236,0.46
1365,200,ACC,SVM,0.06448159444850465,0.45551840555149536,0.52
1366,200,ACC,SVM,0.08318529275283129,0.2931852927528313,0.21
1367,200,ACC,SVM,0.09731037545333227,0.23231037545333227,0.135
1368,200,ACC,SVM,0.08789365365299834,0.27289365365299834,0.185
1369,200,ACC,SVM,0.006231429047502679,0.33376857095249735,0.34
1370,200,ACC,SVM,0.08150836792879151,0.17650836792879152,0.095
1371,200,ACC,SVM,0.1597424590762182,0.7852575409237817,0.945
1372,200,ACC,SVM,0.009862217576871057,0.4098622175768711,0.4
1373,200,ACC,SVM,0.05525282750092608,0.749747172499074,0.805
1374,200,ACC,SVM,0.18981536885117656,0.7801846311488234,0.97
1375,200,ACC,SVM,0.10158127770374976,0.18158127770374977,0.08
1376,200,ACC,SVM,0.04229430119975719,0.6077056988002428,0.65
1377,200,ACC,SVM,0.14054446660075914,0.7294555333992409,0.87
1378,200,ACC,SVM,0.10853376737404741,0.5214662326259526,0.63
1379,200,ACC,SVM,0.020210692198087188,0.4047893078019128,0.425
1380,200,ACC,SVM,0.01537258600157887,0.44537258600157886,0.43
1381,200,ACC,SVM,0.08570636040425073,0.12070636040425073,0.035
1382,200,ACC,SVM,0.08970032377337944,0.4402996762266206,0.53
1383,200,ACC,SVM,0.118502992901928,0.871497007098072,0.99
1384,200,ACC,SVM,0.15452372975134343,0.8004762702486565,0.955
1385,200,ACC,SVM,0.13143545815383323,0.17143545815383324,0.04
1386,200,ACC,SVM,0.046565203450174564,0.6584347965498254,0.705
1387,200,ACC,SVM,0.033768570952497357,0.33376857095249735,0.3
1388,200,ACC,SVM,0.17054446660075917,0.7294555333992409,0.9
1389,200,ACC,SVM,0.11628963860391676,0.16128963860391676,0.045
1390,200,ACC,SVM,0.17003409817605142,0.7649659018239486,0.935
1391,200,ACC,SVM,0.12583610570059212,0.7091638942994078,0.835
1392,200,ACC,SVM,0.07165418747870801,0.18665418747870802,0.115
1393,200,ACC,SVM,0.09614381905400027,0.15114381905400026,0.055
1394,200,ACC,SVM,0.08532573727588433,0.7446742627241156,0.83
1395,200,ACC,SVM,0.07223746567837402,0.22723746567837402,0.155
1396,200,ACC,SVM,0.033898316248838656,0.49610168375116137,0.53
1397,200,ACC,SVM,0.14496118840109307,0.770038811598907,0.915
1398,200,ACC,SVM,0.02831503804917257,0.5366849619508274,0.565
1399,200,ACC,SVM,0.040226766451662344,0.43522676645166236,0.395
1400,200,ACC,SVM,0.015591315326453636,0.46059131532645364,0.445
1401,200,ACC,SVM,0.055633450629292466,0.11563345062929246,0.06
1402,200,ACC,SVM,0.12394045155167754,0.8410595484483224,0.965
1403,200,ACC,SVM,0.059278939377205075,0.3692789393772051,0.31
1404,200,ACC,SVM,0.042237465678374025,0.22723746567837402,0.185
1405,200,ACC,SVM,0.03862275140258087,0.32362275140258084,0.285
1406,200,ACC,SVM,0.19503409817605133,0.7649659018239486,0.96
1407,200,ACC,SVM,0.050997999504083735,0.14099799950408373,0.09
1408,200,ACC,SVM,0.10510700795100958,0.7598929920489904,0.865
1409,200,ACC,SVM,0.08207557187488235,0.6229244281251176,0.705
1410,200,ACC,SVM,0.11576319592563389,0.7142368040743661,0.83
1411,200,ACC,SVM,0.1440862711015941,0.8309137288984059,0.975
1412,200,ACC,SVM,0.09532573727588434,0.7446742627241156,0.84
1413,200,ACC,SVM,0.18517991772596776,0.7548200822740322,0.94
1414,200,ACC,SVM,0.06672709725366627,0.19172709725366627,0.125
1415,200,ACC,SVM,0.09598192525050875,0.6990180747494913,0.795
1416,200,ACC,SVM,0.05397122602379695,0.4910287739762031,0.545
1417,200,ACC,SVM,0.03882540647388044,0.5011745935261196,0.54
1418,200,ACC,SVM,0.14525282750092605,0.749747172499074,0.895
1419,200,ACC,SVM,0.15430500042646889,0.8156949995735311,0.97
1420,200,ACC,SVM,0.09736721097471535,0.6026327890252846,0.7
1421,200,ACC,SVM,0.06506487264817068,0.4149351273518293,0.48
1422,200,ACC,SVM,0.05528360197304538,0.39971639802695463,0.455
1423,200,ACC,SVM,0.010648150847836657,0.37435184915216335,0.385
1424,200,ACC,SVM,0.005939789947669694,0.3540602100523303,0.36
1425,200,ACC,SVM,0.014789307801912788,0.4047893078019128,0.39
1426,200,ACC,SVM,0.10165418747870801,0.18665418747870802,0.085
1427,200,ACC,SVM,0.11165418747870802,0.18665418747870802,0.075
1428,200,ACC,SVM,0.08612774480042518,0.6888722551995748,0.775
1429,200,ACC,SVM,0.004700323773379422,0.4402996762266206,0.445
1430,200,ACC,SVM,0.13459663952630185,0.7954033604736982,0.93
1431,200,ACC,SVM,0.06316921849925605,0.5468307815007439,0.61
1432,200,ACC,SVM,0.1415083679287915,0.17650836792879152,0.035
1433,200,ACC,SVM,0.09252910477820703,0.24752910477820703,0.155
1434,200,ACC,SVM,0.06789365365299835,0.27289365365299834,0.205
1435,200,ACC,SVM,0.11872172222680277,0.8562782777731972,0.975
1436,200,ACC,SVM,0.05282074387804006,0.26782074387804006,0.215
1437,200,ACC,SVM,0.03411704557371342,0.4808829544262866,0.515
1438,200,ACC,SVM,0.13452372975134352,0.8004762702486565,0.935
1439,200,ACC,SVM,0.1440862711015941,0.8309137288984059,0.975
1440,200,ACC,SVM,0.03282074387804007,0.26782074387804006,0.235
1441,200,ACC,SVM,0.1518000070286245,0.1968000070286245,0.045
1442,200,ACC,SVM,0.09245619500324878,0.24245619500324878,0.15
1443,200,ACC,SVM,0.11650836792879152,0.17650836792879152,0.06
1444,200,ACC,SVM,0.11847693185266428,0.3134769318526643,0.195
1445,200,ACC,SVM,0.023242128274214346,0.5417578717257856,0.565
1446,200,ACC,SVM,0.15517991772596784,0.7548200822740322,0.91
1447,200,ACC,SVM,0.008460857599089211,0.5265391424009108,0.535
1448,200,ACC,SVM,0.06802339894933962,0.5569766010506604,0.625
1449,200,ACC,SVM,0.09825820252778955,0.29825820252778956,0.2
1450,200,ACC,SVM,0.05025282750092608,0.749747172499074,0.8
1451,200,ACC,SVM,0.017440120749673604,0.5975598792503264,0.615
1452,200,ACC,SVM,0.12039864705084258,0.7396013529491574,0.86
1453,200,ACC,SVM,0.15466954930125998,0.79033045069874,0.945
1454,200,ACC,SVM,0.0445705784770381,0.3895705784770381,0.345
1455,200,ACC,SVM,0.045925089729125484,0.13592508972912548,0.09
1456,200,ACC,SVM,0.04789365365299833,0.27289365365299834,0.225
1457,200,ACC,SVM,0.035283601973045364,0.39971639802695463,0.435
1458,200,ACC,SVM,0.15466954930125998,0.79033045069874,0.945
1459,200,ACC,SVM,0.009497668702079853,0.38449766870207985,0.375
1460,200,ACC,SVM,0.08620065457538328,0.6837993454246167,0.77
1461,200,ACC,SVM,0.028679586923963996,0.511320413076036,0.54
1462,200,ACC,SVM,0.11825820252778957,0.29825820252778956,0.18
1463,200,ACC,SVM,0.023914390502413785,0.3439143905024138,0.32
1464,200,ACC,SVM,0.037221391424798966,0.6127786085752011,0.65
1465,200,ACC,SVM,0.06229430119975721,0.6077056988002428,0.67
1466,200,ACC,SVM,0.045810044651328374,0.47581004465132837,0.43
1467,200,ACC,SVM,0.03774783410308177,0.2627478341030818,0.225
1468,200,ACC,SVM,0.06156520345017458,0.6584347965498254,0.72
1469,200,ACC,SVM,0.04701873635349926,0.21201873635349927,0.165
1470,200,ACC,SVM,0.13959663952630186,0.7954033604736982,0.935
1471,200,ACC,SVM,0.07774783410308178,0.2627478341030818,0.185
1472,200,ACC,SVM,0.10194582657854102,0.20694582657854102,0.105
1473,200,ACC,SVM,0.024262865123629906,0.4707371348763701,0.495
1474,200,ACC,SVM,0.05948159444850465,0.45551840555149536,0.515
1475,200,ACC,SVM,0.04690369127570215,0.5519036912757022,0.505
1476,200,ACC,SVM,0.025591315326453645,0.46059131532645364,0.435
1477,200,ACC,SVM,0.2148882786261348,0.7751117213738652,0.99
1478,200,ACC,SVM,0.011101683751161384,0.49610168375116137,0.485
1479,200,ACC,SVM,0.005882954426286613,0.4808829544262866,0.475
1480,200,ACC,SVM,0.015210692198087183,0.4047893078019128,0.42
1481,200,ACC,SVM,0.08614381905400026,0.15114381905400026,0.065
1482,200,ACC,SVM,0.0736066771490056,0.5163933228509944,0.59
1483,200,ACC,SVM,0.063112382977873,0.288112382977873,0.225
1484,200,ACC,SVM,0.06280466962446496,0.572195330375535,0.635
1485,200,ACC,SVM,0.10114381905400026,0.15114381905400026,0.05
1486,200,ACC,SVM,0.15415918087655234,0.8258408191234476,0.98
1487,200,ACC,SVM,0.01962741399842116,0.44537258600157886,0.465
1488,200,ACC,SVM,0.08945081997638527,0.8055491800236148,0.895
1489,200,ACC,SVM,0.0008100446513283899,0.47581004465132837,0.475
1490,200,ACC,SVM,0.1368000070286245,0.1968000070286245,0.06
1491,200,ACC,SVM,0.1311277448004251,0.6888722551995748,0.82
1492,200,ACC,SVM,0.05758594029959019,0.5874140597004098,0.645
1493,200,ACC,SVM,0.16722139142479897,0.6127786085752011,0.78
1494,200,ACC,SVM,0.020210692198087188,0.4047893078019128,0.425
1495,200,ACC,SVM,0.03744012074967362,0.5975598792503264,0.635
1496,200,ACC,SVM,0.11539864705084257,0.7396013529491574,0.855
1497,200,ACC,SVM,0.06795048917438151,0.5620495108256185,0.63
1498,200,ACC,SVM,0.0242789393772051,0.3692789393772051,0.345
1499,200,ACC,SVM,0.062440120749673644,0.5975598792503264,0.66
1500,200,ACC,SVM,0.11302339894933966,0.5569766010506604,0.67
1501,200,ACC,SVM,0.16459663952630177,0.7954033604736982,0.96
1502,200,ACC,SVM,0.029716398026954638,0.39971639802695463,0.37
1503,200,ACC,SVM,0.020210692198087188,0.4047893078019128,0.425
1504,200,ACC,SVM,0.1414193839002581,0.668580616099742,0.81
1505,200,ACC,SVM,0.024117045573713414,0.4808829544262866,0.505
1506,200,ACC,SVM,0.08163811322513281,0.6533618867748672,0.735
1507,200,ACC,SVM,0.019773233548337654,0.43522676645166236,0.455
1508,200,ACC,SVM,0.07818529275283129,0.2931852927528313,0.215
1509,200,ACC,SVM,0.09163811322513282,0.6533618867748672,0.745
1510,200,ACC,SVM,0.07187291680358276,0.20187291680358277,0.13
1511,200,ACC,SVM,0.07789365365299833,0.27289365365299834,0.195
1512,200,ACC,SVM,0.05280466962446495,0.572195330375535,0.625
1513,200,ACC,SVM,0.11700266209992416,0.6279973379000758,0.745
1514,200,ACC,SVM,0.14025282750092605,0.749747172499074,0.89
1515,200,ACC,SVM,0.013039473202914764,0.2830394732029148,0.27
1516,200,ACC,SVM,0.08680000702862449,0.1968000070286245,0.11
1517,200,ACC,SVM,0.12408627110159409,0.8309137288984059,0.955
1518,200,ACC,SVM,0.08738328522829053,0.23738328522829052,0.15
1519,200,ACC,SVM,0.006872916803582763,0.20187291680358277,0.195
1520,200,ACC,SVM,0.0792789393772051,0.3692789393772051,0.29
1521,200,ACC,SVM,0.006612052175869132,0.5316120521758692,0.525
1522,200,ACC,SVM,0.15054446660075915,0.7294555333992409,0.88
1523,200,ACC,SVM,0.09649229367521639,0.6635077063247836,0.76
1524,200,ACC,SVM,0.10744012074967357,0.5975598792503264,0.705
1525,200,ACC,SVM,0.04209164612845753,0.21709164612845752,0.175
1526,200,ACC,SVM,0.006012699722627912,0.34898730027737207,0.355
1527,200,ACC,SVM,0.024554504223462836,0.45044549577653714,0.475
1528,200,ACC,SVM,0.12789365365299835,0.27289365365299834,0.145
1529,200,ACC,SVM,0.053622751402580826,0.32362275140258084,0.27
1530,200,ACC,SVM,0.03384148072745552,0.3388414807274555,0.305
1531,200,ACC,SVM,0.08701873635349927,0.21201873635349927,0.125
1532,200,ACC,SVM,0.06911704557371345,0.4808829544262866,0.55
1533,200,ACC,SVM,0.07192975232496579,0.6330702476750342,0.705
1534,200,ACC,SVM,0.11658127770374976,0.18158127770374977,0.065
1535,200,ACC,SVM,0.024481594448504618,0.45551840555149536,0.48
1536,200,ACC,SVM,0.08098192525050874,0.6990180747494913,0.78
1537,200,ACC,SVM,0.11192975232496583,0.6330702476750342,0.745
1538,200,ACC,SVM,0.1058361057005921,0.7091638942994078,0.815
1539,200,ACC,SVM,0.015591315326453636,0.46059131532645364,0.445
1540,200,ACC,SVM,0.11590901547555033,0.7040909845244496,0.82
1541,200,ACC,SVM,0.027820743878040066,0.26782074387804006,0.24
1542,200,ACC,SVM,0.009278939377205087,0.3692789393772051,0.36
1543,200,ACC,SVM,0.06745619500324879,0.24245619500324878,0.175
1544,200,ACC,SVM,0.014554504223462883,0.45044549577653714,0.465
1545,200,ACC,SVM,0.010575241072878439,0.3794247589271216,0.39
1546,200,ACC,SVM,0.0734769318526643,0.3134769318526643,0.24
1547,200,ACC,SVM,0.061127744800425154,0.6888722551995748,0.75
1548,200,ACC,SVM,0.006668887697252213,0.3033311123027478,0.31
1549,200,ACC,SVM,0.028258202527789544,0.29825820252778956,0.27
1550,200,ACC,SVM,0.06680000702862449,0.1968000070286245,0.13
1551,200,ACC,SVM,0.020518405551495367,0.45551840555149536,0.435
1552,200,ACC,SVM,0.08449766870207986,0.38449766870207985,0.3
1553,200,ACC,SVM,0.0058668801727114195,0.35913311982728857,0.365
1554,200,ACC,SVM,0.05311238297787302,0.288112382977873,0.235
1555,200,ACC,SVM,0.07112774480042516,0.6888722551995748,0.76
1556,200,ACC,SVM,0.11937791020142707,0.810622089798573,0.93
1557,200,ACC,SVM,0.024262865123629906,0.4707371348763701,0.495
1558,200,ACC,SVM,0.027221391424798957,0.6127786085752011,0.64
1559,200,ACC,SVM,0.16090901547555037,0.7040909845244496,0.865
1560,200,ACC,SVM,0.18437791020142702,0.810622089798573,0.995
1561,200,ACC,SVM,0.06316921849925605,0.5468307815007439,0.61
1562,200,ACC,SVM,0.15554446660075916,0.7294555333992409,0.885
1563,200,ACC,SVM,0.1806173763757174,0.7243826236242826,0.905
1564,200,ACC,SVM,0.17214848164984065,0.6178515183501594,0.79
1565,200,ACC,SVM,0.029846143323295937,0.4301538566767041,0.46
1566,200,ACC,SVM,0.10158127770374976,0.18158127770374977,0.08
1567,200,ACC,SVM,0.13107090927904197,0.14607090927904198,0.015
1568,200,ACC,SVM,0.044846143323295895,0.4301538566767041,0.475
1569,200,ACC,SVM,0.00610168375116138,0.49610168375116137,0.49
1570,200,ACC,SVM,0.0002106921980872256,0.4047893078019128,0.405
1571,200,ACC,SVM,0.03846085759908913,0.5265391424009108,0.565
1572,200,ACC,SVM,0.05897122602379695,0.4910287739762031,0.55
1573,200,ACC,SVM,0.13090901547555034,0.7040909845244496,0.835
1574,200,ACC,SVM,0.11209164612845753,0.21709164612845752,0.105
1575,200,ACC,SVM,0.09354984162762256,0.31854984162762257,0.225
1576,200,ACC,SVM,0.07069028615067563,0.7193097138493244,0.79
1577,200,ACC,SVM,0.12569028615067557,0.7193097138493244,0.845
1578,200,ACC,SVM,0.11343008312696978,0.8765699168730302,0.99
1579,200,ACC,SVM,0.16083610570059215,0.7091638942994078,0.87
1580,200,ACC,SVM,0.14032573727588438,0.7446742627241156,0.885
1581,200,ACC,SVM,0.049133119827288574,0.35913311982728857,0.31
1582,200,ACC,SVM,0.025080946901745838,0.42508094690174586,0.4
1583,200,ACC,SVM,0.03325820252778955,0.29825820252778956,0.265
1584,200,ACC,SVM,0.03280466962446493,0.572195330375535,0.605
1585,200,ACC,SVM,0.1497424590762183,0.7852575409237817,0.935
1586,200,ACC,SVM,0.0011585192725445115,0.3388414807274555,0.34
1587,200,ACC,SVM,0.06397122602379696,0.4910287739762031,0.555
1588,200,ACC,SVM,0.0083311123027478,0.3033311123027478,0.295
1589,200,ACC,SVM,0.08760201455316527,0.2526020145531653,0.165
1590,200,ACC,SVM,0.07282074387804005,0.26782074387804006,0.195
1591,200,ACC,SVM,0.11136254837887499,0.16636254837887499,0.055
1592,200,ACC,SVM,0.08872172222680275,0.8562782777731972,0.945
1593,200,ACC,SVM,0.04086688017271145,0.35913311982728857,0.4
1594,200,ACC,SVM,0.14620065457538323,0.6837993454246167,0.83
1595,200,ACC,SVM,0.07736721097471544,0.6026327890252846,0.68
1596,200,ACC,SVM,0.07782074387804006,0.26782074387804006,0.19
1597,200,ACC,SVM,0.02687291680358278,0.20187291680358277,0.175
1598,200,ACC,SVM,0.12112774480042521,0.6888722551995748,0.81
1599,200,ACC,SVM,0.08898730027737206,0.34898730027737207,0.26
1600,200,ACC,SVM,0.11966954930126006,0.79033045069874,0.91
1601,200,ACC,SVM,0.05680000702862448,0.1968000070286245,0.14
1602,200,ACC,SVM,0.08251303052463199,0.592486969475368,0.675
1603,200,ACC,SVM,0.1414193839002581,0.668580616099742,0.81
1604,200,ACC,SVM,0.0683311123027478,0.3033311123027478,0.235
1605,200,ACC,SVM,0.01818529275283126,0.2931852927528313,0.275
1606,200,ACC,SVM,0.17981536885117655,0.7801846311488234,0.96
1607,200,ACC,SVM,0.043331112302747776,0.3033311123027478,0.26
1608,200,ACC,SVM,0.010064872648170686,0.4149351273518293,0.425
1609,200,ACC,SVM,0.00015385667670408942,0.4301538566767041,0.43
1610,200,ACC,SVM,0.06347693185266429,0.3134769318526643,0.25
1611,200,ACC,SVM,0.1114922936752164,0.6635077063247836,0.775
1612,200,ACC,SVM,0.09634647412529984,0.6736535258747002,0.77
1613,200,ACC,SVM,0.024716398026954634,0.39971639802695463,0.375
1614,200,ACC,SVM,0.12076319592563389,0.7142368040743661,0.835
1615,200,ACC,SVM,0.09840402207770607,0.30840402207770606,0.21
1616,200,ACC,SVM,0.14607090927904198,0.14607090927904198,0.0
1617,200,ACC,SVM,0.06375249669892202,0.5062475033010779,0.57
1618,200,ACC,SVM,0.14894045155167757,0.8410595484483224,0.99
1619,200,ACC,SVM,0.07556054085433421,0.11056054085433421,0.035
1620,200,ACC,SVM,0.07296656342795652,0.2779665634279565,0.205
1621,200,ACC,SVM,0.008752496698922085,0.5062475033010779,0.515
1622,200,ACC,SVM,0.05017991772596786,0.7548200822740322,0.805
1623,200,ACC,SVM,0.10672709725366626,0.19172709725366627,0.085
1624,200,ACC,SVM,0.040226766451662344,0.43522676645166236,0.395
1625,200,ACC,SVM,0.1626588500745484,0.5823411499254516,0.745
1626,200,ACC,SVM,0.039862217576871084,0.4098622175768711,0.37
1627,200,ACC,SVM,0.08789365365299834,0.27289365365299834,0.185
1628,200,ACC,SVM,0.05252910477820702,0.24752910477820703,0.195
1629,200,ACC,SVM,0.004935127351829327,0.4149351273518293,0.41
1630,200,ACC,SVM,0.029627413998421115,0.44537258600157886,0.475
1631,200,ACC,SVM,0.12039864705084258,0.7396013529491574,0.86
1632,200,ACC,SVM,0.05765885007454841,0.5823411499254516,0.64
1633,200,ACC,SVM,0.07722139142479889,0.6127786085752011,0.69
1634,200,ACC,SVM,0.17445081997638523,0.8055491800236148,0.98
1635,200,ACC,SVM,0.010008037126787606,0.4200080371267876,0.41
1636,200,ACC,SVM,0.005356511748003667,0.39464348825199635,0.4
1637,200,ACC,SVM,0.17025282750092607,0.749747172499074,0.92
1638,200,ACC,SVM,0.01267492432812356,0.25767492432812356,0.245
1639,200,ACC,SVM,0.08685684255000758,0.6381431574499924,0.725
1640,200,ACC,SVM,0.09663811322513283,0.6533618867748672,0.75
1641,200,ACC,SVM,0.09165418747870802,0.18665418747870802,0.095
1642,200,ACC,SVM,0.020955864201244845,0.48595586420124487,0.465
1643,200,ACC,SVM,0.042456195003248764,0.24245619500324878,0.2
1644,200,ACC,SVM,0.07267492432812356,0.25767492432812356,0.185
1645,200,ACC,SVM,0.03999196287321244,0.4200080371267876,0.46
1646,200,ACC,SVM,0.0639873002773721,0.34898730027737207,0.285
1647,200,ACC,SVM,0.05032573727588441,0.7446742627241156,0.795
1648,200,ACC,SVM,0.12481536885117661,0.7801846311488234,0.905
1649,200,ACC,SVM,0.10098192525050875,0.6990180747494913,0.8
1650,200,ACC,SVM,0.02818529275283127,0.2931852927528313,0.265
1651,200,ACC,SVM,0.05869566117753905,0.32869566117753907,0.27
1652,200,ACC,SVM,0.08884148072745551,0.3388414807274555,0.25
1653,200,ACC,SVM,0.08209164612845751,0.21709164612845752,0.135
1654,200,ACC,SVM,0.15981536885117653,0.7801846311488234,0.94
1655,200,ACC,SVM,0.04086688017271145,0.35913311982728857,0.4
1656,200,ACC,SVM,0.04274783410308178,0.2627478341030818,0.22
1657,200,ACC,SVM,0.1307631959256339,0.7142368040743661,0.845
1658,200,ACC,SVM,0.04529967622662057,0.4402996762266206,0.395
1659,200,ACC,SVM,0.10092508972912548,0.13592508972912548,0.035
1660,200,ACC,SVM,0.10782074387804005,0.26782074387804006,0.16
1661,200,ACC,SVM,0.022221391424798953,0.6127786085752011,0.635
1662,200,ACC,SVM,0.07083610570059218,0.7091638942994078,0.78
1663,200,ACC,SVM,0.057820743878040065,0.26782074387804006,0.21
1664,200,ACC,SVM,0.13481536885117662,0.7801846311488234,0.915
1665,200,ACC,SVM,0.13069028615067557,0.7193097138493244,0.85
1666,200,ACC,SVM,0.13583610570059212,0.7091638942994078,0.845
1667,200,ACC,SVM,0.02760201455316527,0.2526020145531653,0.225
1668,200,ACC,SVM,0.10621672882895851,0.1562167288289585,0.05
1669,200,ACC,SVM,0.1101799177259678,0.7548200822740322,0.865
1670,200,ACC,SVM,0.028768570952497352,0.33376857095249735,0.305
1671,200,ACC,SVM,0.08338794782413084,0.5316120521758692,0.615
1672,200,ACC,SVM,0.07120065457538327,0.6837993454246167,0.755
1673,200,ACC,SVM,0.056581277703749766,0.18158127770374977,0.125
1674,200,ACC,SVM,0.12663811322513285,0.6533618867748672,0.78
1675,200,ACC,SVM,0.21569028615067565,0.7193097138493244,0.935
1676,200,ACC,SVM,0.06656520345017458,0.6584347965498254,0.725
1677,200,ACC,SVM,0.015518405551495362,0.45551840555149536,0.44
1678,200,ACC,SVM,0.10496118840109303,0.770038811598907,0.875
1679,200,ACC,SVM,0.001539142400910798,0.5265391424009108,0.525
1680,200,ACC,SVM,0.1018568425500076,0.6381431574499924,0.74
1681,200,ACC,SVM,0.08547155682580077,0.7345284431741992,0.82
1682,200,ACC,SVM,0.11192975232496583,0.6330702476750342,0.745
1683,200,ACC,SVM,0.02847693185266431,0.3134769318526643,0.285
1684,200,ACC,SVM,0.09194582657854102,0.20694582657854102,0.115
1685,200,ACC,SVM,0.05311238297787302,0.288112382977873,0.235
1686,200,ACC,SVM,0.044481594448504636,0.45551840555149536,0.5
1687,200,ACC,SVM,0.034262865123629915,0.4707371348763701,0.505
1688,200,ACC,SVM,0.05346085759908914,0.5265391424009108,0.58
1689,200,ACC,SVM,0.025008037126787563,0.4200080371267876,0.395
1690,200,ACC,SVM,0.09105483502546696,0.6939451649745331,0.785
1691,200,ACC,SVM,0.11966954930126006,0.79033045069874,0.91
1692,200,ACC,SVM,0.017747834103081783,0.2627478341030818,0.245
1693,200,ACC,SVM,0.06134647412529981,0.6736535258747002,0.735
1694,200,ACC,SVM,0.06222139142479899,0.6127786085752011,0.675
1695,200,ACC,SVM,0.023898316248838647,0.49610168375116137,0.52
1696,200,ACC,SVM,0.0929665634279565,0.2779665634279565,0.185
1697,200,ACC,SVM,0.07569028615067563,0.7193097138493244,0.795
1698,200,ACC,SVM,0.22547155682580078,0.7345284431741992,0.96
1699,200,ACC,SVM,0.09707557187488236,0.6229244281251176,0.72
1700,200,ACC,SVM,0.13481536885117662,0.7801846311488234,0.915
1701,200,ACC,SVM,0.13894045155167756,0.8410595484483224,0.98
1702,200,ACC,SVM,0.05478930780191282,0.4047893078019128,0.35
1703,200,ACC,SVM,0.022221391424798953,0.6127786085752011,0.635
1704,200,ACC,SVM,0.02970032377337939,0.4402996762266206,0.47
1705,200,ACC,SVM,0.13886754177671934,0.8461324582232806,0.985
1706,200,ACC,SVM,0.08650836792879152,0.17650836792879152,0.09
1707,200,ACC,SVM,0.010283601973045342,0.39971639802695463,0.41
1708,200,ACC,SVM,0.10496118840109303,0.770038811598907,0.875
1709,200,ACC,SVM,0.018258202527789535,0.29825820252778956,0.28
1710,200,ACC,SVM,0.16207557187488242,0.6229244281251176,0.785
1711,200,ACC,SVM,0.009570578477038072,0.3895705784770381,0.38
1712,200,ACC,SVM,0.1440862711015941,0.8309137288984059,0.975
1713,200,ACC,SVM,0.10996118840109304,0.770038811598907,0.88
1714,200,ACC,SVM,0.07435184915216336,0.37435184915216335,0.3
1715,200,ACC,SVM,0.1267839327750494,0.6432160672249506,0.77
1716,200,ACC,SVM,0.008914390502413772,0.3439143905024138,0.335
1717,200,ACC,SVM,0.04295048917438149,0.5620495108256185,0.605
1718,200,ACC,SVM,0.07265885007454842,0.5823411499254516,0.655
1719,200,ACC,SVM,0.1310548350254669,0.6939451649745331,0.825
1720,200,ACC,SVM,0.13114381905400027,0.15114381905400026,0.02
1721,200,ACC,SVM,0.07318529275283128,0.2931852927528313,0.22
1722,200,ACC,SVM,0.05663811322513279,0.6533618867748672,0.71
1723,200,ACC,SVM,0.038533767374047456,0.5214662326259526,0.56
1724,200,ACC,SVM,0.03440868467354635,0.46059131532645364,0.495
1725,200,ACC,SVM,0.13672709725366627,0.19172709725366627,0.055
1726,200,ACC,SVM,0.05471639802695466,0.39971639802695463,0.345
1727,200,ACC,SVM,0.14569028615067559,0.7193097138493244,0.865
1728,200,ACC,SVM,0.08563345062929247,0.11563345062929246,0.03
1729,200,ACC,SVM,0.020648150847836666,0.37435184915216335,0.395
1730,200,ACC,SVM,0.12930500042646886,0.8156949995735311,0.945
1731,200,ACC,SVM,0.07577927017920898,0.12577927017920898,0.05
1732,200,ACC,SVM,0.0865652034501746,0.6584347965498254,0.745
1733,200,ACC,SVM,0.06862275140258084,0.32362275140258084,0.255
1734,200,ACC,SVM,0.14569028615067559,0.7193097138493244,0.865
1735,200,ACC,SVM,0.05105483502546693,0.6939451649745331,0.745
1736,200,ACC,SVM,0.1453986470508426,0.7396013529491574,0.885
1737,200,ACC,SVM,0.07818529275283129,0.2931852927528313,0.215
1738,200,ACC,SVM,0.05418995534867166,0.47581004465132837,0.53
1739,200,ACC,SVM,0.10641938390025807,0.668580616099742,0.775
1740,200,ACC,SVM,0.002529104778207031,0.24752910477820703,0.245
1741,200,ACC,SVM,0.017529104778207016,0.24752910477820703,0.23
1742,200,ACC,SVM,0.12614381905400027,0.15114381905400026,0.025
1743,200,ACC,SVM,0.12408627110159409,0.8309137288984059,0.955
1744,200,ACC,SVM,0.09214848164984057,0.6178515183501594,0.71
1745,200,ACC,SVM,0.0526588500745484,0.5823411499254516,0.635
1746,200,ACC,SVM,0.05620065457538326,0.6837993454246167,0.74
1747,200,ACC,SVM,0.028825406473880433,0.5011745935261196,0.53
1748,200,ACC,SVM,0.010955864201244891,0.48595586420124487,0.475
1749,200,ACC,SVM,0.00037258600157885624,0.44537258600157886,0.445
1750,200,ACC,SVM,0.10838794782413086,0.5316120521758692,0.64
1751,200,ACC,SVM,0.10840402207770605,0.30840402207770606,0.2
1752,200,ACC,SVM,0.08959663952630181,0.7954033604736982,0.885
1753,200,ACC,SVM,0.11605483502546698,0.6939451649745331,0.81
1754,200,ACC,SVM,0.0010856094975861819,0.3439143905024138,0.345
1755,200,ACC,SVM,0.023096308724297798,0.5519036912757022,0.575
1756,200,ACC,SVM,0.12782074387804004,0.26782074387804006,0.14
1757,200,ACC,SVM,0.17966954930126,0.79033045069874,0.97
1758,200,ACC,SVM,0.12996118840109305,0.770038811598907,0.9
1759,200,ACC,SVM,0.08401336132663584,0.8359866386733642,0.92
1760,200,ACC,SVM,0.03174179747221045,0.29825820252778956,0.33
1761,200,ACC,SVM,0.04701873635349926,0.21201873635349927,0.165
1762,200,ACC,SVM,0.047674924328123564,0.25767492432812356,0.21
1763,200,ACC,SVM,0.06621672882895852,0.1562167288289585,0.09
1764,200,ACC,SVM,0.06665418747870802,0.18665418747870802,0.12
1765,200,ACC,SVM,0.15216455590341577,0.22216455590341577,0.07
1766,200,ACC,SVM,0.14901336132663578,0.8359866386733642,0.985
1767,200,ACC,SVM,0.12680000702862448,0.1968000070286245,0.07
1768,200,ACC,SVM,0.06172709725366626,0.19172709725366627,0.13
1769,200,ACC,SVM,0.16656520345017456,0.6584347965498254,0.825
1770,200,ACC,SVM,0.028096308724297803,0.5519036912757022,0.58
1771,200,ACC,SVM,0.03547155682580083,0.7345284431741992,0.77
1772,200,ACC,SVM,0.06287757939942318,0.5671224206005768,0.63
1773,200,ACC,SVM,0.12010700795100959,0.7598929920489904,0.88
1774,200,ACC,SVM,0.07295048917438152,0.5620495108256185,0.635
1775,200,ACC,SVM,0.06448159444850465,0.45551840555149536,0.52
1776,200,ACC,SVM,0.046492293675216345,0.6635077063247836,0.71
1777,200,ACC,SVM,0.024991962873212425,0.4200080371267876,0.445
1778,200,ACC,SVM,0.014133119827288598,0.35913311982728857,0.345
1779,200,ACC,SVM,0.00948159444850466,0.45551840555149536,0.465
1780,200,ACC,SVM,0.123112382977873,0.288112382977873,0.165
1781,200,ACC,SVM,0.1264193839002581,0.668580616099742,0.795
1782,200,ACC,SVM,0.043331112302747776,0.3033311123027478,0.26
1783,200,ACC,SVM,0.07723746567837403,0.22723746567837402,0.15
1784,200,ACC,SVM,0.05325820252778957,0.29825820252778956,0.245
1785,200,ACC,SVM,0.12069028615067556,0.7193097138493244,0.84
1786,200,ACC,SVM,0.013914390502413776,0.3439143905024138,0.33
1787,200,ACC,SVM,0.07729430119975722,0.6077056988002428,0.685
1788,200,ACC,SVM,0.1204715568258008,0.7345284431741992,0.855
1789,200,ACC,SVM,0.10658127770374977,0.18158127770374977,0.075
1790,200,ACC,SVM,0.08627356435034161,0.6787264356496584,0.765
1791,200,ACC,SVM,0.03384148072745552,0.3388414807274555,0.305
1792,200,ACC,SVM,0.04267492432812356,0.25767492432812356,0.215
1793,200,ACC,SVM,0.08744012074967367,0.5975598792503264,0.685
1794,200,ACC,SVM,0.12988827862613483,0.7751117213738652,0.905
1795,200,ACC,SVM,0.03876857095249736,0.33376857095249735,0.295
1796,200,ACC,SVM,0.08918995534867158,0.47581004465132837,0.565
1797,200,ACC,SVM,0.03354984162762259,0.31854984162762257,0.285
1798,200,ACC,SVM,0.05897122602379695,0.4910287739762031,0.55
1799,200,ACC,SVM,0.027513030524631943,0.592486969475368,0.62
1800,200,ACC,SVM,0.05809630872429783,0.5519036912757022,0.61
1801,200,ACC,SVM,0.05287757939942317,0.5671224206005768,0.62
1802,200,ACC,SVM,0.03643545815383323,0.17143545815383324,0.135
1803,200,ACC,SVM,0.06200266209992411,0.6279973379000758,0.69
1804,200,ACC,SVM,0.057221391424798984,0.6127786085752011,0.67
1805,200,ACC,SVM,0.041856842550007656,0.6381431574499924,0.68
1806,200,ACC,SVM,0.0862167288289585,0.1562167288289585,0.07
1807,200,ACC,SVM,0.005445495776537135,0.45044549577653714,0.445
1808,200,ACC,SVM,0.020502331297920173,0.38449766870207985,0.405
1809,200,ACC,SVM,0.0712167288289585,0.1562167288289585,0.085
1810,200,ACC,SVM,0.047820743878040056,0.26782074387804006,0.22
1811,200,ACC,SVM,0.0250648726481707,0.4149351273518293,0.44
1812,200,ACC,SVM,0.06127356435034159,0.6787264356496584,0.74
1813,200,ACC,SVM,0.0683311123027478,0.3033311123027478,0.235
1814,200,ACC,SVM,0.1310548350254669,0.6939451649745331,0.825
1815,200,ACC,SVM,0.023533767374047443,0.5214662326259526,0.545
1816,200,ACC,SVM,0.08127356435034161,0.6787264356496584,0.76
1817,200,ACC,SVM,0.05506487264817067,0.4149351273518293,0.47
1818,200,ACC,SVM,0.003971226023796903,0.4910287739762031,0.495
1819,200,ACC,SVM,0.08338794782413084,0.5316120521758692,0.615
1820,200,ACC,SVM,0.17525282750092608,0.749747172499074,0.925
1821,200,ACC,SVM,0.019262865123629902,0.4707371348763701,0.49
1822,200,ACC,SVM,0.13542942152296195,0.3895705784770381,0.525
1823,200,ACC,SVM,0.0836066771490056,0.5163933228509944,0.6
1824,200,ACC,SVM,0.06641938390025803,0.668580616099742,0.735
1825,200,ACC,SVM,0.04056054085433421,0.11056054085433421,0.07
1826,200,ACC,SVM,0.0036795869239639734,0.511320413076036,0.515
1827,200,ACC,SVM,0.0041899553486716146,0.47581004465132837,0.48
1828,200,ACC,SVM,0.1347424590762183,0.7852575409237817,0.92
1829,200,ACC,SVM,0.031466232625952606,0.5214662326259526,0.49
1830,200,ACC,SVM,0.014554504223462883,0.45044549577653714,0.465
1831,200,ACC,SVM,0.1544508199763852,0.8055491800236148,0.96
1832,200,ACC,SVM,0.009700323773379427,0.4402996762266206,0.45
1833,200,ACC,SVM,0.10811238297787301,0.288112382977873,0.18
1834,200,ACC,SVM,0.02745619500324878,0.24245619500324878,0.215
1835,200,ACC,SVM,0.06628963860391676,0.16128963860391676,0.095
1836,200,ACC,SVM,0.13085217995416726,0.13085217995416726,0.0
1837,200,ACC,SVM,0.010299676226620591,0.4402996762266206,0.43
1838,200,ACC,SVM,0.08120065457538328,0.6837993454246167,0.765
1839,200,ACC,SVM,0.11722139142479893,0.6127786085752011,0.73
1840,200,ACC,SVM,0.09070636040425073,0.12070636040425073,0.03
1841,200,ACC,SVM,0.04860667714900557,0.5163933228509944,0.565
1842,200,ACC,SVM,0.08738328522829053,0.23738328522829052,0.15
1843,200,ACC,SVM,0.14459663952630175,0.7954033604736982,0.94
1844,200,ACC,SVM,0.06731037545333227,0.23231037545333227,0.165
1845,200,ACC,SVM,0.027440120749673613,0.5975598792503264,0.625
1846,200,ACC,SVM,0.04427893937720506,0.3692789393772051,0.325
1847,200,ACC,SVM,0.07287757939942319,0.5671224206005768,0.64
1848,200,ACC,SVM,0.04551840555149539,0.45551840555149536,0.41
1849,200,ACC,SVM,0.0762735643503416,0.6787264356496584,0.755
1850,200,ACC,SVM,0.12406021005233028,0.3540602100523303,0.23
1851,200,ACC,SVM,0.12988827862613483,0.7751117213738652,0.905
1852,200,ACC,SVM,0.05462741399842114,0.44537258600157886,0.5
1853,200,ACC,SVM,0.10671102300009105,0.648288976999909,0.755
1854,200,ACC,SVM,0.14598192525050868,0.6990180747494913,0.845
1855,200,ACC,SVM,0.1793050004264689,0.8156949995735311,0.995
1856,200,ACC,SVM,0.08333111230274778,0.3033311123027478,0.22
1857,200,ACC,SVM,0.023404022077706088,0.30840402207770606,0.285
1858,200,ACC,SVM,0.06347693185266429,0.3134769318526643,0.25
1859,200,ACC,SVM,0.043331112302747776,0.3033311123027478,0.26
1860,200,ACC,SVM,0.03824212827421436,0.5417578717257856,0.58
1861,200,ACC,SVM,0.18952372975134346,0.8004762702486565,0.99
1862,200,ACC,SVM,0.10835717335201156,0.8816428266479884,0.99
1863,200,ACC,SVM,0.049189955348671655,0.47581004465132837,0.525
1864,200,ACC,SVM,0.06787757939942318,0.5671224206005768,0.635
1865,200,ACC,SVM,0.14583610570059213,0.7091638942994078,0.855
1866,200,ACC,SVM,0.1650340981760514,0.7649659018239486,0.93
1867,200,ACC,SVM,0.06782074387804005,0.26782074387804006,0.2
1868,200,ACC,SVM,0.07455450422346288,0.45044549577653714,0.525
1869,200,ACC,SVM,0.09039864705084255,0.7396013529491574,0.83
1870,200,ACC,SVM,0.04898730027737208,0.34898730027737207,0.3
1871,200,ACC,SVM,0.010372586001578865,0.44537258600157886,0.435
1872,200,ACC,SVM,0.13886754177671934,0.8461324582232806,0.985
1873,200,ACC,SVM,0.19466954930126001,0.79033045069874,0.985
1874,200,ACC,SVM,0.13496118840109306,0.770038811598907,0.905
1875,200,ACC,SVM,0.1112006545753833,0.6837993454246167,0.795
1876,200,ACC,SVM,0.03833111230274777,0.3033311123027478,0.265
1877,200,ACC,SVM,0.023914390502413785,0.3439143905024138,0.32
1878,200,ACC,SVM,0.07933577489858823,0.4656642251014118,0.545
1879,200,ACC,SVM,0.003023398949339673,0.5569766010506604,0.56
1880,200,ACC,SVM,0.06470032377337942,0.4402996762266206,0.505
1881,200,ACC,SVM,0.11353376737404741,0.5214662326259526,0.635
1882,200,ACC,SVM,0.050939789947669734,0.3540602100523303,0.405
1883,200,ACC,SVM,0.10178393277504938,0.6432160672249506,0.745
1884,200,ACC,SVM,0.013914390502413776,0.3439143905024138,0.33
1885,200,ACC,SVM,0.018987300277372055,0.34898730027737207,0.33
1886,200,ACC,SVM,0.08701873635349927,0.21201873635349927,0.125
1887,200,ACC,SVM,0.047310375453332276,0.23231037545333227,0.185
1888,200,ACC,SVM,0.16620065457538324,0.6837993454246167,0.85
1889,200,ACC,SVM,0.040210692198087206,0.4047893078019128,0.445
1890,200,ACC,SVM,0.04789365365299833,0.27289365365299834,0.225
1891,200,ACC,SVM,0.10163811322513283,0.6533618867748672,0.755
1892,200,ACC,SVM,0.01838794782413089,0.5316120521758692,0.55
1893,200,ACC,SVM,0.13621672882895852,0.1562167288289585,0.02
1894,200,ACC,SVM,0.018768570952497343,0.33376857095249735,0.315
1895,200,ACC,SVM,0.02687291680358278,0.20187291680358277,0.175
1896,200,ACC,SVM,0.09802339894933965,0.5569766010506604,0.655
1897,200,ACC,SVM,0.05876857095249732,0.33376857095249735,0.275
1898,200,ACC,SVM,0.12665418747870802,0.18665418747870802,0.06
1899,200,ACC,SVM,0.07070636040425073,0.12070636040425073,0.05
1900,200,ACC,SVM,0.017950489174381468,0.5620495108256185,0.58
1901,200,ACC,SVM,0.10577927017920898,0.12577927017920898,0.02
1902,200,ACC,SVM,0.1307631959256339,0.7142368040743661,0.845
1903,200,ACC,SVM,0.10267492432812356,0.25767492432812356,0.155
1904,200,ACC,SVM,0.017585940299590153,0.5874140597004098,0.605
1905,200,ACC,SVM,0.00029967622662058213,0.4402996762266206,0.44
1906,200,ACC,SVM,0.015518405551495362,0.45551840555149536,0.44
1907,200,ACC,SVM,0.10143545815383323,0.17143545815383324,0.07
1908,200,ACC,SVM,0.09590901547555042,0.7040909845244496,0.8
1909,200,ACC,SVM,0.14532573727588438,0.7446742627241156,0.89
1910,200,ACC,SVM,0.13099799950408372,0.14099799950408373,0.01
1911,200,ACC,SVM,0.057310375453332285,0.23231037545333227,0.175
1912,200,ACC,SVM,0.12488827862613483,0.7751117213738652,0.9
1913,200,ACC,SVM,0.028606677149005666,0.5163933228509944,0.545
1914,200,ACC,SVM,0.03665418747870802,0.18665418747870802,0.15
1915,200,ACC,SVM,0.07289365365299832,0.27289365365299834,0.2
1916,200,ACC,SVM,0.0878775793994232,0.5671224206005768,0.655
1917,200,ACC,SVM,0.0869297523249658,0.6330702476750342,0.72
1918,200,ACC,SVM,0.08875249669892205,0.5062475033010779,0.595
1919,200,ACC,SVM,0.17488827862613476,0.7751117213738652,0.95
1920,200,ACC,SVM,0.00610168375116138,0.49610168375116137,0.49
1921,200,ACC,SVM,0.013476931852664298,0.3134769318526643,0.3
1922,200,ACC,SVM,0.029627413998421115,0.44537258600157886,0.475
1923,200,ACC,SVM,0.01935184915216337,0.37435184915216335,0.355
1924,200,ACC,SVM,0.12391439050241379,0.3439143905024138,0.22
1925,200,ACC,SVM,0.10107090927904198,0.14607090927904198,0.045
1926,200,ACC,SVM,0.029424758927121597,0.3794247589271216,0.35
1927,200,ACC,SVM,0.016054835025466896,0.6939451649745331,0.71
1928,200,ACC,SVM,0.18180000702862448,0.1968000070286245,0.015
1929,200,ACC,SVM,0.04588295442628659,0.4808829544262866,0.435
1930,200,ACC,SVM,0.09316921849925608,0.5468307815007439,0.64
1931,200,ACC,SVM,0.022585940299590157,0.5874140597004098,0.61
1932,200,ACC,SVM,0.1114922936752164,0.6635077063247836,0.775
1933,200,ACC,SVM,0.09069028615067565,0.7193097138493244,0.81
1934,200,ACC,SVM,0.09214848164984057,0.6178515183501594,0.71
1935,200,ACC,SVM,0.11201873635349927,0.21201873635349927,0.1
1936,200,ACC,SVM,0.016028773976203115,0.4910287739762031,0.475
1937,200,ACC,SVM,0.06838794782413082,0.5316120521758692,0.6
1938,200,ACC,SVM,0.07862275140258085,0.32362275140258084,0.245
1939,200,ACC,SVM,0.1365083679287915,0.17650836792879152,0.04
1940,200,ACC,SVM,0.06303947320291478,0.2830394732029148,0.22
1941,200,ACC,SVM,0.004627413998421148,0.44537258600157886,0.45
1942,200,ACC,SVM,0.010283601973045342,0.39971639802695463,0.41
1943,200,ACC,SVM,0.07760201455316529,0.2526020145531653,0.175
1944,200,ACC,SVM,0.06010700795100954,0.7598929920489904,0.82
1945,200,ACC,SVM,0.15496118840109308,0.770038811598907,0.925
1946,200,ACC,SVM,0.057674924328123545,0.25767492432812356,0.2
1947,200,ACC,SVM,0.12959663952630185,0.7954033604736982,0.925
1948,200,ACC,SVM,0.15643545815383325,0.17143545815383324,0.015
1949,200,ACC,SVM,0.1905444666007592,0.7294555333992409,0.92
1950,200,ACC,SVM,0.11908627110159409,0.8309137288984059,0.95
1951,200,ACC,SVM,0.11577927017920898,0.12577927017920898,0.01
1952,200,ACC,SVM,0.08634647412529983,0.6736535258747002,0.76
1953,200,ACC,SVM,0.14923209065151055,0.8207679093484894,0.97
1954,200,ACC,SVM,0.14510700795100961,0.7598929920489904,0.905
1955,200,ACC,SVM,0.12894045155167755,0.8410595484483224,0.97
1956,200,ACC,SVM,0.05897122602379695,0.4910287739762031,0.55
1957,200,ACC,SVM,0.12687291680358276,0.20187291680358277,0.075
1958,200,ACC,SVM,0.1510548350254669,0.6939451649745331,0.845
1959,200,ACC,SVM,0.07331503804917261,0.5366849619508274,0.61
1960,200,ACC,SVM,0.053023398949339606,0.5569766010506604,0.61
1961,200,ACC,SVM,0.020356511748003625,0.39464348825199635,0.415
1962,200,ACC,SVM,0.04346085759908913,0.5265391424009108,0.57
1963,200,ACC,SVM,0.08738328522829053,0.23738328522829052,0.15
1964,200,ACC,SVM,0.06134647412529981,0.6736535258747002,0.735
1965,200,ACC,SVM,0.08121672882895851,0.1562167288289585,0.075
1966,200,ACC,SVM,0.08178393277504936,0.6432160672249506,0.725
1967,200,ACC,SVM,0.11047155682580079,0.7345284431741992,0.845
1968,200,ACC,SVM,0.03117459352611962,0.5011745935261196,0.47
1969,200,ACC,SVM,0.039335774898588194,0.4656642251014118,0.505
1970,200,ACC,SVM,0.023768570952497348,0.33376857095249735,0.31
1971,200,ACC,SVM,0.09350299290192798,0.871497007098072,0.965
1972,200,ACC,SVM,0.09185684255000759,0.6381431574499924,0.73
1973,200,ACC,SVM,0.03471639802695464,0.39971639802695463,0.365
1974,200,ACC,SVM,0.05723746567837401,0.22723746567837402,0.17
1975,200,ACC,SVM,0.07311238297787301,0.288112382977873,0.215
1976,200,ACC,SVM,0.02477323354833766,0.43522676645166236,0.46
1977,200,ACC,SVM,0.14966954930125997,0.79033045069874,0.94
1978,200,ACC,SVM,0.09692975232496581,0.6330702476750342,0.73
1979,200,ACC,SVM,0.012237465678374027,0.22723746567837402,0.215
1980,200,ACC,SVM,0.11539864705084257,0.7396013529491574,0.855
1981,200,ACC,SVM,0.0006481508478366482,0.37435184915216335,0.375
1982,200,ACC,SVM,0.10532573727588435,0.7446742627241156,0.85
1983,200,ACC,SVM,0.07854984162762257,0.31854984162762257,0.24
1984,200,ACC,SVM,0.04280466962446494,0.572195330375535,0.615
1985,200,ACC,SVM,0.10930500042646896,0.8156949995735311,0.925
1986,200,ACC,SVM,0.07369566117753906,0.32869566117753907,0.255
1987,200,ACC,SVM,0.1178046696244649,0.572195330375535,0.69
1988,200,ACC,SVM,0.19466954930126001,0.79033045069874,0.985
1989,200,ACC,SVM,0.046800007028624496,0.1968000070286245,0.15
1990,200,ACC,SVM,0.050925089729125475,0.13592508972912548,0.085
1991,200,ACC,SVM,0.06229430119975721,0.6077056988002428,0.67
1992,200,ACC,SVM,0.011377248597419176,0.32362275140258084,0.335
1993,200,ACC,SVM,0.11665418747870801,0.18665418747870802,0.07
1994,200,ACC,SVM,0.024554504223462836,0.45044549577653714,0.475
1995,200,ACC,SVM,0.10678393277504938,0.6432160672249506,0.75
1996,200,ACC,SVM,0.04876857095249737,0.33376857095249735,0.285
1997,200,ACC,SVM,0.029206029602246775,0.3642060296022468,0.335
1998,200,ACC,SVM,0.12569028615067557,0.7193097138493244,0.845
1999,200,ACC,SVM,0.04926286512362993,0.4707371348763701,0.52
0,500,ACC,SVM,0.09327356435034162,0.6787264356496584,0.772
1,500,ACC,SVM,0.019006544828204075,0.4189934551717959,0.438
2,500,ACC,SVM,0.1427486139706422,0.7152513860293578,0.858
3,500,ACC,SVM,0.07814848164984056,0.6178515183501594,0.696
4,500,ACC,SVM,0.09569793334368296,0.18969793334368296,0.094
5,500,ACC,SVM,0.14714459892156073,0.8268554010784392,0.974
6,500,ACC,SVM,0.07721523653037499,0.682784763469625,0.76
7,500,ACC,SVM,0.11539021999027477,0.6706097800097253,0.786
8,500,ACC,SVM,0.08198957244351596,0.20998957244351596,0.128
9,500,ACC,SVM,0.0005690861784545254,0.4494309138215455,0.45
10,500,ACC,SVM,0.02667265216197967,0.39667265216197967,0.37
11,500,ACC,SVM,0.15190286058112645,0.7740971394188736,0.926
12,500,ACC,SVM,0.05052761247962356,0.5914723875203765,0.642
13,500,ACC,SVM,0.11080694179060879,0.7111930582093912,0.822
14,500,ACC,SVM,0.004744069638354331,0.4372559303616457,0.442
15,500,ACC,SVM,0.038776998013065084,0.2647769980130651,0.226
16,500,ACC,SVM,0.027460857599089228,0.5265391424009108,0.554
17,500,ACC,SVM,0.08102716341406704,0.14302716341406704,0.062
18,500,ACC,SVM,0.1148069417906088,0.7111930582093912,0.826
19,500,ACC,SVM,0.06490674330940649,0.5650932566905935,0.63
20,500,ACC,SVM,0.08536105608029143,0.6726389439197086,0.758
21,500,ACC,SVM,0.034555996522046495,0.3885559965220465,0.354
22,500,ACC,SVM,0.16343623802139362,0.8065637619786064,0.97
23,500,ACC,SVM,0.14022366359094285,0.7517763364090572,0.892
24,500,ACC,SVM,0.10333189217030825,0.6746681078296918,0.778
25,500,ACC,SVM,0.07889365365299833,0.27289365365299834,0.194
26,500,ACC,SVM,0.002364938808571415,0.4636350611914286,0.466
27,500,ACC,SVM,0.10711465514401694,0.14911465514401695,0.042
28,500,ACC,SVM,0.06207706417346587,0.21607706417346587,0.154
29,500,ACC,SVM,0.06617764555982397,0.6158223544401761,0.682
30,500,ACC,SVM,0.10382767864002429,0.6401723213599757,0.744
31,500,ACC,SVM,0.15943623802139362,0.8065637619786064,0.966
32,500,ACC,SVM,0.03614770178228022,0.3601477017822802,0.324
33,500,ACC,SVM,0.03884763562187943,0.4088476356218794,0.37
34,500,ACC,SVM,0.010452430538521351,0.4575475694614787,0.468
35,500,ACC,SVM,0.06663117846314859,0.2546311784631486,0.188
36,500,ACC,SVM,0.12054368673319868,0.24854368673319868,0.128
37,500,ACC,SVM,0.0042774470786215435,0.46972255292137843,0.474
38,500,ACC,SVM,0.040806161923048395,0.2668061619230484,0.226
39,500,ACC,SVM,0.08464426811955683,0.5833557318804432,0.668
40,500,ACC,SVM,0.007343422091595553,0.44334342209159555,0.436
41,500,ACC,SVM,0.13298192525050867,0.6990180747494913,0.832
42,500,ACC,SVM,0.10244012074967357,0.5975598792503264,0.7
43,500,ACC,SVM,0.009593587492597533,0.32159358749259753,0.312
44,500,ACC,SVM,0.15124440044035825,0.6807555995596417,0.832
45,500,ACC,SVM,0.10498192525050876,0.6990180747494913,0.804
46,500,ACC,SVM,0.028935127351829293,0.4149351273518293,0.386
47,500,ACC,SVM,0.04779773486248068,0.33579773486248066,0.288
48,500,ACC,SVM,0.07429430119975722,0.6077056988002428,0.682
49,500,ACC,SVM,0.10242703109326545,0.24042703109326546,0.138
50,500,ACC,SVM,0.08301030929293146,0.28101030929293147,0.198
51,500,ACC,SVM,0.11673552431423402,0.12273552431423403,0.006
52,500,ACC,SVM,0.10524440044035832,0.6807555995596417,0.786
53,500,ACC,SVM,0.06644012074967365,0.5975598792503264,0.664
54,500,ACC,SVM,0.07803182600990743,0.6259681739900925,0.704
55,500,ACC,SVM,0.10330272826032494,0.6766972717396751,0.78
56,500,ACC,SVM,0.0036058972814452805,0.4616058972814453,0.458
57,500,ACC,SVM,0.04551918541905575,0.5224808145809442,0.568
58,500,ACC,SVM,0.07401873635349926,0.21201873635349927,0.138
59,500,ACC,SVM,0.10410622808344917,0.21810622808344918,0.114
60,500,ACC,SVM,0.10087757939942321,0.5671224206005768,0.668
61,500,ACC,SVM,0.010423266628537986,0.459576733371462,0.47
62,500,ACC,SVM,0.06181082451888864,0.5021891754811113,0.564
63,500,ACC,SVM,0.10759436736015793,0.6564056326398421,0.764
64,500,ACC,SVM,0.0709359072193898,0.5630640927806102,0.634
65,500,ACC,SVM,0.021402529779122603,0.5305974702208774,0.552
66,500,ACC,SVM,0.025373365869139297,0.5326266341308608,0.558
67,500,ACC,SVM,0.01756442358261423,0.3195644235826142,0.302
68,500,ACC,SVM,0.13534796642388333,0.16534796642388333,0.03
69,500,ACC,SVM,0.029181528288103886,0.4068184717118961,0.436
70,500,ACC,SVM,0.05889365365299834,0.27289365365299834,0.214
71,500,ACC,SVM,0.0008476356218794501,0.4088476356218794,0.408
72,500,ACC,SVM,0.11442781096082588,0.7375721890391741,0.852
73,500,ACC,SVM,0.0672727844827812,0.2992727844827812,0.232
74,500,ACC,SVM,0.09720214687396686,0.15520214687396686,0.058
75,500,ACC,SVM,0.06188522659243045,0.3418852265924305,0.28
76,500,ACC,SVM,0.03162275140258086,0.32362275140258084,0.292
77,500,ACC,SVM,0.06649844856964027,0.5935015514303598,0.66
78,500,ACC,SVM,0.04163584105898899,0.5143641589410111,0.556
79,500,ACC,SVM,0.10936105608029145,0.6726389439197086,0.782
80,500,ACC,SVM,0.07861510420957352,0.5853848957904265,0.664
81,500,ACC,SVM,0.015414839567970295,0.39058516043202973,0.406
82,500,ACC,SVM,0.11295276134052534,0.7010472386594746,0.814
83,500,ACC,SVM,0.08863117846314858,0.2546311784631486,0.166
84,500,ACC,SVM,0.11291050777413383,0.13491050777413383,0.022
85,500,ACC,SVM,0.07331880251390005,0.16331880251390005,0.09
86,500,ACC,SVM,0.05544854781024133,0.6665514521897586,0.722
87,500,ACC,SVM,0.005664225101411791,0.4656642251014118,0.46
88,500,ACC,SVM,0.058106228083449174,0.21810622808344918,0.16
89,500,ACC,SVM,0.01030583112104444,0.5103058311210444,0.5
90,500,ACC,SVM,0.05798957244351596,0.20998957244351596,0.152
91,500,ACC,SVM,0.11873175984950668,0.5772682401504933,0.696
92,500,ACC,SVM,0.010773233548337646,0.43522676645166236,0.446
93,500,ACC,SVM,0.004497668702079849,0.38449766870207985,0.38
94,500,ACC,SVM,0.05203104614234699,0.352031046142347,0.3
95,500,ACC,SVM,0.03446928465965693,0.5955307153403431,0.63
96,500,ACC,SVM,0.014351849152163365,0.37435184915216335,0.36
97,500,ACC,SVM,0.08543545815383324,0.17143545815383324,0.086
98,500,ACC,SVM,0.09604790026348259,0.21404790026348258,0.118
99,500,ACC,SVM,0.1534362380213936,0.8065637619786064,0.96
100,500,ACC,SVM,0.16028199141090937,0.7477180085890907,0.908
101,500,ACC,SVM,0.09232346510974043,0.6056765348902595,0.698
102,500,ACC,SVM,0.04744776794268102,0.31144776794268103,0.264
103,500,ACC,SVM,0.157377910201427,0.810622089798573,0.968
104,500,ACC,SVM,0.0728944335205588,0.7051055664794412,0.778
105,500,ACC,SVM,0.11844012074967358,0.5975598792503264,0.716
106,500,ACC,SVM,0.007518405551495355,0.45551840555149536,0.448
107,500,ACC,SVM,0.05365191531256408,0.3256519153125641,0.272
108,500,ACC,SVM,0.06326047469393345,0.15926047469393345,0.096
109,500,ACC,SVM,0.16645697487080924,0.7355430251291908,0.902
110,500,ACC,SVM,0.022831561368304276,0.43116843863169574,0.454
111,500,ACC,SVM,0.08103947320291477,0.2830394732029148,0.202
112,500,ACC,SVM,0.054118537872296923,0.3581185378722969,0.304
113,500,ACC,SVM,0.07175249669892203,0.5062475033010779,0.578
114,500,ACC,SVM,0.07457285064318198,0.25057285064318197,0.176
115,500,ACC,SVM,0.10625282750092602,0.749747172499074,0.856
116,500,ACC,SVM,0.10565269518012455,0.6523473048198755,0.758
117,500,ACC,SVM,0.07174018691007433,0.6462598130899256,0.718
118,500,ACC,SVM,0.031269020018053706,0.4007309799819463,0.432
119,500,ACC,SVM,0.04670259593952342,0.5792974040604766,0.626
120,500,ACC,SVM,0.03716921849925603,0.5468307815007439,0.584
121,500,ACC,SVM,0.04435262901972381,0.6036473709802762,0.648
122,500,ACC,SVM,0.10975626116364957,0.19375626116364958,0.084
123,500,ACC,SVM,0.002964291261812635,0.4169642912618126,0.414
124,500,ACC,SVM,0.11317298296398354,0.15317298296398354,0.04
125,500,ACC,SVM,0.016189955348671625,0.47581004465132837,0.492
126,500,ACC,SVM,0.005768570952497332,0.33376857095249735,0.328
127,500,ACC,SVM,0.04975626116364959,0.19375626116364958,0.144
128,500,ACC,SVM,0.09175626116364959,0.19375626116364958,0.102
129,500,ACC,SVM,0.04931503804917259,0.5366849619508274,0.586
130,500,ACC,SVM,0.08260201455316526,0.2526020145531653,0.17
131,500,ACC,SVM,0.1377278771212267,0.7862721228787733,0.924
132,500,ACC,SVM,0.05143169368910583,0.5285683063108941,0.58
133,500,ACC,SVM,0.016176865692263565,0.36217686569226354,0.346
134,500,ACC,SVM,0.06346085759908915,0.5265391424009108,0.59
135,500,ACC,SVM,0.11899799950408374,0.14099799950408373,0.022
136,500,ACC,SVM,0.16564038539127668,0.7923596146087233,0.958
137,500,ACC,SVM,0.022423266628537997,0.459576733371462,0.482
138,500,ACC,SVM,0.08095276134052543,0.7010472386594746,0.782
139,500,ACC,SVM,0.09755211379376645,0.17955211379376645,0.082
140,500,ACC,SVM,0.016277447078621554,0.46972255292137843,0.486
141,500,ACC,SVM,0.014189955348671623,0.47581004465132837,0.49
142,500,ACC,SVM,0.16596118840109308,0.770038811598907,0.936
143,500,ACC,SVM,0.021140054589272816,0.5488599454107271,0.57
144,500,ACC,SVM,0.036773233548337614,0.43522676645166236,0.472
145,500,ACC,SVM,0.033272784482781204,0.2992727844827812,0.266
146,500,ACC,SVM,0.042322685242180025,0.37232268524218004,0.33
147,500,ACC,SVM,0.05636493880857141,0.4636350611914286,0.52
148,500,ACC,SVM,0.011430913821545485,0.4494309138215455,0.438
149,500,ACC,SVM,0.11085217995416725,0.13085217995416726,0.02
150,500,ACC,SVM,0.07625282750092599,0.749747172499074,0.826
151,500,ACC,SVM,0.1158153688511766,0.7801846311488234,0.896
152,500,ACC,SVM,0.04766876943369966,0.18766876943369967,0.14
153,500,ACC,SVM,0.04369416887895561,0.5103058311210444,0.554
154,500,ACC,SVM,0.08372709725366627,0.19172709725366627,0.108
155,500,ACC,SVM,0.06835262901972383,0.6036473709802762,0.672
156,500,ACC,SVM,0.05173940704251401,0.33173940704251403,0.28
157,500,ACC,SVM,0.08073175984950676,0.5772682401504933,0.658
158,500,ACC,SVM,0.06147771172022465,0.6645222882797753,0.726
159,500,ACC,SVM,0.09739021999027475,0.6706097800097253,0.768
160,500,ACC,SVM,0.10398957244351596,0.20998957244351596,0.106
161,500,ACC,SVM,0.12161122148129344,0.7943887785187066,0.916
162,500,ACC,SVM,0.05912696493286465,0.28912696493286466,0.23
163,500,ACC,SVM,0.10296883559410042,0.13896883559410042,0.036
164,500,ACC,SVM,0.04978166060890543,0.5042183393910946,0.554
165,500,ACC,SVM,0.02667265216197967,0.39667265216197967,0.37
166,500,ACC,SVM,0.12492359743054204,0.7030764025694579,0.828
167,500,ACC,SVM,0.12724440044035834,0.6807555995596417,0.808
168,500,ACC,SVM,0.023856062682447166,0.33985606268244717,0.316
169,500,ACC,SVM,0.15558205757131005,0.7964179424286899,0.952
170,500,ACC,SVM,0.041739407042514054,0.33173940704251403,0.29
171,500,ACC,SVM,0.0077524966989220845,0.5062475033010779,0.514
172,500,ACC,SVM,0.0635352596726309,0.3175352596726309,0.254
173,500,ACC,SVM,0.15784453276115995,0.7781554672388401,0.936
174,500,ACC,SVM,0.07236870327329886,0.23636870327329887,0.164
175,500,ACC,SVM,0.10308549123403364,0.14708549123403364,0.044
176,500,ACC,SVM,0.02354756946147868,0.4575475694614787,0.434
177,500,ACC,SVM,0.15296961546166088,0.8390303845383391,0.992
178,500,ACC,SVM,0.18286526961057548,0.7071347303894245,0.89
179,500,ACC,SVM,0.08347771172022467,0.6645222882797753,0.748
180,500,ACC,SVM,0.11590286058112642,0.7740971394188736,0.89
181,500,ACC,SVM,0.14225282750092605,0.749747172499074,0.892
182,500,ACC,SVM,0.050306610988604894,0.4676933890113951,0.518
183,500,ACC,SVM,0.00556442358261422,0.3195644235826142,0.314
184,500,ACC,SVM,0.09936105608029144,0.6726389439197086,0.772
185,500,ACC,SVM,0.07461510420957351,0.5853848957904265,0.66
186,500,ACC,SVM,0.020614324342013046,0.39261432434201304,0.372
187,500,ACC,SVM,0.07946462206381655,0.17346462206381655,0.094
188,500,ACC,SVM,0.06524440044035829,0.6807555995596417,0.746
189,500,ACC,SVM,0.02915612884284796,0.29115612884284797,0.262
190,500,ACC,SVM,0.1294362380213937,0.8065637619786064,0.936
191,500,ACC,SVM,0.0653602762127311,0.3053602762127311,0.24
192,500,ACC,SVM,0.10016455590341578,0.22216455590341577,0.122
193,500,ACC,SVM,0.08836948314085924,0.7416305168591407,0.83
194,500,ACC,SVM,0.07219371981339909,0.22419371981339908,0.152
195,500,ACC,SVM,0.0664853589132321,0.2444853589132321,0.178
196,500,ACC,SVM,0.04305256285932291,0.5549474371406771,0.598
197,500,ACC,SVM,0.10599035231107634,0.7680096476889237,0.874
198,500,ACC,SVM,0.05863117846314858,0.2546311784631486,0.196
199,500,ACC,SVM,0.017681079222547413,0.3276810792225474,0.31
200,500,ACC,SVM,0.10133189217030825,0.6746681078296918,0.776
201,500,ACC,SVM,0.17358205757131007,0.7964179424286899,0.97
202,500,ACC,SVM,0.003898316248838629,0.49610168375116137,0.5
203,500,ACC,SVM,0.10451452282321538,0.24651452282321537,0.142
204,500,ACC,SVM,0.09247304912438432,0.10447304912438432,0.012
205,500,ACC,SVM,0.0590978010228814,0.2870978010228814,0.228
206,500,ACC,SVM,0.09216455590341577,0.22216455590341577,0.13
207,500,ACC,SVM,0.0459734981899409,0.6300265018100591,0.676
208,500,ACC,SVM,0.07984375289359946,0.19984375289359946,0.12
209,500,ACC,SVM,0.013956644068805257,0.49204335593119475,0.506
210,500,ACC,SVM,0.07817764555982387,0.6158223544401761,0.694
211,500,ACC,SVM,0.004760923759489999,0.57523907624051,0.58
212,500,ACC,SVM,0.03836870327329886,0.23636870327329887,0.198
213,500,ACC,SVM,0.10701108916049196,0.6969889108395081,0.804
214,500,ACC,SVM,0.08803182600990744,0.6259681739900925,0.714
215,500,ACC,SVM,0.05724440044035828,0.6807555995596417,0.738
216,500,ACC,SVM,0.10636870327329886,0.23636870327329887,0.13
217,500,ACC,SVM,0.1042228837233824,0.2262228837233824,0.122
218,500,ACC,SVM,0.15596118840109308,0.770038811598907,0.926
219,500,ACC,SVM,0.0013565117480036637,0.39464348825199635,0.396
220,500,ACC,SVM,0.05000188223236374,0.3500018822323637,0.3
221,500,ACC,SVM,0.02436493880857138,0.4636350611914286,0.488
222,500,ACC,SVM,0.062410956839690446,0.5995890431603096,0.662
223,500,ACC,SVM,0.15758205757131005,0.7964179424286899,0.954
224,500,ACC,SVM,0.041681079222547435,0.3276810792225474,0.286
225,500,ACC,SVM,0.13366954930126007,0.79033045069874,0.924
226,500,ACC,SVM,0.10076468822421733,0.12476468822421732,0.024
227,500,ACC,SVM,0.0416650049689723,0.5123349950310278,0.554
228,500,ACC,SVM,0.06284841548943987,0.5691515845105601,0.632
229,500,ACC,SVM,0.07758127770374977,0.18158127770374977,0.104
230,500,ACC,SVM,0.09636870327329886,0.23636870327329887,0.14
231,500,ACC,SVM,0.0010357087381873686,0.4169642912618126,0.418
232,500,ACC,SVM,0.17364038539127669,0.7923596146087233,0.966
233,500,ACC,SVM,0.0187317598495067,0.5772682401504933,0.596
234,500,ACC,SVM,0.12949456584136032,0.8025054341586397,0.932
235,500,ACC,SVM,0.10498192525050876,0.6990180747494913,0.804
236,500,ACC,SVM,0.002364938808571415,0.4636350611914286,0.466
237,500,ACC,SVM,0.11744854781024139,0.6665514521897586,0.784
238,500,ACC,SVM,0.11079385213420063,0.12679385213420064,0.016
239,500,ACC,SVM,0.08778542507363284,0.19578542507363283,0.108
240,500,ACC,SVM,0.11274861397064218,0.7152513860293578,0.828
241,500,ACC,SVM,0.12336105608029146,0.6726389439197086,0.796
242,500,ACC,SVM,0.0672727844827812,0.2992727844827812,0.232
243,500,ACC,SVM,0.0521607914386884,0.4778392085613116,0.53
244,500,ACC,SVM,0.051052562859322914,0.5549474371406771,0.606
245,500,ACC,SVM,0.12639864705084258,0.7396013529491574,0.866
246,500,ACC,SVM,0.02676092375949002,0.57523907624051,0.602
247,500,ACC,SVM,0.0031523643781205535,0.4088476356218794,0.412
248,500,ACC,SVM,0.022672652161979667,0.39667265216197967,0.374
249,500,ACC,SVM,0.011226766451662373,0.43522676645166236,0.424
250,500,ACC,SVM,0.050410956839690435,0.5995890431603096,0.65
251,500,ACC,SVM,0.13248613878079252,0.7335138612192075,0.866
252,500,ACC,SVM,0.0014892416415120402,0.45348924164151205,0.452
253,500,ACC,SVM,0.05124362057279791,0.2972436205727979,0.246
254,500,ACC,SVM,0.03486448974301504,0.270864489743015,0.236
255,500,ACC,SVM,0.09771102300009105,0.648288976999909,0.746
256,500,ACC,SVM,0.10886526961057541,0.7071347303894245,0.816
257,500,ACC,SVM,0.10801873635349928,0.21201873635349927,0.104
258,500,ACC,SVM,0.11558127770374976,0.18158127770374977,0.066
259,500,ACC,SVM,0.055285874139189284,0.5387141258608107,0.594
260,500,ACC,SVM,0.05993124462354937,0.20593124462354936,0.146
261,500,ACC,SVM,0.1128069417906088,0.7111930582093912,0.824
262,500,ACC,SVM,0.013622751402580846,0.32362275140258084,0.31
263,500,ACC,SVM,0.09233953936331557,0.23433953936331556,0.142
264,500,ACC,SVM,0.14793202449110976,0.7720679755088903,0.92
265,500,ACC,SVM,0.07642703109326546,0.24042703109326546,0.164
266,500,ACC,SVM,0.023389440122714433,0.3073894401227144,0.284
267,500,ACC,SVM,0.09045619500324878,0.24245619500324878,0.152
268,500,ACC,SVM,0.08381458898361614,0.19781458898361615,0.114
269,500,ACC,SVM,0.11288134386415051,0.13288134386415051,0.02
270,500,ACC,SVM,0.09308549123403365,0.14708549123403364,0.054
271,500,ACC,SVM,0.09483532583303173,0.2688353258330317,0.174
272,500,ACC,SVM,0.13769793334368297,0.18969793334368296,0.052
273,500,ACC,SVM,0.008673432029540074,0.5813265679704599,0.59
274,500,ACC,SVM,0.09055677638960691,0.5894432236103931,0.68
275,500,ACC,SVM,0.01684763562187941,0.4088476356218794,0.392
276,500,ACC,SVM,0.02791439050241379,0.3439143905024138,0.316
277,500,ACC,SVM,0.04645243053852133,0.4575475694614787,0.504
278,500,ACC,SVM,0.1161361718609929,0.7578638281390071,0.874
279,500,ACC,SVM,0.10634031923087595,0.743659680769124,0.85
280,500,ACC,SVM,0.10305632732405032,0.14505632732405033,0.042
281,500,ACC,SVM,0.06651452282321538,0.24651452282321537,0.18
282,500,ACC,SVM,0.047039473202914794,0.2830394732029148,0.236
283,500,ACC,SVM,0.06141860403269772,0.3094186040326977,0.248
284,500,ACC,SVM,0.049548349329038954,0.520451650670961,0.57
285,500,ACC,SVM,0.017298183928037003,0.398701816071963,0.416
286,500,ACC,SVM,0.12749378597379984,0.17549378597379986,0.048
287,500,ACC,SVM,0.042935127351829305,0.4149351273518293,0.372
288,500,ACC,SVM,0.00048081458094417773,0.5224808145809442,0.522
289,500,ACC,SVM,0.08563960552371636,0.18563960552371636,0.1
290,500,ACC,SVM,0.11066112224069224,0.7213388777593077,0.832
291,500,ACC,SVM,0.11534796642388333,0.16534796642388333,0.05
292,500,ACC,SVM,0.1377278771212267,0.7862721228787733,0.924
293,500,ACC,SVM,0.08966876943369967,0.18766876943369967,0.098
294,500,ACC,SVM,0.10442781096082587,0.7375721890391741,0.842
295,500,ACC,SVM,0.15631115532089268,0.7456888446791073,0.902
296,500,ACC,SVM,0.17752372975134345,0.8004762702486565,0.978
297,500,ACC,SVM,0.08877777788062557,0.7132222221193745,0.802
298,500,ACC,SVM,0.08101108916049193,0.6969889108395081,0.778
299,500,ACC,SVM,0.06879008766947337,0.5732099123305266,0.642
300,500,ACC,SVM,0.07695276134052542,0.7010472386594746,0.778
301,500,ACC,SVM,0.09831037545333227,0.23231037545333227,0.134
302,500,ACC,SVM,0.012859945410727103,0.5488599454107271,0.536
303,500,ACC,SVM,0.0023933228509943616,0.5163933228509944,0.514
304,500,ACC,SVM,0.12654446660075913,0.7294555333992409,0.856
305,500,ACC,SVM,0.014598250088437847,0.4474017499115622,0.462
306,500,ACC,SVM,0.004555996522046468,0.3885559965220465,0.384
307,500,ACC,SVM,0.056673432029540116,0.5813265679704599,0.638
308,500,ACC,SVM,0.041389440122714394,0.3073894401227144,0.266
309,500,ACC,SVM,0.09836870327329886,0.23636870327329887,0.138
310,500,ACC,SVM,0.028598250088437804,0.4474017499115622,0.476
311,500,ACC,SVM,0.0029934551717959446,0.4189934551717959,0.416
312,500,ACC,SVM,0.044951981472964836,0.27695198147296485,0.232
313,500,ACC,SVM,0.009910626037686388,0.3560893739623136,0.366
314,500,ACC,SVM,0.0220856094975862,0.3439143905024138,0.366
315,500,ACC,SVM,0.02603104614234697,0.352031046142347,0.326
316,500,ACC,SVM,0.006497668702079851,0.38449766870207985,0.378
317,500,ACC,SVM,0.06209015382987404,0.621909846170126,0.684
318,500,ACC,SVM,0.015447767942681045,0.31144776794268103,0.296
319,500,ACC,SVM,0.1617278771212266,0.7862721228787733,0.948
320,500,ACC,SVM,0.14799035231107638,0.7680096476889237,0.916
321,500,ACC,SVM,0.006219119258654926,0.47378088074134506,0.48
322,500,ACC,SVM,0.040264357422213404,0.3682643574222134,0.328
323,500,ACC,SVM,0.0642774470786216,0.46972255292137843,0.534
324,500,ACC,SVM,0.1327486139706422,0.7152513860293578,0.848
325,500,ACC,SVM,0.050381792929707125,0.6016182070702929,0.652
326,500,ACC,SVM,0.12527356435034165,0.6787264356496584,0.804
327,500,ACC,SVM,0.031839988428872035,0.500160011571128,0.532
328,500,ACC,SVM,0.0689359072193898,0.5630640927806102,0.632
329,500,ACC,SVM,0.03968107922254743,0.3276810792225474,0.288
330,500,ACC,SVM,0.08774018691007435,0.6462598130899256,0.734
331,500,ACC,SVM,0.07292281756298152,0.27492281756298154,0.202
332,500,ACC,SVM,0.0639734981899408,0.6300265018100591,0.694
333,500,ACC,SVM,0.12039864705084258,0.7396013529491574,0.86
334,500,ACC,SVM,0.09828121154334896,0.23028121154334896,0.132
335,500,ACC,SVM,0.05093590721938979,0.5630640927806102,0.614
336,500,ACC,SVM,0.1261353919934325,0.2201353919934325,0.094
337,500,ACC,SVM,0.07571102300009103,0.648288976999909,0.724
338,500,ACC,SVM,0.08946462206381654,0.17346462206381655,0.084
339,500,ACC,SVM,0.17207784404102633,0.7619221559589737,0.934
340,500,ACC,SVM,0.06790208071356604,0.20390208071356605,0.136
341,500,ACC,SVM,0.13520292674152723,0.8227970732584727,0.958
342,500,ACC,SVM,0.08677777788062557,0.7132222221193745,0.8
343,500,ACC,SVM,0.022848415489439833,0.5691515845105601,0.592
344,500,ACC,SVM,0.0971860726203917,0.6848139273796083,0.782
345,500,ACC,SVM,0.11527356435034164,0.6787264356496584,0.794
346,500,ACC,SVM,0.14958205757131005,0.7964179424286899,0.946
347,500,ACC,SVM,0.0350978010228814,0.2870978010228814,0.252
348,500,ACC,SVM,0.06549002150907246,0.5245099784909275,0.59
349,500,ACC,SVM,0.08352294988378314,0.17752294988378314,0.094
350,500,ACC,SVM,0.07119838240923937,0.5448016175907606,0.616
351,500,ACC,SVM,0.06433953936331555,0.23433953936331556,0.17
352,500,ACC,SVM,0.025285874139189257,0.5387141258608107,0.564
353,500,ACC,SVM,0.03125671022920595,0.540743289770794,0.572
354,500,ACC,SVM,0.01051075835848797,0.45348924164151205,0.464
355,500,ACC,SVM,0.050248283168638275,0.47175171683136174,0.522
356,500,ACC,SVM,0.09747771172022468,0.6645222882797753,0.762
357,500,ACC,SVM,0.07463195833070901,0.723368041669291,0.798
358,500,ACC,SVM,0.030394102718554694,0.4616058972814453,0.492
359,500,ACC,SVM,0.057256710229205976,0.540743289770794,0.598
360,500,ACC,SVM,0.13561122148129345,0.7943887785187066,0.93
361,500,ACC,SVM,0.10010622808344918,0.21810622808344918,0.118
362,500,ACC,SVM,0.09398957244351595,0.20998957244351596,0.116
363,500,ACC,SVM,0.09963960552371637,0.18563960552371636,0.086
364,500,ACC,SVM,0.07670259593952344,0.5792974040604766,0.656
365,500,ACC,SVM,0.003022619081779254,0.42102261908177924,0.418
366,500,ACC,SVM,0.131798514730041,0.642201485269959,0.774
367,500,ACC,SVM,0.06635262901972383,0.6036473709802762,0.67
368,500,ACC,SVM,0.05452683261206315,0.38652683261206316,0.332
369,500,ACC,SVM,0.1360778440410263,0.7619221559589737,0.898
370,500,ACC,SVM,0.11776935082005768,0.6442306491799423,0.762
371,500,ACC,SVM,0.031301948392764456,0.3013019483927645,0.27
372,500,ACC,SVM,0.010351849152163362,0.37435184915216335,0.364
373,500,ACC,SVM,0.021797734862480656,0.33579773486248066,0.314
374,500,ACC,SVM,0.07428121154334896,0.23028121154334896,0.156
375,500,ACC,SVM,0.09442703109326547,0.24042703109326546,0.146
376,500,ACC,SVM,0.16393202449110977,0.7720679755088903,0.936
377,500,ACC,SVM,0.011401749911562176,0.4474017499115622,0.436
378,500,ACC,SVM,0.01467265216197966,0.39667265216197967,0.382
379,500,ACC,SVM,0.08174018691007434,0.6462598130899256,0.728
380,500,ACC,SVM,0.04372333278893892,0.5082766672110611,0.552
381,500,ACC,SVM,0.1294362380213937,0.8065637619786064,0.936
382,500,ACC,SVM,0.12562353127014125,0.6543764687298588,0.78
383,500,ACC,SVM,0.012014192021211512,0.4900141920212115,0.478
384,500,ACC,SVM,0.022701816071962977,0.398701816071963,0.376
385,500,ACC,SVM,0.1733487462914437,0.8126512537085563,0.986
386,500,ACC,SVM,0.06771102300009102,0.648288976999909,0.716
387,500,ACC,SVM,0.17590286058112636,0.7740971394188736,0.95
388,500,ACC,SVM,0.06561044161373306,0.18361044161373305,0.118
389,500,ACC,SVM,0.11242781096082588,0.7375721890391741,0.85
390,500,ACC,SVM,0.012060989919890797,0.6239390100801092,0.636
391,500,ACC,SVM,0.09201873635349928,0.21201873635349927,0.12
392,500,ACC,SVM,0.028994235039356275,0.5590057649606437,0.588
393,500,ACC,SVM,0.08032346510974053,0.6056765348902595,0.686
394,500,ACC,SVM,0.10667719649426742,0.11867719649426742,0.012
395,500,ACC,SVM,0.03297738091822078,0.42102261908177924,0.454
396,500,ACC,SVM,0.15136105608029138,0.6726389439197086,0.824
397,500,ACC,SVM,0.03571024313253074,0.3297102431325307,0.294
398,500,ACC,SVM,0.010598250088437844,0.4474017499115622,0.458
399,500,ACC,SVM,0.017576733371461983,0.459576733371462,0.442
400,500,ACC,SVM,0.01753525967263092,0.3175352596726309,0.3
401,500,ACC,SVM,0.13781536885117662,0.7801846311488234,0.918
402,500,ACC,SVM,0.12156520345017463,0.6584347965498254,0.78
403,500,ACC,SVM,0.09593124462354936,0.20593124462354936,0.11
404,500,ACC,SVM,0.1833487462914437,0.8126512537085563,0.996
405,500,ACC,SVM,0.12622366359094284,0.7517763364090572,0.878
406,500,ACC,SVM,0.04162275140258087,0.32362275140258084,0.282
407,500,ACC,SVM,0.10248613878079249,0.7335138612192075,0.836
408,500,ACC,SVM,0.08369793334368296,0.18969793334368296,0.106
409,500,ACC,SVM,0.17114459892156075,0.8268554010784392,0.998
410,500,ACC,SVM,0.06846928465965696,0.5955307153403431,0.664
411,500,ACC,SVM,0.06867343202954013,0.5813265679704599,0.65
412,500,ACC,SVM,0.08752294988378315,0.17752294988378314,0.09
413,500,ACC,SVM,0.10566954930126005,0.79033045069874,0.896
414,500,ACC,SVM,0.13531880251390005,0.16331880251390005,0.028
415,500,ACC,SVM,0.0247769980130651,0.2647769980130651,0.24
416,500,ACC,SVM,0.09031037545333229,0.23231037545333227,0.142
417,500,ACC,SVM,0.09930272826032494,0.6766972717396751,0.776
418,500,ACC,SVM,0.07286448974301502,0.270864489743015,0.198
419,500,ACC,SVM,0.13793202449110975,0.7720679755088903,0.91
420,500,ACC,SVM,0.050323465109740506,0.6056765348902595,0.656
421,500,ACC,SVM,0.10093967168411713,0.13693967168411714,0.036
422,500,ACC,SVM,0.11264803258428412,0.11664803258428412,0.004
423,500,ACC,SVM,0.10114381905400026,0.15114381905400026,0.05
424,500,ACC,SVM,0.07340252977912254,0.5305974702208774,0.604
425,500,ACC,SVM,0.0725736305107425,0.7274263694892575,0.8
426,500,ACC,SVM,0.05315612884284798,0.29115612884284797,0.238
427,500,ACC,SVM,0.13680694179060882,0.7111930582093912,0.848
428,500,ACC,SVM,0.10528963860391677,0.16128963860391676,0.056
429,500,ACC,SVM,0.10909858089044189,0.6909014191095582,0.8
430,500,ACC,SVM,0.15596118840109308,0.770038811598907,0.926
431,500,ACC,SVM,0.0668944335205588,0.7051055664794412,0.772
432,500,ACC,SVM,0.0862359733797905,0.6117640266202095,0.698
433,500,ACC,SVM,0.12683610570059212,0.7091638942994078,0.836
434,500,ACC,SVM,0.11520214687396685,0.15520214687396686,0.04
435,500,ACC,SVM,0.044485358913232076,0.2444853589132321,0.2
436,500,ACC,SVM,0.1022228837233824,0.2262228837233824,0.124
437,500,ACC,SVM,0.018044135798755134,0.48595586420124487,0.504
438,500,ACC,SVM,0.08759436736015791,0.6564056326398421,0.744
439,500,ACC,SVM,0.058819251579456555,0.5711807484205434,0.63
440,500,ACC,SVM,0.16112774480042513,0.6888722551995748,0.85
441,500,ACC,SVM,0.07831037545333228,0.23231037545333227,0.154
442,500,ACC,SVM,0.0775943673601579,0.6564056326398421,0.734
443,500,ACC,SVM,0.05248535891323208,0.2444853589132321,0.192
444,500,ACC,SVM,0.04753525967263089,0.3175352596726309,0.27
445,500,ACC,SVM,0.08609015382987395,0.621909846170126,0.708
446,500,ACC,SVM,0.13894045155167756,0.8410595484483224,0.98
447,500,ACC,SVM,0.0712858741391893,0.5387141258608107,0.61
448,500,ACC,SVM,0.09105632732405033,0.14505632732405033,0.054
449,500,ACC,SVM,0.03670259593952341,0.5792974040604766,0.616
450,500,ACC,SVM,0.11523131078395016,0.15723131078395017,0.042
451,500,ACC,SVM,0.12816533577097622,0.7558346642290238,0.884
452,500,ACC,SVM,0.06376935082005764,0.6442306491799423,0.708
453,500,ACC,SVM,0.0663978671832822,0.23839786718328218,0.172
454,500,ACC,SVM,0.10375626116364958,0.19375626116364958,0.09
455,500,ACC,SVM,0.07871867019309853,0.2607186701930985,0.182
456,500,ACC,SVM,0.15517376283154394,0.824826237168456,0.98
457,500,ACC,SVM,0.008569086178454532,0.4494309138215455,0.458
458,500,ACC,SVM,0.11339021999027477,0.6706097800097253,0.784
459,500,ACC,SVM,0.0709067433094065,0.5650932566905935,0.636
460,500,ACC,SVM,0.02719838240923933,0.5448016175907606,0.572
461,500,ACC,SVM,0.11671867019309853,0.2607186701930985,0.144
462,500,ACC,SVM,0.14755289366132673,0.7984471063386732,0.946
463,500,ACC,SVM,0.023622751402580855,0.32362275140258084,0.3
464,500,ACC,SVM,0.061606677149005584,0.5163933228509944,0.578
465,500,ACC,SVM,0.11464426811955675,0.5833557318804432,0.698
466,500,ACC,SVM,0.0626151042095735,0.5853848957904265,0.648
467,500,ACC,SVM,0.14764038539127666,0.7923596146087233,0.94
468,500,ACC,SVM,0.08228121154334897,0.23028121154334896,0.148
469,500,ACC,SVM,0.01595664406880526,0.49204335593119475,0.508
470,500,ACC,SVM,0.01702261908177921,0.42102261908177924,0.404
471,500,ACC,SVM,0.010364938808571367,0.4636350611914286,0.474
472,500,ACC,SVM,0.1082228837233824,0.2262228837233824,0.118
473,500,ACC,SVM,0.09831037545333227,0.23231037545333227,0.134
474,500,ACC,SVM,0.031418604032697695,0.3094186040326977,0.278
475,500,ACC,SVM,0.01962275140258085,0.32362275140258084,0.304
476,500,ACC,SVM,0.01531425818161225,0.44131425818161224,0.426
477,500,ACC,SVM,0.03679008766947334,0.5732099123305266,0.61
478,500,ACC,SVM,0.07905256285932294,0.5549474371406771,0.634
479,500,ACC,SVM,0.009269020018053686,0.4007309799819463,0.41
480,500,ACC,SVM,0.017080946901745886,0.42508094690174586,0.408
481,500,ACC,SVM,0.08124362057279791,0.2972436205727979,0.216
482,500,ACC,SVM,0.04928587413918928,0.5387141258608107,0.588
483,500,ACC,SVM,0.04820602960224679,0.3642060296022468,0.316
484,500,ACC,SVM,0.11717298296398354,0.15317298296398354,0.036
485,500,ACC,SVM,0.03350233129792013,0.38449766870207985,0.418
486,500,ACC,SVM,0.012394102718554678,0.4616058972814453,0.474
487,500,ACC,SVM,0.05092281756298153,0.27492281756298154,0.224
488,500,ACC,SVM,0.03125671022920595,0.540743289770794,0.572
489,500,ACC,SVM,0.03949002150907244,0.5245099784909275,0.564
490,500,ACC,SVM,0.0902359733797905,0.6117640266202095,0.702
491,500,ACC,SVM,0.07076092375949006,0.57523907624051,0.646
492,500,ACC,SVM,0.06052761247962357,0.5914723875203765,0.652
493,500,ACC,SVM,0.023856062682447166,0.33985606268244717,0.316
494,500,ACC,SVM,0.09509858089044188,0.6909014191095582,0.786
495,500,ACC,SVM,0.029577513239022357,0.5184224867609777,0.548
496,500,ACC,SVM,0.029576733371461994,0.459576733371462,0.43
497,500,ACC,SVM,0.04670259593952342,0.5792974040604766,0.626
498,500,ACC,SVM,0.03261432434201306,0.39261432434201304,0.36
499,500,ACC,SVM,0.054452430538521335,0.4575475694614787,0.512
500,500,ACC,SVM,0.08365269518012453,0.6523473048198755,0.736
501,500,ACC,SVM,0.12001951622105966,0.7659804837789403,0.886
502,500,ACC,SVM,0.1377862049411933,0.7822137950588067,0.92
503,500,ACC,SVM,0.03633577489858819,0.4656642251014118,0.502
504,500,ACC,SVM,0.03810246361872177,0.48189753638127825,0.52
505,500,ACC,SVM,0.1091277448004252,0.6888722551995748,0.798
506,500,ACC,SVM,0.025856062682447167,0.33985606268244717,0.314
507,500,ACC,SVM,0.09234031923087593,0.743659680769124,0.836
508,500,ACC,SVM,0.003985807978788503,0.4900141920212115,0.494
509,500,ACC,SVM,0.06555211379376645,0.17955211379376645,0.114
510,500,ACC,SVM,0.08726047469393346,0.15926047469393345,0.072
511,500,ACC,SVM,0.11257363051074243,0.7274263694892575,0.84
512,500,ACC,SVM,0.10120214687396686,0.15520214687396686,0.054
513,500,ACC,SVM,0.047681079222547385,0.3276810792225474,0.28
514,500,ACC,SVM,0.007885226592430461,0.3418852265924305,0.334
515,500,ACC,SVM,0.03798957244351597,0.20998957244351596,0.172
516,500,ACC,SVM,0.025826898772463913,0.3378268987724639,0.312
517,500,ACC,SVM,0.11197349818994085,0.6300265018100591,0.742
518,500,ACC,SVM,0.12496883559410042,0.13896883559410042,0.014
519,500,ACC,SVM,0.11277777788062548,0.7132222221193745,0.826
520,500,ACC,SVM,0.11436948314085926,0.7416305168591407,0.856
521,500,ACC,SVM,0.034818471711896115,0.4068184717118961,0.372
522,500,ACC,SVM,0.04987291680358277,0.20187291680358277,0.152
523,500,ACC,SVM,0.05114005458927284,0.5488599454107271,0.6
524,500,ACC,SVM,0.09807706417346587,0.21607706417346587,0.118
525,500,ACC,SVM,0.044847635621879434,0.4088476356218794,0.364
526,500,ACC,SVM,0.15346540193137692,0.804534598068623,0.958
527,500,ACC,SVM,0.17526125456149388,0.8187387454385061,0.994
528,500,ACC,SVM,0.089215236530375,0.682784763469625,0.772
529,500,ACC,SVM,0.05623519351223011,0.3662351935122301,0.31
530,500,ACC,SVM,0.07626513728977391,0.6097348627102261,0.686
531,500,ACC,SVM,0.08411931773985726,0.6198806822601427,0.704
532,500,ACC,SVM,0.02382313430773647,0.36217686569226354,0.386
533,500,ACC,SVM,0.03229430119975718,0.6077056988002428,0.64
534,500,ACC,SVM,0.10664803258428412,0.11664803258428412,0.01
535,500,ACC,SVM,0.07098114538294817,0.27898114538294816,0.208
536,500,ACC,SVM,0.052248283168638276,0.47175171683136174,0.524
537,500,ACC,SVM,0.06219371981339908,0.22419371981339908,0.162
538,500,ACC,SVM,0.06831037545333227,0.23231037545333227,0.164
539,500,ACC,SVM,0.10654446660075911,0.7294555333992409,0.836
540,500,ACC,SVM,0.1753487462914437,0.8126512537085563,0.988
541,500,ACC,SVM,0.05992748015882199,0.49407251984117806,0.554
542,500,ACC,SVM,0.1450694169804585,0.6929305830195415,0.838
543,500,ACC,SVM,0.14285295982172763,0.8471470401782724,0.99
544,500,ACC,SVM,0.08622288372338238,0.2262228837233824,0.14
545,500,ACC,SVM,0.008714905728371025,0.439285094271629,0.448
546,500,ACC,SVM,0.04525593036164566,0.4372559303616457,0.392
547,500,ACC,SVM,0.08331880251390004,0.16331880251390005,0.08
548,500,ACC,SVM,0.09759436736015792,0.6564056326398421,0.754
549,500,ACC,SVM,0.025181528288103883,0.4068184717118961,0.432
550,500,ACC,SVM,0.005780880741345029,0.47378088074134506,0.468
551,500,ACC,SVM,0.03766876943369968,0.18766876943369967,0.15
552,500,ACC,SVM,0.06245619500324878,0.24245619500324878,0.18
553,500,ACC,SVM,0.12784453276115992,0.7781554672388401,0.906
554,500,ACC,SVM,0.11323131078395017,0.15723131078395017,0.044
555,500,ACC,SVM,0.05509780102288139,0.2870978010228814,0.232
556,500,ACC,SVM,0.02756442358261424,0.3195644235826142,0.292
557,500,ACC,SVM,0.004044135798755122,0.48595586420124487,0.49
558,500,ACC,SVM,0.06757751323902228,0.5184224867609777,0.586
559,500,ACC,SVM,0.02430661098860487,0.4676933890113951,0.492
560,500,ACC,SVM,0.08134796642388332,0.16534796642388333,0.084
561,500,ACC,SVM,0.02886448974301503,0.270864489743015,0.242
562,500,ACC,SVM,0.09834031923087594,0.743659680769124,0.842
563,500,ACC,SVM,0.040469284659656934,0.5955307153403431,0.636
564,500,ACC,SVM,0.09305256285932295,0.5549474371406771,0.648
565,500,ACC,SVM,0.1008484154894399,0.5691515845105601,0.67
566,500,ACC,SVM,0.10559436736015793,0.6564056326398421,0.762
567,500,ACC,SVM,0.09314381905400027,0.15114381905400026,0.058
568,500,ACC,SVM,0.020526832612063173,0.38652683261206316,0.366
569,500,ACC,SVM,0.03378166060890542,0.5042183393910946,0.538
570,500,ACC,SVM,0.04243934088211321,0.38043934088211323,0.338
571,500,ACC,SVM,0.12469028615067557,0.7193097138493244,0.844
572,500,ACC,SVM,0.02648159444850462,0.45551840555149536,0.482
573,500,ACC,SVM,0.09739021999027475,0.6706097800097253,0.768
574,500,ACC,SVM,0.12863195833070895,0.723368041669291,0.852
575,500,ACC,SVM,0.022102463618721757,0.48189753638127825,0.504
576,500,ACC,SVM,0.15216533577097624,0.7558346642290238,0.908
577,500,ACC,SVM,0.05337336586913921,0.5326266341308608,0.586
578,500,ACC,SVM,0.1530110891604919,0.6969889108395081,0.85
579,500,ACC,SVM,0.0059435544123970785,0.3459435544123971,0.34
580,500,ACC,SVM,0.044510758358487945,0.45348924164151205,0.498
581,500,ACC,SVM,0.06636493880857142,0.4636350611914286,0.53
582,500,ACC,SVM,0.09584375289359946,0.19984375289359946,0.104
583,500,ACC,SVM,0.041285094271628964,0.439285094271629,0.398
584,500,ACC,SVM,0.13175704103121,0.78424295896879,0.916
585,500,ACC,SVM,0.06490674330940649,0.5650932566905935,0.63
586,500,ACC,SVM,0.07051452282321538,0.24651452282321537,0.176
587,500,ACC,SVM,0.00794355441239708,0.3459435544123971,0.338
588,500,ACC,SVM,0.05651452282321537,0.24651452282321537,0.19
589,500,ACC,SVM,0.11902716341406705,0.14302716341406704,0.024
590,500,ACC,SVM,0.1397278771212267,0.7862721228787733,0.926
591,500,ACC,SVM,0.031035708738187395,0.4169642912618126,0.448
592,500,ACC,SVM,0.033856062682447174,0.33985606268244717,0.306
593,500,ACC,SVM,0.036965071129373084,0.5610349288706269,0.598
594,500,ACC,SVM,0.12282301604418394,0.12882301604418395,0.006
595,500,ACC,SVM,0.04562275140258082,0.32362275140258084,0.278
596,500,ACC,SVM,0.0699443342799575,0.6320556657200425,0.702
597,500,ACC,SVM,0.056760923759490045,0.57523907624051,0.632
598,500,ACC,SVM,0.15111543501157743,0.8288845649884226,0.98
599,500,ACC,SVM,0.079256710229206,0.540743289770794,0.62
600,500,ACC,SVM,0.001839208561311645,0.4778392085613116,0.476
601,500,ACC,SVM,0.09750687563020799,0.662493124369792,0.76
602,500,ACC,SVM,0.13196118840109305,0.770038811598907,0.902
603,500,ACC,SVM,0.06156520345017458,0.6584347965498254,0.72
604,500,ACC,SVM,0.1290571071916108,0.8329428928083892,0.962
605,500,ACC,SVM,0.11341938390025808,0.668580616099742,0.782
606,500,ACC,SVM,0.1284278109608259,0.7375721890391741,0.866
607,500,ACC,SVM,0.11019371981339908,0.22419371981339908,0.114
608,500,ACC,SVM,0.09385684255000759,0.6381431574499924,0.732
609,500,ACC,SVM,0.007401749911562172,0.4474017499115622,0.44
610,500,ACC,SVM,0.03154834932903905,0.520451650670961,0.552
611,500,ACC,SVM,0.07876092375949006,0.57523907624051,0.654
612,500,ACC,SVM,0.16346540193137693,0.804534598068623,0.968
613,500,ACC,SVM,0.18555289366132677,0.7984471063386732,0.984
614,500,ACC,SVM,0.0538852265924305,0.3418852265924305,0.288
615,500,ACC,SVM,0.08574018691007435,0.6462598130899256,0.732
616,500,ACC,SVM,0.09159436736015791,0.6564056326398421,0.748
617,500,ACC,SVM,0.034439340882113256,0.38043934088211323,0.346
618,500,ACC,SVM,0.08596040853353268,0.20796040853353268,0.122
619,500,ACC,SVM,0.07664803258428413,0.11664803258428412,0.04
620,500,ACC,SVM,0.09930272826032494,0.6766972717396751,0.776
621,500,ACC,SVM,0.04465657790840444,0.44334342209159555,0.488
622,500,ACC,SVM,0.19366954930126,0.79033045069874,0.984
623,500,ACC,SVM,0.008481594448504659,0.45551840555149536,0.464
624,500,ACC,SVM,0.13899877937164418,0.8370012206283558,0.976
625,500,ACC,SVM,0.017385675657986932,0.39261432434201304,0.41
626,500,ACC,SVM,0.09704025307047526,0.6949597469295248,0.792
627,500,ACC,SVM,0.10975626116364957,0.19375626116364958,0.084
628,500,ACC,SVM,0.03557751323902236,0.5184224867609777,0.554
629,500,ACC,SVM,0.05225282750092608,0.749747172499074,0.802
630,500,ACC,SVM,0.14381536885117663,0.7801846311488234,0.924
631,500,ACC,SVM,0.12906941698045848,0.6929305830195415,0.822
632,500,ACC,SVM,0.10905632732405032,0.14505632732405033,0.036
633,500,ACC,SVM,0.030760143891929492,0.4027601438919295,0.372
634,500,ACC,SVM,0.11531880251390005,0.16331880251390005,0.048
635,500,ACC,SVM,0.06546462206381655,0.17346462206381655,0.108
636,500,ACC,SVM,0.05411931773985734,0.6198806822601427,0.674
637,500,ACC,SVM,0.0779151703699742,0.6340848296300258,0.712
638,500,ACC,SVM,0.10341938390025807,0.668580616099742,0.772
639,500,ACC,SVM,0.16092359743054208,0.7030764025694579,0.864
640,500,ACC,SVM,0.11609015382987398,0.621909846170126,0.738
641,500,ACC,SVM,0.09489443352055882,0.7051055664794412,0.8
642,500,ACC,SVM,0.11328963860391676,0.16128963860391676,0.048
643,500,ACC,SVM,0.05309780102288139,0.2870978010228814,0.234
644,500,ACC,SVM,0.030556776389606854,0.5894432236103931,0.62
645,500,ACC,SVM,0.1224569748708092,0.7355430251291908,0.858
646,500,ACC,SVM,0.12482301604418394,0.12882301604418395,0.004
647,500,ACC,SVM,0.030073299708738455,0.48392670029126156,0.514
648,500,ACC,SVM,0.0662651372897739,0.6097348627102261,0.676
649,500,ACC,SVM,0.07647304912438432,0.10447304912438432,0.028
650,500,ACC,SVM,0.008847635621879402,0.4088476356218794,0.4
651,500,ACC,SVM,0.14425282750092605,0.749747172499074,0.894
652,500,ACC,SVM,0.08258594029959021,0.5874140597004098,0.67
653,500,ACC,SVM,0.04501030929293148,0.28101030929293147,0.236
654,500,ACC,SVM,0.08601951622105963,0.7659804837789403,0.852
655,500,ACC,SVM,0.006060210052330317,0.3540602100523303,0.348
656,500,ACC,SVM,0.10631115532089264,0.7456888446791073,0.852
657,500,ACC,SVM,0.025622751402580857,0.32362275140258084,0.298
658,500,ACC,SVM,0.05331503804917259,0.5366849619508274,0.59
659,500,ACC,SVM,0.008789307801912782,0.4047893078019128,0.396
660,500,ACC,SVM,0.05165191531256408,0.3256519153125641,0.274
661,500,ACC,SVM,0.1281361718609929,0.7578638281390071,0.886
662,500,ACC,SVM,0.054427031093265466,0.24042703109326546,0.186
663,500,ACC,SVM,0.09758127770374976,0.18158127770374977,0.084
664,500,ACC,SVM,0.022176865692263514,0.36217686569226354,0.34
665,500,ACC,SVM,0.06568185909010782,0.6503181409098922,0.716
666,500,ACC,SVM,0.1171277448004252,0.6888722551995748,0.806
667,500,ACC,SVM,0.1609987793716442,0.8370012206283558,0.998
668,500,ACC,SVM,0.04182689877246393,0.3378268987724639,0.296
669,500,ACC,SVM,0.005269020018053738,0.4007309799819463,0.406
670,500,ACC,SVM,0.09225204763336564,0.22825204763336565,0.136
671,500,ACC,SVM,0.00890674330940644,0.5650932566905935,0.574
672,500,ACC,SVM,0.1995820575713101,0.7964179424286899,0.996
673,500,ACC,SVM,0.05576935082005763,0.6442306491799423,0.7
674,500,ACC,SVM,0.04514005458927284,0.5488599454107271,0.594
675,500,ACC,SVM,0.006701816071962963,0.398701816071963,0.392
676,500,ACC,SVM,0.1520778440410263,0.7619221559589737,0.914
677,500,ACC,SVM,0.04048159444850463,0.45551840555149536,0.496
678,500,ACC,SVM,0.07193124462354936,0.20593124462354936,0.134
679,500,ACC,SVM,0.00832268524218005,0.37232268524218004,0.364
680,500,ACC,SVM,0.12369793334368295,0.18969793334368296,0.066
681,500,ACC,SVM,0.04854368673319867,0.24854368673319868,0.2
682,500,ACC,SVM,0.12296883559410042,0.13896883559410042,0.016
683,500,ACC,SVM,0.028948217008237465,0.42305178299176255,0.452
684,500,ACC,SVM,0.03846928465965693,0.5955307153403431,0.634
685,500,ACC,SVM,0.06278930780191277,0.4047893078019128,0.342
686,500,ACC,SVM,0.003051782991762564,0.42305178299176255,0.42
687,500,ACC,SVM,0.14331958238146048,0.8146804176185395,0.958
688,500,ACC,SVM,0.13417764555982392,0.6158223544401761,0.75
689,500,ACC,SVM,0.06621911925865498,0.47378088074134506,0.54
690,500,ACC,SVM,0.009185292752831309,0.2931852927528313,0.284
691,500,ACC,SVM,0.14219449968095954,0.7538055003190405,0.896
692,500,ACC,SVM,0.0936810792225474,0.3276810792225474,0.234
693,500,ACC,SVM,0.04629352133219672,0.37029352133219673,0.324
694,500,ACC,SVM,0.20695276134052543,0.7010472386594746,0.908
695,500,ACC,SVM,0.005519185419055828,0.5224808145809442,0.528
696,500,ACC,SVM,0.08965269518012453,0.6523473048198755,0.742
697,500,ACC,SVM,0.05128587413918928,0.5387141258608107,0.59
698,500,ACC,SVM,0.06052761247962357,0.5914723875203765,0.652
699,500,ACC,SVM,0.00938944012271442,0.3073894401227144,0.298
700,500,ACC,SVM,0.08159358749259754,0.32159358749259753,0.24
701,500,ACC,SVM,0.005681079222547403,0.3276810792225474,0.322
702,500,ACC,SVM,0.05396040853353268,0.20796040853353268,0.154
703,500,ACC,SVM,0.14251530269077584,0.7314846973092242,0.874
704,500,ACC,SVM,0.04568107922254744,0.3276810792225474,0.282
705,500,ACC,SVM,0.03346085759908923,0.5265391424009108,0.56
706,500,ACC,SVM,0.11127356435034164,0.6787264356496584,0.79
707,500,ACC,SVM,0.0971860726203917,0.6848139273796083,0.782
708,500,ACC,SVM,0.010889889188270885,0.4271101108117291,0.438
709,500,ACC,SVM,0.030627413998421116,0.44537258600157886,0.476
710,500,ACC,SVM,0.18540707411141033,0.8085929258885897,0.994
711,500,ACC,SVM,0.06629430119975721,0.6077056988002428,0.674
712,500,ACC,SVM,0.1048361057005921,0.7091638942994078,0.814
713,500,ACC,SVM,0.12587369667114323,0.7761263033288568,0.902
714,500,ACC,SVM,0.0788652696105755,0.7071347303894245,0.786
715,500,ACC,SVM,0.08483532583303172,0.2688353258330317,0.184
716,500,ACC,SVM,0.035460857599089235,0.5265391424009108,0.562
717,500,ACC,SVM,0.07752294988378314,0.17752294988378314,0.1
718,500,ACC,SVM,0.07676092375949006,0.57523907624051,0.652
719,500,ACC,SVM,0.13526125456149385,0.8187387454385061,0.954
720,500,ACC,SVM,0.032131627528705076,0.47986837247129493,0.512
721,500,ACC,SVM,0.013372586001578868,0.44537258600157886,0.432
722,500,ACC,SVM,0.12120214687396685,0.15520214687396686,0.034
723,500,ACC,SVM,0.1514362380213936,0.8065637619786064,0.958
724,500,ACC,SVM,0.12625204763336567,0.22825204763336565,0.102
725,500,ACC,SVM,0.10505632732405032,0.14505632732405033,0.04
726,500,ACC,SVM,0.06138944012271441,0.3073894401227144,0.246
727,500,ACC,SVM,0.10743545815383324,0.17143545815383324,0.064
728,500,ACC,SVM,0.020802397458320965,0.43319760254167905,0.454
729,500,ACC,SVM,0.07874406963835434,0.4372559303616457,0.516
730,500,ACC,SVM,0.00553525967263091,0.3175352596726309,0.312
731,500,ACC,SVM,0.08693967168411713,0.13693967168411714,0.05
732,500,ACC,SVM,0.09796040853353268,0.20796040853353268,0.11
733,500,ACC,SVM,0.01573564257778659,0.3682643574222134,0.384
734,500,ACC,SVM,0.12563960552371636,0.18563960552371636,0.06
735,500,ACC,SVM,0.08420680946980719,0.6137931905301928,0.698
736,500,ACC,SVM,0.03239786718328219,0.23839786718328218,0.206
737,500,ACC,SVM,0.0419143905024138,0.3439143905024138,0.302
738,500,ACC,SVM,0.02702261908177922,0.42102261908177924,0.394
739,500,ACC,SVM,0.013239856108070491,0.4027601438919295,0.416
740,500,ACC,SVM,0.09838555739443441,0.09838555739443441,0.0
741,500,ACC,SVM,0.09798957244351596,0.20998957244351596,0.112
742,500,ACC,SVM,0.11631115532089265,0.7456888446791073,0.862
743,500,ACC,SVM,0.11664803258428412,0.11664803258428412,0.0
744,500,ACC,SVM,0.038277447078621574,0.46972255292137843,0.508
745,500,ACC,SVM,0.02639410271855469,0.4616058972814453,0.488
746,500,ACC,SVM,0.015972718322380397,0.3479727183223804,0.332
747,500,ACC,SVM,0.006948217008237445,0.42305178299176255,0.43
748,500,ACC,SVM,0.09112774480042518,0.6888722551995748,0.78
749,500,ACC,SVM,0.1267777778806255,0.7132222221193745,0.84
750,500,ACC,SVM,0.027097801022881396,0.2870978010228814,0.26
751,500,ACC,SVM,0.0543810130621466,0.3763810130621466,0.322
752,500,ACC,SVM,0.034951981472964855,0.27695198147296485,0.242
753,500,ACC,SVM,0.005926700291261577,0.48392670029126156,0.478
754,500,ACC,SVM,0.027623531270141277,0.6543764687298588,0.682
755,500,ACC,SVM,0.055039473202914774,0.2830394732029148,0.228
756,500,ACC,SVM,0.03623519351223009,0.3662351935122301,0.33
757,500,ACC,SVM,0.14778620494119332,0.7822137950588067,0.93
758,500,ACC,SVM,0.11531880251390005,0.16331880251390005,0.048
759,500,ACC,SVM,0.002452430538521344,0.4575475694614787,0.46
760,500,ACC,SVM,0.07185684255000757,0.6381431574499924,0.71
761,500,ACC,SVM,0.03969793334368296,0.18969793334368296,0.15
762,500,ACC,SVM,0.10514381905400026,0.15114381905400026,0.046
763,500,ACC,SVM,0.061843752893599446,0.19984375289359946,0.138
764,500,ACC,SVM,0.14999035231107638,0.7680096476889237,0.918
765,500,ACC,SVM,0.1045897047643175,0.11258970476431751,0.008
766,500,ACC,SVM,0.06054368673319868,0.24854368673319868,0.188
767,500,ACC,SVM,0.0785313769443509,0.1085313769443509,0.03
768,500,ACC,SVM,0.08375626116364958,0.19375626116364958,0.11
769,500,ACC,SVM,0.06302339894933962,0.5569766010506604,0.62
770,500,ACC,SVM,0.055214456662814604,0.2952144566628146,0.24
771,500,ACC,SVM,0.008994235039356258,0.5590057649606437,0.568
772,500,ACC,SVM,0.06549002150907246,0.5245099784909275,0.59
773,500,ACC,SVM,0.11651530269077581,0.7314846973092242,0.848
774,500,ACC,SVM,0.12685217995416725,0.13085217995416726,0.004
775,500,ACC,SVM,0.1387777778806255,0.7132222221193745,0.852
776,500,ACC,SVM,0.06711089067928955,0.5508891093207104,0.618
777,500,ACC,SVM,0.06828121154334896,0.23028121154334896,0.162
778,500,ACC,SVM,0.08312774480042517,0.6888722551995748,0.772
779,500,ACC,SVM,0.11236948314085926,0.7416305168591407,0.854
780,500,ACC,SVM,0.055418604032697716,0.3094186040326977,0.254
781,500,ACC,SVM,0.14796118840109307,0.770038811598907,0.918
782,500,ACC,SVM,0.004569086178454529,0.4494309138215455,0.454
783,500,ACC,SVM,0.05719838240923936,0.5448016175907606,0.602
784,500,ACC,SVM,0.16323209065151056,0.8207679093484894,0.984
785,500,ACC,SVM,0.00826435742221343,0.3682643574222134,0.36
786,500,ACC,SVM,0.12718607262039172,0.6848139273796083,0.812
787,500,ACC,SVM,0.04620602960224679,0.3642060296022468,0.318
788,500,ACC,SVM,0.10506941698045857,0.6929305830195415,0.798
789,500,ACC,SVM,0.0430233989493396,0.5569766010506604,0.6
790,500,ACC,SVM,0.05486448974301503,0.270864489743015,0.216
791,500,ACC,SVM,0.01919760254167907,0.43319760254167905,0.414
792,500,ACC,SVM,0.0502351935122301,0.3662351935122301,0.316
793,500,ACC,SVM,0.08126047469393345,0.15926047469393345,0.078
794,500,ACC,SVM,0.11299799950408373,0.14099799950408373,0.028
795,500,ACC,SVM,0.024293521332196755,0.37029352133219673,0.346
796,500,ACC,SVM,0.14328963860391677,0.16128963860391676,0.018
797,500,ACC,SVM,0.07642703109326546,0.24042703109326546,0.164
798,500,ACC,SVM,0.07774018691007434,0.6462598130899256,0.724
799,500,ACC,SVM,0.08406098991989075,0.6239390100801092,0.708
800,500,ACC,SVM,0.09174018691007435,0.6462598130899256,0.738
801,500,ACC,SVM,0.0400893739623136,0.3560893739623136,0.316
802,500,ACC,SVM,0.12199035231107636,0.7680096476889237,0.89
803,500,ACC,SVM,0.055315038049172593,0.5366849619508274,0.592
804,500,ACC,SVM,0.09819371981339908,0.22419371981339908,0.126
805,500,ACC,SVM,0.09233953936331557,0.23433953936331556,0.142
806,500,ACC,SVM,0.08835262901972374,0.6036473709802762,0.692
807,500,ACC,SVM,0.056252047633365665,0.22825204763336565,0.172
808,500,ACC,SVM,0.03830661098860488,0.4676933890113951,0.506
809,500,ACC,SVM,0.16923209065151057,0.8207679093484894,0.99
810,500,ACC,SVM,0.12482301604418394,0.12882301604418395,0.004
811,500,ACC,SVM,0.12499799950408373,0.14099799950408373,0.016
812,500,ACC,SVM,0.18746540193137695,0.804534598068623,0.992
813,500,ACC,SVM,0.07166500496897221,0.5123349950310278,0.584
814,500,ACC,SVM,0.07790208071356605,0.20390208071356605,0.126
815,500,ACC,SVM,0.13813617186099292,0.7578638281390071,0.896
816,500,ACC,SVM,0.12010700795100959,0.7598929920489904,0.88
817,500,ACC,SVM,0.02366500496897228,0.5123349950310278,0.536
818,500,ACC,SVM,0.07722754631922268,0.5427724536807773,0.62
819,500,ACC,SVM,0.06379773486248064,0.33579773486248066,0.272
820,500,ACC,SVM,0.09099799950408373,0.14099799950408373,0.05
821,500,ACC,SVM,0.041081726769306215,0.5529182732306938,0.594
822,500,ACC,SVM,0.045856062682447185,0.33985606268244717,0.294
823,500,ACC,SVM,0.07255677638960689,0.5894432236103931,0.662
824,500,ACC,SVM,0.10248613878079249,0.7335138612192075,0.836
825,500,ACC,SVM,0.10067719649426742,0.11867719649426742,0.018
826,500,ACC,SVM,0.07354834932903898,0.520451650670961,0.594
827,500,ACC,SVM,0.05303947320291477,0.2830394732029148,0.23
828,500,ACC,SVM,0.12225282750092603,0.749747172499074,0.872
829,500,ACC,SVM,0.05133111230274778,0.3033311123027478,0.252
830,500,ACC,SVM,0.05505256285932292,0.5549474371406771,0.61
831,500,ACC,SVM,0.03154834932903905,0.520451650670961,0.552
832,500,ACC,SVM,0.008789307801912782,0.4047893078019128,0.396
833,500,ACC,SVM,0.058148481649840655,0.6178515183501594,0.676
834,500,ACC,SVM,0.09397349818994083,0.6300265018100591,0.724
835,500,ACC,SVM,0.06178166060890533,0.5042183393910946,0.566
836,500,ACC,SVM,0.10159436736015792,0.6564056326398421,0.758
837,500,ACC,SVM,0.15920292674152725,0.8227970732584727,0.982
838,500,ACC,SVM,0.023356511748003628,0.39464348825199635,0.418
839,500,ACC,SVM,0.0077524966989220845,0.5062475033010779,0.514
840,500,ACC,SVM,0.10870636040425073,0.12070636040425073,0.012
841,500,ACC,SVM,0.10509858089044188,0.6909014191095582,0.796
842,500,ACC,SVM,0.01172333278893889,0.5082766672110611,0.52
843,500,ACC,SVM,0.0012106921980872265,0.4047893078019128,0.406
844,500,ACC,SVM,0.07743545815383324,0.17143545815383324,0.094
845,500,ACC,SVM,0.13419449968095953,0.7538055003190405,0.888
846,500,ACC,SVM,0.03513927472171241,0.4291392747217124,0.394
847,500,ACC,SVM,0.06820680946980728,0.6137931905301928,0.682
848,500,ACC,SVM,0.045756261163649586,0.19375626116364958,0.148
849,500,ACC,SVM,0.12705710719161079,0.8329428928083892,0.96
850,500,ACC,SVM,0.08068950628311522,0.2586895062831152,0.178
851,500,ACC,SVM,0.052572850643181956,0.25057285064318197,0.198
852,500,ACC,SVM,0.13260279442072576,0.7253972055792742,0.858
853,500,ACC,SVM,0.13993202449110975,0.7720679755088903,0.912
854,500,ACC,SVM,0.044660342373131906,0.2566603423731319,0.212
855,500,ACC,SVM,0.005780880741345029,0.47378088074134506,0.468
856,500,ACC,SVM,0.07762353127014121,0.6543764687298588,0.732
857,500,ACC,SVM,0.13231115532089266,0.7456888446791073,0.878
858,500,ACC,SVM,0.0369351273518293,0.4149351273518293,0.378
859,500,ACC,SVM,0.03816079143868839,0.4778392085613116,0.516
860,500,ACC,SVM,0.09576935082005766,0.6442306491799423,0.74
861,500,ACC,SVM,0.08576935082005765,0.6442306491799423,0.73
862,500,ACC,SVM,0.1174777117202247,0.6645222882797753,0.782
863,500,ACC,SVM,0.04551918541905575,0.5224808145809442,0.568
864,500,ACC,SVM,0.10598957244351596,0.20998957244351596,0.104
865,500,ACC,SVM,0.15225282750092606,0.749747172499074,0.902
866,500,ACC,SVM,0.11019449968095951,0.7538055003190405,0.864
867,500,ACC,SVM,0.15782767864002434,0.6401723213599757,0.798
868,500,ACC,SVM,0.07952294988378314,0.17752294988378314,0.098
869,500,ACC,SVM,0.028310375453332287,0.23231037545333227,0.204
870,500,ACC,SVM,0.10994433427995753,0.6320556657200425,0.742
871,500,ACC,SVM,0.11696883559410043,0.13896883559410042,0.022
872,500,ACC,SVM,0.15926125456149387,0.8187387454385061,0.978
873,500,ACC,SVM,0.020672652161979665,0.39667265216197967,0.376
874,500,ACC,SVM,0.07579851473004096,0.642201485269959,0.718
875,500,ACC,SVM,0.12001951622105966,0.7659804837789403,0.886
876,500,ACC,SVM,0.0026726521619796495,0.39667265216197967,0.394
877,500,ACC,SVM,0.019826898772463908,0.3378268987724639,0.318
878,500,ACC,SVM,0.04696507112937309,0.5610349288706269,0.608
879,500,ACC,SVM,0.04128587413918927,0.5387141258608107,0.58
880,500,ACC,SVM,0.017080946901745886,0.42508094690174586,0.408
881,500,ACC,SVM,0.04911089067928953,0.5508891093207104,0.6
882,500,ACC,SVM,0.15787369667114326,0.7761263033288568,0.934
883,500,ACC,SVM,0.020627413998421162,0.44537258600157886,0.466
884,500,ACC,SVM,0.06877699801306508,0.2647769980130651,0.196
885,500,ACC,SVM,0.051110110811729115,0.4271101108117291,0.376
886,500,ACC,SVM,0.0006434882519963381,0.39464348825199635,0.394
887,500,ACC,SVM,0.08201873635349927,0.21201873635349927,0.13
888,500,ACC,SVM,0.07842703109326546,0.24042703109326546,0.162
889,500,ACC,SVM,0.10673175984950678,0.5772682401504933,0.684
890,500,ACC,SVM,0.0001731012275361099,0.3378268987724639,0.338
891,500,ACC,SVM,0.17584453276115986,0.7781554672388401,0.954
892,500,ACC,SVM,0.036981145382948166,0.27898114538294816,0.242
893,500,ACC,SVM,0.08561044161373305,0.18361044161373305,0.098
894,500,ACC,SVM,0.11791517036997423,0.6340848296300258,0.752
895,500,ACC,SVM,0.11807784404102628,0.7619221559589737,0.88
896,500,ACC,SVM,0.05373940704251401,0.33173940704251403,0.278
897,500,ACC,SVM,0.08509780102288139,0.2870978010228814,0.202
898,500,ACC,SVM,0.06048535891323209,0.2444853589132321,0.184
899,500,ACC,SVM,0.03604413579875515,0.48595586420124487,0.522
900,500,ACC,SVM,0.024656577908404476,0.44334342209159555,0.468
901,500,ACC,SVM,0.031126964932864654,0.28912696493286466,0.258
902,500,ACC,SVM,0.11120214687396686,0.15520214687396686,0.044
903,500,ACC,SVM,0.04274406963835431,0.4372559303616457,0.48
904,500,ACC,SVM,0.1717278771212266,0.7862721228787733,0.958
905,500,ACC,SVM,0.06255677638960688,0.5894432236103931,0.652
906,500,ACC,SVM,0.018189955348671627,0.47581004465132837,0.494
907,500,ACC,SVM,0.09998957244351596,0.20998957244351596,0.11
908,500,ACC,SVM,0.045243620572797905,0.2972436205727979,0.252
909,500,ACC,SVM,0.02962275140258086,0.32362275140258084,0.294
910,500,ACC,SVM,0.08121523653037499,0.682784763469625,0.764
911,500,ACC,SVM,0.10190286058112641,0.7740971394188736,0.876
912,500,ACC,SVM,0.1380778440410263,0.7619221559589737,0.9
913,500,ACC,SVM,0.1510571071916108,0.8329428928083892,0.984
914,500,ACC,SVM,0.14499877937164418,0.8370012206283558,0.982
915,500,ACC,SVM,0.17587369667114316,0.7761263033288568,0.952
916,500,ACC,SVM,0.08926047469393344,0.15926047469393345,0.07
917,500,ACC,SVM,0.08007706417346586,0.21607706417346587,0.136
918,500,ACC,SVM,0.0399143905024138,0.3439143905024138,0.304
919,500,ACC,SVM,0.06401497188877187,0.4879850281112282,0.552
920,500,ACC,SVM,0.04296883559410042,0.13896883559410042,0.096
921,500,ACC,SVM,0.13483610570059212,0.7091638942994078,0.844
922,500,ACC,SVM,0.032644268119556785,0.5833557318804432,0.616
923,500,ACC,SVM,0.041839988428872044,0.500160011571128,0.542
924,500,ACC,SVM,0.07236870327329886,0.23636870327329887,0.164
925,500,ACC,SVM,0.0635060957626476,0.3155060957626476,0.252
926,500,ACC,SVM,0.06419371981339908,0.22419371981339908,0.16
927,500,ACC,SVM,0.11242781096082588,0.7375721890391741,0.85
928,500,ACC,SVM,0.0493442019591559,0.5346557980408441,0.584
929,500,ACC,SVM,0.08165269518012452,0.6523473048198755,0.734
930,500,ACC,SVM,0.05400188223236374,0.3500018822323637,0.296
931,500,ACC,SVM,0.02464348825199636,0.39464348825199635,0.37
932,500,ACC,SVM,0.011385675657986982,0.39261432434201304,0.404
933,500,ACC,SVM,0.09750687563020799,0.662493124369792,0.76
934,500,ACC,SVM,0.10747771172022469,0.6645222882797753,0.772
935,500,ACC,SVM,0.07095198147296486,0.27695198147296485,0.206
936,500,ACC,SVM,0.1740195162210596,0.7659804837789403,0.94
937,500,ACC,SVM,0.08796040853353268,0.20796040853353268,0.12
938,500,ACC,SVM,0.13813617186099292,0.7578638281390071,0.896
939,500,ACC,SVM,0.07955211379376645,0.17955211379376645,0.1
940,500,ACC,SVM,0.0535352596726309,0.3175352596726309,0.264
941,500,ACC,SVM,0.13683610570059213,0.7091638942994078,0.846
942,500,ACC,SVM,0.048222883723382404,0.2262228837233824,0.178
943,500,ACC,SVM,0.021197602541679073,0.43319760254167905,0.412
944,500,ACC,SVM,0.004656577908404458,0.44334342209159555,0.448
945,500,ACC,SVM,0.016718670193098528,0.2607186701930985,0.244
946,500,ACC,SVM,0.045477711720224634,0.6645222882797753,0.71
947,500,ACC,SVM,0.08604868013104294,0.763951319868957,0.85
948,500,ACC,SVM,0.14251530269077584,0.7314846973092242,0.874
949,500,ACC,SVM,0.0082897568674693,0.3297102431325307,0.338
950,500,ACC,SVM,0.019694168878955587,0.5103058311210444,0.53
951,500,ACC,SVM,0.08171024313253072,0.3297102431325307,0.248
952,500,ACC,SVM,0.05324362057279791,0.2972436205727979,0.244
953,500,ACC,SVM,0.08042703109326546,0.24042703109326546,0.16
954,500,ACC,SVM,0.15981536885117653,0.7801846311488234,0.94
955,500,ACC,SVM,0.1261070079510096,0.7598929920489904,0.886
956,500,ACC,SVM,0.093215236530375,0.682784763469625,0.776
957,500,ACC,SVM,0.04018995534867165,0.47581004465132837,0.516
958,500,ACC,SVM,0.014189955348671623,0.47581004465132837,0.49
959,500,ACC,SVM,0.0501607914386884,0.4778392085613116,0.528
960,500,ACC,SVM,0.017577513239022347,0.5184224867609777,0.536
961,500,ACC,SVM,0.00486072527828757,0.4291392747217124,0.434
962,500,ACC,SVM,0.06781458898361614,0.19781458898361615,0.13
963,500,ACC,SVM,0.08598957244351596,0.20998957244351596,0.124
964,500,ACC,SVM,0.11094045155167753,0.8410595484483224,0.952
965,500,ACC,SVM,0.003955864201244885,0.48595586420124487,0.482
966,500,ACC,SVM,0.14137791020142698,0.810622089798573,0.952
967,500,ACC,SVM,0.050018736353499266,0.21201873635349927,0.162
968,500,ACC,SVM,0.039635841058988985,0.5143641589410111,0.554
969,500,ACC,SVM,0.0486311784631486,0.2546311784631486,0.206
970,500,ACC,SVM,0.05741860403269772,0.3094186040326977,0.252
971,500,ACC,SVM,0.07244388521440101,0.10244388521440101,0.03
972,500,ACC,SVM,0.09401873635349928,0.21201873635349927,0.118
973,500,ACC,SVM,0.12769871321124338,0.7883012867887567,0.916
974,500,ACC,SVM,0.025943554412397096,0.3459435544123971,0.32
975,500,ACC,SVM,0.051023398949339605,0.5569766010506604,0.608
976,500,ACC,SVM,0.008481594448504659,0.45551840555149536,0.464
977,500,ACC,SVM,0.021589823027870103,0.3784101769721299,0.4
978,500,ACC,SVM,0.031869152338855344,0.4981308476611447,0.53
979,500,ACC,SVM,0.06660201455316528,0.2526020145531653,0.186
980,500,ACC,SVM,0.20375704103120995,0.78424295896879,0.988
981,500,ACC,SVM,0.1270985808904418,0.6909014191095582,0.818
982,500,ACC,SVM,0.08968185909010784,0.6503181409098922,0.74
983,500,ACC,SVM,0.0037517168313617177,0.47175171683136174,0.468
984,500,ACC,SVM,0.06610622808344918,0.21810622808344918,0.152
985,500,ACC,SVM,0.14387369667114325,0.7761263033288568,0.92
986,500,ACC,SVM,0.022176865692263514,0.36217686569226354,0.34
987,500,ACC,SVM,0.10520214687396685,0.15520214687396686,0.05
988,500,ACC,SVM,0.02423519351223008,0.3662351935122301,0.342
989,500,ACC,SVM,0.10309858089044188,0.6909014191095582,0.794
990,500,ACC,SVM,0.08734420195915593,0.5346557980408441,0.622
991,500,ACC,SVM,0.10779851473004098,0.642201485269959,0.75
992,500,ACC,SVM,0.09095276134052543,0.7010472386594746,0.792
993,500,ACC,SVM,0.0852144566628146,0.2952144566628146,0.21
994,500,ACC,SVM,0.13369871321124338,0.7883012867887567,0.922
995,500,ACC,SVM,0.017006544828204073,0.4189934551717959,0.436
996,500,ACC,SVM,0.0952275463192227,0.5427724536807773,0.638
997,500,ACC,SVM,0.1308813438641505,0.13288134386415051,0.002
998,500,ACC,SVM,0.1752904184714772,0.8167095815285228,0.992
999,500,ACC,SVM,0.049710243132530696,0.3297102431325307,0.28
1000,500,ACC,SVM,0.11755211379376646,0.17955211379376645,0.062
1001,500,ACC,SVM,0.006539922268471221,0.4514600777315288,0.458
1002,500,ACC,SVM,0.08198957244351596,0.20998957244351596,0.128
1003,500,ACC,SVM,0.09857285064318197,0.25057285064318197,0.152
1004,500,ACC,SVM,0.05270259593952342,0.5792974040604766,0.632
1005,500,ACC,SVM,0.001414839567970283,0.39058516043202973,0.392
1006,500,ACC,SVM,0.15807784404102632,0.7619221559589737,0.92
1007,500,ACC,SVM,0.0482351935122301,0.3662351935122301,0.318
1008,500,ACC,SVM,0.09394433427995752,0.6320556657200425,0.726
1009,500,ACC,SVM,0.00042326662853803265,0.459576733371462,0.46
1010,500,ACC,SVM,0.06044012074967364,0.5975598792503264,0.658
1011,500,ACC,SVM,0.06537336586913922,0.5326266341308608,0.598
1012,500,ACC,SVM,0.0022774470786215417,0.46972255292137843,0.472
1013,500,ACC,SVM,0.13937791020142698,0.810622089798573,0.95
1014,500,ACC,SVM,0.048585160432029706,0.39058516043202973,0.342
1015,500,ACC,SVM,0.06645619500324879,0.24245619500324878,0.176
1016,500,ACC,SVM,0.056090153829874034,0.621909846170126,0.678
1017,500,ACC,SVM,0.13480694179060881,0.7111930582093912,0.846
1018,500,ACC,SVM,0.09491050777413382,0.13491050777413383,0.04
1019,500,ACC,SVM,0.003460077731528788,0.4514600777315288,0.448
1020,500,ACC,SVM,0.14834031923087598,0.743659680769124,0.892
1021,500,ACC,SVM,0.06521523653037498,0.682784763469625,0.748
1022,500,ACC,SVM,0.1753195823814605,0.8146804176185395,0.99
1023,500,ACC,SVM,0.05418995534867166,0.47581004465132837,0.53
1024,500,ACC,SVM,0.07464426811955682,0.5833557318804432,0.658
1025,500,ACC,SVM,0.05003104614234699,0.352031046142347,0.302
1026,500,ACC,SVM,0.14552372975134342,0.8004762702486565,0.946
1027,500,ACC,SVM,0.04284763562187943,0.4088476356218794,0.366
1028,500,ACC,SVM,0.10391517036997422,0.6340848296300258,0.738
1029,500,ACC,SVM,0.02511011081172909,0.4271101108117291,0.402
1030,500,ACC,SVM,0.03346085759908923,0.5265391424009108,0.56
1031,500,ACC,SVM,0.09811931773985727,0.6198806822601427,0.718
1032,500,ACC,SVM,0.040306610988604885,0.4676933890113951,0.508
1033,500,ACC,SVM,0.13799035231107637,0.7680096476889237,0.906
1034,500,ACC,SVM,0.013168438631695756,0.43116843863169574,0.418
1035,500,ACC,SVM,0.07481925157945657,0.5711807484205434,0.646
1036,500,ACC,SVM,0.0181477017822802,0.3601477017822802,0.342
1037,500,ACC,SVM,0.015051782991762575,0.42305178299176255,0.408
1038,500,ACC,SVM,0.021006544828204077,0.4189934551717959,0.44
1039,500,ACC,SVM,0.09613539199343249,0.2201353919934325,0.124
1040,500,ACC,SVM,0.09361044161373305,0.18361044161373305,0.09
1041,500,ACC,SVM,0.048148481649840646,0.6178515183501594,0.666
1042,500,ACC,SVM,0.06455677638960688,0.5894432236103931,0.654
1043,500,ACC,SVM,0.08067343202954014,0.5813265679704599,0.662
1044,500,ACC,SVM,0.12502716341406706,0.14302716341406704,0.018
1045,500,ACC,SVM,0.032118537872296904,0.3581185378722969,0.326
1046,500,ACC,SVM,0.07689365365299833,0.27289365365299834,0.196
1047,500,ACC,SVM,0.09115690871040849,0.6868430912895915,0.778
1048,500,ACC,SVM,0.1244569748708092,0.7355430251291908,0.86
1049,500,ACC,SVM,0.06544776794268103,0.31144776794268103,0.246
1050,500,ACC,SVM,0.07249844856964027,0.5935015514303598,0.666
1051,500,ACC,SVM,0.09213539199343249,0.2201353919934325,0.128
1052,500,ACC,SVM,0.031360276212731075,0.3053602762127311,0.274
1053,500,ACC,SVM,0.08619371981339907,0.22419371981339908,0.138
1054,500,ACC,SVM,0.031476931852664314,0.3134769318526643,0.282
1055,500,ACC,SVM,0.060206809469807276,0.6137931905301928,0.674
1056,500,ACC,SVM,0.13590286058112644,0.7740971394188736,0.91
1057,500,ACC,SVM,0.052631178463148576,0.2546311784631486,0.202
1058,500,ACC,SVM,0.05604413579875517,0.48595586420124487,0.542
1059,500,ACC,SVM,0.08620680946980719,0.6137931905301928,0.7
1060,500,ACC,SVM,0.15152372975134343,0.8004762702486565,0.952
1061,500,ACC,SVM,0.04693590721938978,0.5630640927806102,0.61
1062,500,ACC,SVM,0.024981145382948156,0.27898114538294816,0.254
1063,500,ACC,SVM,0.028469284659656924,0.5955307153403431,0.624
1064,500,ACC,SVM,0.04217686569226353,0.36217686569226354,0.32
1065,500,ACC,SVM,0.12885295982172762,0.8471470401782724,0.976
1066,500,ACC,SVM,0.006789307801912781,0.4047893078019128,0.398
1067,500,ACC,SVM,0.06006098991989084,0.6239390100801092,0.684
1068,500,ACC,SVM,0.10276468822421733,0.12476468822421732,0.022
1069,500,ACC,SVM,0.018993455171795903,0.4189934551717959,0.4
1070,500,ACC,SVM,0.10396118840109303,0.770038811598907,0.874
1071,500,ACC,SVM,0.048965071129373094,0.5610349288706269,0.61
1072,500,ACC,SVM,0.02503570873818739,0.4169642912618126,0.442
1073,500,ACC,SVM,0.14366954930126008,0.79033045069874,0.934
1074,500,ACC,SVM,0.14283610570059213,0.7091638942994078,0.852
1075,500,ACC,SVM,0.0024355764173857875,0.3195644235826142,0.322
1076,500,ACC,SVM,0.043839988428872045,0.500160011571128,0.544
1077,500,ACC,SVM,0.028423266628538002,0.459576733371462,0.488
1078,500,ACC,SVM,0.07908172676930625,0.5529182732306938,0.632
1079,500,ACC,SVM,0.016001882232363707,0.3500018822323637,0.334
1080,500,ACC,SVM,0.03295198147296485,0.27695198147296485,0.244
1081,500,ACC,SVM,0.1500778440410263,0.7619221559589737,0.912
1082,500,ACC,SVM,0.14993202449110976,0.7720679755088903,0.922
1083,500,ACC,SVM,0.08007784404102625,0.7619221559589737,0.842
1084,500,ACC,SVM,0.15520292674152725,0.8227970732584727,0.978
1085,500,ACC,SVM,0.08759436736015791,0.6564056326398421,0.744
1086,500,ACC,SVM,0.10556520345017462,0.6584347965498254,0.764
1087,500,ACC,SVM,0.08530272826032492,0.6766972717396751,0.762
1088,500,ACC,SVM,0.030569086178454496,0.4494309138215455,0.48
1089,500,ACC,SVM,0.022802397458320967,0.43319760254167905,0.456
1090,500,ACC,SVM,0.020718670193098532,0.2607186701930985,0.24
1091,500,ACC,SVM,0.05658594029959019,0.5874140597004098,0.644
1092,500,ACC,SVM,0.02547693185266431,0.3134769318526643,0.288
1093,500,ACC,SVM,0.05747693185266428,0.3134769318526643,0.256
1094,500,ACC,SVM,0.045285874139189275,0.5387141258608107,0.584
1095,500,ACC,SVM,0.019444003477953498,0.3885559965220465,0.408
1096,500,ACC,SVM,0.04677699801306509,0.2647769980130651,0.218
1097,500,ACC,SVM,0.11901108916049186,0.6969889108395081,0.816
1098,500,ACC,SVM,0.1244569748708092,0.7355430251291908,0.86
1099,500,ACC,SVM,0.07645619500324877,0.24245619500324878,0.166
1100,500,ACC,SVM,0.12485217995416725,0.13085217995416726,0.006
1101,500,ACC,SVM,0.011972718322380393,0.3479727183223804,0.336
1102,500,ACC,SVM,0.09698192525050875,0.6990180747494913,0.796
1103,500,ACC,SVM,0.11260279442072574,0.7253972055792742,0.838
1104,500,ACC,SVM,0.07198957244351595,0.20998957244351596,0.138
1105,500,ACC,SVM,0.0709235974305421,0.7030764025694579,0.774
1106,500,ACC,SVM,0.07569793334368295,0.18969793334368296,0.114
1107,500,ACC,SVM,0.0014440034779535371,0.3885559965220465,0.39
1108,500,ACC,SVM,0.16708627110159413,0.8309137288984059,0.998
1109,500,ACC,SVM,0.06263117846314858,0.2546311784631486,0.192
1110,500,ACC,SVM,0.07016455590341578,0.22216455590341577,0.152
1111,500,ACC,SVM,0.017210692198087185,0.4047893078019128,0.422
1112,500,ACC,SVM,0.048848415489439856,0.5691515845105601,0.618
1113,500,ACC,SVM,0.13558205757131014,0.7964179424286899,0.932
1114,500,ACC,SVM,0.12067797636182787,0.8593220236381721,0.98
1115,500,ACC,SVM,0.10749378597379985,0.17549378597379986,0.068
1116,500,ACC,SVM,0.08413539199343248,0.2201353919934325,0.136
1117,500,ACC,SVM,0.13156520345017464,0.6584347965498254,0.79
1118,500,ACC,SVM,0.05768107922254739,0.3276810792225474,0.27
1119,500,ACC,SVM,0.13628199141090935,0.7477180085890907,0.884
1120,500,ACC,SVM,0.05632346510974051,0.6056765348902595,0.662
1121,500,ACC,SVM,0.09998957244351596,0.20998957244351596,0.11
1122,500,ACC,SVM,0.11674861397064218,0.7152513860293578,0.832
1123,500,ACC,SVM,0.056310375453332284,0.23231037545333227,0.176
1124,500,ACC,SVM,0.005110110811729129,0.4271101108117291,0.422
1125,500,ACC,SVM,0.04575249669892212,0.5062475033010779,0.552
1126,500,ACC,SVM,0.01404413579875513,0.48595586420124487,0.5
1127,500,ACC,SVM,0.07017764555982398,0.6158223544401761,0.686
1128,500,ACC,SVM,0.0645859402995902,0.5874140597004098,0.652
1129,500,ACC,SVM,0.16311543501157744,0.8288845649884226,0.992
1130,500,ACC,SVM,0.11838633726199488,0.8796136627380051,0.998
1131,500,ACC,SVM,0.04627744707862158,0.46972255292137843,0.516
1132,500,ACC,SVM,0.07337713033386664,0.16737713033386664,0.094
1133,500,ACC,SVM,0.09394433427995752,0.6320556657200425,0.726
1134,500,ACC,SVM,0.15929041847147718,0.8167095815285228,0.976
1135,500,ACC,SVM,0.019826898772463908,0.3378268987724639,0.318
1136,500,ACC,SVM,0.009722552921378413,0.46972255292137843,0.46
1137,500,ACC,SVM,0.0232690200180537,0.4007309799819463,0.424
1138,500,ACC,SVM,0.08896883559410042,0.13896883559410042,0.05
1139,500,ACC,SVM,0.09270259593952346,0.5792974040604766,0.672
1140,500,ACC,SVM,0.01017686569226356,0.36217686569226354,0.352
1141,500,ACC,SVM,0.11539021999027477,0.6706097800097253,0.786
1142,500,ACC,SVM,0.11471945006065887,0.7172805499393411,0.832
1143,500,ACC,SVM,0.11286526961057541,0.7071347303894245,0.82
1144,500,ACC,SVM,0.019327347838020315,0.39667265216197967,0.416
1145,500,ACC,SVM,0.03811853787229691,0.3581185378722969,0.32
1146,500,ACC,SVM,0.09768185909010785,0.6503181409098922,0.748
1147,500,ACC,SVM,0.11315690871040851,0.6868430912895915,0.8
1148,500,ACC,SVM,0.010131627528705056,0.47986837247129493,0.49
1149,500,ACC,SVM,0.11384453276115991,0.7781554672388401,0.892
1150,500,ACC,SVM,0.07407706417346588,0.21607706417346587,0.142
1151,500,ACC,SVM,0.12419449968095952,0.7538055003190405,0.878
1152,500,ACC,SVM,0.07949378597379986,0.17549378597379986,0.096
1153,500,ACC,SVM,0.04784375289359946,0.19984375289359946,0.152
1154,500,ACC,SVM,0.03995664406880528,0.49204335593119475,0.532
1155,500,ACC,SVM,0.11963960552371636,0.18563960552371636,0.066
1156,500,ACC,SVM,0.12146462206381656,0.17346462206381655,0.052
1157,500,ACC,SVM,0.13693967168411714,0.13693967168411714,0.0
1158,500,ACC,SVM,0.011401749911562176,0.4474017499115622,0.436
1159,500,ACC,SVM,0.08106941698045855,0.6929305830195415,0.774
1160,500,ACC,SVM,0.11511465514401695,0.14911465514401695,0.034
1161,500,ACC,SVM,0.0666151042095735,0.5853848957904265,0.652
1162,500,ACC,SVM,0.10066112224069224,0.7213388777593077,0.822
1163,500,ACC,SVM,0.058222883723382385,0.2262228837233824,0.168
1164,500,ACC,SVM,0.1187769980130651,0.2647769980130651,0.146
1165,500,ACC,SVM,0.11836948314085927,0.7416305168591407,0.86
1166,500,ACC,SVM,0.13718607262039162,0.6848139273796083,0.822
1167,500,ACC,SVM,0.025665004968972283,0.5123349950310278,0.538
1168,500,ACC,SVM,0.10274861397064217,0.7152513860293578,0.818
1169,500,ACC,SVM,0.09161044161373305,0.18361044161373305,0.092
1170,500,ACC,SVM,0.009502331297920164,0.38449766870207985,0.394
1171,500,ACC,SVM,0.0795943673601579,0.6564056326398421,0.736
1172,500,ACC,SVM,0.07573940704251403,0.33173940704251403,0.256
1173,500,ACC,SVM,0.0935652034501746,0.6584347965498254,0.752
1174,500,ACC,SVM,0.00383998842887201,0.500160011571128,0.504
1175,500,ACC,SVM,0.08344854781024136,0.6665514521897586,0.75
1176,500,ACC,SVM,0.006452430538521348,0.4575475694614787,0.464
1177,500,ACC,SVM,0.02458516043202974,0.39058516043202973,0.366
1178,500,ACC,SVM,0.06503947320291478,0.2830394732029148,0.218
1179,500,ACC,SVM,0.05068950628311522,0.2586895062831152,0.208
1180,500,ACC,SVM,0.07939021999027474,0.6706097800097253,0.75
1181,500,ACC,SVM,0.11836870327329888,0.23636870327329887,0.118
1182,500,ACC,SVM,0.10366876943369967,0.18766876943369967,0.084
1183,500,ACC,SVM,0.06036870327329888,0.23636870327329887,0.176
1184,500,ACC,SVM,0.07860201455316529,0.2526020145531653,0.174
1185,500,ACC,SVM,0.10877777788062548,0.7132222221193745,0.822
1186,500,ACC,SVM,0.005385675657986977,0.39261432434201304,0.398
1187,500,ACC,SVM,0.1550279432816275,0.8349720567183725,0.99
1188,500,ACC,SVM,0.09631037545333226,0.23231037545333227,0.136
1189,500,ACC,SVM,0.07067343202954013,0.5813265679704599,0.652
1190,500,ACC,SVM,0.020889889188270894,0.4271101108117291,0.448
1191,500,ACC,SVM,0.0249642912618126,0.4169642912618126,0.392
1192,500,ACC,SVM,0.1364278109608259,0.7375721890391741,0.874
1193,500,ACC,SVM,0.16946540193137694,0.804534598068623,0.974
1194,500,ACC,SVM,0.1547194500606589,0.7172805499393411,0.872
1195,500,ACC,SVM,0.0646603423731319,0.2566603423731319,0.192
1196,500,ACC,SVM,0.06101030929293147,0.28101030929293147,0.22
1197,500,ACC,SVM,0.034090153829874015,0.621909846170126,0.656
1198,500,ACC,SVM,0.041710243132530744,0.3297102431325307,0.288
1199,500,ACC,SVM,0.10600266209992415,0.6279973379000758,0.734
1200,500,ACC,SVM,0.035402529779122505,0.5305974702208774,0.566
1201,500,ACC,SVM,0.03157751323902236,0.5184224867609777,0.55
1202,500,ACC,SVM,0.12695276134052536,0.7010472386594746,0.828
1203,500,ACC,SVM,0.10026513728977382,0.6097348627102261,0.71
1204,500,ACC,SVM,0.11702716341406705,0.14302716341406704,0.026
1205,500,ACC,SVM,0.10923131078395017,0.15723131078395017,0.048
1206,500,ACC,SVM,0.057227546319222666,0.5427724536807773,0.6
1207,500,ACC,SVM,0.0040141920212115045,0.4900141920212115,0.486
1208,500,ACC,SVM,0.035214456662814586,0.2952144566628146,0.26
1209,500,ACC,SVM,0.00306487264817068,0.4149351273518293,0.418
1210,500,ACC,SVM,0.10974018691007437,0.6462598130899256,0.756
1211,500,ACC,SVM,0.11277777788062548,0.7132222221193745,0.826
1212,500,ACC,SVM,0.019256710229206053,0.540743289770794,0.56
1213,500,ACC,SVM,0.026876799531862727,0.41087679953186274,0.384
1214,500,ACC,SVM,0.053622751402580826,0.32362275140258084,0.27
1215,500,ACC,SVM,0.008568306310894114,0.5285683063108941,0.52
1216,500,ACC,SVM,0.02788522659243048,0.3418852265924305,0.314
1217,500,ACC,SVM,0.019198382409239323,0.5448016175907606,0.564
1218,500,ACC,SVM,0.07844012074967366,0.5975598792503264,0.676
1219,500,ACC,SVM,0.11761044161373305,0.18361044161373305,0.066
1220,500,ACC,SVM,0.12476468822421732,0.12476468822421732,0.0
1221,500,ACC,SVM,0.044660342373131906,0.2566603423731319,0.212
1222,500,ACC,SVM,0.13613617186099292,0.7578638281390071,0.894
1223,500,ACC,SVM,0.04438179292970712,0.6016182070702929,0.646
1224,500,ACC,SVM,0.08463117846314858,0.2546311784631486,0.17
1225,500,ACC,SVM,0.11387369667114322,0.7761263033288568,0.89
1226,500,ACC,SVM,0.01592670029126153,0.48392670029126156,0.468
1227,500,ACC,SVM,0.0022191192586549224,0.47378088074134506,0.476
1228,500,ACC,SVM,0.17410700795100964,0.7598929920489904,0.934
1229,500,ACC,SVM,0.10937713033386665,0.16737713033386664,0.058
1230,500,ACC,SVM,0.0710686371128981,0.2850686371128981,0.214
1231,500,ACC,SVM,0.01890674330940645,0.5650932566905935,0.584
1232,500,ACC,SVM,0.03831037545333227,0.23231037545333227,0.194
1233,500,ACC,SVM,0.0682651372897739,0.6097348627102261,0.678
1234,500,ACC,SVM,0.04063117846314859,0.2546311784631486,0.214
1235,500,ACC,SVM,0.12213539199343248,0.2201353919934325,0.098
1236,500,ACC,SVM,0.0587769980130651,0.2647769980130651,0.206
1237,500,ACC,SVM,0.013226766451662375,0.43522676645166236,0.422
1238,500,ACC,SVM,0.04616455590341578,0.22216455590341577,0.176
1239,500,ACC,SVM,0.02931880251390004,0.16331880251390005,0.134
1240,500,ACC,SVM,0.13460279442072576,0.7253972055792742,0.86
1241,500,ACC,SVM,0.07058516043202973,0.39058516043202973,0.32
1242,500,ACC,SVM,0.014351849152163365,0.37435184915216335,0.36
1243,500,ACC,SVM,0.09511465514401696,0.14911465514401695,0.054
1244,500,ACC,SVM,0.014293521332196746,0.37029352133219673,0.356
1245,500,ACC,SVM,0.04744776794268102,0.31144776794268103,0.264
1246,500,ACC,SVM,0.04287757939942316,0.5671224206005768,0.61
1247,500,ACC,SVM,0.044543686733198695,0.24854368673319868,0.204
1248,500,ACC,SVM,0.11796118840109304,0.770038811598907,0.888
1249,500,ACC,SVM,0.12955289366132683,0.7984471063386732,0.928
1250,500,ACC,SVM,0.06937713033386664,0.16737713033386664,0.098
1251,500,ACC,SVM,0.11210622808344918,0.21810622808344918,0.106
1252,500,ACC,SVM,0.08787291680358277,0.20187291680358277,0.114
1253,500,ACC,SVM,0.05290674330940648,0.5650932566905935,0.618
1254,500,ACC,SVM,0.11636870327329887,0.23636870327329887,0.12
1255,500,ACC,SVM,0.1367486139706422,0.7152513860293578,0.852
1256,500,ACC,SVM,0.0752735643503416,0.6787264356496584,0.754
1257,500,ACC,SVM,0.11695276134052535,0.7010472386594746,0.818
1258,500,ACC,SVM,0.031927480158821964,0.49407251984117806,0.526
1259,500,ACC,SVM,0.1610279432816275,0.8349720567183725,0.996
1260,500,ACC,SVM,0.10105632732405033,0.14505632732405033,0.044
1261,500,ACC,SVM,0.023051782991762526,0.42305178299176255,0.4
1262,500,ACC,SVM,0.03814770178228022,0.3601477017822802,0.322
1263,500,ACC,SVM,0.13534874629144367,0.8126512537085563,0.948
1264,500,ACC,SVM,0.00887757939942313,0.5671224206005768,0.576
1265,500,ACC,SVM,0.10089443352055882,0.7051055664794412,0.806
1266,500,ACC,SVM,0.05419371981339907,0.22419371981339908,0.17
1267,500,ACC,SVM,0.13896961546166087,0.8390303845383391,0.978
1268,500,ACC,SVM,0.01407329970873844,0.48392670029126156,0.498
1269,500,ACC,SVM,0.04256908617845451,0.4494309138215455,0.492
1270,500,ACC,SVM,0.15531958238146049,0.8146804176185395,0.97
1271,500,ACC,SVM,0.01464348825199635,0.39464348825199635,0.38
1272,500,ACC,SVM,0.021648150847836667,0.37435184915216335,0.396
1273,500,ACC,SVM,0.0696358410589889,0.5143641589410111,0.584
1274,500,ACC,SVM,0.07387291680358277,0.20187291680358277,0.128
1275,500,ACC,SVM,0.03811853787229691,0.3581185378722969,0.32
1276,500,ACC,SVM,0.06871867019309852,0.2607186701930985,0.192
1277,500,ACC,SVM,0.10596040853353268,0.20796040853353268,0.102
1278,500,ACC,SVM,0.13451530269077583,0.7314846973092242,0.866
1279,500,ACC,SVM,0.057402529779122524,0.5305974702208774,0.588
1280,500,ACC,SVM,0.0021477017822802424,0.3601477017822802,0.358
1281,500,ACC,SVM,0.013356511748003619,0.39464348825199635,0.408
1282,500,ACC,SVM,0.01506487264817069,0.4149351273518293,0.43
1283,500,ACC,SVM,0.07502339894933963,0.5569766010506604,0.632
1284,500,ACC,SVM,0.13769871321124338,0.7883012867887567,0.926
1285,500,ACC,SVM,0.15384453276115995,0.7781554672388401,0.932
1286,500,ACC,SVM,0.041168438631695725,0.43116843863169574,0.39
1287,500,ACC,SVM,0.034176865692263525,0.36217686569226354,0.328
1288,500,ACC,SVM,0.022889889188270895,0.4271101108117291,0.45
1289,500,ACC,SVM,0.03134420195915588,0.5346557980408441,0.566
1290,500,ACC,SVM,0.01868574181838778,0.44131425818161224,0.46
1291,500,ACC,SVM,0.06044012074967364,0.5975598792503264,0.658
1292,500,ACC,SVM,0.039635841058988985,0.5143641589410111,0.554
1293,500,ACC,SVM,0.032031046142346975,0.352031046142347,0.32
1294,500,ACC,SVM,0.022235193512230134,0.3662351935122301,0.344
1295,500,ACC,SVM,0.0320564455876029,0.3459435544123971,0.378
1296,500,ACC,SVM,0.08555211379376645,0.17955211379376645,0.094
1297,500,ACC,SVM,0.06022288372338239,0.2262228837233824,0.166
1298,500,ACC,SVM,0.07168185909010782,0.6503181409098922,0.722
1299,500,ACC,SVM,0.010701816071962966,0.398701816071963,0.388
1300,500,ACC,SVM,0.06092281756298154,0.27492281756298154,0.214
1301,500,ACC,SVM,0.037490021509072546,0.5245099784909275,0.562
1302,500,ACC,SVM,0.08136105608029143,0.6726389439197086,0.754
1303,500,ACC,SVM,0.033126964932864655,0.28912696493286466,0.256
1304,500,ACC,SVM,0.13104025307047518,0.6949597469295248,0.826
1305,500,ACC,SVM,0.14987369667114325,0.7761263033288568,0.926
1306,500,ACC,SVM,0.057285874139189286,0.5387141258608107,0.596
1307,500,ACC,SVM,0.05623597337979058,0.6117640266202095,0.668
1308,500,ACC,SVM,0.10523131078395018,0.15723131078395017,0.052
1309,500,ACC,SVM,0.1577278771212266,0.7862721228787733,0.944
1310,500,ACC,SVM,0.0006143243420130284,0.39261432434201304,0.392
1311,500,ACC,SVM,0.117465401931377,0.804534598068623,0.922
1312,500,ACC,SVM,0.05146085759908914,0.5265391424009108,0.578
1313,500,ACC,SVM,0.11670636040425073,0.12070636040425073,0.004
1314,500,ACC,SVM,0.08270636040425072,0.12070636040425073,0.038
1315,500,ACC,SVM,0.0885276124796236,0.5914723875203765,0.68
1316,500,ACC,SVM,0.0293733658691393,0.5326266341308608,0.562
1317,500,ACC,SVM,0.11499799950408374,0.14099799950408373,0.026
1318,500,ACC,SVM,0.0835652034501746,0.6584347965498254,0.742
1319,500,ACC,SVM,0.13269028615067557,0.7193097138493244,0.852
1320,500,ACC,SVM,0.020393322850994378,0.5163933228509944,0.496
1321,500,ACC,SVM,0.04703570873818741,0.4169642912618126,0.464
1322,500,ACC,SVM,0.10858970476431751,0.11258970476431751,0.004
1323,500,ACC,SVM,0.14988600645999095,0.6361139935400091,0.786
1324,500,ACC,SVM,0.011885226592430465,0.3418852265924305,0.33
1325,500,ACC,SVM,0.15666112224069229,0.7213388777593077,0.878
1326,500,ACC,SVM,0.02467265216197967,0.39667265216197967,0.372
1327,500,ACC,SVM,0.04557751323902226,0.5184224867609777,0.564
1328,500,ACC,SVM,0.04753525967263089,0.3175352596726309,0.27
1329,500,ACC,SVM,0.06622288372338239,0.2262228837233824,0.16
1330,500,ACC,SVM,0.08918607262039169,0.6848139273796083,0.774
1331,500,ACC,SVM,0.03642326662853801,0.459576733371462,0.496
1332,500,ACC,SVM,0.025694168878955592,0.5103058311210444,0.536
1333,500,ACC,SVM,0.14526125456149386,0.8187387454385061,0.964
1334,500,ACC,SVM,0.14934874629144368,0.8126512537085563,0.962
1335,500,ACC,SVM,0.10831115532089264,0.7456888446791073,0.854
1336,500,ACC,SVM,0.07471867019309852,0.2607186701930985,0.186
1337,500,ACC,SVM,0.06340252977912253,0.5305974702208774,0.594
1338,500,ACC,SVM,0.12622366359094284,0.7517763364090572,0.878
1339,500,ACC,SVM,0.006439340882113231,0.38043934088211323,0.374
1340,500,ACC,SVM,0.07549378597379985,0.17549378597379986,0.1
1341,500,ACC,SVM,0.10895276134052545,0.7010472386594746,0.81
1342,500,ACC,SVM,0.0018975363812782642,0.48189753638127825,0.48
1343,500,ACC,SVM,0.051665004968972195,0.5123349950310278,0.564
1344,500,ACC,SVM,0.16326125456149387,0.8187387454385061,0.982
1345,500,ACC,SVM,0.053081726769306226,0.5529182732306938,0.606
1346,500,ACC,SVM,0.015285094271628996,0.439285094271629,0.424
1347,500,ACC,SVM,0.012439340882113237,0.38043934088211323,0.368
1348,500,ACC,SVM,0.005123200468137246,0.41087679953186274,0.416
1349,500,ACC,SVM,0.09198957244351597,0.20998957244351596,0.118
1350,500,ACC,SVM,0.13353603954019133,0.6604639604598087,0.794
1351,500,ACC,SVM,0.10248613878079249,0.7335138612192075,0.836
1352,500,ACC,SVM,0.03962275140258087,0.32362275140258084,0.284
1353,500,ACC,SVM,0.029739407042514043,0.33173940704251403,0.302
1354,500,ACC,SVM,0.11004868013104296,0.763951319868957,0.874
1355,500,ACC,SVM,0.09058970476431752,0.11258970476431751,0.022
1356,500,ACC,SVM,0.009694168878955578,0.5103058311210444,0.52
1357,500,ACC,SVM,0.000394102718554723,0.4616058972814453,0.462
1358,500,ACC,SVM,0.07214848164984056,0.6178515183501594,0.69
1359,500,ACC,SVM,0.05610622808344917,0.21810622808344918,0.162
1360,500,ACC,SVM,0.06232346510974052,0.6056765348902595,0.668
1361,500,ACC,SVM,0.02473097998194629,0.4007309799819463,0.376
1362,500,ACC,SVM,0.08943169368910586,0.5285683063108941,0.618
1363,500,ACC,SVM,0.11520214687396685,0.15520214687396686,0.04
1364,500,ACC,SVM,0.0016058972814452788,0.4616058972814453,0.46
1365,500,ACC,SVM,0.023869152338855337,0.4981308476611447,0.522
1366,500,ACC,SVM,0.050776998013065094,0.2647769980130651,0.214
1367,500,ACC,SVM,0.06793124462354935,0.20593124462354936,0.138
1368,500,ACC,SVM,0.09503947320291478,0.2830394732029148,0.188
1369,500,ACC,SVM,0.03643934088211326,0.38043934088211323,0.344
1370,500,ACC,SVM,0.09775626116364958,0.19375626116364958,0.096
1371,500,ACC,SVM,0.1374070741114103,0.8085929258885897,0.946
1372,500,ACC,SVM,0.013414839567970294,0.39058516043202973,0.404
1373,500,ACC,SVM,0.10695276134052545,0.7010472386594746,0.808
1374,500,ACC,SVM,0.11670714027181117,0.8572928597281888,0.974
1375,500,ACC,SVM,0.09346462206381655,0.17346462206381655,0.08
1376,500,ACC,SVM,0.08084841548943988,0.5691515845105601,0.65
1377,500,ACC,SVM,0.13648613878079252,0.7335138612192075,0.87
1378,500,ACC,SVM,0.026294301199757175,0.6077056988002428,0.634
1379,500,ACC,SVM,0.02321069219808719,0.4047893078019128,0.428
1380,500,ACC,SVM,0.0031976025416790566,0.43319760254167905,0.43
1381,500,ACC,SVM,0.10091050777413382,0.13491050777413383,0.034
1382,500,ACC,SVM,0.005431693689105899,0.5285683063108941,0.534
1383,500,ACC,SVM,0.16311543501157744,0.8288845649884226,0.992
1384,500,ACC,SVM,0.147377910201427,0.810622089798573,0.958
1385,500,ACC,SVM,0.11317298296398354,0.15317298296398354,0.04
1386,500,ACC,SVM,0.07803182600990743,0.6259681739900925,0.704
1387,500,ACC,SVM,0.007389440122714419,0.3073894401227144,0.3
1388,500,ACC,SVM,0.17254446660075917,0.7294555333992409,0.902
1389,500,ACC,SVM,0.13555211379376647,0.17955211379376645,0.044
1390,500,ACC,SVM,0.15584453276115995,0.7781554672388401,0.934
1391,500,ACC,SVM,0.13901108916049187,0.6969889108395081,0.836
1392,500,ACC,SVM,0.10413539199343248,0.2201353919934325,0.116
1393,500,ACC,SVM,0.09111465514401695,0.14911465514401695,0.058
1394,500,ACC,SVM,0.12483610570059211,0.7091638942994078,0.834
1395,500,ACC,SVM,0.09454368673319868,0.24854368673319868,0.154
1396,500,ACC,SVM,0.03992748015882197,0.49407251984117806,0.534
1397,500,ACC,SVM,0.1135237297513435,0.8004762702486565,0.914
1398,500,ACC,SVM,0.037431693689105816,0.5285683063108941,0.566
1399,500,ACC,SVM,0.002701816071962959,0.398701816071963,0.396
1400,500,ACC,SVM,0.006744069638354333,0.4372559303616457,0.444
1401,500,ACC,SVM,0.10943545815383324,0.17143545815383324,0.062
1402,500,ACC,SVM,0.16143623802139362,0.8065637619786064,0.968
1403,500,ACC,SVM,0.04608937396231361,0.3560893739623136,0.31
1404,500,ACC,SVM,0.0686603423731319,0.2566603423731319,0.188
1405,500,ACC,SVM,0.05385606268244719,0.33985606268244717,0.286
1406,500,ACC,SVM,0.13714459892156072,0.8268554010784392,0.964
1407,500,ACC,SVM,0.10787291680358277,0.20187291680358277,0.094
1408,500,ACC,SVM,0.10001951622105965,0.7659804837789403,0.866
1409,500,ACC,SVM,0.09017764555982388,0.6158223544401761,0.706
1410,500,ACC,SVM,0.12895276134052536,0.7010472386594746,0.83
1411,500,ACC,SVM,0.14511543501157742,0.8288845649884226,0.974
1412,500,ACC,SVM,0.1308069417906088,0.7111930582093912,0.842
1413,500,ACC,SVM,0.1760195162210596,0.7659804837789403,0.942
1414,500,ACC,SVM,0.09413539199343249,0.2201353919934325,0.126
1415,500,ACC,SVM,0.09092359743054212,0.7030764025694579,0.794
1416,500,ACC,SVM,0.043839988428872045,0.500160011571128,0.544
1417,500,ACC,SVM,0.03778166060890542,0.5042183393910946,0.542
1418,500,ACC,SVM,0.1360778440410263,0.7619221559589737,0.898
1419,500,ACC,SVM,0.13502794328162748,0.8349720567183725,0.97
1420,500,ACC,SVM,0.047594367360157874,0.6564056326398421,0.704
1421,500,ACC,SVM,0.02851075835848793,0.45348924164151205,0.482
1422,500,ACC,SVM,0.020773233548337655,0.43522676645166236,0.456
1423,500,ACC,SVM,0.0015023312979201564,0.38449766870207985,0.386
1424,500,ACC,SVM,0.018410176972129932,0.3784101769721299,0.36
1425,500,ACC,SVM,0.020876799531862722,0.41087679953186274,0.39
1426,500,ACC,SVM,0.07937713033386665,0.16737713033386664,0.088
1427,500,ACC,SVM,0.08326047469393345,0.15926047469393345,0.076
1428,500,ACC,SVM,0.10941938390025807,0.668580616099742,0.778
1429,500,ACC,SVM,0.009518405551495357,0.45551840555149536,0.446
1430,500,ACC,SVM,0.13966954930126008,0.79033045069874,0.93
1431,500,ACC,SVM,0.05502339894933961,0.5569766010506604,0.612
1432,500,ACC,SVM,0.12526047469393345,0.15926047469393345,0.034
1433,500,ACC,SVM,0.08645619500324878,0.24245619500324878,0.156
1434,500,ACC,SVM,0.042514522823215384,0.24651452282321537,0.204
1435,500,ACC,SVM,0.13294045155167755,0.8410595484483224,0.974
1436,500,ACC,SVM,0.0386603423731319,0.2566603423731319,0.218
1437,500,ACC,SVM,0.030073299708738455,0.48392670029126156,0.514
1438,500,ACC,SVM,0.14364038539127677,0.7923596146087233,0.936
1439,500,ACC,SVM,0.165377910201427,0.810622089798573,0.976
1440,500,ACC,SVM,0.05921445666281461,0.2952144566628146,0.236
1441,500,ACC,SVM,0.09096883559410042,0.13896883559410042,0.048
1442,500,ACC,SVM,0.06813539199343249,0.2201353919934325,0.152
1443,500,ACC,SVM,0.11552294988378314,0.17752294988378314,0.062
1444,500,ACC,SVM,0.034252047633365645,0.22825204763336565,0.194
1445,500,ACC,SVM,0.06783998842887196,0.500160011571128,0.568
1446,500,ACC,SVM,0.15413617186099293,0.7578638281390071,0.912
1447,500,ACC,SVM,0.02163584105898897,0.5143641589410111,0.536
1448,500,ACC,SVM,0.07108172676930624,0.5529182732306938,0.624
1449,500,ACC,SVM,0.07289365365299832,0.27289365365299834,0.2
1450,500,ACC,SVM,0.1111277448004252,0.6888722551995748,0.8
1451,500,ACC,SVM,0.03873175984950672,0.5772682401504933,0.616
1452,500,ACC,SVM,0.09396118840109302,0.770038811598907,0.864
1453,500,ACC,SVM,0.17796118840109298,0.770038811598907,0.948
1454,500,ACC,SVM,0.016176865692263565,0.36217686569226354,0.346
1455,500,ACC,SVM,0.08955211379376646,0.17955211379376645,0.09
1456,500,ACC,SVM,0.0630978010228814,0.2870978010228814,0.224
1457,500,ACC,SVM,0.009372586001578864,0.44537258600157886,0.436
1458,500,ACC,SVM,0.1577278771212266,0.7862721228787733,0.944
1459,500,ACC,SVM,0.03287679953186273,0.41087679953186274,0.378
1460,500,ACC,SVM,0.07504025307047524,0.6949597469295248,0.77
1461,500,ACC,SVM,0.02360667714900566,0.5163933228509944,0.54
1462,500,ACC,SVM,0.06045619500324878,0.24245619500324878,0.182
1463,500,ACC,SVM,0.017826898772463906,0.3378268987724639,0.32
1464,500,ACC,SVM,0.09299423503935633,0.5590057649606437,0.652
1465,500,ACC,SVM,0.07241095683969045,0.5995890431603096,0.672
1466,500,ACC,SVM,0.03326902001805371,0.4007309799819463,0.434
1467,500,ACC,SVM,0.07127278448278121,0.2992727844827812,0.228
1468,500,ACC,SVM,0.10011931773985727,0.6198806822601427,0.72
1469,500,ACC,SVM,0.06633953936331555,0.23433953936331556,0.168
1470,500,ACC,SVM,0.13349456584136032,0.8025054341586397,0.936
1471,500,ACC,SVM,0.054427031093265466,0.24042703109326546,0.186
1472,500,ACC,SVM,0.08166876943369968,0.18766876943369967,0.106
1473,500,ACC,SVM,0.01613162752870506,0.47986837247129493,0.496
1474,500,ACC,SVM,0.025956644068805268,0.49204335593119475,0.518
1475,500,ACC,SVM,0.008393322850994367,0.5163933228509944,0.508
1476,500,ACC,SVM,0.00483156136830426,0.43116843863169574,0.436
1477,500,ACC,SVM,0.18540707411141033,0.8085929258885897,0.994
1478,500,ACC,SVM,0.02024750330107794,0.5062475033010779,0.486
1479,500,ACC,SVM,0.012364938808571369,0.4636350611914286,0.476
1480,500,ACC,SVM,0.015226766451662377,0.43522676645166236,0.42
1481,500,ACC,SVM,0.10137713033386664,0.16737713033386664,0.066
1482,500,ACC,SVM,0.07154834932903897,0.520451650670961,0.592
1483,500,ACC,SVM,0.055010309292931464,0.28101030929293147,0.226
1484,500,ACC,SVM,0.054673432029540114,0.5813265679704599,0.636
1485,500,ACC,SVM,0.12143545815383323,0.17143545815383324,0.05
1486,500,ACC,SVM,0.1470571071916108,0.8329428928083892,0.98
1487,500,ACC,SVM,0.026685741818387787,0.44131425818161224,0.468
1488,500,ACC,SVM,0.14219449968095954,0.7538055003190405,0.896
1489,500,ACC,SVM,0.02253992226847118,0.4514600777315288,0.474
1490,500,ACC,SVM,0.11549378597379986,0.17549378597379986,0.06
1491,500,ACC,SVM,0.1128361057005921,0.7091638942994078,0.822
1492,500,ACC,SVM,0.06464426811955681,0.5833557318804432,0.648
1493,500,ACC,SVM,0.0748944335205588,0.7051055664794412,0.78
1494,500,ACC,SVM,0.009006544828204066,0.4189934551717959,0.428
1495,500,ACC,SVM,0.04858594029959018,0.5874140597004098,0.636
1496,500,ACC,SVM,0.1569819252505087,0.6990180747494913,0.856
1497,500,ACC,SVM,0.06084841548943987,0.5691515845105601,0.63
1498,500,ACC,SVM,0.04864348825199638,0.39464348825199635,0.346
1499,500,ACC,SVM,0.07052761247962358,0.5914723875203765,0.662
1500,500,ACC,SVM,0.06432346510974052,0.6056765348902595,0.67
1501,500,ACC,SVM,0.149377910201427,0.810622089798573,0.96
1502,500,ACC,SVM,0.008410176972129924,0.3784101769721299,0.37
1503,500,ACC,SVM,0.009064872648170685,0.4149351273518293,0.424
1504,500,ACC,SVM,0.09674861397064227,0.7152513860293578,0.812
1505,500,ACC,SVM,0.022102463618721757,0.48189753638127825,0.504
1506,500,ACC,SVM,0.06944854781024135,0.6665514521897586,0.736
1507,500,ACC,SVM,0.005635061191428592,0.4636350611914286,0.458
1508,500,ACC,SVM,0.05686448974301503,0.270864489743015,0.214
1509,500,ACC,SVM,0.06933189217030822,0.6746681078296918,0.744
1510,500,ACC,SVM,0.08201873635349927,0.21201873635349927,0.13
1511,500,ACC,SVM,0.08706863711289808,0.2850686371128981,0.198
1512,500,ACC,SVM,0.03249844856964024,0.5935015514303598,0.626
1513,500,ACC,SVM,0.09365269518012453,0.6523473048198755,0.746
1514,500,ACC,SVM,0.14628199141090936,0.7477180085890907,0.894
1515,500,ACC,SVM,0.04959358749259751,0.32159358749259753,0.272
1516,500,ACC,SVM,0.09187291680358277,0.20187291680358277,0.11
1517,500,ACC,SVM,0.15552372975134343,0.8004762702486565,0.956
1518,500,ACC,SVM,0.06410622808344918,0.21810622808344918,0.154
1519,500,ACC,SVM,0.04036870327329886,0.23636870327329887,0.196
1520,500,ACC,SVM,0.017389440122714428,0.3073894401227144,0.29
1521,500,ACC,SVM,0.021752496698922097,0.5062475033010779,0.528
1522,500,ACC,SVM,0.12616533577097622,0.7558346642290238,0.882
1523,500,ACC,SVM,0.0995360395401913,0.6604639604598087,0.76
1524,500,ACC,SVM,0.09623597337979051,0.6117640266202095,0.708
1525,500,ACC,SVM,0.07657285064318198,0.25057285064318197,0.174
1526,500,ACC,SVM,0.00193978994766969,0.3540602100523303,0.356
1527,500,ACC,SVM,0.020452430538521305,0.4575475694614787,0.478
1528,500,ACC,SVM,0.06601873635349928,0.21201873635349927,0.146
1529,500,ACC,SVM,0.0475644235826142,0.3195644235826142,0.272
1530,500,ACC,SVM,0.02576857095249735,0.33376857095249735,0.308
1531,500,ACC,SVM,0.08398957244351596,0.20998957244351596,0.126
1532,500,ACC,SVM,0.027519185419055847,0.5224808145809442,0.55
1533,500,ACC,SVM,0.08006098991989075,0.6239390100801092,0.704
1534,500,ACC,SVM,0.08923131078395016,0.15723131078395017,0.068
1535,500,ACC,SVM,0.02651075835848793,0.45348924164151205,0.48
1536,500,ACC,SVM,0.10327356435034163,0.6787264356496584,0.782
1537,500,ACC,SVM,0.08959436736015791,0.6564056326398421,0.746
1538,500,ACC,SVM,0.10077777788062547,0.7132222221193745,0.814
1539,500,ACC,SVM,0.009547569461478667,0.4575475694614787,0.448
1540,500,ACC,SVM,0.10271945006065886,0.7172805499393411,0.82
1541,500,ACC,SVM,0.047097801022881414,0.2870978010228814,0.24
1542,500,ACC,SVM,0.01638101306214662,0.3763810130621466,0.36
1543,500,ACC,SVM,0.07051452282321538,0.24651452282321537,0.176
1544,500,ACC,SVM,0.03483156136830429,0.43116843863169574,0.466
1545,500,ACC,SVM,0.02699345517179591,0.4189934551717959,0.392
1546,500,ACC,SVM,0.07144776794268104,0.31144776794268103,0.24
1547,500,ACC,SVM,0.09562353127014123,0.6543764687298588,0.75
1548,500,ACC,SVM,0.05626435742221342,0.3682643574222134,0.312
1549,500,ACC,SVM,0.029301948392764454,0.3013019483927645,0.272
1550,500,ACC,SVM,0.08607706417346586,0.21607706417346587,0.13
1551,500,ACC,SVM,0.005343422091595551,0.44334342209159555,0.438
1552,500,ACC,SVM,0.033797734862480666,0.33579773486248066,0.302
1553,500,ACC,SVM,0.014468504792096548,0.38246850479209654,0.368
1554,500,ACC,SVM,0.04701030929293146,0.28101030929293147,0.234
1555,500,ACC,SVM,0.08327356435034161,0.6787264356496584,0.762
1556,500,ACC,SVM,0.13155289366132683,0.7984471063386732,0.93
1557,500,ACC,SVM,0.0039566440688052484,0.49204335593119475,0.496
1558,500,ACC,SVM,0.06473175984950674,0.5772682401504933,0.642
1559,500,ACC,SVM,0.08784453276115989,0.7781554672388401,0.866
1560,500,ACC,SVM,0.20564038539127671,0.7923596146087233,0.998
1561,500,ACC,SVM,0.05908172676930623,0.5529182732306938,0.612
1562,500,ACC,SVM,0.14028199141090936,0.7477180085890907,0.888
1563,500,ACC,SVM,0.12375704103120999,0.78424295896879,0.908
1564,500,ACC,SVM,0.10721523653037501,0.682784763469625,0.79
1565,500,ACC,SVM,0.0044815944485046555,0.45551840555149536,0.46
1566,500,ACC,SVM,0.09549378597379986,0.17549378597379986,0.08
1567,500,ACC,SVM,0.12293967168411714,0.13693967168411714,0.014
1568,500,ACC,SVM,0.022510758358487926,0.45348924164151205,0.476
1569,500,ACC,SVM,0.026306610988604873,0.4676933890113951,0.494
1570,500,ACC,SVM,0.0008184717118960849,0.4068184717118961,0.406
1571,500,ACC,SVM,0.037402529779122506,0.5305974702208774,0.568
1572,500,ACC,SVM,0.039665004968972295,0.5123349950310278,0.552
1573,500,ACC,SVM,0.065961188401093,0.770038811598907,0.836
1574,500,ACC,SVM,0.09793124462354937,0.20593124462354936,0.108
1575,500,ACC,SVM,0.05295198147296484,0.27695198147296485,0.224
1576,500,ACC,SVM,0.10312774480042519,0.6888722551995748,0.792
1577,500,ACC,SVM,0.11857363051074243,0.7274263694892575,0.846
1578,500,ACC,SVM,0.14888212373171095,0.845117876268289,0.994
1579,500,ACC,SVM,0.1323986470508426,0.7396013529491574,0.872
1580,500,ACC,SVM,0.12201951622105967,0.7659804837789403,0.888
1581,500,ACC,SVM,0.017739407042514033,0.33173940704251403,0.314
1582,500,ACC,SVM,0.023051782991762526,0.42305178299176255,0.4
1583,500,ACC,SVM,0.04547693185266427,0.3134769318526643,0.268
1584,500,ACC,SVM,0.0672858741391893,0.5387141258608107,0.606
1585,500,ACC,SVM,0.14158205757131004,0.7964179424286899,0.938
1586,500,ACC,SVM,0.028322685242180068,0.37232268524218004,0.344
1587,500,ACC,SVM,0.0436650049689723,0.5123349950310278,0.556
1588,500,ACC,SVM,0.05806021005233031,0.3540602100523303,0.296
1589,500,ACC,SVM,0.07445619500324877,0.24245619500324878,0.168
1590,500,ACC,SVM,0.03222288372338239,0.2262228837233824,0.194
1591,500,ACC,SVM,0.11340629424384996,0.16940629424384995,0.056
1592,500,ACC,SVM,0.16781536885117654,0.7801846311488234,0.948
1593,500,ACC,SVM,0.01750233129792017,0.38449766870207985,0.402
1594,500,ACC,SVM,0.12483610570059211,0.7091638942994078,0.834
1595,500,ACC,SVM,0.058090153829874036,0.621909846170126,0.68
1596,500,ACC,SVM,0.05245619500324877,0.24245619500324878,0.19
1597,500,ACC,SVM,0.0745436867331987,0.24854368673319868,0.174
1598,500,ACC,SVM,0.09271945006065896,0.7172805499393411,0.81
1599,500,ACC,SVM,0.031214456662814583,0.2952144566628146,0.264
1600,500,ACC,SVM,0.13587369667114324,0.7761263033288568,0.912
1601,500,ACC,SVM,0.08622288372338238,0.2262228837233824,0.14
1602,500,ACC,SVM,0.043944334279957586,0.6320556657200425,0.676
1603,500,ACC,SVM,0.09671945006065885,0.7172805499393411,0.814
1604,500,ACC,SVM,0.04092281756298152,0.27492281756298154,0.234
1605,500,ACC,SVM,0.031389440122714385,0.3073894401227144,0.276
1606,500,ACC,SVM,0.16555289366132675,0.7984471063386732,0.964
1607,500,ACC,SVM,0.03933111230274777,0.3033311123027478,0.264
1608,500,ACC,SVM,0.015094036558153945,0.41290596344184605,0.428
1609,500,ACC,SVM,0.0011976025416790548,0.43319760254167905,0.432
1610,500,ACC,SVM,0.047272784482781216,0.2992727844827812,0.252
1611,500,ACC,SVM,0.11353603954019131,0.6604639604598087,0.774
1612,500,ACC,SVM,0.11968185909010787,0.6503181409098922,0.77
1613,500,ACC,SVM,0.01258516043202973,0.39058516043202973,0.378
1614,500,ACC,SVM,0.11063195833070893,0.723368041669291,0.834
1615,500,ACC,SVM,0.04668950628311522,0.2586895062831152,0.212
1616,500,ACC,SVM,0.13091050777413382,0.13491050777413383,0.004
1617,500,ACC,SVM,0.04346085759908913,0.5265391424009108,0.57
1618,500,ACC,SVM,0.1569987793716442,0.8370012206283558,0.994
1619,500,ACC,SVM,0.09488134386415051,0.13288134386415051,0.038
1620,500,ACC,SVM,0.06689365365299835,0.27289365365299834,0.206
1621,500,ACC,SVM,0.017839988428872022,0.500160011571128,0.518
1622,500,ACC,SVM,0.10289443352055883,0.7051055664794412,0.808
1623,500,ACC,SVM,0.11184375289359946,0.19984375289359946,0.088
1624,500,ACC,SVM,0.0026726521619796495,0.39667265216197967,0.394
1625,500,ACC,SVM,0.09568185909010785,0.6503181409098922,0.746
1626,500,ACC,SVM,0.02464348825199636,0.39464348825199635,0.37
1627,500,ACC,SVM,0.09503947320291478,0.2830394732029148,0.188
1628,500,ACC,SVM,0.0728061619230484,0.2668061619230484,0.194
1629,500,ACC,SVM,0.0069642912618126385,0.4169642912618126,0.41
1630,500,ACC,SVM,0.008277447078621547,0.46972255292137843,0.478
1631,500,ACC,SVM,0.11634031923087595,0.743659680769124,0.86
1632,500,ACC,SVM,0.06879008766947337,0.5732099123305266,0.642
1633,500,ACC,SVM,0.07620680946980718,0.6137931905301928,0.69
1634,500,ACC,SVM,0.15108627110159412,0.8309137288984059,0.982
1635,500,ACC,SVM,0.00899345517179595,0.4189934551717959,0.41
1636,500,ACC,SVM,0.0012690200180537348,0.4007309799819463,0.402
1637,500,ACC,SVM,0.14993202449110976,0.7720679755088903,0.922
1638,500,ACC,SVM,0.05324362057279791,0.2972436205727979,0.244
1639,500,ACC,SVM,0.09797349818994083,0.6300265018100591,0.728
1640,500,ACC,SVM,0.06918607262039167,0.6848139273796083,0.754
1641,500,ACC,SVM,0.09572709725366627,0.19172709725366627,0.096
1642,500,ACC,SVM,0.026685741818387787,0.44131425818161224,0.468
1643,500,ACC,SVM,0.05666034237313189,0.2566603423731319,0.2
1644,500,ACC,SVM,0.08483532583303172,0.2688353258330317,0.184
1645,500,ACC,SVM,0.017868372471294913,0.47986837247129493,0.462
1646,500,ACC,SVM,0.049826898772463935,0.3378268987724639,0.288
1647,500,ACC,SVM,0.07263195833070901,0.723368041669291,0.796
1648,500,ACC,SVM,0.142048680131043,0.763951319868957,0.906
1649,500,ACC,SVM,0.13139021999027478,0.6706097800097253,0.802
1650,500,ACC,SVM,0.07385606268244715,0.33985606268244717,0.266
1651,500,ACC,SVM,0.039476931852664265,0.3134769318526643,0.274
1652,500,ACC,SVM,0.03512696493286466,0.28912696493286466,0.254
1653,500,ACC,SVM,0.07801873635349926,0.21201873635349927,0.134
1654,500,ACC,SVM,0.1374654019313769,0.804534598068623,0.942
1655,500,ACC,SVM,0.019531495207903482,0.38246850479209654,0.402
1656,500,ACC,SVM,0.0428061619230484,0.2668061619230484,0.224
1657,500,ACC,SVM,0.13480694179060881,0.7111930582093912,0.846
1658,500,ACC,SVM,0.008818471711896092,0.4068184717118961,0.398
1659,500,ACC,SVM,0.09888134386415051,0.13288134386415051,0.034
1660,500,ACC,SVM,0.09057285064318196,0.25057285064318197,0.16
1661,500,ACC,SVM,0.08102339894933963,0.5569766010506604,0.638
1662,500,ACC,SVM,0.10124440044035832,0.6807555995596417,0.782
1663,500,ACC,SVM,0.06289365365299834,0.27289365365299834,0.21
1664,500,ACC,SVM,0.1155237297513435,0.8004762702486565,0.916
1665,500,ACC,SVM,0.11851530269077581,0.7314846973092242,0.85
1666,500,ACC,SVM,0.10231115532089263,0.7456888446791073,0.848
1667,500,ACC,SVM,0.0813894401227144,0.3073894401227144,0.226
1668,500,ACC,SVM,0.09708549123403364,0.14708549123403364,0.05
1669,500,ACC,SVM,0.12436948314085927,0.7416305168591407,0.866
1670,500,ACC,SVM,0.031797734862480664,0.33579773486248066,0.304
1671,500,ACC,SVM,0.05290674330940648,0.5650932566905935,0.618
1672,500,ACC,SVM,0.08941938390025805,0.668580616099742,0.758
1673,500,ACC,SVM,0.07184375289359946,0.19984375289359946,0.128
1674,500,ACC,SVM,0.10127356435034163,0.6787264356496584,0.78
1675,500,ACC,SVM,0.1131737628315439,0.824826237168456,0.938
1676,500,ACC,SVM,0.09797349818994083,0.6300265018100591,0.728
1677,500,ACC,SVM,0.006802397458320952,0.43319760254167905,0.44
1678,500,ACC,SVM,0.12828199141090935,0.7477180085890907,0.876
1679,500,ACC,SVM,0.033956644068805275,0.49204335593119475,0.526
1680,500,ACC,SVM,0.09368185909010784,0.6503181409098922,0.744
1681,500,ACC,SVM,0.10474861397064217,0.7152513860293578,0.82
1682,500,ACC,SVM,0.08144854781024136,0.6665514521897586,0.748
1683,500,ACC,SVM,0.01310634634700164,0.27289365365299834,0.286
1684,500,ACC,SVM,0.08181458898361614,0.19781458898361615,0.116
1685,500,ACC,SVM,0.03692281756298155,0.27492281756298154,0.238
1686,500,ACC,SVM,0.022131627528705067,0.47986837247129493,0.502
1687,500,ACC,SVM,0.007898316248838633,0.49610168375116137,0.504
1688,500,ACC,SVM,0.061548349329038965,0.520451650670961,0.582
1689,500,ACC,SVM,0.014847635621879407,0.4088476356218794,0.394
1690,500,ACC,SVM,0.08901108916049194,0.6969889108395081,0.786
1691,500,ACC,SVM,0.13587369667114324,0.7761263033288568,0.912
1692,500,ACC,SVM,0.04109780102288141,0.2870978010228814,0.246
1693,500,ACC,SVM,0.08974018691007435,0.6462598130899256,0.736
1694,500,ACC,SVM,0.07438179292970715,0.6016182070702929,0.676
1695,500,ACC,SVM,0.002509978490927489,0.5245099784909275,0.522
1696,500,ACC,SVM,0.08083532583303171,0.2688353258330317,0.188
1697,500,ACC,SVM,0.10309858089044188,0.6909014191095582,0.794
1698,500,ACC,SVM,0.1311154350115774,0.8288845649884226,0.96
1699,500,ACC,SVM,0.07576935082005765,0.6442306491799423,0.72
1700,500,ACC,SVM,0.14393202449110976,0.7720679755088903,0.916
1701,500,ACC,SVM,0.14699877937164418,0.8370012206283558,0.984
1702,500,ACC,SVM,0.022351849152163372,0.37435184915216335,0.352
1703,500,ACC,SVM,0.05870259593952343,0.5792974040604766,0.638
1704,500,ACC,SVM,0.0063357748985881646,0.4656642251014118,0.472
1705,500,ACC,SVM,0.16117376283154394,0.824826237168456,0.986
1706,500,ACC,SVM,0.08755211379376646,0.17955211379376645,0.092
1707,500,ACC,SVM,0.00902261908177926,0.42102261908177924,0.412
1708,500,ACC,SVM,0.1364278109608259,0.7375721890391741,0.874
1709,500,ACC,SVM,0.043681079222547436,0.3276810792225474,0.284
1710,500,ACC,SVM,0.09712774480042519,0.6888722551995748,0.786
1711,500,ACC,SVM,0.010614324342013037,0.39261432434201304,0.382
1712,500,ACC,SVM,0.1470862711015941,0.8309137288984059,0.978
1713,500,ACC,SVM,0.14848613878079253,0.7335138612192075,0.882
1714,500,ACC,SVM,0.0439143905024138,0.3439143905024138,0.3
1715,500,ACC,SVM,0.11562353127014124,0.6543764687298588,0.77
1716,500,ACC,SVM,0.018060210052330272,0.3540602100523303,0.336
1717,500,ACC,SVM,0.016556776389606842,0.5894432236103931,0.606
1718,500,ACC,SVM,0.07261510420957351,0.5853848957904265,0.658
1719,500,ACC,SVM,0.12289443352055873,0.7051055664794412,0.828
1720,500,ACC,SVM,0.11091050777413383,0.13491050777413383,0.024
1721,500,ACC,SVM,0.06303947320291478,0.2830394732029148,0.22
1722,500,ACC,SVM,0.07997349818994082,0.6300265018100591,0.71
1723,500,ACC,SVM,0.05372333278893893,0.5082766672110611,0.562
1724,500,ACC,SVM,0.002101683751161376,0.49610168375116137,0.494
1725,500,ACC,SVM,0.14381458898361615,0.19781458898361615,0.054
1726,500,ACC,SVM,0.02838101306214663,0.3763810130621466,0.348
1727,500,ACC,SVM,0.1284569748708092,0.7355430251291908,0.864
1728,500,ACC,SVM,0.11302716341406704,0.14302716341406704,0.03
1729,500,ACC,SVM,0.002701816071962959,0.398701816071963,0.396
1730,500,ACC,SVM,0.16990286058112636,0.7740971394188736,0.944
1731,500,ACC,SVM,0.10926047469393345,0.15926047469393345,0.05
1732,500,ACC,SVM,0.11594433427995754,0.6320556657200425,0.748
1733,500,ACC,SVM,0.04530194839276447,0.3013019483927645,0.256
1734,500,ACC,SVM,0.1466902861506756,0.7193097138493244,0.866
1735,500,ACC,SVM,0.06524440044035829,0.6807555995596417,0.746
1736,500,ACC,SVM,0.11193202449110973,0.7720679755088903,0.884
1737,500,ACC,SVM,0.024397867183282185,0.23839786718328218,0.214
1738,500,ACC,SVM,0.0521607914386884,0.4778392085613116,0.53
1739,500,ACC,SVM,0.1134777117202247,0.6645222882797753,0.778
1740,500,ACC,SVM,0.02483532583303172,0.2688353258330317,0.244
1741,500,ACC,SVM,0.057097801022881395,0.2870978010228814,0.23
1742,500,ACC,SVM,0.10891050777413383,0.13491050777413383,0.026
1743,500,ACC,SVM,0.15549456584136023,0.8025054341586397,0.958
1744,500,ACC,SVM,0.06779851473004095,0.642201485269959,0.71
1745,500,ACC,SVM,0.054702595939523424,0.5792974040604766,0.634
1746,500,ACC,SVM,0.05921523653037497,0.682784763469625,0.742
1747,500,ACC,SVM,0.013606677149005653,0.5163933228509944,0.53
1748,500,ACC,SVM,0.030627413998421116,0.44537258600157886,0.476
1749,500,ACC,SVM,0.000598250088437835,0.4474017499115622,0.448
1750,500,ACC,SVM,0.028235973379790558,0.6117640266202095,0.64
1751,500,ACC,SVM,0.0688353258330317,0.2688353258330317,0.2
1752,500,ACC,SVM,0.1483986470508426,0.7396013529491574,0.888
1753,500,ACC,SVM,0.1190985808904419,0.6909014191095582,0.81
1754,500,ACC,SVM,0.008089373962313628,0.3560893739623136,0.348
1755,500,ACC,SVM,0.05146085759908914,0.5265391424009108,0.578
1756,500,ACC,SVM,0.04563960552371635,0.18563960552371636,0.14
1757,500,ACC,SVM,0.14514459892156073,0.8268554010784392,0.972
1758,500,ACC,SVM,0.14819449968095955,0.7538055003190405,0.902
1759,500,ACC,SVM,0.13981536885117662,0.7801846311488234,0.92
1760,500,ACC,SVM,0.0464101769721299,0.3784101769721299,0.332
1761,500,ACC,SVM,0.07445619500324877,0.24245619500324878,0.168
1762,500,ACC,SVM,0.08927278448278123,0.2992727844827812,0.21
1763,500,ACC,SVM,0.09563960552371636,0.18563960552371636,0.09
1764,500,ACC,SVM,0.08796040853353268,0.20796040853353268,0.12
1765,500,ACC,SVM,0.07911465514401694,0.14911465514401695,0.07
1766,500,ACC,SVM,0.13882379591174432,0.8491762040882557,0.988
1767,500,ACC,SVM,0.08728963860391677,0.16128963860391676,0.074
1768,500,ACC,SVM,0.07393124462354936,0.20593124462354936,0.132
1769,500,ACC,SVM,0.13104025307047518,0.6949597469295248,0.826
1770,500,ACC,SVM,0.04940252977912252,0.5305974702208774,0.58
1771,500,ACC,SVM,0.11353603954019131,0.6604639604598087,0.774
1772,500,ACC,SVM,0.03649844856964024,0.5935015514303598,0.63
1773,500,ACC,SVM,0.12007784404102628,0.7619221559589737,0.882
1774,500,ACC,SVM,0.07696507112937312,0.5610349288706269,0.638
1775,500,ACC,SVM,0.04010246361872177,0.48189753638127825,0.522
1776,500,ACC,SVM,0.09617764555982389,0.6158223544401761,0.712
1777,500,ACC,SVM,0.006714905728371023,0.439285094271629,0.446
1778,500,ACC,SVM,0.0425559965220465,0.3885559965220465,0.346
1779,500,ACC,SVM,0.00845243053852135,0.4575475694614787,0.466
1780,500,ACC,SVM,0.06836870327329886,0.23636870327329887,0.168
1781,500,ACC,SVM,0.1274193839002581,0.668580616099742,0.796
1782,500,ACC,SVM,0.023039473202914773,0.2830394732029148,0.26
1783,500,ACC,SVM,0.08436870327329887,0.23636870327329887,0.152
1784,500,ACC,SVM,0.07153525967263091,0.3175352596726309,0.246
1785,500,ACC,SVM,0.11863195833070894,0.723368041669291,0.842
1786,500,ACC,SVM,0.013914390502413776,0.3439143905024138,0.33
1787,500,ACC,SVM,0.08032346510974053,0.6056765348902595,0.686
1788,500,ACC,SVM,0.1204569748708092,0.7355430251291908,0.856
1789,500,ACC,SVM,0.10355211379376646,0.17955211379376645,0.076
1790,500,ACC,SVM,0.08527356435034161,0.6787264356496584,0.764
1791,500,ACC,SVM,0.003418604032697725,0.3094186040326977,0.306
1792,500,ACC,SVM,0.06298114538294816,0.27898114538294816,0.216
1793,500,ACC,SVM,0.0782651372897738,0.6097348627102261,0.688
1794,500,ACC,SVM,0.14810700795100962,0.7598929920489904,0.908
1795,500,ACC,SVM,0.03976857095249736,0.33376857095249735,0.294
1796,500,ACC,SVM,0.035373365869139195,0.5326266341308608,0.568
1797,500,ACC,SVM,0.064031046142347,0.352031046142347,0.288
1798,500,ACC,SVM,0.03354834932903905,0.520451650670961,0.554
1799,500,ACC,SVM,0.06708172676930624,0.5529182732306938,0.62
1800,500,ACC,SVM,0.0915775132390223,0.5184224867609777,0.61
1801,500,ACC,SVM,0.07111089067928955,0.5508891093207104,0.622
1802,500,ACC,SVM,0.06787291680358276,0.20187291680358277,0.134
1803,500,ACC,SVM,0.09241095683969036,0.5995890431603096,0.692
1804,500,ACC,SVM,0.08049844856964028,0.5935015514303598,0.674
1805,500,ACC,SVM,0.054002662099924215,0.6279973379000758,0.682
1806,500,ACC,SVM,0.06902716341406705,0.14302716341406704,0.074
1807,500,ACC,SVM,0.00546007773152879,0.4514600777315288,0.446
1808,500,ACC,SVM,0.0032106921980871728,0.4047893078019128,0.408
1809,500,ACC,SVM,0.08137713033386665,0.16737713033386664,0.086
1810,500,ACC,SVM,0.0346603423731319,0.2566603423731319,0.222
1811,500,ACC,SVM,0.03723985610807051,0.4027601438919295,0.44
1812,500,ACC,SVM,0.07139021999027473,0.6706097800097253,0.742
1813,500,ACC,SVM,0.04501030929293148,0.28101030929293147,0.236
1814,500,ACC,SVM,0.10666112224069224,0.7213388777593077,0.828
1815,500,ACC,SVM,0.043839988428872045,0.500160011571128,0.544
1816,500,ACC,SVM,0.09547771172022468,0.6645222882797753,0.76
1817,500,ACC,SVM,0.018510758358487922,0.45348924164151205,0.472
1818,500,ACC,SVM,0.028277447078621565,0.46972255292137843,0.498
1819,500,ACC,SVM,0.0366734320295401,0.5813265679704599,0.618
1820,500,ACC,SVM,0.14378620494119332,0.7822137950588067,0.926
1821,500,ACC,SVM,0.016219119258654935,0.47378088074134506,0.49
1822,500,ACC,SVM,0.02378166060890541,0.5042183393910946,0.528
1823,500,ACC,SVM,0.055198382409239355,0.5448016175907606,0.6
1824,500,ACC,SVM,0.08365269518012453,0.6523473048198755,0.736
1825,500,ACC,SVM,0.10752294988378314,0.17752294988378314,0.07
1826,500,ACC,SVM,0.028044135798755143,0.48595586420124487,0.514
1827,500,ACC,SVM,0.01230661098860486,0.4676933890113951,0.48
1828,500,ACC,SVM,0.12966954930126007,0.79033045069874,0.92
1829,500,ACC,SVM,0.030394102718554694,0.4616058972814453,0.492
1830,500,ACC,SVM,0.061181528288103915,0.4068184717118961,0.468
1831,500,ACC,SVM,0.17775704103120993,0.78424295896879,0.962
1832,500,ACC,SVM,0.029868372471294924,0.47986837247129493,0.45
1833,500,ACC,SVM,0.0746311784631486,0.2546311784631486,0.18
1834,500,ACC,SVM,0.044718670193098525,0.2607186701930985,0.216
1835,500,ACC,SVM,0.09569793334368296,0.18969793334368296,0.094
1836,500,ACC,SVM,0.09229806566448451,0.09229806566448451,0.0
1837,500,ACC,SVM,0.0028898891882708777,0.4271101108117291,0.43
1838,500,ACC,SVM,0.08927356435034162,0.6787264356496584,0.768
1839,500,ACC,SVM,0.0958860064599909,0.6361139935400091,0.732
1840,500,ACC,SVM,0.12117298296398354,0.15317298296398354,0.032
1841,500,ACC,SVM,0.07392748015882189,0.49407251984117806,0.568
1842,500,ACC,SVM,0.06410622808344918,0.21810622808344918,0.154
1843,500,ACC,SVM,0.12937791020142697,0.810622089798573,0.94
1844,500,ACC,SVM,0.06833953936331555,0.23433953936331556,0.166
1845,500,ACC,SVM,0.042644268119556794,0.5833557318804432,0.626
1846,500,ACC,SVM,0.008464740327369102,0.3175352596726309,0.326
1847,500,ACC,SVM,0.04446928465965694,0.5955307153403431,0.64
1848,500,ACC,SVM,0.015327347838020311,0.39667265216197967,0.412
1849,500,ACC,SVM,0.11985684255000761,0.6381431574499924,0.758
1850,500,ACC,SVM,0.04898114538294815,0.27898114538294816,0.23
1851,500,ACC,SVM,0.13396118840109306,0.770038811598907,0.904
1852,500,ACC,SVM,0.009985807978788508,0.4900141920212115,0.5
1853,500,ACC,SVM,0.11988600645999092,0.6361139935400091,0.756
1854,500,ACC,SVM,0.10434031923087594,0.743659680769124,0.848
1855,500,ACC,SVM,0.1609987793716442,0.8370012206283558,0.998
1856,500,ACC,SVM,0.03871867019309852,0.2607186701930985,0.222
1857,500,ACC,SVM,0.03762275140258087,0.32362275140258084,0.286
1858,500,ACC,SVM,0.05941860403269772,0.3094186040326977,0.25
1859,500,ACC,SVM,0.0656810792225474,0.3276810792225474,0.262
1860,500,ACC,SVM,0.0676358410589889,0.5143641589410111,0.582
1861,500,ACC,SVM,0.17326125456149388,0.8187387454385061,0.992
1862,500,ACC,SVM,0.1367654680917778,0.8532345319082222,0.99
1863,500,ACC,SVM,0.050189955348671655,0.47581004465132837,0.526
1864,500,ACC,SVM,0.07899423503935632,0.5590057649606437,0.638
1865,500,ACC,SVM,0.15086526961057545,0.7071347303894245,0.858
1866,500,ACC,SVM,0.13152372975134352,0.8004762702486565,0.932
1867,500,ACC,SVM,0.07901030929293146,0.28101030929293147,0.202
1868,500,ACC,SVM,0.05421911925865497,0.47378088074134506,0.528
1869,500,ACC,SVM,0.13501108916049187,0.6969889108395081,0.832
1870,500,ACC,SVM,0.06423519351223012,0.3662351935122301,0.302
1871,500,ACC,SVM,0.027123200468137265,0.41087679953186274,0.438
1872,500,ACC,SVM,0.14091128764169425,0.8430887123583057,0.984
1873,500,ACC,SVM,0.14091128764169425,0.8430887123583057,0.984
1874,500,ACC,SVM,0.13393202449110975,0.7720679755088903,0.906
1875,500,ACC,SVM,0.10709858089044189,0.6909014191095582,0.798
1876,500,ACC,SVM,0.04750609576264758,0.3155060957626476,0.268
1877,500,ACC,SVM,0.0076810792225474045,0.3276810792225474,0.32
1878,500,ACC,SVM,0.0356941688789556,0.5103058311210444,0.546
1879,500,ACC,SVM,0.06389831624883868,0.49610168375116137,0.56
1880,500,ACC,SVM,0.0018108245188886984,0.5021891754811113,0.504
1881,500,ACC,SVM,0.06887757939942318,0.5671224206005768,0.636
1882,500,ACC,SVM,0.004905963441846073,0.41290596344184605,0.408
1883,500,ACC,SVM,0.09362353127014122,0.6543764687298588,0.748
1884,500,ACC,SVM,0.006348084687435918,0.3256519153125641,0.332
1885,500,ACC,SVM,0.050439340882113215,0.38043934088211323,0.33
1886,500,ACC,SVM,0.08398957244351596,0.20998957244351596,0.126
1887,500,ACC,SVM,0.07474783410308178,0.2627478341030818,0.188
1888,500,ACC,SVM,0.13271945006065888,0.7172805499393411,0.85
1889,500,ACC,SVM,0.002656577908404456,0.44334342209159555,0.446
1890,500,ACC,SVM,0.06312696493286465,0.28912696493286466,0.226
1891,500,ACC,SVM,0.11579851473004099,0.642201485269959,0.758
1892,500,ACC,SVM,0.05183998842887205,0.500160011571128,0.552
1893,500,ACC,SVM,0.09867719649426741,0.11867719649426742,0.02
1894,500,ACC,SVM,0.02791439050241379,0.3439143905024138,0.316
1895,500,ACC,SVM,0.09080616192304841,0.2668061619230484,0.176
1896,500,ACC,SVM,0.07470259593952344,0.5792974040604766,0.654
1897,500,ACC,SVM,0.0760018822323637,0.3500018822323637,0.274
1898,500,ACC,SVM,0.12569793334368295,0.18969793334368296,0.064
1899,500,ACC,SVM,0.10526047469393346,0.15926047469393345,0.054
1900,500,ACC,SVM,0.05751918541905576,0.5224808145809442,0.58
1901,500,ACC,SVM,0.13926047469393346,0.15926047469393345,0.02
1902,500,ACC,SVM,0.1144861387807925,0.7335138612192075,0.848
1903,500,ACC,SVM,0.08642703109326547,0.24042703109326546,0.154
1904,500,ACC,SVM,0.03887757939942316,0.5671224206005768,0.606
1905,500,ACC,SVM,0.03109403655815396,0.41290596344184605,0.444
1906,500,ACC,SVM,0.014889889188270888,0.4271101108117291,0.442
1907,500,ACC,SVM,0.07708549123403363,0.14708549123403364,0.07
1908,500,ACC,SVM,0.11718607262039171,0.6848139273796083,0.802
1909,500,ACC,SVM,0.09152372975134349,0.8004762702486565,0.892
1910,500,ACC,SVM,0.10867719649426742,0.11867719649426742,0.01
1911,500,ACC,SVM,0.05025204763336566,0.22825204763336565,0.178
1912,500,ACC,SVM,0.15428199141090937,0.7477180085890907,0.902
1913,500,ACC,SVM,0.027548349329039046,0.520451650670961,0.548
1914,500,ACC,SVM,0.0701353919934325,0.2201353919934325,0.15
1915,500,ACC,SVM,0.0566895062831152,0.2586895062831152,0.202
1916,500,ACC,SVM,0.06855677638960689,0.5894432236103931,0.658
1917,500,ACC,SVM,0.09194433427995752,0.6320556657200425,0.724
1918,500,ACC,SVM,0.022760923759490015,0.57523907624051,0.598
1919,500,ACC,SVM,0.13326125456149385,0.8187387454385061,0.952
1920,500,ACC,SVM,0.012102463618721748,0.48189753638127825,0.494
1921,500,ACC,SVM,0.033768570952497357,0.33376857095249735,0.3
1922,500,ACC,SVM,0.006277447078621545,0.46972255292137843,0.476
1923,500,ACC,SVM,0.044760143891929505,0.4027601438919295,0.358
1924,500,ACC,SVM,0.012368703273298864,0.23636870327329887,0.224
1925,500,ACC,SVM,0.11931880251390005,0.16331880251390005,0.044
1926,500,ACC,SVM,0.01829352133219675,0.37029352133219673,0.352
1927,500,ACC,SVM,0.0576526951801245,0.6523473048198755,0.71
1928,500,ACC,SVM,0.12096883559410042,0.13896883559410042,0.018
1929,500,ACC,SVM,0.005343422091595551,0.44334342209159555,0.438
1930,500,ACC,SVM,0.036294301199757184,0.6077056988002428,0.644
1931,500,ACC,SVM,0.06114005458927285,0.5488599454107271,0.61
1932,500,ACC,SVM,0.10944854781024138,0.6665514521897586,0.776
1933,500,ACC,SVM,0.12518607262039172,0.6848139273796083,0.81
1934,500,ACC,SVM,0.08403182600990744,0.6259681739900925,0.71
1935,500,ACC,SVM,0.08566876943369968,0.18766876943369967,0.102
1936,500,ACC,SVM,0.02456908617845449,0.4494309138215455,0.474
1937,500,ACC,SVM,0.055169218499256045,0.5468307815007439,0.602
1938,500,ACC,SVM,0.04309780102288141,0.2870978010228814,0.244
1939,500,ACC,SVM,0.12740629424384994,0.16940629424384995,0.042
1940,500,ACC,SVM,0.040747834103081776,0.2627478341030818,0.222
1941,500,ACC,SVM,0.024860725278287588,0.4291392747217124,0.454
1942,500,ACC,SVM,0.021197602541679073,0.43319760254167905,0.412
1943,500,ACC,SVM,0.08066034237313191,0.2566603423731319,0.176
1944,500,ACC,SVM,0.12701108916049186,0.6969889108395081,0.824
1945,500,ACC,SVM,0.14787369667114325,0.7761263033288568,0.924
1946,500,ACC,SVM,0.06477699801306508,0.2647769980130651,0.2
1947,500,ACC,SVM,0.13766954930126007,0.79033045069874,0.928
1948,500,ACC,SVM,0.10876468822421732,0.12476468822421732,0.016
1949,500,ACC,SVM,0.13975704103121,0.78424295896879,0.924
1950,500,ACC,SVM,0.15561122148129336,0.7943887785187066,0.95
1951,500,ACC,SVM,0.10667719649426742,0.11867719649426742,0.012
1952,500,ACC,SVM,0.07312774480042517,0.6888722551995748,0.762
1953,500,ACC,SVM,0.17561122148129338,0.7943887785187066,0.97
1954,500,ACC,SVM,0.15222366359094286,0.7517763364090572,0.904
1955,500,ACC,SVM,0.14923209065151055,0.8207679093484894,0.97
1956,500,ACC,SVM,0.029548349329039048,0.520451650670961,0.55
1957,500,ACC,SVM,0.11372709725366627,0.19172709725366627,0.078
1958,500,ACC,SVM,0.11651530269077581,0.7314846973092242,0.848
1959,500,ACC,SVM,0.0529942350393563,0.5590057649606437,0.612
1960,500,ACC,SVM,0.032673432029540095,0.5813265679704599,0.614
1961,500,ACC,SVM,0.003094036558153934,0.41290596344184605,0.416
1962,500,ACC,SVM,0.04143169368910582,0.5285683063108941,0.57
1963,500,ACC,SVM,0.062047900263482586,0.21404790026348258,0.152
1964,500,ACC,SVM,0.07550687563020797,0.662493124369792,0.738
1965,500,ACC,SVM,0.09337713033386665,0.16737713033386664,0.074
1966,500,ACC,SVM,0.10406098991989077,0.6239390100801092,0.728
1967,500,ACC,SVM,0.10636948314085926,0.7416305168591407,0.848
1968,500,ACC,SVM,0.008364938808571365,0.4636350611914286,0.472
1969,500,ACC,SVM,0.0443649388085714,0.4636350611914286,0.508
1970,500,ACC,SVM,0.038001882232363726,0.3500018822323637,0.312
1971,500,ACC,SVM,0.1959320244911097,0.7720679755088903,0.968
1972,500,ACC,SVM,0.1161776455598239,0.6158223544401761,0.732
1973,500,ACC,SVM,0.012439340882113237,0.38043934088211323,0.368
1974,500,ACC,SVM,0.08671867019309853,0.2607186701930985,0.174
1975,500,ACC,SVM,0.03460201455316528,0.2526020145531653,0.218
1976,500,ACC,SVM,0.006481594448504657,0.45551840555149536,0.462
1977,500,ACC,SVM,0.13949456584136022,0.8025054341586397,0.942
1978,500,ACC,SVM,0.07962353127014121,0.6543764687298588,0.734
1979,500,ACC,SVM,0.02845619500324878,0.24245619500324878,0.214
1980,500,ACC,SVM,0.11434031923087595,0.743659680769124,0.858
1981,500,ACC,SVM,0.015823134307736464,0.36217686569226354,0.378
1982,500,ACC,SVM,0.10025282750092601,0.749747172499074,0.85
1983,500,ACC,SVM,0.012602014553165286,0.2526020145531653,0.24
1984,500,ACC,SVM,0.08131503804917262,0.5366849619508274,0.618
1985,500,ACC,SVM,0.1579903523110764,0.7680096476889237,0.926
1986,500,ACC,SVM,0.0513894401227144,0.3073894401227144,0.256
1987,500,ACC,SVM,0.07009015382987394,0.621909846170126,0.692
1988,500,ACC,SVM,0.175377910201427,0.810622089798573,0.986
1989,500,ACC,SVM,0.07419371981339909,0.22419371981339908,0.15
1990,500,ACC,SVM,0.11184375289359946,0.19984375289359946,0.088
1991,500,ACC,SVM,0.09267343202954015,0.5813265679704599,0.674
1992,500,ACC,SVM,0.04243934088211321,0.38043934088211323,0.338
1993,500,ACC,SVM,0.06288134386415051,0.13288134386415051,0.07
1994,500,ACC,SVM,0.0042774470786215435,0.46972255292137843,0.474
1995,500,ACC,SVM,0.1118276786400243,0.6401723213599757,0.752
1996,500,ACC,SVM,0.03962275140258087,0.32362275140258084,0.284
1997,500,ACC,SVM,0.0058560626824471496,0.33985606268244717,0.334
1998,500,ACC,SVM,0.11860279442072574,0.7253972055792742,0.844
1999,500,ACC,SVM,0.06042326662853803,0.459576733371462,0.52
