,bag_id,bag_size,method,classifier,mae,pred_pos,true_pos
0,0,100,CC,LITETime,0.17000000000000004,0.6,0.77
1,1,100,CC,LITETime,0.020000000000000018,0.41,0.43
2,2,100,CC,LITETime,0.18999999999999995,0.66,0.85
3,3,100,CC,LITETime,0.17999999999999994,0.51,0.69
4,4,100,CC,LITETime,0.09,0.18,0.09
5,5,100,CC,LITETime,0.19999999999999996,0.77,0.97
6,6,100,CC,LITETime,0.19999999999999996,0.56,0.76
7,7,100,CC,LITETime,0.21000000000000008,0.57,0.78
8,8,100,CC,LITETime,0.04000000000000001,0.16,0.12
9,9,100,CC,LITETime,0.030000000000000027,0.42,0.45
10,10,100,CC,LITETime,0.03999999999999998,0.41,0.37
11,11,100,CC,LITETime,0.26,0.66,0.92
12,12,100,CC,LITETime,0.06000000000000005,0.58,0.64
13,13,100,CC,LITETime,0.17999999999999994,0.64,0.82
14,14,100,CC,LITETime,0.04999999999999999,0.49,0.44
15,15,100,CC,LITETime,0.03,0.25,0.22
16,16,100,CC,LITETime,0.10000000000000003,0.45,0.55
17,17,100,CC,LITETime,0.07,0.13,0.06
18,18,100,CC,LITETime,0.15999999999999992,0.66,0.82
19,19,100,CC,LITETime,0.13,0.5,0.63
20,20,100,CC,LITETime,0.12,0.63,0.75
21,21,100,CC,LITETime,0.08999999999999997,0.26,0.35
22,22,100,CC,LITETime,0.26,0.71,0.97
23,23,100,CC,LITETime,0.22999999999999998,0.66,0.89
24,24,100,CC,LITETime,0.13,0.64,0.77
25,25,100,CC,LITETime,0.01999999999999999,0.17,0.19
26,26,100,CC,LITETime,0.06,0.4,0.46
27,27,100,CC,LITETime,0.13999999999999999,0.18,0.04
28,28,100,CC,LITETime,0.04000000000000001,0.19,0.15
29,29,100,CC,LITETime,0.10000000000000009,0.58,0.68
30,30,100,CC,LITETime,0.15000000000000002,0.59,0.74 
31,31,100,CC,LITETime,0.1499999999999999,0.81,0.96
32,32,100,CC,LITETime,0.0,0.32,0.32
33,33,100,CC,LITETime,0.03999999999999998,0.33,0.37
34,34,100,CC,LITETime,0.09000000000000002,0.37,0.46
35,35,100,CC,LITETime,0.03,0.21,0.18
36,36,100,CC,LITETime,0.05000000000000002,0.17,0.12
37,37,100,CC,LITETime,0.019999999999999962,0.45,0.47
38,38,100,CC,LITETime,0.07999999999999999,0.3,0.22
39,39,100,CC,LITETime,0.17000000000000004,0.49,0.66
40,40,100,CC,LITETime,0.03999999999999998,0.47,0.43
41,41,100,CC,LITETime,0.16999999999999993,0.66,0.83
42,42,100,CC,LITETime,0.13,0.57,0.7
43,43,100,CC,LITETime,0.030000000000000027,0.34,0.31
44,44,100,CC,LITETime,0.18999999999999995,0.64,0.83
45,45,100,CC,LITETime,0.18000000000000005,0.62,0.8
46,46,100,CC,LITETime,0.03999999999999998,0.42,0.38
47,47,100,CC,LITETime,0.0,0.28,0.28
48,48,100,CC,LITETime,0.12,0.56,0.68
49,49,100,CC,LITETime,0.1,0.23,0.13
50,50,100,CC,LITETime,0.04999999999999999,0.24,0.19
51,51,100,CC,LITETime,0.15,0.15,0.0
52,52,100,CC,LITETime,0.14,0.64,0.78
53,53,100,CC,LITETime,0.13,0.53,0.66
54,54,100,CC,LITETime,0.08999999999999997,0.61,0.7
55,55,100,CC,LITETime,0.17000000000000004,0.61,0.78
56,56,100,CC,LITETime,0.07,0.38,0.45
57,57,100,CC,LITETime,0.09000000000000008,0.47,0.56
58,58,100,CC,LITETime,0.04000000000000001,0.17,0.13
59,59,100,CC,LITETime,0.009999999999999995,0.12,0.11
60,60,100,CC,LITETime,0.10999999999999999,0.55,0.66
61,61,100,CC,LITETime,0.009999999999999953,0.46,0.47
62,62,100,CC,LITETime,0.10000000000000003,0.46,0.56
63,63,100,CC,LITETime,0.21999999999999997,0.54,0.76
64,64,100,CC,LITETime,0.09999999999999998,0.53,0.63
65,65,100,CC,LITETime,0.06000000000000005,0.49,0.55
66,66,100,CC,LITETime,0.07000000000000006,0.48,0.55
67,67,100,CC,LITETime,0.010000000000000009,0.29,0.3
68,68,100,CC,LITETime,0.14,0.17,0.03
69,69,100,CC,LITETime,0.030000000000000027,0.46,0.43
70,70,100,CC,LITETime,0.07999999999999999,0.29,0.21
71,71,100,CC,LITETime,0.040000000000000036,0.36,0.4
72,72,100,CC,LITETime,0.16000000000000003,0.69,0.85
73,73,100,CC,LITETime,0.07999999999999999,0.31,0.23
74,74,100,CC,LITETime,0.14,0.19,0.05
75,75,100,CC,LITETime,0.0,0.28,0.28
76,76,100,CC,LITETime,0.03999999999999998,0.25,0.29
77,77,100,CC,LITETime,0.14,0.52,0.66
78,78,100,CC,LITETime,0.12000000000000005,0.43,0.55
79,79,100,CC,LITETime,0.14,0.64,0.78
80,80,100,CC,LITETime,0.15000000000000002,0.51,0.66
81,81,100,CC,LITETime,0.010000000000000009,0.39,0.4
82,82,100,CC,LITETime,0.16000000000000003,0.65,0.81
83,83,100,CC,LITETime,0.010000000000000009,0.17,0.16
84,84,100,CC,LITETime,0.14,0.16,0.02
85,85,100,CC,LITETime,0.09,0.18,0.09
86,86,100,CC,LITETime,0.08999999999999997,0.63,0.72
87,87,100,CC,LITETime,0.050000000000000044,0.41,0.46
88,88,100,CC,LITETime,0.1,0.26,0.16
89,89,100,CC,LITETime,0.12,0.38,0.5
90,90,100,CC,LITETime,0.08000000000000002,0.23,0.15
91,91,100,CC,LITETime,0.18999999999999995,0.5,0.69
92,92,100,CC,LITETime,0.09000000000000002,0.35,0.44
93,93,100,CC,LITETime,0.07,0.31,0.38
94,94,100,CC,LITETime,0.010000000000000009,0.29,0.3
95,95,100,CC,LITETime,0.15000000000000002,0.48,0.63
96,96,100,CC,LITETime,0.04999999999999999,0.31,0.36
97,97,100,CC,LITETime,0.14,0.22,0.08
98,98,100,CC,LITETime,0.09999999999999999,0.21,0.11
99,99,100,CC,LITETime,0.1499999999999999,0.81,0.96
100,100,100,CC,LITETime,0.22999999999999998,0.67,0.9
101,101,100,CC,LITETime,0.08999999999999997,0.6,0.69
102,102,100,CC,LITETime,0.02999999999999997,0.29,0.26
103,103,100,CC,LITETime,0.17999999999999994,0.78,0.96
104,104,100,CC,LITETime,0.15000000000000002,0.62,0.77
105,105,100,CC,LITETime,0.09999999999999998,0.61,0.71
106,106,100,CC,LITETime,0.030000000000000027,0.41,0.44
107,107,100,CC,LITETime,0.019999999999999962,0.29,0.27
108,108,100,CC,LITETime,0.13,0.22,0.09
109,109,100,CC,LITETime,0.24,0.66,0.9
110,110,100,CC,LITETime,0.010000000000000009,0.44,0.45
111,111,100,CC,LITETime,0.14,0.34,0.2
112,112,100,CC,LITETime,0.0,0.3,0.3
113,113,100,CC,LITETime,0.12999999999999995,0.44,0.57
114,114,100,CC,LITETime,0.01999999999999999,0.19,0.17
115,115,100,CC,LITETime,0.20999999999999996,0.64,0.85
116,116,100,CC,LITETime,0.040000000000000036,0.71,0.75
117,117,100,CC,LITETime,0.08999999999999997,0.62,0.71
118,118,100,CC,LITETime,0.04999999999999999,0.38,0.43
119,119,100,CC,LITETime,0.05999999999999994,0.56,0.62
120,120,100,CC,LITETime,0.05999999999999994,0.52,0.58
121,121,100,CC,LITETime,0.06000000000000005,0.58,0.64
122,122,100,CC,LITETime,0.13,0.21,0.08
123,123,100,CC,LITETime,0.020000000000000018,0.43,0.41
124,124,100,CC,LITETime,0.13,0.17,0.04
125,125,100,CC,LITETime,0.06,0.43,0.49
126,126,100,CC,LITETime,0.03999999999999998,0.36,0.32
127,127,100,CC,LITETime,0.14,0.28,0.14
128,128,100,CC,LITETime,0.13,0.23,0.1
129,129,100,CC,LITETime,0.13999999999999996,0.44,0.58
130,130,100,CC,LITETime,0.11000000000000001,0.28,0.17
131,131,100,CC,LITETime,0.25,0.67,0.92
132,132,100,CC,LITETime,0.07999999999999996,0.5,0.58
133,133,100,CC,LITETime,0.08999999999999997,0.43,0.34
134,134,100,CC,LITETime,0.07999999999999996,0.51,0.59
135,135,100,CC,LITETime,0.09,0.11,0.02
136,136,100,CC,LITETime,0.15999999999999992,0.79,0.95
137,137,100,CC,LITETime,0.019999999999999962,0.46,0.48
138,138,100,CC,LITETime,0.09000000000000008,0.69,0.78
139,139,100,CC,LITETime,0.06000000000000001,0.14,0.08
140,140,100,CC,LITETime,0.04999999999999999,0.43,0.48
141,141,100,CC,LITETime,0.09999999999999998,0.39,0.49
142,142,100,CC,LITETime,0.19000000000000006,0.74,0.93
143,143,100,CC,LITETime,0.12999999999999995,0.44,0.57
144,144,100,CC,LITETime,0.019999999999999962,0.45,0.47
145,145,100,CC,LITETime,0.04999999999999999,0.31,0.26
146,146,100,CC,LITETime,0.020000000000000018,0.31,0.33
147,147,100,CC,LITETime,0.040000000000000036,0.48,0.52
148,148,100,CC,LITETime,0.020000000000000018,0.41,0.43
149,149,100,CC,LITETime,0.09999999999999999,0.12,0.02
150,150,100,CC,LITETime,0.10999999999999999,0.71,0.82
151,151,100,CC,LITETime,0.20000000000000007,0.69,0.89
152,152,100,CC,LITETime,0.04999999999999999,0.19,0.14
153,153,100,CC,LITETime,0.06000000000000005,0.49,0.55
154,154,100,CC,LITETime,0.16,0.26,0.1
155,155,100,CC,LITETime,0.16000000000000003,0.51,0.67
156,156,100,CC,LITETime,0.019999999999999962,0.3,0.28
157,157,100,CC,LITETime,0.10999999999999999,0.54,0.65
158,158,100,CC,LITETime,0.16999999999999993,0.55,0.72
159,159,100,CC,LITETime,0.12,0.64,0.76
160,160,100,CC,LITETime,0.12,0.22,0.1
161,161,100,CC,LITETime,0.27,0.64,0.91
162,162,100,CC,LITETime,0.009999999999999981,0.24,0.23
163,163,100,CC,LITETime,0.1,0.13,0.03
164,164,100,CC,LITETime,0.13000000000000006,0.42,0.55
165,165,100,CC,LITETime,0.010000000000000009,0.36,0.37
166,166,100,CC,LITETime,0.18999999999999995,0.63,0.82
167,167,100,CC,LITETime,0.21000000000000008,0.59,0.8
168,168,100,CC,LITETime,0.06,0.37,0.31
169,169,100,CC,LITETime,0.20999999999999996,0.74,0.95
170,170,100,CC,LITETime,0.020000000000000018,0.31,0.29
171,171,100,CC,LITETime,0.040000000000000036,0.47,0.51
172,172,100,CC,LITETime,0.04999999999999999,0.3,0.25
173,173,100,CC,LITETime,0.25,0.68,0.93
174,174,100,CC,LITETime,0.04000000000000001,0.2,0.16
175,175,100,CC,LITETime,0.16999999999999998,0.21,0.04
176,176,100,CC,LITETime,0.04999999999999999,0.48,0.43
177,177,100,CC,LITETime,0.24,0.75,0.99
178,178,100,CC,LITETime,0.22999999999999998,0.66,0.89
179,179,100,CC,LITETime,0.16000000000000003,0.58,0.74
180,180,100,CC,LITETime,0.18000000000000005,0.71,0.89
181,181,100,CC,LITETime,0.17000000000000004,0.72,0.89
182,182,100,CC,LITETime,0.010000000000000009,0.5,0.51
183,183,100,CC,LITETime,0.04999999999999999,0.36,0.31
184,184,100,CC,LITETime,0.14,0.63,0.77
185,185,100,CC,LITETime,0.13,0.53,0.66
186,186,100,CC,LITETime,0.010000000000000009,0.38,0.37
187,187,100,CC,LITETime,0.06,0.15,0.09
188,188,100,CC,LITETime,0.16000000000000003,0.58,0.74
189,189,100,CC,LITETime,0.0,0.26,0.26
190,190,100,CC,LITETime,0.12,0.81,0.93
191,191,100,CC,LITETime,0.030000000000000027,0.27,0.24
192,192,100,CC,LITETime,0.07,0.19,0.12
193,193,100,CC,LITETime,0.18999999999999995,0.64,0.83
194,194,100,CC,LITETime,0.0,0.15,0.15
195,195,100,CC,LITETime,0.1,0.27,0.17
196,196,100,CC,LITETime,0.10999999999999999,0.48,0.59
197,197,100,CC,LITETime,0.13,0.74,0.87
198,198,100,CC,LITETime,0.07,0.26,0.19
199,199,100,CC,LITETime,0.030000000000000027,0.34,0.31
200,200,100,CC,LITETime,0.14,0.63,0.77
201,201,100,CC,LITETime,0.24,0.73,0.97
202,202,100,CC,LITETime,0.04999999999999999,0.45,0.5
203,203,100,CC,LITETime,0.14,0.28,0.14
204,204,100,CC,LITETime,0.21,0.22,0.01
205,205,100,CC,LITETime,0.07999999999999999,0.3,0.22
206,206,100,CC,LITETime,0.1,0.23,0.13
207,207,100,CC,LITETime,0.08000000000000007,0.59,0.67
208,208,100,CC,LITETime,0.13,0.25,0.12
209,209,100,CC,LITETime,0.03999999999999998,0.46,0.5
210,210,100,CC,LITETime,0.1299999999999999,0.56,0.69
211,211,100,CC,LITETime,0.08999999999999997,0.49,0.58
212,212,100,CC,LITETime,0.10999999999999999,0.3,0.19
213,213,100,CC,LITETime,0.15000000000000002,0.65,0.8
214,214,100,CC,LITETime,0.06999999999999995,0.64,0.71
215,215,100,CC,LITETime,0.17999999999999994,0.55,0.73
216,216,100,CC,LITETime,0.06,0.19,0.13
217,217,100,CC,LITETime,0.08000000000000002,0.2,0.12
218,218,100,CC,LITETime,0.2300000000000001,0.69,0.92
219,219,100,CC,LITETime,0.010000000000000009,0.38,0.39
220,220,100,CC,LITETime,0.02999999999999997,0.27,0.3
221,221,100,CC,LITETime,0.019999999999999962,0.46,0.48
222,222,100,CC,LITETime,0.16000000000000003,0.5,0.66
223,223,100,CC,LITETime,0.19999999999999996,0.75,0.95
224,224,100,CC,LITETime,0.0,0.28,0.28
225,225,100,CC,LITETime,0.25,0.67,0.92
226,226,100,CC,LITETime,0.17,0.19,0.02
227,227,100,CC,LITETime,0.06000000000000005,0.49,0.55
228,228,100,CC,LITETime,0.13,0.5,0.63
229,229,100,CC,LITETime,0.13999999999999999,0.24,0.1
230,230,100,CC,LITETime,0.07999999999999999,0.22,0.14
231,231,100,CC,LITETime,0.040000000000000036,0.45,0.41
232,232,100,CC,LITETime,0.24,0.72,0.96
233,233,100,CC,LITETime,0.04999999999999993,0.54,0.59
234,234,100,CC,LITETime,0.26,0.67,0.93
235,235,100,CC,LITETime,0.09000000000000008,0.71,0.8
236,236,100,CC,LITETime,0.020000000000000018,0.44,0.46
237,237,100,CC,LITETime,0.16000000000000003,0.62,0.78
238,238,100,CC,LITETime,0.12000000000000001,0.13,0.01
239,239,100,CC,LITETime,0.07,0.17,0.1
240,240,100,CC,LITETime,0.17999999999999994,0.64,0.82
241,241,100,CC,LITETime,0.13,0.66,0.79
242,242,100,CC,LITETime,0.05999999999999997,0.29,0.23
243,243,100,CC,LITETime,0.12000000000000005,0.41,0.53
244,244,100,CC,LITETime,0.07999999999999996,0.52,0.6
245,245,100,CC,LITETime,0.27,0.59,0.86
246,246,100,CC,LITETime,0.06999999999999995,0.53,0.6
247,247,100,CC,LITETime,0.030000000000000027,0.44,0.41
248,248,100,CC,LITETime,0.03999999999999998,0.33,0.37
249,249,100,CC,LITETime,0.04999999999999999,0.37,0.42
250,250,100,CC,LITETime,0.09999999999999998,0.55,0.65
251,251,100,CC,LITETime,0.24,0.62,0.86
252,252,100,CC,LITETime,0.09000000000000002,0.36,0.45
253,253,100,CC,LITETime,0.08000000000000002,0.32,0.24
254,254,100,CC,LITETime,0.07999999999999999,0.31,0.23
255,255,100,CC,LITETime,0.17999999999999994,0.56,0.74
256,256,100,CC,LITETime,0.15000000000000002,0.66,0.81
257,257,100,CC,LITETime,0.12,0.22,0.1
258,258,100,CC,LITETime,0.07,0.13,0.06
259,259,100,CC,LITETime,0.12999999999999995,0.46,0.59
260,260,100,CC,LITETime,0.09,0.23,0.14
261,261,100,CC,LITETime,0.18999999999999995,0.63,0.82
262,262,100,CC,LITETime,0.010000000000000009,0.3,0.31
263,263,100,CC,LITETime,0.13,0.27,0.14
264,264,100,CC,LITETime,0.24,0.68,0.92
265,265,100,CC,LITETime,0.06,0.22,0.16
266,266,100,CC,LITETime,0.03999999999999998,0.32,0.28
267,267,100,CC,LITETime,0.11000000000000001,0.26,0.15
268,268,100,CC,LITETime,0.09999999999999999,0.21,0.11
269,269,100,CC,LITETime,0.08,0.1,0.02
270,270,100,CC,LITETime,0.09999999999999999,0.15,0.05
271,271,100,CC,LITETime,0.0,0.17,0.17
272,272,100,CC,LITETime,0.06,0.11,0.05
273,273,100,CC,LITETime,0.13999999999999996,0.45,0.59
274,274,100,CC,LITETime,0.1100000000000001,0.57,0.68
275,275,100,CC,LITETime,0.020000000000000018,0.37,0.39
276,276,100,CC,LITETime,0.0,0.31,0.31
277,277,100,CC,LITETime,0.09999999999999998,0.4,0.5
278,278,100,CC,LITETime,0.18000000000000005,0.69,0.87
279,279,100,CC,LITETime,0.21999999999999997,0.63,0.85
280,280,100,CC,LITETime,0.07999999999999999,0.12,0.04
281,281,100,CC,LITETime,0.05000000000000002,0.23,0.18
282,282,100,CC,LITETime,0.04000000000000001,0.27,0.23
283,283,100,CC,LITETime,0.07,0.31,0.24
284,284,100,CC,LITETime,0.07999999999999996,0.49,0.57
285,285,100,CC,LITETime,0.019999999999999962,0.39,0.41
286,286,100,CC,LITETime,0.1,0.14,0.04
287,287,100,CC,LITETime,0.03999999999999998,0.41,0.37
288,288,100,CC,LITETime,0.10000000000000003,0.42,0.52
289,289,100,CC,LITETime,0.07,0.17,0.1
290,290,100,CC,LITETime,0.17999999999999994,0.65,0.83
291,291,100,CC,LITETime,0.15999999999999998,0.21,0.05
292,292,100,CC,LITETime,0.22000000000000008,0.7,0.92
293,293,100,CC,LITETime,0.09,0.18,0.09
294,294,100,CC,LITETime,0.08999999999999997,0.75,0.84
295,295,100,CC,LITETime,0.21000000000000008,0.69,0.9
296,296,100,CC,LITETime,0.16999999999999993,0.8,0.97
297,297,100,CC,LITETime,0.22000000000000008,0.58,0.8
298,298,100,CC,LITETime,0.14,0.63,0.77
299,299,100,CC,LITETime,0.10999999999999999,0.53,0.64
300,300,100,CC,LITETime,0.10999999999999999,0.66,0.77
301,301,100,CC,LITETime,0.01999999999999999,0.15,0.13
302,302,100,CC,LITETime,0.06000000000000005,0.47,0.53
303,303,100,CC,LITETime,0.030000000000000027,0.48,0.51
304,304,100,CC,LITETime,0.17999999999999994,0.67,0.85
305,305,100,CC,LITETime,0.04999999999999999,0.51,0.46
306,306,100,CC,LITETime,0.030000000000000027,0.35,0.38
307,307,100,CC,LITETime,0.08999999999999997,0.54,0.63
308,308,100,CC,LITETime,0.06,0.32,0.26
309,309,100,CC,LITETime,0.03,0.16,0.13
310,310,100,CC,LITETime,0.030000000000000027,0.5,0.47
311,311,100,CC,LITETime,0.009999999999999953,0.4,0.41
312,312,100,CC,LITETime,0.09,0.32,0.23
313,313,100,CC,LITETime,0.019999999999999962,0.34,0.36
314,314,100,CC,LITETime,0.010000000000000009,0.35,0.36
315,315,100,CC,LITETime,0.0,0.32,0.32
316,316,100,CC,LITETime,0.06,0.43,0.37
317,317,100,CC,LITETime,0.15000000000000002,0.53,0.68
318,318,100,CC,LITETime,0.010000000000000009,0.3,0.29
319,319,100,CC,LITETime,0.21999999999999997,0.72,0.94
320,320,100,CC,LITETime,0.26,0.65,0.91
321,321,100,CC,LITETime,0.0,0.48,0.48
322,322,100,CC,LITETime,0.020000000000000018,0.34,0.32
323,323,100,CC,LITETime,0.08000000000000002,0.45,0.53
324,324,100,CC,LITETime,0.14,0.7,0.84
325,325,100,CC,LITETime,0.040000000000000036,0.61,0.65
326,326,100,CC,LITETime,0.15000000000000002,0.65,0.8
327,327,100,CC,LITETime,0.10000000000000003,0.43,0.53
328,328,100,CC,LITETime,0.010000000000000009,0.62,0.63
329,329,100,CC,LITETime,0.07999999999999996,0.36,0.28
330,330,100,CC,LITETime,0.12,0.61,0.73
331,331,100,CC,LITETime,0.08999999999999997,0.29,0.2
332,332,100,CC,LITETime,0.12,0.57,0.69
333,333,100,CC,LITETime,0.15000000000000002,0.71,0.86
334,334,100,CC,LITETime,0.07,0.2,0.13
335,335,100,CC,LITETime,0.12,0.49,0.61
336,336,100,CC,LITETime,0.1,0.19,0.09
337,337,100,CC,LITETime,0.15000000000000002,0.57,0.72
338,338,100,CC,LITETime,0.12000000000000001,0.2,0.08
339,339,100,CC,LITETime,0.28,0.65,0.93
340,340,100,CC,LITETime,0.09,0.22,0.13
341,341,100,CC,LITETime,0.30999999999999994,0.64,0.95
342,342,100,CC,LITETime,0.17000000000000004,0.63,0.8
343,343,100,CC,LITETime,0.020000000000000018,0.57,0.59
344,344,100,CC,LITETime,0.20000000000000007,0.58,0.78
345,345,100,CC,LITETime,0.12,0.67,0.79
346,346,100,CC,LITETime,0.18999999999999995,0.75,0.94
347,347,100,CC,LITETime,0.020000000000000018,0.27,0.25
348,348,100,CC,LITETime,0.14999999999999997,0.44,0.59
349,349,100,CC,LITETime,0.13,0.22,0.09
350,350,100,CC,LITETime,0.020000000000000018,0.59,0.61
351,351,100,CC,LITETime,0.07999999999999999,0.25,0.17
352,352,100,CC,LITETime,0.07000000000000006,0.49,0.56
353,353,100,CC,LITETime,0.12999999999999995,0.44,0.57
354,354,100,CC,LITETime,0.030000000000000027,0.43,0.46
355,355,100,CC,LITETime,0.050000000000000044,0.47,0.52
356,356,100,CC,LITETime,0.25,0.51,0.76
357,357,100,CC,LITETime,0.10000000000000009,0.69,0.79
358,358,100,CC,LITETime,0.08000000000000002,0.41,0.49
359,359,100,CC,LITETime,0.05999999999999994,0.53,0.59
360,360,100,CC,LITETime,0.20000000000000007,0.73,0.93
361,361,100,CC,LITETime,0.05,0.16,0.11
362,362,100,CC,LITETime,0.05,0.16,0.11
363,363,100,CC,LITETime,0.12000000000000001,0.2,0.08
364,364,100,CC,LITETime,0.16000000000000003,0.49,0.65
365,365,100,CC,LITETime,0.019999999999999962,0.39,0.41
366,366,100,CC,LITETime,0.17000000000000004,0.6,0.77
367,367,100,CC,LITETime,0.13,0.54,0.67
368,368,100,CC,LITETime,0.010000000000000009,0.32,0.33
369,369,100,CC,LITETime,0.20000000000000007,0.69,0.89
370,370,100,CC,LITETime,0.09999999999999998,0.66,0.76
371,371,100,CC,LITETime,0.06,0.33,0.27
372,372,100,CC,LITETime,0.03999999999999998,0.32,0.36
373,373,100,CC,LITETime,0.020000000000000018,0.29,0.31
374,374,100,CC,LITETime,0.04000000000000001,0.19,0.15
375,375,100,CC,LITETime,0.10999999999999999,0.25,0.14
376,376,100,CC,LITETime,0.32000000000000006,0.61,0.93
377,377,100,CC,LITETime,0.010000000000000009,0.42,0.43
378,378,100,CC,LITETime,0.010000000000000009,0.37,0.38
379,379,100,CC,LITETime,0.15000000000000002,0.57,0.72
380,380,100,CC,LITETime,0.08000000000000007,0.47,0.55
381,381,100,CC,LITETime,0.19000000000000006,0.74,0.93
382,382,100,CC,LITETime,0.21000000000000008,0.57,0.78
383,383,100,CC,LITETime,0.03999999999999998,0.43,0.47
384,384,100,CC,LITETime,0.010000000000000009,0.38,0.37
385,385,100,CC,LITETime,0.24,0.74,0.98
386,386,100,CC,LITETime,0.09999999999999998,0.61,0.71
387,387,100,CC,LITETime,0.30999999999999994,0.64,0.95
388,388,100,CC,LITETime,0.05,0.16,0.11
389,389,100,CC,LITETime,0.21999999999999997,0.63,0.85
390,390,100,CC,LITETime,0.16999999999999998,0.46,0.63
391,391,100,CC,LITETime,0.1,0.22,0.12
392,392,100,CC,LITETime,0.12999999999999995,0.45,0.58
393,393,100,CC,LITETime,0.1100000000000001,0.57,0.68
394,394,100,CC,LITETime,0.15,0.16,0.01
395,395,100,CC,LITETime,0.04999999999999999,0.4,0.45
396,396,100,CC,LITETime,0.12,0.7,0.82
397,397,100,CC,LITETime,0.02999999999999997,0.26,0.29
398,398,100,CC,LITETime,0.07,0.38,0.45
399,399,100,CC,LITETime,0.08000000000000002,0.36,0.44
400,400,100,CC,LITETime,0.030000000000000027,0.33,0.3
401,401,100,CC,LITETime,0.24,0.67,0.91
402,402,100,CC,LITETime,0.10999999999999999,0.67,0.78
403,403,100,CC,LITETime,0.09000000000000001,0.2,0.11
404,404,100,CC,LITETime,0.30999999999999994,0.68,0.99
405,405,100,CC,LITETime,0.22999999999999998,0.64,0.87
406,406,100,CC,LITETime,0.05000000000000002,0.23,0.28
407,407,100,CC,LITETime,0.20999999999999996,0.62,0.83
408,408,100,CC,LITETime,0.15,0.25,0.1
409,409,100,CC,LITETime,0.22999999999999998,0.76,0.99
410,410,100,CC,LITETime,0.15000000000000002,0.51,0.66
411,411,100,CC,LITETime,0.010000000000000009,0.64,0.65
412,412,100,CC,LITETime,0.17,0.26,0.09
413,413,100,CC,LITETime,0.19000000000000006,0.7,0.89
414,414,100,CC,LITETime,0.13,0.15,0.02
415,415,100,CC,LITETime,0.04999999999999999,0.29,0.24
416,416,100,CC,LITETime,0.07999999999999999,0.22,0.14
417,417,100,CC,LITETime,0.18000000000000005,0.59,0.77
418,418,100,CC,LITETime,0.04999999999999999,0.24,0.19
419,419,100,CC,LITETime,0.21000000000000008,0.7,0.91
420,420,100,CC,LITETime,0.16000000000000003,0.49,0.65
421,421,100,CC,LITETime,0.13,0.16,0.03
422,422,100,CC,LITETime,0.16,0.16,0.0
423,423,100,CC,LITETime,0.08,0.13,0.05
424,424,100,CC,LITETime,0.07999999999999996,0.52,0.6
425,425,100,CC,LITETime,0.26,0.54,0.8
426,426,100,CC,LITETime,0.03,0.26,0.23
427,427,100,CC,LITETime,0.16999999999999993,0.67,0.84
428,428,100,CC,LITETime,0.06,0.11,0.05
429,429,100,CC,LITETime,0.13,0.67,0.8
430,430,100,CC,LITETime,0.24,0.68,0.92
431,431,100,CC,LITETime,0.17000000000000004,0.6,0.77
432,432,100,CC,LITETime,0.15999999999999992,0.53,0.69
433,433,100,CC,LITETime,0.16999999999999993,0.66,0.83
434,434,100,CC,LITETime,0.1,0.14,0.04
435,435,100,CC,LITETime,0.009999999999999981,0.21,0.2
436,436,100,CC,LITETime,0.1,0.22,0.12
437,437,100,CC,LITETime,0.04999999999999999,0.45,0.5
438,438,100,CC,LITETime,0.20999999999999996,0.53,0.74
439,439,100,CC,LITETime,0.030000000000000027,0.6,0.63
440,440,100,CC,LITETime,0.18999999999999995,0.66,0.85
441,441,100,CC,LITETime,0.06,0.21,0.15
442,442,100,CC,LITETime,0.16000000000000003,0.57,0.73
443,443,100,CC,LITETime,0.04000000000000001,0.23,0.19
444,444,100,CC,LITETime,0.06,0.33,0.27
445,445,100,CC,LITETime,0.18999999999999995,0.51,0.7
446,446,100,CC,LITETime,0.28,0.7,0.98
447,447,100,CC,LITETime,0.14,0.47,0.61
448,448,100,CC,LITETime,0.06999999999999999,0.12,0.05
449,449,100,CC,LITETime,0.06999999999999995,0.54,0.61
450,450,100,CC,LITETime,0.16,0.2,0.04
451,451,100,CC,LITETime,0.20999999999999996,0.67,0.88
452,452,100,CC,LITETime,0.27999999999999997,0.42,0.7
453,453,100,CC,LITETime,0.009999999999999981,0.18,0.17
454,454,100,CC,LITETime,0.08000000000000002,0.17,0.09
455,455,100,CC,LITETime,0.07,0.25,0.18
456,456,100,CC,LITETime,0.17999999999999994,0.8,0.98
457,457,100,CC,LITETime,0.09000000000000002,0.36,0.45
458,458,100,CC,LITETime,0.21000000000000008,0.57,0.78
459,459,100,CC,LITETime,0.09999999999999998,0.53,0.63
460,460,100,CC,LITETime,0.09999999999999998,0.47,0.57
461,461,100,CC,LITETime,0.13,0.27,0.14
462,462,100,CC,LITETime,0.2699999999999999,0.67,0.94
463,463,100,CC,LITETime,0.010000000000000009,0.31,0.3
464,464,100,CC,LITETime,0.09999999999999998,0.47,0.57
465,465,100,CC,LITETime,0.009999999999999898,0.68,0.69
466,466,100,CC,LITETime,0.07999999999999996,0.56,0.64
467,467,100,CC,LITETime,0.24,0.7,0.94
468,468,100,CC,LITETime,0.04999999999999999,0.19,0.14
469,469,100,CC,LITETime,0.0,0.5,0.5
470,470,100,CC,LITETime,0.06,0.34,0.4
471,471,100,CC,LITETime,0.010000000000000009,0.48,0.47
472,472,100,CC,LITETime,0.06000000000000001,0.17,0.11
473,473,100,CC,LITETime,0.12,0.25,0.13
474,474,100,CC,LITETime,0.03999999999999998,0.31,0.27
475,475,100,CC,LITETime,0.010000000000000009,0.29,0.3
476,476,100,CC,LITETime,0.019999999999999962,0.4,0.42
477,477,100,CC,LITETime,0.10999999999999999,0.5,0.61
478,478,100,CC,LITETime,0.07999999999999996,0.55,0.63
479,479,100,CC,LITETime,0.04999999999999999,0.36,0.41
480,480,100,CC,LITETime,0.020000000000000018,0.38,0.4
481,481,100,CC,LITETime,0.03,0.24,0.21
482,482,100,CC,LITETime,0.05999999999999994,0.52,0.58
483,483,100,CC,LITETime,0.010000000000000009,0.3,0.31
484,484,100,CC,LITETime,0.08,0.11,0.03
485,485,100,CC,LITETime,0.010000000000000009,0.42,0.41
486,486,100,CC,LITETime,0.009999999999999953,0.46,0.47
487,487,100,CC,LITETime,0.1,0.32,0.22
488,488,100,CC,LITETime,0.06999999999999995,0.5,0.57
489,489,100,CC,LITETime,0.08000000000000007,0.48,0.56
490,490,100,CC,LITETime,0.1399999999999999,0.56,0.7
491,491,100,CC,LITETime,0.13,0.51,0.64
492,492,100,CC,LITETime,0.09999999999999998,0.55,0.65
493,493,100,CC,LITETime,0.030000000000000027,0.34,0.31
494,494,100,CC,LITETime,0.08000000000000007,0.7,0.78
495,495,100,CC,LITETime,0.10000000000000003,0.44,0.54
496,496,100,CC,LITETime,0.020000000000000018,0.41,0.43
497,497,100,CC,LITETime,0.18,0.44,0.62
498,498,100,CC,LITETime,0.040000000000000036,0.4,0.36
499,499,100,CC,LITETime,0.04999999999999999,0.46,0.51
500,500,100,CC,LITETime,0.16000000000000003,0.57,0.73
501,501,100,CC,LITETime,0.27,0.61,0.88
502,502,100,CC,LITETime,0.21000000000000008,0.71,0.92
503,503,100,CC,LITETime,0.03999999999999998,0.46,0.5
504,504,100,CC,LITETime,0.09000000000000002,0.43,0.52
505,505,100,CC,LITETime,0.20000000000000007,0.59,0.79
506,506,100,CC,LITETime,0.010000000000000009,0.3,0.31
507,507,100,CC,LITETime,0.20999999999999996,0.62,0.83
508,508,100,CC,LITETime,0.07,0.42,0.49
509,509,100,CC,LITETime,0.13,0.24,0.11
510,510,100,CC,LITETime,0.09,0.16,0.07
511,511,100,CC,LITETime,0.18999999999999995,0.65,0.84
512,512,100,CC,LITETime,0.13,0.18,0.05
513,513,100,CC,LITETime,0.04999999999999999,0.33,0.28
514,514,100,CC,LITETime,0.020000000000000018,0.31,0.33
515,515,100,CC,LITETime,0.03999999999999998,0.21,0.17
516,516,100,CC,LITETime,0.07,0.38,0.31
517,517,100,CC,LITETime,0.08999999999999997,0.65,0.74
518,518,100,CC,LITETime,0.1,0.11,0.01
519,519,100,CC,LITETime,0.16999999999999993,0.65,0.82
520,520,100,CC,LITETime,0.24,0.61,0.85
521,521,100,CC,LITETime,0.07,0.44,0.37
522,522,100,CC,LITETime,0.07,0.22,0.15
523,523,100,CC,LITETime,0.039999999999999925,0.56,0.6
524,524,100,CC,LITETime,0.09000000000000001,0.2,0.11
525,525,100,CC,LITETime,0.03999999999999998,0.32,0.36
526,526,100,CC,LITETime,0.25,0.7,0.95
527,527,100,CC,LITETime,0.22999999999999998,0.76,0.99
528,528,100,CC,LITETime,0.19000000000000006,0.58,0.77
529,529,100,CC,LITETime,0.030000000000000027,0.34,0.31
530,530,100,CC,LITETime,0.14,0.54,0.68
531,531,100,CC,LITETime,0.12,0.58,0.7
532,532,100,CC,LITETime,0.04999999999999999,0.33,0.38
533,533,100,CC,LITETime,0.07999999999999996,0.56,0.64
534,534,100,CC,LITETime,0.13,0.14,0.01
535,535,100,CC,LITETime,0.03,0.23,0.2
536,536,100,CC,LITETime,0.020000000000000018,0.5,0.52
537,537,100,CC,LITETime,0.010000000000000009,0.15,0.16
538,538,100,CC,LITETime,0.11000000000000001,0.27,0.16
539,539,100,CC,LITETime,0.21999999999999997,0.61,0.83
540,540,100,CC,LITETime,0.31999999999999995,0.66,0.98
541,541,100,CC,LITETime,0.07000000000000006,0.48,0.55
542,542,100,CC,LITETime,0.17999999999999994,0.65,0.83
543,543,100,CC,LITETime,0.24,0.75,0.99
544,544,100,CC,LITETime,0.07999999999999999,0.22,0.14
545,545,100,CC,LITETime,0.030000000000000027,0.41,0.44
546,546,100,CC,LITETime,0.010000000000000009,0.38,0.39
547,547,100,CC,LITETime,0.09000000000000001,0.17,0.08
548,548,100,CC,LITETime,0.14,0.61,0.75
549,549,100,CC,LITETime,0.020000000000000018,0.41,0.43
550,550,100,CC,LITETime,0.06,0.4,0.46
551,551,100,CC,LITETime,0.09,0.24,0.15
552,552,100,CC,LITETime,0.03999999999999998,0.14,0.18
553,553,100,CC,LITETime,0.25,0.65,0.9
554,554,100,CC,LITETime,0.10999999999999999,0.15,0.04
555,555,100,CC,LITETime,0.07999999999999999,0.31,0.23
556,556,100,CC,LITETime,0.020000000000000018,0.31,0.29
557,557,100,CC,LITETime,0.12,0.37,0.49
558,558,100,CC,LITETime,0.08999999999999997,0.49,0.58
559,559,100,CC,LITETime,0.08000000000000002,0.41,0.49
560,560,100,CC,LITETime,0.08,0.16,0.08
561,561,100,CC,LITETime,0.040000000000000036,0.28,0.24
562,562,100,CC,LITETime,0.17999999999999994,0.66,0.84
563,563,100,CC,LITETime,0.09999999999999998,0.53,0.63
564,564,100,CC,LITETime,0.18,0.46,0.64
565,565,100,CC,LITETime,0.050000000000000044,0.62,0.67
566,566,100,CC,LITETime,0.14,0.62,0.76
567,567,100,CC,LITETime,0.09000000000000001,0.14,0.05
568,568,100,CC,LITETime,0.010000000000000009,0.35,0.36
569,569,100,CC,LITETime,0.0,0.53,0.53
570,570,100,CC,LITETime,0.06,0.39,0.33
571,571,100,CC,LITETime,0.13,0.71,0.84
572,572,100,CC,LITETime,0.10999999999999999,0.37,0.48
573,573,100,CC,LITETime,0.15000000000000002,0.61,0.76
574,574,100,CC,LITETime,0.19999999999999996,0.65,0.85
575,575,100,CC,LITETime,0.06,0.44,0.5
576,576,100,CC,LITETime,0.17000000000000004,0.73,0.9
577,577,100,CC,LITETime,0.029999999999999916,0.55,0.58
578,578,100,CC,LITETime,0.16999999999999993,0.68,0.85
579,579,100,CC,LITETime,0.07,0.27,0.34
580,580,100,CC,LITETime,0.14,0.35,0.49
581,581,100,CC,LITETime,0.08000000000000002,0.45,0.53
582,582,100,CC,LITETime,0.12,0.22,0.1
583,583,100,CC,LITETime,0.040000000000000036,0.35,0.39
584,584,100,CC,LITETime,0.25,0.66,0.91
585,585,100,CC,LITETime,0.09999999999999998,0.53,0.63
586,586,100,CC,LITETime,0.009999999999999981,0.18,0.17
587,587,100,CC,LITETime,0.010000000000000009,0.32,0.33
588,588,100,CC,LITETime,0.07,0.26,0.19
589,589,100,CC,LITETime,0.17,0.19,0.02
590,590,100,CC,LITETime,0.21000000000000008,0.71,0.92
591,591,100,CC,LITETime,0.03999999999999998,0.4,0.44
592,592,100,CC,LITETime,0.06,0.36,0.3
593,593,100,CC,LITETime,0.10999999999999999,0.48,0.59
594,594,100,CC,LITETime,0.17,0.17,0.0
595,595,100,CC,LITETime,0.019999999999999962,0.29,0.27
596,596,100,CC,LITETime,0.17999999999999994,0.52,0.7
597,597,100,CC,LITETime,0.010000000000000009,0.62,0.63
598,598,100,CC,LITETime,0.28,0.7,0.98
599,599,100,CC,LITETime,0.12,0.5,0.62
600,600,100,CC,LITETime,0.03999999999999998,0.43,0.47
601,601,100,CC,LITETime,0.13,0.63,0.76
602,602,100,CC,LITETime,0.29000000000000004,0.61,0.9
603,603,100,CC,LITETime,0.12,0.6,0.72
604,604,100,CC,LITETime,0.1499999999999999,0.81,0.96
605,605,100,CC,LITETime,0.17000000000000004,0.61,0.78
606,606,100,CC,LITETime,0.20999999999999996,0.65,0.86
607,607,100,CC,LITETime,0.08,0.19,0.11
608,608,100,CC,LITETime,0.09999999999999998,0.63,0.73
609,609,100,CC,LITETime,0.010000000000000009,0.43,0.44
610,610,100,CC,LITETime,0.08000000000000007,0.47,0.55
611,611,100,CC,LITETime,0.10999999999999999,0.54,0.65
612,612,100,CC,LITETime,0.25,0.71,0.96
613,613,100,CC,LITETime,0.20999999999999996,0.77,0.98
614,614,100,CC,LITETime,0.019999999999999962,0.3,0.28
615,615,100,CC,LITETime,0.13,0.6,0.73
616,616,100,CC,LITETime,0.15000000000000002,0.59,0.74
617,617,100,CC,LITETime,0.030000000000000027,0.31,0.34
618,618,100,CC,LITETime,0.03,0.15,0.12
619,619,100,CC,LITETime,0.07,0.11,0.04
620,620,100,CC,LITETime,0.06000000000000005,0.71,0.77
621,621,100,CC,LITETime,0.07999999999999996,0.4,0.48
622,622,100,CC,LITETime,0.25,0.73,0.98
623,623,100,CC,LITETime,0.02999999999999997,0.49,0.46
624,624,100,CC,LITETime,0.25,0.72,0.97
625,625,100,CC,LITETime,0.009999999999999953,0.4,0.41
626,626,100,CC,LITETime,0.13,0.66,0.79
627,627,100,CC,LITETime,0.13,0.21,0.08
628,628,100,CC,LITETime,0.15000000000000002,0.4,0.55
629,629,100,CC,LITETime,0.13,0.67,0.8
630,630,100,CC,LITETime,0.19000000000000006,0.73,0.92
631,631,100,CC,LITETime,0.16999999999999993,0.65,0.82
632,632,100,CC,LITETime,0.18,0.21,0.03
633,633,100,CC,LITETime,0.03999999999999998,0.33,0.37
634,634,100,CC,LITETime,0.12,0.16,0.04
635,635,100,CC,LITETime,0.1,0.2,0.1
636,636,100,CC,LITETime,0.09000000000000008,0.58,0.67
637,637,100,CC,LITETime,0.16999999999999993,0.54,0.71
638,638,100,CC,LITETime,0.15000000000000002,0.62,0.77
639,639,100,CC,LITETime,0.16000000000000003,0.7,0.86
640,640,100,CC,LITETime,0.08999999999999997,0.64,0.73
641,641,100,CC,LITETime,0.1100000000000001,0.69,0.8
642,642,100,CC,LITETime,0.09,0.13,0.04
643,643,100,CC,LITETime,0.09,0.32,0.23
644,644,100,CC,LITETime,0.09999999999999998,0.52,0.62
645,645,100,CC,LITETime,0.15000000000000002,0.7,0.85
646,646,100,CC,LITETime,0.13,0.13,0.0
647,647,100,CC,LITETime,0.08000000000000002,0.43,0.51
648,648,100,CC,LITETime,0.14,0.53,0.67
649,649,100,CC,LITETime,0.18000000000000002,0.2,0.02
650,650,100,CC,LITETime,0.07,0.33,0.4
651,651,100,CC,LITETime,0.28,0.61,0.89
652,652,100,CC,LITETime,0.15000000000000002,0.52,0.67
653,653,100,CC,LITETime,0.11000000000000001,0.34,0.23
654,654,100,CC,LITETime,0.08999999999999997,0.76,0.85
655,655,100,CC,LITETime,0.07,0.27,0.34
656,656,100,CC,LITETime,0.28,0.57,0.85
657,657,100,CC,LITETime,0.009999999999999953,0.28,0.29
658,658,100,CC,LITETime,0.10999999999999999,0.48,0.59
659,659,100,CC,LITETime,0.08000000000000002,0.31,0.39
660,660,100,CC,LITETime,0.03999999999999998,0.31,0.27
661,661,100,CC,LITETime,0.17000000000000004,0.71,0.88
662,662,100,CC,LITETime,0.07,0.25,0.18
663,663,100,CC,LITETime,0.08,0.16,0.08
664,664,100,CC,LITETime,0.06,0.28,0.34
665,665,100,CC,LITETime,0.15999999999999992,0.55,0.71
666,666,100,CC,LITETime,0.17000000000000004,0.63,0.8
667,667,100,CC,LITETime,0.17999999999999994,0.81,0.99
668,668,100,CC,LITETime,0.020000000000000018,0.31,0.29
669,669,100,CC,LITETime,0.06,0.34,0.4
670,670,100,CC,LITETime,0.07999999999999999,0.21,0.13
671,671,100,CC,LITETime,0.13999999999999996,0.43,0.57
672,672,100,CC,LITETime,0.26,0.73,0.99
673,673,100,CC,LITETime,0.07999999999999996,0.62,0.7
674,674,100,CC,LITETime,0.08999999999999997,0.5,0.59
675,675,100,CC,LITETime,0.0,0.39,0.39
676,676,100,CC,LITETime,0.28,0.63,0.91
677,677,100,CC,LITETime,0.07,0.42,0.49
678,678,100,CC,LITETime,0.07,0.2,0.13
679,679,100,CC,LITETime,0.04999999999999999,0.31,0.36
680,680,100,CC,LITETime,0.08000000000000002,0.14,0.06
681,681,100,CC,LITETime,0.03999999999999998,0.24,0.2
682,682,100,CC,LITETime,0.12000000000000001,0.13,0.01
683,683,100,CC,LITETime,0.010000000000000009,0.44,0.45
684,684,100,CC,LITETime,0.18,0.45,0.63
685,685,100,CC,LITETime,0.020000000000000018,0.32,0.34
686,686,100,CC,LITETime,0.02999999999999997,0.39,0.42
687,687,100,CC,LITETime,0.21999999999999997,0.73,0.95
688,688,100,CC,LITETime,0.20999999999999996,0.54,0.75
689,689,100,CC,LITETime,0.06000000000000005,0.48,0.54
690,690,100,CC,LITETime,0.010000000000000009,0.27,0.28
691,691,100,CC,LITETime,0.20000000000000007,0.69,0.89
692,692,100,CC,LITETime,0.07999999999999999,0.31,0.23
693,693,100,CC,LITETime,0.07,0.39,0.32
694,694,100,CC,LITETime,0.18000000000000005,0.72,0.9
695,695,100,CC,LITETime,0.10000000000000003,0.42,0.52
696,696,100,CC,LITETime,0.13,0.61,0.74
697,697,100,CC,LITETime,0.04999999999999993,0.54,0.59
698,698,100,CC,LITETime,0.15000000000000002,0.5,0.65
699,699,100,CC,LITETime,0.0,0.29,0.29
700,700,100,CC,LITETime,0.06,0.3,0.24
701,701,100,CC,LITETime,0.0,0.32,0.32
702,702,100,CC,LITETime,0.12000000000000002,0.27,0.15
703,703,100,CC,LITETime,0.27,0.6,0.87
704,704,100,CC,LITETime,0.009999999999999953,0.29,0.28
705,705,100,CC,LITETime,0.08000000000000007,0.48,0.56
706,706,100,CC,LITETime,0.08000000000000007,0.71,0.79
707,707,100,CC,LITETime,0.09999999999999998,0.68,0.78
708,708,100,CC,LITETime,0.010000000000000009,0.44,0.43
709,709,100,CC,LITETime,0.06999999999999995,0.4,0.47
710,710,100,CC,LITETime,0.16000000000000003,0.83,0.99
711,711,100,CC,LITETime,0.13,0.54,0.67
712,712,100,CC,LITETime,0.22000000000000008,0.59,0.81
713,713,100,CC,LITETime,0.20000000000000007,0.7,0.9
714,714,100,CC,LITETime,0.15000000000000002,0.63,0.78
715,715,100,CC,LITETime,0.020000000000000018,0.2,0.18
716,716,100,CC,LITETime,0.18000000000000005,0.38,0.56
717,717,100,CC,LITETime,0.10999999999999999,0.21,0.1
718,718,100,CC,LITETime,0.2,0.45,0.65
719,719,100,CC,LITETime,0.25,0.7,0.95
720,720,100,CC,LITETime,0.10000000000000003,0.41,0.51
721,721,100,CC,LITETime,0.010000000000000009,0.42,0.43
722,722,100,CC,LITETime,0.08,0.11,0.03
723,723,100,CC,LITETime,0.22999999999999998,0.72,0.95
724,724,100,CC,LITETime,0.04999999999999999,0.15,0.1
725,725,100,CC,LITETime,0.12,0.16,0.04
726,726,100,CC,LITETime,0.12,0.36,0.24
727,727,100,CC,LITETime,0.08000000000000002,0.14,0.06
728,728,100,CC,LITETime,0.12,0.33,0.45
729,729,100,CC,LITETime,0.06,0.45,0.51
730,730,100,CC,LITETime,0.010000000000000009,0.3,0.31
731,731,100,CC,LITETime,0.12000000000000001,0.17,0.05
732,732,100,CC,LITETime,0.020000000000000004,0.13,0.11
733,733,100,CC,LITETime,0.04999999999999999,0.33,0.38
734,734,100,CC,LITETime,0.09,0.15,0.06
735,735,100,CC,LITETime,0.1399999999999999,0.55,0.69
736,736,100,CC,LITETime,0.06,0.26,0.2
737,737,100,CC,LITETime,0.030000000000000027,0.33,0.3
738,738,100,CC,LITETime,0.019999999999999962,0.41,0.39
739,739,100,CC,LITETime,0.03999999999999998,0.37,0.41
740,740,100,CC,LITETime,0.07,0.07,0.0
741,741,100,CC,LITETime,0.08,0.19,0.11
742,742,100,CC,LITETime,0.21999999999999997,0.64,0.86
743,743,100,CC,LITETime,0.14,0.14,0.0
744,744,100,CC,LITETime,0.08000000000000002,0.42,0.5
745,745,100,CC,LITETime,0.08999999999999997,0.39,0.48
746,746,100,CC,LITETime,0.030000000000000027,0.3,0.33
747,747,100,CC,LITETime,0.06,0.37,0.43
748,748,100,CC,LITETime,0.13,0.65,0.78
749,749,100,CC,LITETime,0.13,0.71,0.84
750,750,100,CC,LITETime,0.05000000000000002,0.21,0.26
751,751,100,CC,LITETime,0.07,0.39,0.32
752,752,100,CC,LITETime,0.040000000000000036,0.28,0.24
753,753,100,CC,LITETime,0.09999999999999998,0.37,0.47
754,754,100,CC,LITETime,0.06000000000000005,0.62,0.68
755,755,100,CC,LITETime,0.01999999999999999,0.2,0.22
756,756,100,CC,LITETime,0.010000000000000009,0.32,0.33
757,757,100,CC,LITETime,0.25,0.68,0.93
758,758,100,CC,LITETime,0.15,0.19,0.04
759,759,100,CC,LITETime,0.08000000000000002,0.38,0.46
760,760,100,CC,LITETime,0.16999999999999993,0.54,0.71
761,761,100,CC,LITETime,0.11000000000000001,0.26,0.15
762,762,100,CC,LITETime,0.09,0.13,0.04
763,763,100,CC,LITETime,0.09,0.22,0.13
764,764,100,CC,LITETime,0.22000000000000008,0.69,0.91
765,765,100,CC,LITETime,0.12,0.12,0.0
766,766,100,CC,LITETime,0.10000000000000003,0.28,0.18
767,767,100,CC,LITETime,0.15,0.18,0.03
768,768,100,CC,LITETime,0.05,0.16,0.11
769,769,100,CC,LITETime,0.15000000000000002,0.47,0.62
770,770,100,CC,LITETime,0.010000000000000009,0.25,0.24
771,771,100,CC,LITETime,0.15000000000000008,0.41,0.56
772,772,100,CC,LITETime,0.09999999999999998,0.49,0.59
773,773,100,CC,LITETime,0.17999999999999994,0.66,0.84
774,774,100,CC,LITETime,0.06,0.06,0.0
775,775,100,CC,LITETime,0.13,0.72,0.85
776,776,100,CC,LITETime,0.08999999999999997,0.52,0.61
777,777,100,CC,LITETime,0.04000000000000001,0.2,0.16
778,778,100,CC,LITETime,0.17000000000000004,0.6,0.77
779,779,100,CC,LITETime,0.19999999999999996,0.65,0.85
780,780,100,CC,LITETime,0.030000000000000027,0.28,0.25
781,781,100,CC,LITETime,0.24,0.67,0.91
782,782,100,CC,LITETime,0.08000000000000002,0.37,0.45
783,783,100,CC,LITETime,0.12,0.48,0.6
784,784,100,CC,LITETime,0.19999999999999996,0.78,0.98
785,785,100,CC,LITETime,0.030000000000000027,0.39,0.36
786,786,100,CC,LITETime,0.14,0.67,0.81
787,787,100,CC,LITETime,0.03999999999999998,0.27,0.31
788,788,100,CC,LITETime,0.20000000000000007,0.59,0.79
789,789,100,CC,LITETime,0.13999999999999996,0.46,0.6
790,790,100,CC,LITETime,0.01999999999999999,0.19,0.21
791,791,100,CC,LITETime,0.0,0.41,0.41
792,792,100,CC,LITETime,0.010000000000000009,0.3,0.31
793,793,100,CC,LITETime,0.13,0.2,0.07
794,794,100,CC,LITETime,0.09,0.11,0.02
795,795,100,CC,LITETime,0.06,0.28,0.34
796,796,100,CC,LITETime,0.1,0.11,0.01
797,797,100,CC,LITETime,0.12000000000000002,0.28,0.16
798,798,100,CC,LITETime,0.18999999999999995,0.53,0.72
799,799,100,CC,LITETime,0.1399999999999999,0.56,0.7
800,800,100,CC,LITETime,0.13,0.6,0.73
801,801,100,CC,LITETime,0.020000000000000018,0.33,0.31
802,802,100,CC,LITETime,0.14,0.75,0.89
803,803,100,CC,LITETime,0.08999999999999997,0.5,0.59
804,804,100,CC,LITETime,0.09,0.21,0.12
805,805,100,CC,LITETime,0.04999999999999999,0.19,0.14
806,806,100,CC,LITETime,0.09999999999999998,0.59,0.69
807,807,100,CC,LITETime,0.11000000000000001,0.28,0.17
808,808,100,CC,LITETime,0.030000000000000027,0.47,0.5
809,809,100,CC,LITETime,0.20999999999999996,0.78,0.99
810,810,100,CC,LITETime,0.14,0.14,0.0
811,811,100,CC,LITETime,0.08,0.09,0.01
812,812,100,CC,LITETime,0.26,0.73,0.99
813,813,100,CC,LITETime,0.06999999999999995,0.51,0.58
814,814,100,CC,LITETime,0.05000000000000002,0.17,0.12
815,815,100,CC,LITETime,0.19000000000000006,0.7,0.89
816,816,100,CC,LITETime,0.24,0.64,0.88
817,817,100,CC,LITETime,0.050000000000000044,0.48,0.53
818,818,100,CC,LITETime,0.07999999999999996,0.54,0.62
819,819,100,CC,LITETime,0.06,0.33,0.27
820,820,100,CC,LITETime,0.13,0.18,0.05
821,821,100,CC,LITETime,0.09999999999999998,0.49,0.59
822,822,100,CC,LITETime,0.040000000000000036,0.33,0.29
823,823,100,CC,LITETime,0.18000000000000005,0.48,0.66
824,824,100,CC,LITETime,0.21999999999999997,0.61,0.83
825,825,100,CC,LITETime,0.13999999999999999,0.15,0.01
826,826,100,CC,LITETime,0.05999999999999994,0.53,0.59
827,827,100,CC,LITETime,0.04000000000000001,0.27,0.23
828,828,100,CC,LITETime,0.20999999999999996,0.66,0.87
829,829,100,CC,LITETime,0.09999999999999998,0.35,0.25
830,830,100,CC,LITETime,0.13,0.48,0.61
831,831,100,CC,LITETime,0.10000000000000003,0.45,0.55
832,832,100,CC,LITETime,0.010000000000000009,0.4,0.39
833,833,100,CC,LITETime,0.20000000000000007,0.47,0.67
834,834,100,CC,LITETime,0.12,0.6,0.72
835,835,100,CC,LITETime,0.050000000000000044,0.51,0.56
836,836,100,CC,LITETime,0.17000000000000004,0.58,0.75
837,837,100,CC,LITETime,0.20999999999999996,0.77,0.98
838,838,100,CC,LITETime,0.10999999999999999,0.3,0.41
839,839,100,CC,LITETime,0.04999999999999999,0.46,0.51
840,840,100,CC,LITETime,0.16,0.17,0.01
841,841,100,CC,LITETime,0.21000000000000008,0.58,0.79
842,842,100,CC,LITETime,0.07,0.45,0.52
843,843,100,CC,LITETime,0.0,0.4,0.4
844,844,100,CC,LITETime,0.11000000000000001,0.2,0.09
845,845,100,CC,LITETime,0.10999999999999999,0.77,0.88
846,846,100,CC,LITETime,0.019999999999999962,0.41,0.39
847,847,100,CC,LITETime,0.12,0.56,0.68
848,848,100,CC,LITETime,0.10999999999999999,0.25,0.14
849,849,100,CC,LITETime,0.21999999999999997,0.74,0.96
850,850,100,CC,LITETime,0.1,0.27,0.17
851,851,100,CC,LITETime,0.010000000000000009,0.2,0.19
852,852,100,CC,LITETime,0.16000000000000003,0.69,0.85
853,853,100,CC,LITETime,0.26,0.65,0.91
854,854,100,CC,LITETime,0.04000000000000001,0.25,0.21
855,855,100,CC,LITETime,0.07,0.39,0.46
856,856,100,CC,LITETime,0.08999999999999997,0.64,0.73
857,857,100,CC,LITETime,0.18999999999999995,0.68,0.87
858,858,100,CC,LITETime,0.030000000000000027,0.4,0.37
859,859,100,CC,LITETime,0.040000000000000036,0.47,0.51
860,860,100,CC,LITETime,0.15000000000000002,0.59,0.74
861,861,100,CC,LITETime,0.10999999999999999,0.62,0.73
862,862,100,CC,LITETime,0.16000000000000003,0.62,0.78
863,863,100,CC,LITETime,0.040000000000000036,0.52,0.56
864,864,100,CC,LITETime,0.03,0.13,0.1
865,865,100,CC,LITETime,0.30000000000000004,0.6,0.9
866,866,100,CC,LITETime,0.12,0.74,0.86
867,867,100,CC,LITETime,0.17000000000000004,0.62,0.79
868,868,100,CC,LITETime,0.05000000000000002,0.14,0.09
869,869,100,CC,LITETime,0.03999999999999998,0.24,0.2
870,870,100,CC,LITETime,0.19999999999999996,0.54,0.74
871,871,100,CC,LITETime,0.14,0.16,0.02
872,872,100,CC,LITETime,0.17999999999999994,0.79,0.97
873,873,100,CC,LITETime,0.020000000000000018,0.39,0.37
874,874,100,CC,LITETime,0.14,0.57,0.71
875,875,100,CC,LITETime,0.20999999999999996,0.67,0.88
876,876,100,CC,LITETime,0.02999999999999997,0.42,0.39
877,877,100,CC,LITETime,0.010000000000000009,0.32,0.31
878,878,100,CC,LITETime,0.10999999999999999,0.49,0.6
879,879,100,CC,LITETime,0.11999999999999994,0.46,0.58
880,880,100,CC,LITETime,0.010000000000000009,0.39,0.4
881,881,100,CC,LITETime,0.13999999999999996,0.46,0.6
882,882,100,CC,LITETime,0.30000000000000004,0.63,0.93
883,883,100,CC,LITETime,0.020000000000000018,0.44,0.46
884,884,100,CC,LITETime,0.03,0.22,0.19
885,885,100,CC,LITETime,0.0,0.37,0.37
886,886,100,CC,LITETime,0.09999999999999998,0.49,0.39
887,887,100,CC,LITETime,0.07,0.2,0.13
888,888,100,CC,LITETime,0.12000000000000002,0.28,0.16
889,889,100,CC,LITETime,0.10000000000000009,0.58,0.68
890,890,100,CC,LITETime,0.019999999999999962,0.35,0.33
891,891,100,CC,LITETime,0.22999999999999998,0.72,0.95
892,892,100,CC,LITETime,0.009999999999999981,0.23,0.24
893,893,100,CC,LITETime,0.13,0.22,0.09
894,894,100,CC,LITETime,0.12,0.63,0.75
895,895,100,CC,LITETime,0.30000000000000004,0.58,0.88
896,896,100,CC,LITETime,0.020000000000000018,0.25,0.27
897,897,100,CC,LITETime,0.03999999999999998,0.24,0.2
898,898,100,CC,LITETime,0.04000000000000001,0.22,0.18
899,899,100,CC,LITETime,0.11000000000000004,0.41,0.52
900,900,100,CC,LITETime,0.030000000000000027,0.43,0.46
901,901,100,CC,LITETime,0.04999999999999999,0.2,0.25
902,902,100,CC,LITETime,0.09,0.13,0.04
903,903,100,CC,LITETime,0.019999999999999962,0.46,0.48
904,904,100,CC,LITETime,0.18999999999999995,0.76,0.95
905,905,100,CC,LITETime,0.08000000000000007,0.57,0.65
906,906,100,CC,LITETime,0.08999999999999997,0.4,0.49
907,907,100,CC,LITETime,0.05,0.16,0.11
908,908,100,CC,LITETime,0.03999999999999998,0.29,0.25
909,909,100,CC,LITETime,0.009999999999999953,0.28,0.29
910,910,100,CC,LITETime,0.15000000000000002,0.61,0.76
911,911,100,CC,LITETime,0.18999999999999995,0.68,0.87
912,912,100,CC,LITETime,0.26,0.64,0.9
913,913,100,CC,LITETime,0.26,0.72,0.98
914,914,100,CC,LITETime,0.22999999999999998,0.75,0.98
915,915,100,CC,LITETime,0.2699999999999999,0.68,0.95
916,916,100,CC,LITETime,0.13,0.2,0.07
917,917,100,CC,LITETime,0.12,0.25,0.13
918,918,100,CC,LITETime,0.02999999999999997,0.27,0.3
919,919,100,CC,LITETime,0.040000000000000036,0.51,0.55
920,920,100,CC,LITETime,0.07,0.16,0.09
921,921,100,CC,LITETime,0.13,0.71,0.84
922,922,100,CC,LITETime,0.07999999999999996,0.53,0.61
923,923,100,CC,LITETime,0.030000000000000027,0.51,0.54
924,924,100,CC,LITETime,0.04999999999999999,0.21,0.16
925,925,100,CC,LITETime,0.08000000000000002,0.33,0.25
926,926,100,CC,LITETime,0.07,0.23,0.16
927,927,100,CC,LITETime,0.16000000000000003,0.69,0.85
928,928,100,CC,LITETime,0.10999999999999999,0.47,0.58
929,929,100,CC,LITETime,0.10999999999999999,0.62,0.73
930,930,100,CC,LITETime,0.0,0.29,0.29
931,931,100,CC,LITETime,0.03999999999999998,0.33,0.37
932,932,100,CC,LITETime,0.009999999999999953,0.41,0.4
933,933,100,CC,LITETime,0.14,0.62,0.76
934,934,100,CC,LITETime,0.16000000000000003,0.61,0.77
935,935,100,CC,LITETime,0.009999999999999981,0.21,0.2
936,936,100,CC,LITETime,0.2799999999999999,0.66,0.94
937,937,100,CC,LITETime,0.13,0.25,0.12
938,938,100,CC,LITETime,0.22999999999999998,0.66,0.89
939,939,100,CC,LITETime,0.07,0.17,0.1
940,940,100,CC,LITETime,0.010000000000000009,0.27,0.26
941,941,100,CC,LITETime,0.18999999999999995,0.65,0.84
942,942,100,CC,LITETime,0.01999999999999999,0.19,0.17
943,943,100,CC,LITETime,0.02999999999999997,0.38,0.41
944,944,100,CC,LITETime,0.020000000000000018,0.42,0.44
945,945,100,CC,LITETime,0.03,0.21,0.24
946,946,100,CC,LITETime,0.17999999999999994,0.53,0.71
947,947,100,CC,LITETime,0.27,0.58,0.85
948,948,100,CC,LITETime,0.18999999999999995,0.68,0.87
949,949,100,CC,LITETime,0.020000000000000018,0.31,0.33
950,950,100,CC,LITETime,0.020000000000000018,0.51,0.53
951,951,100,CC,LITETime,0.020000000000000018,0.26,0.24
952,952,100,CC,LITETime,0.04999999999999999,0.29,0.24
953,953,100,CC,LITETime,0.01999999999999999,0.18,0.16
954,954,100,CC,LITETime,0.22999999999999998,0.71,0.94
955,955,100,CC,LITETime,0.19999999999999996,0.68,0.88
956,956,100,CC,LITETime,0.15000000000000002,0.62,0.77
957,957,100,CC,LITETime,0.020000000000000018,0.49,0.51
958,958,100,CC,LITETime,0.10999999999999999,0.38,0.49
959,959,100,CC,LITETime,0.040000000000000036,0.48,0.52
960,960,100,CC,LITETime,0.08000000000000002,0.45,0.53
961,961,100,CC,LITETime,0.06,0.37,0.43
962,962,100,CC,LITETime,0.04999999999999999,0.18,0.13
963,963,100,CC,LITETime,0.1,0.22,0.12
964,964,100,CC,LITETime,0.32999999999999996,0.62,0.95
965,965,100,CC,LITETime,0.03999999999999998,0.44,0.48
966,966,100,CC,LITETime,0.29999999999999993,0.65,0.95
967,967,100,CC,LITETime,0.07999999999999999,0.24,0.16
968,968,100,CC,LITETime,0.06000000000000005,0.49,0.55
969,969,100,CC,LITETime,0.01999999999999999,0.22,0.2
970,970,100,CC,LITETime,0.020000000000000018,0.27,0.25
971,971,100,CC,LITETime,0.14,0.17,0.03
972,972,100,CC,LITETime,0.06999999999999999,0.18,0.11
973,973,100,CC,LITETime,0.24,0.67,0.91
974,974,100,CC,LITETime,0.03999999999999998,0.28,0.32
975,975,100,CC,LITETime,0.04999999999999993,0.55,0.6
976,976,100,CC,LITETime,0.050000000000000044,0.41,0.46
977,977,100,CC,LITETime,0.03999999999999998,0.44,0.4
978,978,100,CC,LITETime,0.08000000000000002,0.45,0.53
979,979,100,CC,LITETime,0.16000000000000003,0.34,0.18
980,980,100,CC,LITETime,0.24,0.74,0.98
981,981,100,CC,LITETime,0.13,0.68,0.81
982,982,100,CC,LITETime,0.14,0.6,0.74
983,983,100,CC,LITETime,0.030000000000000027,0.43,0.46
984,984,100,CC,LITETime,0.03,0.18,0.15
985,985,100,CC,LITETime,0.15000000000000002,0.77,0.92
986,986,100,CC,LITETime,0.020000000000000018,0.32,0.34
987,987,100,CC,LITETime,0.12000000000000001,0.17,0.05
988,988,100,CC,LITETime,0.07,0.27,0.34
989,989,100,CC,LITETime,0.25,0.54,0.79
990,990,100,CC,LITETime,0.13,0.49,0.62
991,991,100,CC,LITETime,0.08999999999999997,0.66,0.75
992,992,100,CC,LITETime,0.20000000000000007,0.59,0.79
993,993,100,CC,LITETime,0.020000000000000018,0.23,0.21
994,994,100,CC,LITETime,0.22000000000000008,0.7,0.92
995,995,100,CC,LITETime,0.020000000000000018,0.45,0.43
996,996,100,CC,LITETime,0.10999999999999999,0.52,0.63
997,997,100,CC,LITETime,0.1,0.1,0.0
998,998,100,CC,LITETime,0.24,0.75,0.99
999,999,100,CC,LITETime,0.009999999999999953,0.29,0.28
1000,1000,100,CC,LITETime,0.16,0.22,0.06
1001,1001,100,CC,LITETime,0.10999999999999999,0.34,0.45
1002,1002,100,CC,LITETime,0.020000000000000018,0.14,0.12
1003,1003,100,CC,LITETime,0.05000000000000002,0.2,0.15
1004,1004,100,CC,LITETime,0.10999999999999999,0.52,0.63
1005,1005,100,CC,LITETime,0.019999999999999962,0.41,0.39
1006,1006,100,CC,LITETime,0.25,0.67,0.92
1007,1007,100,CC,LITETime,0.010000000000000009,0.3,0.31
1008,1008,100,CC,LITETime,0.12,0.6,0.72
1009,1009,100,CC,LITETime,0.030000000000000027,0.43,0.46
1010,1010,100,CC,LITETime,0.12,0.53,0.65
1011,1011,100,CC,LITETime,0.08999999999999997,0.5,0.59
1012,1012,100,CC,LITETime,0.06,0.41,0.47
1013,1013,100,CC,LITETime,0.19999999999999996,0.75,0.95
1014,1014,100,CC,LITETime,0.07,0.27,0.34
1015,1015,100,CC,LITETime,0.11999999999999997,0.29,0.17
1016,1016,100,CC,LITETime,0.12,0.55,0.67
1017,1017,100,CC,LITETime,0.24,0.6,0.84
1018,1018,100,CC,LITETime,0.13999999999999999,0.18,0.04
1019,1019,100,CC,LITETime,0.04999999999999999,0.39,0.44
1020,1020,100,CC,LITETime,0.24,0.65,0.89
1021,1021,100,CC,LITETime,0.13,0.61,0.74
1022,1022,100,CC,LITETime,0.30000000000000004,0.69,0.99
1023,1023,100,CC,LITETime,0.08000000000000002,0.45,0.53
1024,1024,100,CC,LITETime,0.08999999999999997,0.56,0.65
1025,1025,100,CC,LITETime,0.040000000000000036,0.34,0.3
1026,1026,100,CC,LITETime,0.21999999999999997,0.72,0.94
1027,1027,100,CC,LITETime,0.020000000000000018,0.38,0.36
1028,1028,100,CC,LITETime,0.21999999999999997,0.51,0.73
1029,1029,100,CC,LITETime,0.040000000000000036,0.36,0.4
1030,1030,100,CC,LITETime,0.07000000000000006,0.49,0.56
1031,1031,100,CC,LITETime,0.16999999999999993,0.54,0.71
1032,1032,100,CC,LITETime,0.09000000000000002,0.41,0.5
1033,1033,100,CC,LITETime,0.15000000000000002,0.75,0.9
1034,1034,100,CC,LITETime,0.06,0.35,0.41
1035,1035,100,CC,LITETime,0.08999999999999997,0.55,0.64
1036,1036,100,CC,LITETime,0.03999999999999998,0.38,0.34
1037,1037,100,CC,LITETime,0.04999999999999999,0.45,0.4
1038,1038,100,CC,LITETime,0.06,0.38,0.44
1039,1039,100,CC,LITETime,0.08000000000000002,0.2,0.12
1040,1040,100,CC,LITETime,0.09,0.18,0.09
1041,1041,100,CC,LITETime,0.09000000000000008,0.57,0.66
1042,1042,100,CC,LITETime,0.10999999999999999,0.54,0.65
1043,1043,100,CC,LITETime,0.17000000000000004,0.49,0.66
1044,1044,100,CC,LITETime,0.060000000000000005,0.07,0.01
1045,1045,100,CC,LITETime,0.09999999999999998,0.42,0.32
1046,1046,100,CC,LITETime,0.04999999999999999,0.24,0.19
1047,1047,100,CC,LITETime,0.19000000000000006,0.58,0.77
1048,1048,100,CC,LITETime,0.20999999999999996,0.65,0.86
1049,1049,100,CC,LITETime,0.07,0.31,0.24
1050,1050,100,CC,LITETime,0.14,0.52,0.66
1051,1051,100,CC,LITETime,0.05000000000000002,0.17,0.12
1052,1052,100,CC,LITETime,0.06,0.33,0.27
1053,1053,100,CC,LITETime,0.12,0.25,0.13
1054,1054,100,CC,LITETime,0.019999999999999962,0.3,0.28
1055,1055,100,CC,LITETime,0.13,0.54,0.67
1056,1056,100,CC,LITETime,0.22000000000000008,0.69,0.91
1057,1057,100,CC,LITETime,0.03,0.23,0.2
1058,1058,100,CC,LITETime,0.08000000000000002,0.46,0.54
1059,1059,100,CC,LITETime,0.16999999999999993,0.53,0.7
1060,1060,100,CC,LITETime,0.29999999999999993,0.65,0.95
1061,1061,100,CC,LITETime,0.06999999999999995,0.54,0.61
1062,1062,100,CC,LITETime,0.06,0.31,0.25
1063,1063,100,CC,LITETime,0.040000000000000036,0.58,0.62
1064,1064,100,CC,LITETime,0.010000000000000009,0.33,0.32
1065,1065,100,CC,LITETime,0.16999999999999993,0.8,0.97
1066,1066,100,CC,LITETime,0.07,0.32,0.39
1067,1067,100,CC,LITETime,0.21000000000000008,0.47,0.68
1068,1068,100,CC,LITETime,0.15000000000000002,0.17,0.02
1069,1069,100,CC,LITETime,0.07,0.33,0.4
1070,1070,100,CC,LITETime,0.09999999999999998,0.77,0.87
1071,1071,100,CC,LITETime,0.08999999999999997,0.52,0.61
1072,1072,100,CC,LITETime,0.010000000000000009,0.45,0.44
1073,1073,100,CC,LITETime,0.2300000000000001,0.7,0.93
1074,1074,100,CC,LITETime,0.16999999999999993,0.68,0.85
1075,1075,100,CC,LITETime,0.010000000000000009,0.33,0.32
1076,1076,100,CC,LITETime,0.12000000000000005,0.42,0.54
1077,1077,100,CC,LITETime,0.08999999999999997,0.39,0.48
1078,1078,100,CC,LITETime,0.12,0.51,0.63
1079,1079,100,CC,LITETime,0.0,0.33,0.33
1080,1080,100,CC,LITETime,0.06,0.3,0.24
1081,1081,100,CC,LITETime,0.27,0.64,0.91
1082,1082,100,CC,LITETime,0.17000000000000004,0.75,0.92
1083,1083,100,CC,LITETime,0.21999999999999997,0.62,0.84
1084,1084,100,CC,LITETime,0.27,0.7,0.97
1085,1085,100,CC,LITETime,0.18999999999999995,0.55,0.74
1086,1086,100,CC,LITETime,0.10999999999999999,0.65,0.76
1087,1087,100,CC,LITETime,0.13,0.63,0.76
1088,1088,100,CC,LITETime,0.04999999999999999,0.43,0.48
1089,1089,100,CC,LITETime,0.07,0.38,0.45
1090,1090,100,CC,LITETime,0.04999999999999999,0.29,0.24
1091,1091,100,CC,LITETime,0.08999999999999997,0.55,0.64
1092,1092,100,CC,LITETime,0.02999999999999997,0.31,0.28
1093,1093,100,CC,LITETime,0.0,0.25,0.25
1094,1094,100,CC,LITETime,0.07999999999999996,0.5,0.58
1095,1095,100,CC,LITETime,0.020000000000000018,0.38,0.4
1096,1096,100,CC,LITETime,0.060000000000000026,0.27,0.21
1097,1097,100,CC,LITETime,0.2400000000000001,0.57,0.81
1098,1098,100,CC,LITETime,0.14,0.72,0.86
1099,1099,100,CC,LITETime,0.07,0.23,0.16
1100,1100,100,CC,LITETime,0.1,0.1,0.0
1101,1101,100,CC,LITETime,0.010000000000000009,0.32,0.33
1102,1102,100,CC,LITETime,0.18000000000000005,0.61,0.79
1103,1103,100,CC,LITETime,0.1499999999999999,0.68,0.83
1104,1104,100,CC,LITETime,0.14,0.27,0.13
1105,1105,100,CC,LITETime,0.20000000000000007,0.57,0.77
1106,1106,100,CC,LITETime,0.09000000000000001,0.2,0.11
1107,1107,100,CC,LITETime,0.040000000000000036,0.35,0.39
1108,1108,100,CC,LITETime,0.30999999999999994,0.68,0.99
1109,1109,100,CC,LITETime,0.06,0.25,0.19
1110,1110,100,CC,LITETime,0.04000000000000001,0.19,0.15
1111,1111,100,CC,LITETime,0.09999999999999998,0.32,0.42
1112,1112,100,CC,LITETime,0.08999999999999997,0.52,0.61
1113,1113,100,CC,LITETime,0.16000000000000003,0.77,0.93
1114,1114,100,CC,LITETime,0.24,0.74,0.98
1115,1115,100,CC,LITETime,0.09,0.15,0.06
1116,1116,100,CC,LITETime,0.12,0.25,0.13
1117,1117,100,CC,LITETime,0.13,0.66,0.79
1118,1118,100,CC,LITETime,0.010000000000000009,0.28,0.27
1119,1119,100,CC,LITETime,0.21999999999999997,0.66,0.88
1120,1120,100,CC,LITETime,0.16000000000000003,0.5,0.66
1121,1121,100,CC,LITETime,0.06999999999999999,0.18,0.11
1122,1122,100,CC,LITETime,0.07999999999999996,0.75,0.83
1123,1123,100,CC,LITETime,0.06,0.23,0.17
1124,1124,100,CC,LITETime,0.07999999999999996,0.34,0.42
1125,1125,100,CC,LITETime,0.10000000000000003,0.45,0.55
1126,1126,100,CC,LITETime,0.07,0.43,0.5
1127,1127,100,CC,LITETime,0.08000000000000007,0.6,0.68
1128,1128,100,CC,LITETime,0.12,0.53,0.65
1129,1129,100,CC,LITETime,0.27,0.72,0.99
1130,1130,100,CC,LITETime,0.18999999999999995,0.8,0.99
1131,1131,100,CC,LITETime,0.06,0.45,0.51
1132,1132,100,CC,LITETime,0.07,0.16,0.09
1133,1133,100,CC,LITETime,0.15000000000000002,0.57,0.72
1134,1134,100,CC,LITETime,0.25,0.72,0.97
1135,1135,100,CC,LITETime,0.03999999999999998,0.35,0.31
1136,1136,100,CC,LITETime,0.020000000000000018,0.44,0.46
1137,1137,100,CC,LITETime,0.010000000000000009,0.43,0.42
1138,1138,100,CC,LITETime,0.08,0.13,0.05
1139,1139,100,CC,LITETime,0.040000000000000036,0.63,0.67
1140,1140,100,CC,LITETime,0.030000000000000027,0.38,0.35
1141,1141,100,CC,LITETime,0.22999999999999998,0.55,0.78
1142,1142,100,CC,LITETime,0.20999999999999996,0.62,0.83
1143,1143,100,CC,LITETime,0.16999999999999993,0.65,0.82
1144,1144,100,CC,LITETime,0.0,0.41,0.41
1145,1145,100,CC,LITETime,0.010000000000000009,0.33,0.32
1146,1146,100,CC,LITETime,0.12,0.62,0.74
1147,1147,100,CC,LITETime,0.14,0.66,0.8
1148,1148,100,CC,LITETime,0.03999999999999998,0.45,0.49
1149,1149,100,CC,LITETime,0.20999999999999996,0.68,0.89
1150,1150,100,CC,LITETime,0.04999999999999999,0.19,0.14
1151,1151,100,CC,LITETime,0.15000000000000002,0.72,0.87
1152,1152,100,CC,LITETime,0.08000000000000002,0.17,0.09
1153,1153,100,CC,LITETime,0.12000000000000002,0.27,0.15
1154,1154,100,CC,LITETime,0.040000000000000036,0.49,0.53
1155,1155,100,CC,LITETime,0.17,0.23,0.06
1156,1156,100,CC,LITETime,0.09999999999999999,0.15,0.05
1157,1157,100,CC,LITETime,0.15,0.15,0.0
1158,1158,100,CC,LITETime,0.08000000000000002,0.35,0.43
1159,1159,100,CC,LITETime,0.18000000000000005,0.59,0.77
1160,1160,100,CC,LITETime,0.16,0.19,0.03
1161,1161,100,CC,LITETime,0.10999999999999999,0.54,0.65
1162,1162,100,CC,LITETime,0.22999999999999998,0.59,0.82
1163,1163,100,CC,LITETime,0.09,0.25,0.16
1164,1164,100,CC,LITETime,0.10999999999999999,0.25,0.14
1165,1165,100,CC,LITETime,0.18999999999999995,0.67,0.86
1166,1166,100,CC,LITETime,0.18999999999999995,0.63,0.82
1167,1167,100,CC,LITETime,0.010000000000000009,0.54,0.53
1168,1168,100,CC,LITETime,0.2400000000000001,0.57,0.81
1169,1169,100,CC,LITETime,0.11000000000000001,0.2,0.09
1170,1170,100,CC,LITETime,0.02999999999999997,0.42,0.39
1171,1171,100,CC,LITETime,0.13,0.6,0.73
1172,1172,100,CC,LITETime,0.09000000000000002,0.34,0.25
1173,1173,100,CC,LITETime,0.15000000000000002,0.6,0.75
1174,1174,100,CC,LITETime,0.07,0.43,0.5
1175,1175,100,CC,LITETime,0.15000000000000002,0.6,0.75
1176,1176,100,CC,LITETime,0.009999999999999953,0.47,0.46
1177,1177,100,CC,LITETime,0.07,0.43,0.36
1178,1178,100,CC,LITETime,0.010000000000000009,0.22,0.21
1179,1179,100,CC,LITETime,0.07,0.27,0.2
1180,1180,100,CC,LITETime,0.16000000000000003,0.59,0.75
1181,1181,100,CC,LITETime,0.13,0.24,0.11
1182,1182,100,CC,LITETime,0.13,0.21,0.08
1183,1183,100,CC,LITETime,0.06999999999999998,0.24,0.17
1184,1184,100,CC,LITETime,0.09,0.26,0.17
1185,1185,100,CC,LITETime,0.08999999999999997,0.73,0.82
1186,1186,100,CC,LITETime,0.10000000000000003,0.29,0.39
1187,1187,100,CC,LITETime,0.24,0.75,0.99
1188,1188,100,CC,LITETime,0.09,0.22,0.13
1189,1189,100,CC,LITETime,0.040000000000000036,0.61,0.65
1190,1190,100,CC,LITETime,0.010000000000000009,0.45,0.44
1191,1191,100,CC,LITETime,0.09000000000000002,0.3,0.39
1192,1192,100,CC,LITETime,0.25,0.62,0.87
1193,1193,100,CC,LITETime,0.21999999999999997,0.75,0.97
1194,1194,100,CC,LITETime,0.21999999999999997,0.65,0.87
1195,1195,100,CC,LITETime,0.07,0.26,0.19
1196,1196,100,CC,LITETime,0.12999999999999998,0.35,0.22
1197,1197,100,CC,LITETime,0.050000000000000044,0.6,0.65
1198,1198,100,CC,LITETime,0.06999999999999995,0.35,0.28
1199,1199,100,CC,LITETime,0.08999999999999997,0.64,0.73
1200,1200,100,CC,LITETime,0.17000000000000004,0.39,0.56
1201,1201,100,CC,LITETime,0.12000000000000005,0.43,0.55
1202,1202,100,CC,LITETime,0.07999999999999996,0.74,0.82
1203,1203,100,CC,LITETime,0.13,0.58,0.71
1204,1204,100,CC,LITETime,0.11,0.13,0.02
1205,1205,100,CC,LITETime,0.1,0.14,0.04
1206,1206,100,CC,LITETime,0.12,0.48,0.6
1207,1207,100,CC,LITETime,0.0,0.48,0.48
1208,1208,100,CC,LITETime,0.07,0.33,0.26
1209,1209,100,CC,LITETime,0.0,0.41,0.41
1210,1210,100,CC,LITETime,0.20999999999999996,0.54,0.75
1211,1211,100,CC,LITETime,0.17999999999999994,0.64,0.82
1212,1212,100,CC,LITETime,0.07000000000000006,0.49,0.56
1213,1213,100,CC,LITETime,0.030000000000000027,0.35,0.38
1214,1214,100,CC,LITETime,0.0,0.27,0.27
1215,1215,100,CC,LITETime,0.0,0.52,0.52
1216,1216,100,CC,LITETime,0.06,0.25,0.31
1217,1217,100,CC,LITETime,0.10000000000000003,0.46,0.56
1218,1218,100,CC,LITETime,0.050000000000000044,0.62,0.67
1219,1219,100,CC,LITETime,0.16,0.22,0.06
1220,1220,100,CC,LITETime,0.1,0.1,0.0
1221,1221,100,CC,LITETime,0.11000000000000001,0.32,0.21
1222,1222,100,CC,LITETime,0.20999999999999996,0.68,0.89
1223,1223,100,CC,LITETime,0.12,0.52,0.64
1224,1224,100,CC,LITETime,0.03999999999999998,0.21,0.17
1225,1225,100,CC,LITETime,0.13,0.76,0.89
1226,1226,100,CC,LITETime,0.040000000000000036,0.42,0.46
1227,1227,100,CC,LITETime,0.02999999999999997,0.44,0.47
1228,1228,100,CC,LITETime,0.22000000000000008,0.71,0.93
1229,1229,100,CC,LITETime,0.08,0.13,0.05
1230,1230,100,CC,LITETime,0.1,0.31,0.21
1231,1231,100,CC,LITETime,0.14999999999999997,0.43,0.58
1232,1232,100,CC,LITETime,0.03,0.22,0.19
1233,1233,100,CC,LITETime,0.13,0.54,0.67
1234,1234,100,CC,LITETime,0.04000000000000001,0.25,0.21
1235,1235,100,CC,LITETime,0.12,0.21,0.09
1236,1236,100,CC,LITETime,0.08999999999999997,0.29,0.2
1237,1237,100,CC,LITETime,0.019999999999999962,0.4,0.42
1238,1238,100,CC,LITETime,0.12999999999999998,0.3,0.17
1239,1239,100,CC,LITETime,0.04999999999999999,0.18,0.13
1240,1240,100,CC,LITETime,0.18999999999999995,0.67,0.86
1241,1241,100,CC,LITETime,0.010000000000000009,0.33,0.32
1242,1242,100,CC,LITETime,0.0,0.36,0.36
1243,1243,100,CC,LITETime,0.09000000000000001,0.14,0.05
1244,1244,100,CC,LITETime,0.010000000000000009,0.36,0.35
1245,1245,100,CC,LITETime,0.07,0.33,0.26
1246,1246,100,CC,LITETime,0.2,0.41,0.61
1247,1247,100,CC,LITETime,0.020000000000000018,0.18,0.2
1248,1248,100,CC,LITETime,0.19000000000000006,0.69,0.88
1249,1249,100,CC,LITETime,0.25,0.67,0.92
1250,1250,100,CC,LITETime,0.08000000000000002,0.17,0.09
1251,1251,100,CC,LITETime,0.10999999999999999,0.21,0.1
1252,1252,100,CC,LITETime,0.06999999999999999,0.18,0.11
1253,1253,100,CC,LITETime,0.08999999999999997,0.52,0.61
1254,1254,100,CC,LITETime,0.08000000000000002,0.2,0.12
1255,1255,100,CC,LITETime,0.22999999999999998,0.62,0.85
1256,1256,100,CC,LITETime,0.12,0.63,0.75
1257,1257,100,CC,LITETime,0.15000000000000002,0.66,0.81
1258,1258,100,CC,LITETime,0.030000000000000027,0.49,0.52
1259,1259,100,CC,LITETime,0.26,0.73,0.99
1260,1260,100,CC,LITETime,0.16999999999999998,0.21,0.04
1261,1261,100,CC,LITETime,0.020000000000000018,0.38,0.4
1262,1262,100,CC,LITETime,0.010000000000000009,0.31,0.32
1263,1263,100,CC,LITETime,0.25,0.69,0.94
1264,1264,100,CC,LITETime,0.10999999999999993,0.46,0.57
1265,1265,100,CC,LITETime,0.09000000000000008,0.71,0.8
1266,1266,100,CC,LITETime,0.06,0.23,0.17
1267,1267,100,CC,LITETime,0.27,0.7,0.97
1268,1268,100,CC,LITETime,0.08000000000000002,0.41,0.49
1269,1269,100,CC,LITETime,0.010000000000000009,0.48,0.49
1270,1270,100,CC,LITETime,0.21999999999999997,0.75,0.97
1271,1271,100,CC,LITETime,0.04999999999999999,0.33,0.38
1272,1272,100,CC,LITETime,0.019999999999999962,0.41,0.39
1273,1273,100,CC,LITETime,0.06999999999999995,0.51,0.58
1274,1274,100,CC,LITETime,0.06,0.18,0.12
1275,1275,100,CC,LITETime,0.04999999999999999,0.37,0.32
1276,1276,100,CC,LITETime,0.09000000000000002,0.28,0.19
1277,1277,100,CC,LITETime,0.15,0.25,0.1
1278,1278,100,CC,LITETime,0.16000000000000003,0.7,0.86
1279,1279,100,CC,LITETime,0.11999999999999994,0.46,0.58
1280,1280,100,CC,LITETime,0.019999999999999962,0.33,0.35
1281,1281,100,CC,LITETime,0.020000000000000018,0.38,0.4
1282,1282,100,CC,LITETime,0.04999999999999999,0.38,0.43
1283,1283,100,CC,LITETime,0.12,0.51,0.63
1284,1284,100,CC,LITETime,0.2300000000000001,0.69,0.92
1285,1285,100,CC,LITETime,0.26,0.67,0.93
1286,1286,100,CC,LITETime,0.010000000000000009,0.38,0.39
1287,1287,100,CC,LITETime,0.030000000000000027,0.29,0.32
1288,1288,100,CC,LITETime,0.019999999999999962,0.47,0.45
1289,1289,100,CC,LITETime,0.030000000000000027,0.53,0.56
1290,1290,100,CC,LITETime,0.0,0.46,0.46
1291,1291,100,CC,LITETime,0.050000000000000044,0.6,0.65
1292,1292,100,CC,LITETime,0.040000000000000036,0.51,0.55
1293,1293,100,CC,LITETime,0.0,0.32,0.32
1294,1294,100,CC,LITETime,0.04999999999999999,0.39,0.34
1295,1295,100,CC,LITETime,0.0,0.37,0.37
1296,1296,100,CC,LITETime,0.1,0.19,0.09
1297,1297,100,CC,LITETime,0.04999999999999999,0.21,0.16
1298,1298,100,CC,LITETime,0.09999999999999998,0.62,0.72
1299,1299,100,CC,LITETime,0.020000000000000018,0.36,0.38
1300,1300,100,CC,LITETime,0.060000000000000026,0.27,0.21
1301,1301,100,CC,LITETime,0.15000000000000008,0.41,0.56
1302,1302,100,CC,LITETime,0.09999999999999998,0.65,0.75
1303,1303,100,CC,LITETime,0.04999999999999999,0.3,0.25
1304,1304,100,CC,LITETime,0.21999999999999997,0.6,0.82
1305,1305,100,CC,LITETime,0.22000000000000008,0.7,0.92
1306,1306,100,CC,LITETime,0.12999999999999995,0.46,0.59
1307,1307,100,CC,LITETime,0.18000000000000005,0.48,0.66
1308,1308,100,CC,LITETime,0.039999999999999994,0.09,0.05
1309,1309,100,CC,LITETime,0.22999999999999998,0.71,0.94
1310,1310,100,CC,LITETime,0.010000000000000009,0.38,0.39
1311,1311,100,CC,LITETime,0.18000000000000005,0.74,0.92
1312,1312,100,CC,LITETime,0.09999999999999998,0.47,0.57
1313,1313,100,CC,LITETime,0.12,0.12,0.0
1314,1314,100,CC,LITETime,0.07,0.1,0.03
1315,1315,100,CC,LITETime,0.18000000000000005,0.5,0.68
1316,1316,100,CC,LITETime,0.06000000000000005,0.5,0.56
1317,1317,100,CC,LITETime,0.13,0.15,0.02
1318,1318,100,CC,LITETime,0.17999999999999994,0.56,0.74
1319,1319,100,CC,LITETime,0.10999999999999999,0.74,0.85
1320,1320,100,CC,LITETime,0.0,0.49,0.49
1321,1321,100,CC,LITETime,0.019999999999999962,0.48,0.46
1322,1322,100,CC,LITETime,0.11,0.11,0.0
1323,1323,100,CC,LITETime,0.19000000000000006,0.59,0.78
1324,1324,100,CC,LITETime,0.04999999999999999,0.28,0.33
1325,1325,100,CC,LITETime,0.14,0.73,0.87
1326,1326,100,CC,LITETime,0.020000000000000018,0.35,0.37
1327,1327,100,CC,LITETime,0.13000000000000006,0.43,0.56
1328,1328,100,CC,LITETime,0.019999999999999962,0.29,0.27
1329,1329,100,CC,LITETime,0.04000000000000001,0.2,0.16
1330,1330,100,CC,LITETime,0.21999999999999997,0.55,0.77
1331,1331,100,CC,LITETime,0.010000000000000009,0.5,0.49
1332,1332,100,CC,LITETime,0.07,0.46,0.53
1333,1333,100,CC,LITETime,0.20999999999999996,0.75,0.96
1334,1334,100,CC,LITETime,0.21999999999999997,0.74,0.96
1335,1335,100,CC,LITETime,0.19999999999999996,0.65,0.85
1336,1336,100,CC,LITETime,0.10000000000000003,0.28,0.18
1337,1337,100,CC,LITETime,0.15999999999999998,0.43,0.59
1338,1338,100,CC,LITETime,0.24,0.63,0.87
1339,1339,100,CC,LITETime,0.07,0.44,0.37
1340,1340,100,CC,LITETime,0.1,0.2,0.1
1341,1341,100,CC,LITETime,0.16000000000000003,0.65,0.81
1342,1342,100,CC,LITETime,0.03999999999999998,0.44,0.48
1343,1343,100,CC,LITETime,0.06000000000000005,0.5,0.56
1344,1344,100,CC,LITETime,0.20999999999999996,0.77,0.98
1345,1345,100,CC,LITETime,0.09999999999999998,0.5,0.6
1346,1346,100,CC,LITETime,0.06,0.36,0.42
1347,1347,100,CC,LITETime,0.04999999999999999,0.41,0.36
1348,1348,100,CC,LITETime,0.0,0.41,0.41
1349,1349,100,CC,LITETime,0.030000000000000013,0.14,0.11
1350,1350,100,CC,LITETime,0.18000000000000005,0.61,0.79
1351,1351,100,CC,LITETime,0.19999999999999996,0.63,0.83
1352,1352,100,CC,LITETime,0.020000000000000018,0.26,0.28
1353,1353,100,CC,LITETime,0.0,0.3,0.3
1354,1354,100,CC,LITETime,0.18999999999999995,0.68,0.87
1355,1355,100,CC,LITETime,0.13,0.15,0.02
1356,1356,100,CC,LITETime,0.12,0.4,0.52
1357,1357,100,CC,LITETime,0.050000000000000044,0.41,0.46
1358,1358,100,CC,LITETime,0.09999999999999998,0.59,0.69
1359,1359,100,CC,LITETime,0.07,0.23,0.16
1360,1360,100,CC,LITETime,0.09999999999999998,0.56,0.66
1361,1361,100,CC,LITETime,0.02999999999999997,0.34,0.37
1362,1362,100,CC,LITETime,0.07999999999999996,0.53,0.61
1363,1363,100,CC,LITETime,0.13999999999999999,0.18,0.04
1364,1364,100,CC,LITETime,0.10000000000000003,0.36,0.46
1365,1365,100,CC,LITETime,0.07,0.45,0.52
1366,1366,100,CC,LITETime,0.11000000000000001,0.32,0.21
1367,1367,100,CC,LITETime,0.14,0.27,0.13
1368,1368,100,CC,LITETime,0.06,0.24,0.18
1369,1369,100,CC,LITETime,0.019999999999999962,0.36,0.34
1370,1370,100,CC,LITETime,0.1,0.19,0.09
1371,1371,100,CC,LITETime,0.2599999999999999,0.68,0.94
1372,1372,100,CC,LITETime,0.010000000000000009,0.39,0.4
1373,1373,100,CC,LITETime,0.16000000000000003,0.64,0.8
1374,1374,100,CC,LITETime,0.22999999999999998,0.74,0.97
1375,1375,100,CC,LITETime,0.18,0.26,0.08
1376,1376,100,CC,LITETime,0.020000000000000018,0.63,0.65
1377,1377,100,CC,LITETime,0.18999999999999995,0.68,0.87
1378,1378,100,CC,LITETime,0.15000000000000002,0.48,0.63
1379,1379,100,CC,LITETime,0.010000000000000009,0.41,0.42
1380,1380,100,CC,LITETime,0.03999999999999998,0.39,0.43
1381,1381,100,CC,LITETime,0.16,0.19,0.03
1382,1382,100,CC,LITETime,0.030000000000000027,0.5,0.53
1383,1383,100,CC,LITETime,0.24,0.75,0.99
1384,1384,100,CC,LITETime,0.19999999999999996,0.75,0.95
1385,1385,100,CC,LITETime,0.13,0.17,0.04
1386,1386,100,CC,LITETime,0.13,0.57,0.7
1387,1387,100,CC,LITETime,0.06,0.24,0.3
1388,1388,100,CC,LITETime,0.28,0.62,0.9
1389,1389,100,CC,LITETime,0.16,0.2,0.04
1390,1390,100,CC,LITETime,0.18000000000000005,0.75,0.93
1391,1391,100,CC,LITETime,0.18999999999999995,0.64,0.83
1392,1392,100,CC,LITETime,0.12000000000000001,0.23,0.11
1393,1393,100,CC,LITETime,0.09999999999999999,0.15,0.05
1394,1394,100,CC,LITETime,0.17999999999999994,0.65,0.83
1395,1395,100,CC,LITETime,0.04000000000000001,0.19,0.15
1396,1396,100,CC,LITETime,0.10000000000000003,0.43,0.53
1397,1397,100,CC,LITETime,0.26,0.65,0.91
1398,1398,100,CC,LITETime,0.08000000000000007,0.48,0.56
1399,1399,100,CC,LITETime,0.040000000000000036,0.35,0.39
1400,1400,100,CC,LITETime,0.020000000000000018,0.46,0.44
1401,1401,100,CC,LITETime,0.12,0.18,0.06
1402,1402,100,CC,LITETime,0.20999999999999996,0.75,0.96
1403,1403,100,CC,LITETime,0.07,0.24,0.31
1404,1404,100,CC,LITETime,0.12,0.3,0.18
1405,1405,100,CC,LITETime,0.009999999999999953,0.29,0.28
1406,1406,100,CC,LITETime,0.27,0.69,0.96
1407,1407,100,CC,LITETime,0.08000000000000002,0.17,0.09
1408,1408,100,CC,LITETime,0.19999999999999996,0.66,0.86
1409,1409,100,CC,LITETime,0.18999999999999995,0.51,0.7
1410,1410,100,CC,LITETime,0.1499999999999999,0.68,0.83
1411,1411,100,CC,LITETime,0.2899999999999999,0.68,0.97
1412,1412,100,CC,LITETime,0.16999999999999993,0.67,0.84
1413,1413,100,CC,LITETime,0.24,0.7,0.94
1414,1414,100,CC,LITETime,0.04000000000000001,0.16,0.12
1415,1415,100,CC,LITETime,0.22000000000000008,0.57,0.79
1416,1416,100,CC,LITETime,0.12000000000000005,0.42,0.54
1417,1417,100,CC,LITETime,0.050000000000000044,0.49,0.54
1418,1418,100,CC,LITETime,0.25,0.64,0.89
1419,1419,100,CC,LITETime,0.21999999999999997,0.75,0.97
1420,1420,100,CC,LITETime,0.1499999999999999,0.55,0.7
1421,1421,100,CC,LITETime,0.010000000000000009,0.49,0.48
1422,1422,100,CC,LITETime,0.020000000000000018,0.43,0.45
1423,1423,100,CC,LITETime,0.08000000000000002,0.3,0.38
1424,1424,100,CC,LITETime,0.0,0.36,0.36
1425,1425,100,CC,LITETime,0.02999999999999997,0.42,0.39
1426,1426,100,CC,LITETime,0.09000000000000001,0.17,0.08
1427,1427,100,CC,LITETime,0.13999999999999999,0.21,0.07
1428,1428,100,CC,LITETime,0.13,0.64,0.77
1429,1429,100,CC,LITETime,0.07,0.37,0.44
1430,1430,100,CC,LITETime,0.2300000000000001,0.7,0.93
1431,1431,100,CC,LITETime,0.08999999999999997,0.52,0.61
1432,1432,100,CC,LITETime,0.1,0.13,0.03
1433,1433,100,CC,LITETime,0.1,0.25,0.15
1434,1434,100,CC,LITETime,0.04999999999999999,0.25,0.2
1435,1435,100,CC,LITETime,0.19999999999999996,0.77,0.97
1436,1436,100,CC,LITETime,0.03,0.24,0.21
1437,1437,100,CC,LITETime,0.06,0.45,0.51
1438,1438,100,CC,LITETime,0.29000000000000004,0.64,0.93
1439,1439,100,CC,LITETime,0.22999999999999998,0.74,0.97
1440,1440,100,CC,LITETime,0.03,0.26,0.23
1441,1441,100,CC,LITETime,0.12,0.16,0.04
1442,1442,100,CC,LITETime,0.08000000000000002,0.23,0.15
1443,1443,100,CC,LITETime,0.09,0.15,0.06
1444,1444,100,CC,LITETime,0.07,0.26,0.19
1445,1445,100,CC,LITETime,0.14000000000000007,0.42,0.56
1446,1446,100,CC,LITETime,0.27,0.64,0.91
1447,1447,100,CC,LITETime,0.030000000000000027,0.5,0.53
1448,1448,100,CC,LITETime,0.10999999999999999,0.51,0.62
1449,1449,100,CC,LITETime,0.08999999999999997,0.29,0.2
1450,1450,100,CC,LITETime,0.20000000000000007,0.6,0.8
1451,1451,100,CC,LITETime,0.07999999999999996,0.53,0.61
1452,1452,100,CC,LITETime,0.22999999999999998,0.63,0.86
1453,1453,100,CC,LITETime,0.20999999999999996,0.73,0.94
1454,1454,100,CC,LITETime,0.02999999999999997,0.37,0.34
1455,1455,100,CC,LITETime,0.08000000000000002,0.17,0.09
1456,1456,100,CC,LITETime,0.04000000000000001,0.26,0.22
1457,1457,100,CC,LITETime,0.020000000000000018,0.41,0.43
1458,1458,100,CC,LITETime,0.2599999999999999,0.68,0.94
1459,1459,100,CC,LITETime,0.010000000000000009,0.36,0.37
1460,1460,100,CC,LITETime,0.20000000000000007,0.57,0.77
1461,1461,100,CC,LITETime,0.09000000000000002,0.45,0.54
1462,1462,100,CC,LITETime,0.12,0.3,0.18
1463,1463,100,CC,LITETime,0.07,0.39,0.32
1464,1464,100,CC,LITETime,0.17000000000000004,0.48,0.65
1465,1465,100,CC,LITETime,0.06000000000000005,0.61,0.67
1466,1466,100,CC,LITETime,0.06,0.37,0.43
1467,1467,100,CC,LITETime,0.06999999999999998,0.29,0.22
1468,1468,100,CC,LITETime,0.14,0.58,0.72
1469,1469,100,CC,LITETime,0.04999999999999999,0.21,0.16
1470,1470,100,CC,LITETime,0.25,0.68,0.93
1471,1471,100,CC,LITETime,0.03,0.21,0.18
1472,1472,100,CC,LITETime,0.12,0.22,0.1
1473,1473,100,CC,LITETime,0.09999999999999998,0.39,0.49
1474,1474,100,CC,LITETime,0.020000000000000018,0.49,0.51
1475,1475,100,CC,LITETime,0.06,0.44,0.5
1476,1476,100,CC,LITETime,0.010000000000000009,0.44,0.43
1477,1477,100,CC,LITETime,0.13,0.86,0.99
1478,1478,100,CC,LITETime,0.04999999999999999,0.43,0.48
1479,1479,100,CC,LITETime,0.03999999999999998,0.43,0.47
1480,1480,100,CC,LITETime,0.07999999999999996,0.34,0.42
1481,1481,100,CC,LITETime,0.08000000000000002,0.14,0.06
1482,1482,100,CC,LITETime,0.04999999999999993,0.54,0.59
1483,1483,100,CC,LITETime,0.09,0.31,0.22
1484,1484,100,CC,LITETime,0.12,0.51,0.63
1485,1485,100,CC,LITETime,0.11,0.16,0.05
1486,1486,100,CC,LITETime,0.31999999999999995,0.66,0.98
1487,1487,100,CC,LITETime,0.08000000000000002,0.38,0.46
1488,1488,100,CC,LITETime,0.20000000000000007,0.69,0.89
1489,1489,100,CC,LITETime,0.03999999999999998,0.43,0.47
1490,1490,100,CC,LITETime,0.17,0.23,0.06
1491,1491,100,CC,LITETime,0.08999999999999997,0.73,0.82
1492,1492,100,CC,LITETime,0.030000000000000027,0.61,0.64
1493,1493,100,CC,LITETime,0.21999999999999997,0.56,0.78
1494,1494,100,CC,LITETime,0.010000000000000009,0.43,0.42
1495,1495,100,CC,LITETime,0.12,0.51,0.63
1496,1496,100,CC,LITETime,0.17999999999999994,0.67,0.85
1497,1497,100,CC,LITETime,0.07999999999999996,0.55,0.63
1498,1498,100,CC,LITETime,0.010000000000000009,0.33,0.34
1499,1499,100,CC,LITETime,0.09999999999999998,0.56,0.66
1500,1500,100,CC,LITETime,0.14,0.53,0.67
1501,1501,100,CC,LITETime,0.25,0.71,0.96
1502,1502,100,CC,LITETime,0.03999999999999998,0.41,0.37
1503,1503,100,CC,LITETime,0.010000000000000009,0.41,0.42
1504,1504,100,CC,LITETime,0.27,0.54,0.81
1505,1505,100,CC,LITETime,0.03999999999999998,0.46,0.5
1506,1506,100,CC,LITETime,0.16999999999999993,0.56,0.73
1507,1507,100,CC,LITETime,0.030000000000000027,0.42,0.45
1508,1508,100,CC,LITETime,0.060000000000000026,0.27,0.21
1509,1509,100,CC,LITETime,0.20999999999999996,0.53,0.74
1510,1510,100,CC,LITETime,0.04000000000000001,0.17,0.13
1511,1511,100,CC,LITETime,0.03,0.22,0.19
1512,1512,100,CC,LITETime,0.07999999999999996,0.54,0.62
1513,1513,100,CC,LITETime,0.09999999999999998,0.64,0.74
1514,1514,100,CC,LITETime,0.29000000000000004,0.6,0.89
1515,1515,100,CC,LITETime,0.02999999999999997,0.3,0.27
1516,1516,100,CC,LITETime,0.09999999999999999,0.21,0.11
1517,1517,100,CC,LITETime,0.25,0.7,0.95
1518,1518,100,CC,LITETime,0.03,0.12,0.15
1519,1519,100,CC,LITETime,0.04000000000000001,0.23,0.19
1520,1520,100,CC,LITETime,0.06,0.35,0.29
1521,1521,100,CC,LITETime,0.09000000000000002,0.43,0.52
1522,1522,100,CC,LITETime,0.21999999999999997,0.66,0.88
1523,1523,100,CC,LITETime,0.10999999999999999,0.65,0.76
1524,1524,100,CC,LITETime,0.17999999999999994,0.52,0.7
1525,1525,100,CC,LITETime,0.03,0.2,0.17
1526,1526,100,CC,LITETime,0.0,0.35,0.35
1527,1527,100,CC,LITETime,0.04999999999999999,0.42,0.47
1528,1528,100,CC,LITETime,0.04999999999999999,0.19,0.14
1529,1529,100,CC,LITETime,0.010000000000000009,0.28,0.27
1530,1530,100,CC,LITETime,0.020000000000000018,0.32,0.3
1531,1531,100,CC,LITETime,0.1,0.22,0.12
1532,1532,100,CC,LITETime,0.06000000000000005,0.49,0.55
1533,1533,100,CC,LITETime,0.1399999999999999,0.56,0.7
1534,1534,100,CC,LITETime,0.06,0.12,0.06
1535,1535,100,CC,LITETime,0.09999999999999998,0.38,0.48
1536,1536,100,CC,LITETime,0.21000000000000008,0.57,0.78
1537,1537,100,CC,LITETime,0.17000000000000004,0.57,0.74
1538,1538,100,CC,LITETime,0.15000000000000002,0.66,0.81
1539,1539,100,CC,LITETime,0.04999999999999999,0.49,0.44
1540,1540,100,CC,LITETime,0.29999999999999993,0.52,0.82
1541,1541,100,CC,LITETime,0.020000000000000018,0.26,0.24
1542,1542,100,CC,LITETime,0.04999999999999999,0.31,0.36
1543,1543,100,CC,LITETime,0.12999999999999998,0.3,0.17
1544,1544,100,CC,LITETime,0.050000000000000044,0.41,0.46
1545,1545,100,CC,LITETime,0.030000000000000027,0.36,0.39
1546,1546,100,CC,LITETime,0.06,0.3,0.24
1547,1547,100,CC,LITETime,0.20999999999999996,0.54,0.75
1548,1548,100,CC,LITETime,0.0,0.31,0.31
1549,1549,100,CC,LITETime,0.06,0.33,0.27
1550,1550,100,CC,LITETime,0.10999999999999999,0.24,0.13
1551,1551,100,CC,LITETime,0.010000000000000009,0.42,0.43
1552,1552,100,CC,LITETime,0.010000000000000009,0.31,0.3
1553,1553,100,CC,LITETime,0.020000000000000018,0.38,0.36
1554,1554,100,CC,LITETime,0.04000000000000001,0.27,0.23
1555,1555,100,CC,LITETime,0.19000000000000006,0.57,0.76
1556,1556,100,CC,LITETime,0.25,0.68,0.93
1557,1557,100,CC,LITETime,0.04999999999999999,0.44,0.49
1558,1558,100,CC,LITETime,0.18,0.46,0.64
1559,1559,100,CC,LITETime,0.17999999999999994,0.68,0.86
1560,1560,100,CC,LITETime,0.25,0.74,0.99
1561,1561,100,CC,LITETime,0.12,0.49,0.61
1562,1562,100,CC,LITETime,0.24,0.64,0.88
1563,1563,100,CC,LITETime,0.26,0.64,0.9
1564,1564,100,CC,LITETime,0.10999999999999999,0.68,0.79
1565,1565,100,CC,LITETime,0.07,0.39,0.46
1566,1566,100,CC,LITETime,0.14,0.22,0.08
1567,1567,100,CC,LITETime,0.16,0.17,0.01
1568,1568,100,CC,LITETime,0.0,0.47,0.47
1569,1569,100,CC,LITETime,0.02999999999999997,0.46,0.49
1570,1570,100,CC,LITETime,0.06,0.34,0.4
1571,1571,100,CC,LITETime,0.08000000000000007,0.48,0.56
1572,1572,100,CC,LITETime,0.06000000000000005,0.49,0.55
1573,1573,100,CC,LITETime,0.16999999999999993,0.66,0.83
1574,1574,100,CC,LITETime,0.04999999999999999,0.15,0.1
1575,1575,100,CC,LITETime,0.010000000000000009,0.23,0.22
1576,1576,100,CC,LITETime,0.15000000000000002,0.64,0.79
1577,1577,100,CC,LITETime,0.19999999999999996,0.64,0.84
1578,1578,100,CC,LITETime,0.19999999999999996,0.79,0.99
1579,1579,100,CC,LITETime,0.25,0.62,0.87
1580,1580,100,CC,LITETime,0.19000000000000006,0.69,0.88
1581,1581,100,CC,LITETime,0.02999999999999997,0.28,0.31
1582,1582,100,CC,LITETime,0.0,0.4,0.4
1583,1583,100,CC,LITETime,0.05000000000000002,0.21,0.26
1584,1584,100,CC,LITETime,0.14999999999999997,0.45,0.6
1585,1585,100,CC,LITETime,0.18000000000000005,0.75,0.93
1586,1586,100,CC,LITETime,0.040000000000000036,0.3,0.34
1587,1587,100,CC,LITETime,0.08000000000000007,0.47,0.55
1588,1588,100,CC,LITETime,0.010000000000000009,0.3,0.29
1589,1589,100,CC,LITETime,0.0,0.16,0.16
1590,1590,100,CC,LITETime,0.0,0.19,0.19
1591,1591,100,CC,LITETime,0.15000000000000002,0.2,0.05
1592,1592,100,CC,LITETime,0.21999999999999997,0.72,0.94
1593,1593,100,CC,LITETime,0.050000000000000044,0.35,0.4
1594,1594,100,CC,LITETime,0.19999999999999996,0.63,0.83
1595,1595,100,CC,LITETime,0.1100000000000001,0.57,0.68
1596,1596,100,CC,LITETime,0.04999999999999999,0.24,0.19
1597,1597,100,CC,LITETime,0.04999999999999999,0.22,0.17
1598,1598,100,CC,LITETime,0.1100000000000001,0.7,0.81
1599,1599,100,CC,LITETime,0.02999999999999997,0.29,0.26
1600,1600,100,CC,LITETime,0.18000000000000005,0.73,0.91
1601,1601,100,CC,LITETime,0.03999999999999998,0.18,0.14
1602,1602,100,CC,LITETime,0.10999999999999999,0.56,0.67
1603,1603,100,CC,LITETime,0.17000000000000004,0.64,0.81
1604,1604,100,CC,LITETime,0.009999999999999981,0.24,0.23
1605,1605,100,CC,LITETime,0.02999999999999997,0.3,0.27
1606,1606,100,CC,LITETime,0.18999999999999995,0.77,0.96
1607,1607,100,CC,LITETime,0.06,0.32,0.26
1608,1608,100,CC,LITETime,0.02999999999999997,0.39,0.42
1609,1609,100,CC,LITETime,0.04999999999999999,0.38,0.43
1610,1610,100,CC,LITETime,0.010000000000000009,0.26,0.25
1611,1611,100,CC,LITETime,0.09999999999999998,0.67,0.77
1612,1612,100,CC,LITETime,0.21999999999999997,0.55,0.77
1613,1613,100,CC,LITETime,0.08999999999999997,0.28,0.37
1614,1614,100,CC,LITETime,0.14,0.69,0.83
1615,1615,100,CC,LITETime,0.060000000000000026,0.27,0.21
1616,1616,100,CC,LITETime,0.13,0.13,0.0
1617,1617,100,CC,LITETime,0.16999999999999993,0.4,0.57
1618,1618,100,CC,LITETime,0.24,0.75,0.99
1619,1619,100,CC,LITETime,0.11000000000000001,0.14,0.03
1620,1620,100,CC,LITETime,0.03999999999999998,0.24,0.2
1621,1621,100,CC,LITETime,0.10999999999999999,0.4,0.51
1622,1622,100,CC,LITETime,0.25,0.55,0.8
1623,1623,100,CC,LITETime,0.06999999999999999,0.15,0.08
1624,1624,100,CC,LITETime,0.03999999999999998,0.43,0.39
1625,1625,100,CC,LITETime,0.17000000000000004,0.57,0.74
1626,1626,100,CC,LITETime,0.04999999999999999,0.42,0.37
1627,1627,100,CC,LITETime,0.04000000000000001,0.22,0.18
1628,1628,100,CC,LITETime,0.010000000000000009,0.18,0.19
1629,1629,100,CC,LITETime,0.06,0.35,0.41
1630,1630,100,CC,LITETime,0.04999999999999999,0.42,0.47
1631,1631,100,CC,LITETime,0.18999999999999995,0.67,0.86
1632,1632,100,CC,LITETime,0.13,0.51,0.64
1633,1633,100,CC,LITETime,0.1399999999999999,0.55,0.69
1634,1634,100,CC,LITETime,0.26,0.72,0.98
1635,1635,100,CC,LITETime,0.019999999999999962,0.39,0.41
1636,1636,100,CC,LITETime,0.06,0.34,0.4
1637,1637,100,CC,LITETime,0.20000000000000007,0.72,0.92
1638,1638,100,CC,LITETime,0.040000000000000036,0.28,0.24
1639,1639,100,CC,LITETime,0.14,0.58,0.72
1640,1640,100,CC,LITETime,0.10999999999999999,0.64,0.75
1641,1641,100,CC,LITETime,0.11000000000000001,0.2,0.09
1642,1642,100,CC,LITETime,0.06,0.4,0.46
1643,1643,100,CC,LITETime,0.09999999999999998,0.3,0.2
1644,1644,100,CC,LITETime,0.07,0.25,0.18
1645,1645,100,CC,LITETime,0.020000000000000018,0.44,0.46
1646,1646,100,CC,LITETime,0.030000000000000027,0.25,0.28
1647,1647,100,CC,LITETime,0.13,0.66,0.79
1648,1648,100,CC,LITETime,0.20000000000000007,0.7,0.9
1649,1649,100,CC,LITETime,0.12,0.68,0.8
1650,1650,100,CC,LITETime,0.03999999999999998,0.3,0.26
1651,1651,100,CC,LITETime,0.019999999999999962,0.29,0.27
1652,1652,100,CC,LITETime,0.010000000000000009,0.26,0.25
1653,1653,100,CC,LITETime,0.04000000000000001,0.17,0.13
1654,1654,100,CC,LITETime,0.22999999999999998,0.71,0.94
1655,1655,100,CC,LITETime,0.020000000000000018,0.38,0.4
1656,1656,100,CC,LITETime,0.010000000000000009,0.23,0.22
1657,1657,100,CC,LITETime,0.24,0.6,0.84
1658,1658,100,CC,LITETime,0.04999999999999999,0.34,0.39
1659,1659,100,CC,LITETime,0.07,0.1,0.03
1660,1660,100,CC,LITETime,0.04000000000000001,0.2,0.16
1661,1661,100,CC,LITETime,0.12,0.51,0.63
1662,1662,100,CC,LITETime,0.20000000000000007,0.58,0.78
1663,1663,100,CC,LITETime,0.03,0.24,0.21
1664,1664,100,CC,LITETime,0.22999999999999998,0.68,0.91
1665,1665,100,CC,LITETime,0.18999999999999995,0.66,0.85
1666,1666,100,CC,LITETime,0.19999999999999996,0.64,0.84
1667,1667,100,CC,LITETime,0.07999999999999999,0.3,0.22
1668,1668,100,CC,LITETime,0.15000000000000002,0.2,0.05
1669,1669,100,CC,LITETime,0.20999999999999996,0.65,0.86
1670,1670,100,CC,LITETime,0.04999999999999999,0.35,0.3
1671,1671,100,CC,LITETime,0.10999999999999999,0.5,0.61
1672,1672,100,CC,LITETime,0.15000000000000002,0.6,0.75
1673,1673,100,CC,LITETime,0.07,0.19,0.12
1674,1674,100,CC,LITETime,0.12,0.66,0.78
1675,1675,100,CC,LITETime,0.2400000000000001,0.69,0.93
1676,1676,100,CC,LITETime,0.05999999999999994,0.66,0.72
1677,1677,100,CC,LITETime,0.010000000000000009,0.45,0.44
1678,1678,100,CC,LITETime,0.19999999999999996,0.67,0.87
1679,1679,100,CC,LITETime,0.09000000000000002,0.43,0.52
1680,1680,100,CC,LITETime,0.13,0.61,0.74
1681,1681,100,CC,LITETime,0.20999999999999996,0.61,0.82
1682,1682,100,CC,LITETime,0.16000000000000003,0.58,0.74
1683,1683,100,CC,LITETime,0.019999999999999962,0.3,0.28
1684,1684,100,CC,LITETime,0.11,0.22,0.11
1685,1685,100,CC,LITETime,0.009999999999999981,0.24,0.23
1686,1686,100,CC,LITETime,0.020000000000000018,0.52,0.5
1687,1687,100,CC,LITETime,0.03999999999999998,0.46,0.5
1688,1688,100,CC,LITETime,0.09999999999999998,0.48,0.58
1689,1689,100,CC,LITETime,0.010000000000000009,0.38,0.39
1690,1690,100,CC,LITETime,0.08000000000000007,0.7,0.78
1691,1691,100,CC,LITETime,0.21000000000000008,0.7,0.91
1692,1692,100,CC,LITETime,0.06,0.3,0.24
1693,1693,100,CC,LITETime,0.07999999999999996,0.65,0.73
1694,1694,100,CC,LITETime,0.13,0.54,0.67
1695,1695,100,CC,LITETime,0.10000000000000003,0.42,0.52
1696,1696,100,CC,LITETime,0.04000000000000001,0.22,0.18
1697,1697,100,CC,LITETime,0.14,0.65,0.79
1698,1698,100,CC,LITETime,0.25,0.71,0.96
1699,1699,100,CC,LITETime,0.21999999999999997,0.5,0.72
1700,1700,100,CC,LITETime,0.22999999999999998,0.68,0.91
1701,1701,100,CC,LITETime,0.28,0.7,0.98
1702,1702,100,CC,LITETime,0.03999999999999998,0.31,0.35
1703,1703,100,CC,LITETime,0.06999999999999995,0.56,0.63
1704,1704,100,CC,LITETime,0.040000000000000036,0.51,0.47
1705,1705,100,CC,LITETime,0.21999999999999997,0.76,0.98
1706,1706,100,CC,LITETime,0.03,0.12,0.09
1707,1707,100,CC,LITETime,0.06,0.47,0.41
1708,1708,100,CC,LITETime,0.21999999999999997,0.65,0.87
1709,1709,100,CC,LITETime,0.010000000000000009,0.27,0.28
1710,1710,100,CC,LITETime,0.20000000000000007,0.58,0.78
1711,1711,100,CC,LITETime,0.0,0.38,0.38
1712,1712,100,CC,LITETime,0.24,0.73,0.97
1713,1713,100,CC,LITETime,0.28,0.6,0.88
1714,1714,100,CC,LITETime,0.06,0.36,0.3
1715,1715,100,CC,LITETime,0.19000000000000006,0.58,0.77
1716,1716,100,CC,LITETime,0.04999999999999999,0.28,0.33
1717,1717,100,CC,LITETime,0.06999999999999995,0.53,0.6
1718,1718,100,CC,LITETime,0.10999999999999999,0.54,0.65
1719,1719,100,CC,LITETime,0.16999999999999993,0.65,0.82
1720,1720,100,CC,LITETime,0.06,0.08,0.02
1721,1721,100,CC,LITETime,0.1,0.32,0.22
1722,1722,100,CC,LITETime,0.17999999999999994,0.53,0.71
1723,1723,100,CC,LITETime,0.12000000000000005,0.44,0.56
1724,1724,100,CC,LITETime,0.010000000000000009,0.5,0.49
1725,1725,100,CC,LITETime,0.12000000000000001,0.17,0.05
1726,1726,100,CC,LITETime,0.010000000000000009,0.33,0.34
1727,1727,100,CC,LITETime,0.18999999999999995,0.67,0.86
1728,1728,100,CC,LITETime,0.2,0.23,0.03
1729,1729,100,CC,LITETime,0.019999999999999962,0.41,0.39
1730,1730,100,CC,LITETime,0.30999999999999994,0.63,0.94
1731,1731,100,CC,LITETime,0.12000000000000001,0.17,0.05
1732,1732,100,CC,LITETime,0.13,0.61,0.74
1733,1733,100,CC,LITETime,0.04999999999999999,0.3,0.25
1734,1734,100,CC,LITETime,0.20999999999999996,0.65,0.86
1735,1735,100,CC,LITETime,0.14,0.6,0.74
1736,1736,100,CC,LITETime,0.20999999999999996,0.67,0.88
1737,1737,100,CC,LITETime,0.07000000000000003,0.28,0.21
1738,1738,100,CC,LITETime,0.12000000000000005,0.41,0.53
1739,1739,100,CC,LITETime,0.13,0.64,0.77
1740,1740,100,CC,LITETime,0.07,0.31,0.24
1741,1741,100,CC,LITETime,0.04000000000000001,0.27,0.23
1742,1742,100,CC,LITETime,0.11,0.13,0.02
1743,1743,100,CC,LITETime,0.25,0.7,0.95
1744,1744,100,CC,LITETime,0.09999999999999998,0.61,0.71
1745,1745,100,CC,LITETime,0.10999999999999999,0.52,0.63
1746,1746,100,CC,LITETime,0.13,0.61,0.74
1747,1747,100,CC,LITETime,0.12000000000000005,0.41,0.53
1748,1748,100,CC,LITETime,0.009999999999999953,0.46,0.47
1749,1749,100,CC,LITETime,0.010000000000000009,0.45,0.44
1750,1750,100,CC,LITETime,0.07999999999999996,0.56,0.64
1751,1751,100,CC,LITETime,0.03,0.17,0.2
1752,1752,100,CC,LITETime,0.16000000000000003,0.72,0.88
1753,1753,100,CC,LITETime,0.1200000000000001,0.69,0.81
1754,1754,100,CC,LITETime,0.020000000000000018,0.32,0.34
1755,1755,100,CC,LITETime,0.04999999999999993,0.52,0.57
1756,1756,100,CC,LITETime,0.10999999999999999,0.25,0.14
1757,1757,100,CC,LITETime,0.22999999999999998,0.74,0.97
1758,1758,100,CC,LITETime,0.17000000000000004,0.73,0.9
1759,1759,100,CC,LITETime,0.33000000000000007,0.59,0.92
1760,1760,100,CC,LITETime,0.0,0.33,0.33
1761,1761,100,CC,LITETime,0.07999999999999999,0.24,0.16
1762,1762,100,CC,LITETime,0.009999999999999981,0.2,0.21
1763,1763,100,CC,LITETime,0.11000000000000001,0.2,0.09
1764,1764,100,CC,LITETime,0.13,0.25,0.12
1765,1765,100,CC,LITETime,0.10999999999999999,0.18,0.07
1766,1766,100,CC,LITETime,0.29999999999999993,0.68,0.98
1767,1767,100,CC,LITETime,0.06,0.13,0.07
1768,1768,100,CC,LITETime,0.12,0.25,0.13
1769,1769,100,CC,LITETime,0.20999999999999996,0.61,0.82
1770,1770,100,CC,LITETime,0.11999999999999994,0.46,0.58
1771,1771,100,CC,LITETime,0.24,0.53,0.77
1772,1772,100,CC,LITETime,0.09999999999999998,0.53,0.63
1773,1773,100,CC,LITETime,0.24,0.64,0.88
1774,1774,100,CC,LITETime,0.08999999999999997,0.54,0.63
1775,1775,100,CC,LITETime,0.050000000000000044,0.47,0.52
1776,1776,100,CC,LITETime,0.12,0.59,0.71
1777,1777,100,CC,LITETime,0.02999999999999997,0.47,0.44
1778,1778,100,CC,LITETime,0.050000000000000044,0.29,0.34
1779,1779,100,CC,LITETime,0.06,0.4,0.46
1780,1780,100,CC,LITETime,0.09,0.25,0.16
1781,1781,100,CC,LITETime,0.10000000000000009,0.69,0.79
1782,1782,100,CC,LITETime,0.03,0.23,0.26
1783,1783,100,CC,LITETime,0.05000000000000002,0.2,0.15
1784,1784,100,CC,LITETime,0.04999999999999999,0.29,0.24
1785,1785,100,CC,LITETime,0.17999999999999994,0.66,0.84
1786,1786,100,CC,LITETime,0.020000000000000018,0.31,0.33
1787,1787,100,CC,LITETime,0.13,0.55,0.68
1788,1788,100,CC,LITETime,0.26,0.59,0.85
1789,1789,100,CC,LITETime,0.12,0.19,0.07
1790,1790,100,CC,LITETime,0.12,0.64,0.76
1791,1791,100,CC,LITETime,0.010000000000000009,0.29,0.3
1792,1792,100,CC,LITETime,0.05000000000000002,0.26,0.21
1793,1793,100,CC,LITETime,0.17000000000000004,0.51,0.68
1794,1794,100,CC,LITETime,0.19000000000000006,0.71,0.9
1795,1795,100,CC,LITETime,0.030000000000000027,0.32,0.29
1796,1796,100,CC,LITETime,0.08000000000000007,0.48,0.56
1797,1797,100,CC,LITETime,0.0,0.28,0.28
1798,1798,100,CC,LITETime,0.09000000000000002,0.46,0.55
1799,1799,100,CC,LITETime,0.05999999999999994,0.56,0.62
1800,1800,100,CC,LITETime,0.06999999999999995,0.54,0.61
1801,1801,100,CC,LITETime,0.12,0.5,0.62
1802,1802,100,CC,LITETime,0.07,0.2,0.13
1803,1803,100,CC,LITETime,0.1399999999999999,0.55,0.69
1804,1804,100,CC,LITETime,0.18000000000000005,0.49,0.67
1805,1805,100,CC,LITETime,0.12,0.56,0.68
1806,1806,100,CC,LITETime,0.04999999999999999,0.12,0.07
1807,1807,100,CC,LITETime,0.010000000000000009,0.43,0.44
1808,1808,100,CC,LITETime,0.010000000000000009,0.39,0.4
1809,1809,100,CC,LITETime,0.05,0.13,0.08
1810,1810,100,CC,LITETime,0.03,0.25,0.22
1811,1811,100,CC,LITETime,0.07,0.37,0.44
1812,1812,100,CC,LITETime,0.12,0.62,0.74
1813,1813,100,CC,LITETime,0.03,0.26,0.23
1814,1814,100,CC,LITETime,0.21999999999999997,0.6,0.82
1815,1815,100,CC,LITETime,0.15000000000000002,0.39,0.54
1816,1816,100,CC,LITETime,0.050000000000000044,0.71,0.76
1817,1817,100,CC,LITETime,0.03999999999999998,0.43,0.47
1818,1818,100,CC,LITETime,0.020000000000000018,0.47,0.49
1819,1819,100,CC,LITETime,0.14999999999999997,0.46,0.61
1820,1820,100,CC,LITETime,0.24,0.68,0.92
1821,1821,100,CC,LITETime,0.06,0.43,0.49
1822,1822,100,CC,LITETime,0.13,0.39,0.52
1823,1823,100,CC,LITETime,0.13,0.47,0.6
1824,1824,100,CC,LITETime,0.13,0.6,0.73
1825,1825,100,CC,LITETime,0.1,0.17,0.07
1826,1826,100,CC,LITETime,0.08000000000000002,0.43,0.51
1827,1827,100,CC,LITETime,0.03999999999999998,0.44,0.48
1828,1828,100,CC,LITETime,0.2300000000000001,0.69,0.92
1829,1829,100,CC,LITETime,0.08000000000000002,0.41,0.49
1830,1830,100,CC,LITETime,0.010000000000000009,0.45,0.46
1831,1831,100,CC,LITETime,0.20999999999999996,0.75,0.96
1832,1832,100,CC,LITETime,0.07,0.38,0.45
1833,1833,100,CC,LITETime,0.03,0.21,0.18
1834,1834,100,CC,LITETime,0.03999999999999998,0.17,0.21
1835,1835,100,CC,LITETime,0.08000000000000002,0.17,0.09
1836,1836,100,CC,LITETime,0.13,0.13,0.0
1837,1837,100,CC,LITETime,0.06,0.37,0.43
1838,1838,100,CC,LITETime,0.18000000000000005,0.58,0.76
1839,1839,100,CC,LITETime,0.19999999999999996,0.53,0.73
1840,1840,100,CC,LITETime,0.14,0.17,0.03
1841,1841,100,CC,LITETime,0.14000000000000007,0.42,0.56
1842,1842,100,CC,LITETime,0.010000000000000009,0.16,0.15
1843,1843,100,CC,LITETime,0.22999999999999998,0.71,0.94
1844,1844,100,CC,LITETime,0.01999999999999999,0.18,0.16
1845,1845,100,CC,LITETime,0.18,0.44,0.62
1846,1846,100,CC,LITETime,0.03999999999999998,0.28,0.32
1847,1847,100,CC,LITETime,0.09999999999999998,0.54,0.64
1848,1848,100,CC,LITETime,0.03999999999999998,0.37,0.41
1849,1849,100,CC,LITETime,0.15000000000000002,0.6,0.75
1850,1850,100,CC,LITETime,0.03,0.26,0.23
1851,1851,100,CC,LITETime,0.26,0.64,0.9
1852,1852,100,CC,LITETime,0.030000000000000027,0.47,0.5
1853,1853,100,CC,LITETime,0.18000000000000005,0.57,0.75
1854,1854,100,CC,LITETime,0.2899999999999999,0.55,0.84
1855,1855,100,CC,LITETime,0.22999999999999998,0.76,0.99
1856,1856,100,CC,LITETime,0.06999999999999998,0.29,0.22
1857,1857,100,CC,LITETime,0.020000000000000018,0.26,0.28
1858,1858,100,CC,LITETime,0.06,0.31,0.25
1859,1859,100,CC,LITETime,0.02999999999999997,0.29,0.26
1860,1860,100,CC,LITETime,0.12999999999999995,0.45,0.58
1861,1861,100,CC,LITETime,0.29000000000000004,0.7,0.99
1862,1862,100,CC,LITETime,0.24,0.75,0.99
1863,1863,100,CC,LITETime,0.12,0.4,0.52
1864,1864,100,CC,LITETime,0.030000000000000027,0.6,0.63
1865,1865,100,CC,LITETime,0.16000000000000003,0.69,0.85
1866,1866,100,CC,LITETime,0.20000000000000007,0.73,0.93
1867,1867,100,CC,LITETime,0.06,0.26,0.2
1868,1868,100,CC,LITETime,0.12,0.4,0.52
1869,1869,100,CC,LITETime,0.21999999999999997,0.61,0.83
1870,1870,100,CC,LITETime,0.030000000000000027,0.33,0.3
1871,1871,100,CC,LITETime,0.09999999999999998,0.33,0.43
1872,1872,100,CC,LITETime,0.24,0.74,0.98
1873,1873,100,CC,LITETime,0.28,0.7,0.98
1874,1874,100,CC,LITETime,0.21000000000000008,0.69,0.9
1875,1875,100,CC,LITETime,0.16000000000000003,0.63,0.79
1876,1876,100,CC,LITETime,0.020000000000000018,0.24,0.26
1877,1877,100,CC,LITETime,0.020000000000000018,0.3,0.32
1878,1878,100,CC,LITETime,0.040000000000000036,0.5,0.54
1879,1879,100,CC,LITETime,0.11000000000000004,0.45,0.56
1880,1880,100,CC,LITETime,0.020000000000000018,0.48,0.5
1881,1881,100,CC,LITETime,0.14,0.49,0.63
1882,1882,100,CC,LITETime,0.010000000000000009,0.39,0.4
1883,1883,100,CC,LITETime,0.15000000000000002,0.59,0.74
1884,1884,100,CC,LITETime,0.010000000000000009,0.32,0.33
1885,1885,100,CC,LITETime,0.010000000000000009,0.34,0.33
1886,1886,100,CC,LITETime,0.05000000000000002,0.17,0.12
1887,1887,100,CC,LITETime,0.13,0.31,0.18
1888,1888,100,CC,LITETime,0.24,0.61,0.85
1889,1889,100,CC,LITETime,0.030000000000000027,0.41,0.44
1890,1890,100,CC,LITETime,0.03,0.25,0.22
1891,1891,100,CC,LITETime,0.13,0.62,0.75
1892,1892,100,CC,LITETime,0.050000000000000044,0.5,0.55
1893,1893,100,CC,LITETime,0.21000000000000002,0.23,0.02
1894,1894,100,CC,LITETime,0.09000000000000002,0.4,0.31
1895,1895,100,CC,LITETime,0.12999999999999998,0.3,0.17
1896,1896,100,CC,LITETime,0.08999999999999997,0.56,0.65
1897,1897,100,CC,LITETime,0.06,0.33,0.27
1898,1898,100,CC,LITETime,0.06,0.12,0.06
1899,1899,100,CC,LITETime,0.09999999999999999,0.15,0.05
1900,1900,100,CC,LITETime,0.09999999999999998,0.48,0.58
1901,1901,100,CC,LITETime,0.12000000000000001,0.14,0.02
1902,1902,100,CC,LITETime,0.25,0.59,0.84
1903,1903,100,CC,LITETime,0.03,0.18,0.15
1904,1904,100,CC,LITETime,0.05999999999999994,0.54,0.6
1905,1905,100,CC,LITETime,0.010000000000000009,0.45,0.44
1906,1906,100,CC,LITETime,0.07,0.37,0.44
1907,1907,100,CC,LITETime,0.09,0.16,0.07
1908,1908,100,CC,LITETime,0.18000000000000005,0.62,0.8
1909,1909,100,CC,LITETime,0.20000000000000007,0.69,0.89
1910,1910,100,CC,LITETime,0.1,0.11,0.01
1911,1911,100,CC,LITETime,0.009999999999999981,0.18,0.17
1912,1912,100,CC,LITETime,0.16000000000000003,0.74,0.9
1913,1913,100,CC,LITETime,0.020000000000000018,0.52,0.54
1914,1914,100,CC,LITETime,0.020000000000000018,0.17,0.15
1915,1915,100,CC,LITETime,0.010000000000000009,0.19,0.2
1916,1916,100,CC,LITETime,0.17000000000000004,0.48,0.65
1917,1917,100,CC,LITETime,0.15000000000000002,0.57,0.72
1918,1918,100,CC,LITETime,0.12,0.47,0.59
1919,1919,100,CC,LITETime,0.2699999999999999,0.68,0.95
1920,1920,100,CC,LITETime,0.08999999999999997,0.4,0.49
1921,1921,100,CC,LITETime,0.010000000000000009,0.31,0.3
1922,1922,100,CC,LITETime,0.06999999999999995,0.4,0.47
1923,1923,100,CC,LITETime,0.009999999999999953,0.34,0.35
1924,1924,100,CC,LITETime,0.04000000000000001,0.26,0.22
1925,1925,100,CC,LITETime,0.10999999999999999,0.15,0.04
1926,1926,100,CC,LITETime,0.040000000000000036,0.39,0.35
1927,1927,100,CC,LITETime,0.15999999999999992,0.55,0.71
1928,1928,100,CC,LITETime,0.1,0.11,0.01
1929,1929,100,CC,LITETime,0.020000000000000018,0.45,0.43
1930,1930,100,CC,LITETime,0.14,0.5,0.64
1931,1931,100,CC,LITETime,0.07999999999999996,0.53,0.61
1932,1932,100,CC,LITETime,0.20999999999999996,0.56,0.77
1933,1933,100,CC,LITETime,0.27,0.54,0.81
1934,1934,100,CC,LITETime,0.10999999999999999,0.6,0.71
1935,1935,100,CC,LITETime,0.1,0.2,0.1
1936,1936,100,CC,LITETime,0.07999999999999996,0.39,0.47
1937,1937,100,CC,LITETime,0.14999999999999997,0.45,0.6
1938,1938,100,CC,LITETime,0.06,0.3,0.24
1939,1939,100,CC,LITETime,0.16999999999999998,0.21,0.04
1940,1940,100,CC,LITETime,0.04999999999999999,0.17,0.22
1941,1941,100,CC,LITETime,0.08000000000000002,0.37,0.45
1942,1942,100,CC,LITETime,0.09999999999999998,0.31,0.41
1943,1943,100,CC,LITETime,0.1,0.27,0.17
1944,1944,100,CC,LITETime,0.15999999999999992,0.66,0.82
1945,1945,100,CC,LITETime,0.19000000000000006,0.73,0.92
1946,1946,100,CC,LITETime,0.009999999999999981,0.21,0.2
1947,1947,100,CC,LITETime,0.2300000000000001,0.69,0.92
1948,1948,100,CC,LITETime,0.15,0.16,0.01
1949,1949,100,CC,LITETime,0.17000000000000004,0.75,0.92
1950,1950,100,CC,LITETime,0.21999999999999997,0.73,0.95
1951,1951,100,CC,LITETime,0.09000000000000001,0.1,0.01
1952,1952,100,CC,LITETime,0.15000000000000002,0.61,0.76
1953,1953,100,CC,LITETime,0.18999999999999995,0.78,0.97
1954,1954,100,CC,LITETime,0.19000000000000006,0.71,0.9
1955,1955,100,CC,LITETime,0.28,0.69,0.97
1956,1956,100,CC,LITETime,0.09000000000000002,0.46,0.55
1957,1957,100,CC,LITETime,0.10999999999999999,0.18,0.07
1958,1958,100,CC,LITETime,0.26,0.58,0.84
1959,1959,100,CC,LITETime,0.07999999999999996,0.53,0.61
1960,1960,100,CC,LITETime,0.13,0.48,0.61
1961,1961,100,CC,LITETime,0.07999999999999996,0.33,0.41
1962,1962,100,CC,LITETime,0.039999999999999925,0.53,0.57
1963,1963,100,CC,LITETime,0.1,0.25,0.15
1964,1964,100,CC,LITETime,0.10999999999999999,0.62,0.73
1965,1965,100,CC,LITETime,0.09,0.16,0.07
1966,1966,100,CC,LITETime,0.15999999999999992,0.56,0.72
1967,1967,100,CC,LITETime,0.20999999999999996,0.63,0.84
1968,1968,100,CC,LITETime,0.06,0.41,0.47
1969,1969,100,CC,LITETime,0.06,0.44,0.5
1970,1970,100,CC,LITETime,0.03999999999999998,0.27,0.31
1971,1971,100,CC,LITETime,0.21999999999999997,0.74,0.96
1972,1972,100,CC,LITETime,0.15000000000000002,0.58,0.73
1973,1973,100,CC,LITETime,0.03999999999999998,0.32,0.36
1974,1974,100,CC,LITETime,0.11000000000000001,0.28,0.17
1975,1975,100,CC,LITETime,0.020000000000000018,0.23,0.21
1976,1976,100,CC,LITETime,0.02999999999999997,0.49,0.46
1977,1977,100,CC,LITETime,0.21999999999999997,0.72,0.94
1978,1978,100,CC,LITETime,0.20999999999999996,0.52,0.73
1979,1979,100,CC,LITETime,0.07000000000000003,0.28,0.21
1980,1980,100,CC,LITETime,0.21999999999999997,0.63,0.85
1981,1981,100,CC,LITETime,0.010000000000000009,0.38,0.37
1982,1982,100,CC,LITETime,0.15000000000000002,0.7,0.85
1983,1983,100,CC,LITETime,0.010000000000000009,0.25,0.24
1984,1984,100,CC,LITETime,0.10999999999999999,0.5,0.61
1985,1985,100,CC,LITETime,0.20000000000000007,0.72,0.92
1986,1986,100,CC,LITETime,0.010000000000000009,0.24,0.25
1987,1987,100,CC,LITETime,0.08999999999999997,0.6,0.69
1988,1988,100,CC,LITETime,0.29000000000000004,0.69,0.98
1989,1989,100,CC,LITETime,0.05000000000000002,0.2,0.15
1990,1990,100,CC,LITETime,0.11,0.19,0.08
1991,1991,100,CC,LITETime,0.13,0.54,0.67
1992,1992,100,CC,LITETime,0.04999999999999999,0.38,0.33
1993,1993,100,CC,LITETime,0.13999999999999999,0.21,0.07
1994,1994,100,CC,LITETime,0.02999999999999997,0.44,0.47
1995,1995,100,CC,LITETime,0.07999999999999996,0.67,0.75
1996,1996,100,CC,LITETime,0.009999999999999953,0.29,0.28
1997,1997,100,CC,LITETime,0.019999999999999962,0.35,0.33
1998,1998,100,CC,LITETime,0.24,0.6,0.84
1999,1999,100,CC,LITETime,0.030000000000000027,0.49,0.52
2000,0,200,CC,LITETime,0.19000000000000006,0.58,0.77
2001,1,200,CC,LITETime,0.025000000000000022,0.41,0.435
2002,2,200,CC,LITETime,0.17999999999999994,0.675,0.855
2003,3,200,CC,LITETime,0.11499999999999999,0.58,0.695
2004,4,200,CC,LITETime,0.09,0.18,0.09
2005,5,200,CC,LITETime,0.26,0.715,0.975
2006,6,200,CC,LITETime,0.13,0.63,0.76
2007,7,200,CC,LITETime,0.14500000000000002,0.64,0.785
2008,8,200,CC,LITETime,0.04999999999999999,0.175,0.125
2009,9,200,CC,LITETime,0.044999999999999984,0.405,0.45
2010,10,200,CC,LITETime,0.0050000000000000044,0.375,0.37
2011,11,200,CC,LITETime,0.2350000000000001,0.69,0.925
2012,12,200,CC,LITETime,0.06500000000000006,0.575,0.64
2013,13,200,CC,LITETime,0.19999999999999996,0.62,0.82
2014,14,200,CC,LITETime,0.034999999999999976,0.405,0.44
2015,15,200,CC,LITETime,0.05500000000000002,0.28,0.225
2016,16,200,CC,LITETime,0.07500000000000007,0.475,0.55
2017,17,200,CC,LITETime,0.095,0.155,0.06
2018,18,200,CC,LITETime,0.19499999999999995,0.63,0.825
2019,19,200,CC,LITETime,0.11499999999999999,0.515,0.63
2020,20,200,CC,LITETime,0.13,0.625,0.755
2021,21,200,CC,LITETime,0.014999999999999958,0.335,0.35
2022,22,200,CC,LITETime,0.265,0.705,0.97
2023,23,200,CC,LITETime,0.245,0.645,0.89
2024,24,200,CC,LITETime,0.15000000000000002,0.625,0.775
2025,25,200,CC,LITETime,0.07500000000000001,0.265,0.19
2026,26,200,CC,LITETime,0.06,0.405,0.465
2027,27,200,CC,LITETime,0.09,0.13,0.04
2028,28,200,CC,LITETime,0.08000000000000002,0.23,0.15
2029,29,200,CC,LITETime,0.14,0.54,0.68
2030,30,200,CC,LITETime,0.10999999999999999,0.63,0.74
2031,31,200,CC,LITETime,0.25,0.715,0.965
2032,32,200,CC,LITETime,0.0050000000000000044,0.33,0.325
2033,33,200,CC,LITETime,0.020000000000000018,0.35,0.37
2034,34,200,CC,LITETime,0.0050000000000000044,0.46,0.465
2035,35,200,CC,LITETime,0.08500000000000002,0.27,0.185
2036,36,200,CC,LITETime,0.14500000000000002,0.27,0.125
2037,37,200,CC,LITETime,0.06999999999999995,0.405,0.475
2038,38,200,CC,LITETime,0.014999999999999986,0.24,0.225
2039,39,200,CC,LITETime,0.13,0.535,0.665
2040,40,200,CC,LITETime,0.0050000000000000044,0.44,0.435
2041,41,200,CC,LITETime,0.21499999999999997,0.615,0.83
2042,42,200,CC,LITETime,0.125,0.575,0.7
2043,43,200,CC,LITETime,0.05499999999999999,0.365,0.31
2044,44,200,CC,LITETime,0.20499999999999996,0.625,0.83
2045,45,200,CC,LITETime,0.14500000000000002,0.655,0.8
2046,46,200,CC,LITETime,0.010000000000000009,0.375,0.385
2047,47,200,CC,LITETime,0.030000000000000027,0.315,0.285
2048,48,200,CC,LITETime,0.10000000000000009,0.58,0.68
2049,49,200,CC,LITETime,0.06,0.195,0.135
2050,50,200,CC,LITETime,0.09999999999999998,0.295,0.195
2051,51,200,CC,LITETime,0.135,0.14,0.005
2052,52,200,CC,LITETime,0.19000000000000006,0.595,0.785
2053,53,200,CC,LITETime,0.14,0.52,0.66
2054,54,200,CC,LITETime,0.09499999999999997,0.61,0.705
2055,55,200,CC,LITETime,0.19000000000000006,0.59,0.78
2056,56,200,CC,LITETime,0.09000000000000002,0.365,0.455
2057,57,200,CC,LITETime,0.014999999999999902,0.55,0.565
2058,58,200,CC,LITETime,0.03,0.165,0.135
2059,59,200,CC,LITETime,0.06999999999999999,0.18,0.11
2060,60,200,CC,LITETime,0.135,0.53,0.665
2061,61,200,CC,LITETime,0.0,0.47,0.47
2062,62,200,CC,LITETime,0.039999999999999925,0.525,0.565
2063,63,200,CC,LITETime,0.11499999999999999,0.645,0.76
2064,64,200,CC,LITETime,0.18,0.45,0.63
2065,65,200,CC,LITETime,0.08000000000000007,0.47,0.55
2066,66,200,CC,LITETime,0.08500000000000008,0.47,0.555
2067,67,200,CC,LITETime,0.010000000000000009,0.31,0.3
2068,68,200,CC,LITETime,0.1,0.13,0.03
2069,69,200,CC,LITETime,0.020000000000000018,0.415,0.435
2070,70,200,CC,LITETime,0.03,0.24,0.21
2071,71,200,CC,LITETime,0.015000000000000013,0.39,0.405
2072,72,200,CC,LITETime,0.17999999999999994,0.67,0.85
2073,73,200,CC,LITETime,0.024999999999999994,0.255,0.23
2074,74,200,CC,LITETime,0.15,0.205,0.055
2075,75,200,CC,LITETime,0.05499999999999999,0.335,0.28
2076,76,200,CC,LITETime,0.05499999999999999,0.345,0.29
2077,77,200,CC,LITETime,0.09999999999999998,0.56,0.66
2078,78,200,CC,LITETime,0.08500000000000008,0.47,0.555
2079,79,200,CC,LITETime,0.16500000000000004,0.615,0.78
2080,80,200,CC,LITETime,0.18500000000000005,0.475,0.66
2081,81,200,CC,LITETime,0.014999999999999958,0.42,0.405
2082,82,200,CC,LITETime,0.19000000000000006,0.62,0.81
2083,83,200,CC,LITETime,0.07499999999999998,0.24,0.165
2084,84,200,CC,LITETime,0.135,0.155,0.02
2085,85,200,CC,LITETime,0.12,0.21,0.09
2086,86,200,CC,LITETime,0.14,0.58,0.72
2087,87,200,CC,LITETime,0.0050000000000000044,0.455,0.46
2088,88,200,CC,LITETime,0.05499999999999999,0.215,0.16
2089,89,200,CC,LITETime,0.044999999999999984,0.455,0.5
2090,90,200,CC,LITETime,0.07500000000000001,0.225,0.15
2091,91,200,CC,LITETime,0.10499999999999998,0.59,0.695
2092,92,200,CC,LITETime,0.030000000000000027,0.415,0.445
2093,93,200,CC,LITETime,0.015000000000000013,0.365,0.38
2094,94,200,CC,LITETime,0.010000000000000009,0.31,0.3
2095,95,200,CC,LITETime,0.07999999999999996,0.55,0.63
2096,96,200,CC,LITETime,0.024999999999999967,0.335,0.36
2097,97,200,CC,LITETime,0.14,0.225,0.085
2098,98,200,CC,LITETime,0.09999999999999999,0.215,0.115
2099,99,200,CC,LITETime,0.245,0.715,0.96
2100,100,200,CC,LITETime,0.265,0.64,0.905
2101,101,200,CC,LITETime,0.15999999999999992,0.535,0.695
2102,102,200,CC,LITETime,0.08499999999999996,0.35,0.265
2103,103,200,CC,LITETime,0.26,0.705,0.965
2104,104,200,CC,LITETime,0.17000000000000004,0.605,0.775
2105,105,200,CC,LITETime,0.13,0.585,0.715
2106,106,200,CC,LITETime,0.020000000000000018,0.425,0.445
2107,107,200,CC,LITETime,0.044999999999999984,0.315,0.27
2108,108,200,CC,LITETime,0.095,0.19,0.095
2109,109,200,CC,LITETime,0.17000000000000004,0.73,0.9
2110,110,200,CC,LITETime,0.05499999999999999,0.4,0.455
2111,111,200,CC,LITETime,0.03999999999999998,0.24,0.2
2112,112,200,CC,LITETime,0.03500000000000003,0.34,0.305
2113,113,200,CC,LITETime,0.09999999999999998,0.475,0.575
2114,114,200,CC,LITETime,0.10500000000000004,0.28,0.175
2115,115,200,CC,LITETime,0.15500000000000003,0.7,0.855
2116,116,200,CC,LITETime,0.125,0.63,0.755
2117,117,200,CC,LITETime,0.09999999999999998,0.615,0.715
2118,118,200,CC,LITETime,0.0050000000000000044,0.425,0.43
2119,119,200,CC,LITETime,0.11499999999999999,0.51,0.625
2120,120,200,CC,LITETime,0.10499999999999998,0.475,0.58
2121,121,200,CC,LITETime,0.14500000000000002,0.5,0.645
2122,122,200,CC,LITETime,0.08,0.16,0.08
2123,123,200,CC,LITETime,0.03999999999999998,0.375,0.415
2124,124,200,CC,LITETime,0.09,0.13,0.04
2125,125,200,CC,LITETime,0.034999999999999976,0.455,0.49
2126,126,200,CC,LITETime,0.019999999999999962,0.345,0.325
2127,127,200,CC,LITETime,0.06499999999999997,0.205,0.14
2128,128,200,CC,LITETime,0.06,0.16,0.1
2129,129,200,CC,LITETime,0.07499999999999996,0.51,0.585
2130,130,200,CC,LITETime,0.06999999999999998,0.24,0.17
2131,131,200,CC,LITETime,0.18000000000000005,0.745,0.925
2132,132,200,CC,LITETime,0.05999999999999994,0.52,0.58
2133,133,200,CC,LITETime,0.009999999999999953,0.335,0.345
2134,134,200,CC,LITETime,0.07999999999999996,0.51,0.59
2135,135,200,CC,LITETime,0.105,0.125,0.02
2136,136,200,CC,LITETime,0.22499999999999998,0.73,0.955
2137,137,200,CC,LITETime,0.025000000000000022,0.505,0.48
2138,138,200,CC,LITETime,0.21999999999999997,0.56,0.78
2139,139,200,CC,LITETime,0.06499999999999999,0.145,0.08
2140,140,200,CC,LITETime,0.09499999999999997,0.39,0.485
2141,141,200,CC,LITETime,0.08000000000000002,0.41,0.49
2142,142,200,CC,LITETime,0.2300000000000001,0.705,0.935
2143,143,200,CC,LITETime,0.07999999999999996,0.49,0.57
2144,144,200,CC,LITETime,0.07499999999999996,0.395,0.47
2145,145,200,CC,LITETime,0.015000000000000013,0.28,0.265
2146,146,200,CC,LITETime,0.05499999999999999,0.385,0.33
2147,147,200,CC,LITETime,0.10500000000000004,0.415,0.52
2148,148,200,CC,LITETime,0.034999999999999976,0.4,0.435
2149,149,200,CC,LITETime,0.155,0.175,0.02
2150,150,200,CC,LITETime,0.1399999999999999,0.685,0.825
2151,151,200,CC,LITETime,0.20500000000000007,0.69,0.895
2152,152,200,CC,LITETime,0.10499999999999998,0.245,0.14
2153,153,200,CC,LITETime,0.04500000000000004,0.505,0.55
2154,154,200,CC,LITETime,0.075,0.18,0.105
2155,155,200,CC,LITETime,0.13,0.54,0.67
2156,156,200,CC,LITETime,0.07499999999999996,0.355,0.28
2157,157,200,CC,LITETime,0.16000000000000003,0.495,0.655
2158,158,200,CC,LITETime,0.18499999999999994,0.54,0.725
2159,159,200,CC,LITETime,0.11499999999999999,0.65,0.765
2160,160,200,CC,LITETime,0.085,0.19,0.105
2161,161,200,CC,LITETime,0.24,0.675,0.915
2162,162,200,CC,LITETime,0.07999999999999999,0.31,0.23
2163,163,200,CC,LITETime,0.13,0.165,0.035
2164,164,200,CC,LITETime,0.09500000000000003,0.455,0.55
2165,165,200,CC,LITETime,0.010000000000000009,0.36,0.37
2166,166,200,CC,LITETime,0.15999999999999992,0.665,0.825
2167,167,200,CC,LITETime,0.15000000000000002,0.655,0.805
2168,168,200,CC,LITETime,0.0,0.315,0.315
2169,169,200,CC,LITETime,0.20999999999999996,0.74,0.95
2170,170,200,CC,LITETime,0.020000000000000018,0.31,0.29
2171,171,200,CC,LITETime,0.08000000000000002,0.435,0.515
2172,172,200,CC,LITETime,0.065,0.32,0.255
2173,173,200,CC,LITETime,0.2300000000000001,0.705,0.935
2174,174,200,CC,LITETime,0.10500000000000001,0.265,0.16
2175,175,200,CC,LITETime,0.12,0.16,0.04
2176,176,200,CC,LITETime,0.09999999999999998,0.335,0.435
2177,177,200,CC,LITETime,0.26,0.73,0.99
2178,178,200,CC,LITETime,0.21499999999999997,0.675,0.89
2179,179,200,CC,LITETime,0.11499999999999999,0.63,0.745
2180,180,200,CC,LITETime,0.16000000000000003,0.73,0.89
2181,181,200,CC,LITETime,0.21999999999999997,0.67,0.89
2182,182,200,CC,LITETime,0.06,0.455,0.515
2183,183,200,CC,LITETime,0.02999999999999997,0.345,0.315
2184,184,200,CC,LITETime,0.14,0.63,0.77
2185,185,200,CC,LITETime,0.07000000000000006,0.59,0.66
2186,186,200,CC,LITETime,0.04999999999999999,0.32,0.37
2187,187,200,CC,LITETime,0.095,0.185,0.09
2188,188,200,CC,LITETime,0.14,0.605,0.745
2189,189,200,CC,LITETime,0.024999999999999967,0.285,0.26
2190,190,200,CC,LITETime,0.19000000000000006,0.745,0.935
2191,191,200,CC,LITETime,0.04999999999999999,0.29,0.24
2192,192,200,CC,LITETime,0.125,0.245,0.12
2193,193,200,CC,LITETime,0.1499999999999999,0.68,0.83
2194,194,200,CC,LITETime,0.11000000000000001,0.26,0.15
2195,195,200,CC,LITETime,0.07,0.245,0.175
2196,196,200,CC,LITETime,0.10499999999999998,0.49,0.595
2197,197,200,CC,LITETime,0.27,0.6,0.87
2198,198,200,CC,LITETime,0.05499999999999999,0.25,0.195
2199,199,200,CC,LITETime,0.044999999999999984,0.355,0.31
2200,200,200,CC,LITETime,0.235,0.54,0.775
2201,201,200,CC,LITETime,0.28,0.69,0.97
2202,202,200,CC,LITETime,0.10499999999999998,0.395,0.5
2203,203,200,CC,LITETime,0.03999999999999998,0.18,0.14
2204,204,200,CC,LITETime,0.145,0.155,0.01
2205,205,200,CC,LITETime,0.05999999999999997,0.285,0.225
2206,206,200,CC,LITETime,0.10499999999999998,0.235,0.13
2207,207,200,CC,LITETime,0.13,0.545,0.675
2208,208,200,CC,LITETime,0.08499999999999999,0.205,0.12
2209,209,200,CC,LITETime,0.09500000000000003,0.41,0.505
2210,210,200,CC,LITETime,0.17499999999999993,0.515,0.69
2211,211,200,CC,LITETime,0.07499999999999996,0.505,0.58
2212,212,200,CC,LITETime,0.009999999999999981,0.205,0.195
2213,213,200,CC,LITETime,0.13,0.67,0.8
2214,214,200,CC,LITETime,0.125,0.59,0.715
2215,215,200,CC,LITETime,0.17000000000000004,0.565,0.735
2216,216,200,CC,LITETime,0.07999999999999999,0.21,0.13
2217,217,200,CC,LITETime,0.11499999999999999,0.235,0.12
2218,218,200,CC,LITETime,0.19500000000000006,0.73,0.925
2219,219,200,CC,LITETime,0.0050000000000000044,0.39,0.395
2220,220,200,CC,LITETime,0.010000000000000009,0.29,0.3
2221,221,200,CC,LITETime,0.07,0.415,0.485
2222,222,200,CC,LITETime,0.15000000000000002,0.51,0.66
2223,223,200,CC,LITETime,0.2799999999999999,0.675,0.955
2224,224,200,CC,LITETime,0.019999999999999962,0.265,0.285
2225,225,200,CC,LITETime,0.20500000000000007,0.715,0.92
2226,226,200,CC,LITETime,0.12000000000000001,0.14,0.02
2227,227,200,CC,LITETime,0.11000000000000004,0.445,0.555
2228,228,200,CC,LITETime,0.09499999999999997,0.535,0.63
2229,229,200,CC,LITETime,0.105,0.21,0.105
2230,230,200,CC,LITETime,0.09999999999999998,0.24,0.14
2231,231,200,CC,LITETime,0.02999999999999997,0.385,0.415
2232,232,200,CC,LITETime,0.245,0.72,0.965
2233,233,200,CC,LITETime,0.05999999999999994,0.535,0.595
2234,234,200,CC,LITETime,0.17500000000000004,0.755,0.93
2235,235,200,CC,LITETime,0.20000000000000007,0.6,0.8
2236,236,200,CC,LITETime,0.05500000000000005,0.41,0.465
2237,237,200,CC,LITETime,0.18500000000000005,0.595,0.78
2238,238,200,CC,LITETime,0.1,0.115,0.015
2239,239,200,CC,LITETime,0.06000000000000001,0.165,0.105
2240,240,200,CC,LITETime,0.17999999999999994,0.645,0.825
2241,241,200,CC,LITETime,0.19500000000000006,0.6,0.795
2242,242,200,CC,LITETime,0.05000000000000002,0.28,0.23
2243,243,200,CC,LITETime,0.10500000000000004,0.425,0.53
2244,244,200,CC,LITETime,0.10999999999999999,0.495,0.605
2245,245,200,CC,LITETime,0.22499999999999998,0.64,0.865
2246,246,200,CC,LITETime,0.05999999999999994,0.54,0.6
2247,247,200,CC,LITETime,0.02999999999999997,0.38,0.41
2248,248,200,CC,LITETime,0.015000000000000013,0.385,0.37
2249,249,200,CC,LITETime,0.0050000000000000044,0.42,0.425
2250,250,200,CC,LITETime,0.135,0.515,0.65
2251,251,200,CC,LITETime,0.25,0.615,0.865
2252,252,200,CC,LITETime,0.07500000000000001,0.375,0.45
2253,253,200,CC,LITETime,0.025000000000000022,0.27,0.245
2254,254,200,CC,LITETime,0.025000000000000022,0.26,0.235
2255,255,200,CC,LITETime,0.10999999999999999,0.635,0.745
2256,256,200,CC,LITETime,0.17499999999999993,0.64,0.815
2257,257,200,CC,LITETime,0.08,0.185,0.105
2258,258,200,CC,LITETime,0.1,0.165,0.065
2259,259,200,CC,LITETime,0.08499999999999996,0.505,0.59
2260,260,200,CC,LITETime,0.095,0.24,0.145
2261,261,200,CC,LITETime,0.16499999999999992,0.655,0.82
2262,262,200,CC,LITETime,0.010000000000000009,0.3,0.31
2263,263,200,CC,LITETime,0.10999999999999999,0.25,0.14
2264,264,200,CC,LITETime,0.17500000000000004,0.745,0.92
2265,265,200,CC,LITETime,0.09,0.255,0.165
2266,266,200,CC,LITETime,0.034999999999999976,0.315,0.28
2267,267,200,CC,LITETime,0.09,0.24,0.15
2268,268,200,CC,LITETime,0.11,0.225,0.115
2269,269,200,CC,LITETime,0.09999999999999999,0.12,0.02
2270,270,200,CC,LITETime,0.14500000000000002,0.2,0.055
2271,271,200,CC,LITETime,0.03,0.2,0.17
2272,272,200,CC,LITETime,0.09999999999999999,0.15,0.05
2273,273,200,CC,LITETime,0.10999999999999999,0.48,0.59
2274,274,200,CC,LITETime,0.14,0.54,0.68
2275,275,200,CC,LITETime,0.09000000000000002,0.3,0.39
2276,276,200,CC,LITETime,0.020000000000000018,0.295,0.315
2277,277,200,CC,LITETime,0.09000000000000002,0.41,0.5
2278,278,200,CC,LITETime,0.17500000000000004,0.7,0.875
2279,279,200,CC,LITETime,0.235,0.615,0.85
2280,280,200,CC,LITETime,0.145,0.185,0.04
2281,281,200,CC,LITETime,0.05499999999999999,0.235,0.18
2282,282,200,CC,LITETime,0.04500000000000004,0.28,0.235
2283,283,200,CC,LITETime,0.020000000000000018,0.265,0.245
2284,284,200,CC,LITETime,0.07499999999999996,0.495,0.57
2285,285,200,CC,LITETime,0.02999999999999997,0.385,0.415
2286,286,200,CC,LITETime,0.12000000000000001,0.165,0.045
2287,287,200,CC,LITETime,0.025000000000000022,0.395,0.37
2288,288,200,CC,LITETime,0.010000000000000009,0.51,0.52
2289,289,200,CC,LITETime,0.065,0.165,0.1
2290,290,200,CC,LITETime,0.17499999999999993,0.655,0.83
2291,291,200,CC,LITETime,0.12000000000000001,0.17,0.05
2292,292,200,CC,LITETime,0.2300000000000001,0.69,0.92
2293,293,200,CC,LITETime,0.1,0.195,0.095
2294,294,200,CC,LITETime,0.18999999999999995,0.65,0.84
2295,295,200,CC,LITETime,0.19500000000000006,0.705,0.9
2296,296,200,CC,LITETime,0.26,0.715,0.975
2297,297,200,CC,LITETime,0.2300000000000001,0.57,0.8
2298,298,200,CC,LITETime,0.14,0.635,0.775
2299,299,200,CC,LITETime,0.12,0.52,0.64
2300,300,200,CC,LITETime,0.16000000000000003,0.615,0.775
2301,301,200,CC,LITETime,0.095,0.225,0.13
2302,302,200,CC,LITETime,0.07,0.465,0.535
2303,303,200,CC,LITETime,0.08000000000000002,0.43,0.51
2304,304,200,CC,LITETime,0.135,0.72,0.855
2305,305,200,CC,LITETime,0.07,0.39,0.46
2306,306,200,CC,LITETime,0.06,0.325,0.385
2307,307,200,CC,LITETime,0.10999999999999999,0.525,0.635
2308,308,200,CC,LITETime,0.024999999999999967,0.29,0.265
2309,309,200,CC,LITETime,0.05499999999999999,0.19,0.135
2310,310,200,CC,LITETime,0.065,0.41,0.475
2311,311,200,CC,LITETime,0.0050000000000000044,0.41,0.415
2312,312,200,CC,LITETime,0.09,0.32,0.23
2313,313,200,CC,LITETime,0.020000000000000018,0.345,0.365
2314,314,200,CC,LITETime,0.015000000000000013,0.38,0.365
2315,315,200,CC,LITETime,0.019999999999999962,0.345,0.325
2316,316,200,CC,LITETime,0.020000000000000018,0.395,0.375
2317,317,200,CC,LITETime,0.13,0.555,0.685
2318,318,200,CC,LITETime,0.04999999999999999,0.345,0.295
2319,319,200,CC,LITETime,0.20999999999999996,0.735,0.945
2320,320,200,CC,LITETime,0.19000000000000006,0.725,0.915
2321,321,200,CC,LITETime,0.014999999999999958,0.465,0.48
2322,322,200,CC,LITETime,0.03500000000000003,0.29,0.325
2323,323,200,CC,LITETime,0.11500000000000005,0.42,0.535
2324,324,200,CC,LITETime,0.21499999999999997,0.63,0.845
2325,325,200,CC,LITETime,0.08000000000000007,0.57,0.65
2326,326,200,CC,LITETime,0.2250000000000001,0.575,0.8
2327,327,200,CC,LITETime,0.025000000000000022,0.505,0.53
2328,328,200,CC,LITETime,0.10999999999999999,0.52,0.63
2329,329,200,CC,LITETime,0.030000000000000027,0.315,0.285
2330,330,200,CC,LITETime,0.13,0.6,0.73
2331,331,200,CC,LITETime,0.09499999999999997,0.295,0.2
2332,332,200,CC,LITETime,0.1299999999999999,0.56,0.69
2333,333,200,CC,LITETime,0.12,0.74,0.86
2334,334,200,CC,LITETime,0.08499999999999999,0.215,0.13
2335,335,200,CC,LITETime,0.13,0.48,0.61
2336,336,200,CC,LITETime,0.11499999999999999,0.21,0.095
2337,337,200,CC,LITETime,0.16000000000000003,0.565,0.725
2338,338,200,CC,LITETime,0.12499999999999999,0.205,0.08
2339,339,200,CC,LITETime,0.2350000000000001,0.7,0.935
2340,340,200,CC,LITETime,0.06999999999999998,0.205,0.135
2341,341,200,CC,LITETime,0.26,0.695,0.955
2342,342,200,CC,LITETime,0.16000000000000003,0.64,0.8
2343,343,200,CC,LITETime,0.07999999999999996,0.51,0.59
2344,344,200,CC,LITETime,0.135,0.645,0.78
2345,345,200,CC,LITETime,0.20000000000000007,0.595,0.795
2346,346,200,CC,LITETime,0.24,0.705,0.945
2347,347,200,CC,LITETime,0.05499999999999999,0.305,0.25
2348,348,200,CC,LITETime,0.11499999999999999,0.475,0.59
2349,349,200,CC,LITETime,0.10999999999999999,0.205,0.095
2350,350,200,CC,LITETime,0.040000000000000036,0.575,0.615
2351,351,200,CC,LITETime,0.1,0.27,0.17
2352,352,200,CC,LITETime,0.10500000000000004,0.455,0.56
2353,353,200,CC,LITETime,0.07999999999999996,0.49,0.57
2354,354,200,CC,LITETime,0.09000000000000002,0.375,0.465
2355,355,200,CC,LITETime,0.12,0.4,0.52
2356,356,200,CC,LITETime,0.14,0.62,0.76
2357,357,200,CC,LITETime,0.11499999999999999,0.68,0.795
2358,358,200,CC,LITETime,0.03999999999999998,0.45,0.49
2359,359,200,CC,LITETime,0.08999999999999997,0.505,0.595
2360,360,200,CC,LITETime,0.21500000000000008,0.715,0.93
2361,361,200,CC,LITETime,0.105,0.22,0.115
2362,362,200,CC,LITETime,0.06999999999999999,0.185,0.115
2363,363,200,CC,LITETime,0.105,0.19,0.085
2364,364,200,CC,LITETime,0.10499999999999998,0.55,0.655
2365,365,200,CC,LITETime,0.014999999999999958,0.4,0.415
2366,366,200,CC,LITETime,0.15000000000000002,0.62,0.77
2367,367,200,CC,LITETime,0.11499999999999999,0.555,0.67
2368,368,200,CC,LITETime,0.019999999999999962,0.35,0.33
2369,369,200,CC,LITETime,0.20000000000000007,0.695,0.895
2370,370,200,CC,LITETime,0.15500000000000003,0.605,0.76
2371,371,200,CC,LITETime,0.05499999999999999,0.325,0.27
2372,372,200,CC,LITETime,0.06,0.42,0.36
2373,373,200,CC,LITETime,0.010000000000000009,0.32,0.31
2374,374,200,CC,LITETime,0.07999999999999999,0.235,0.155
2375,375,200,CC,LITETime,0.1,0.245,0.145
2376,376,200,CC,LITETime,0.18500000000000005,0.75,0.935
2377,377,200,CC,LITETime,0.025000000000000022,0.41,0.435
2378,378,200,CC,LITETime,0.020000000000000018,0.36,0.38
2379,379,200,CC,LITETime,0.125,0.6,0.725
2380,380,200,CC,LITETime,0.10000000000000003,0.45,0.55
2381,381,200,CC,LITETime,0.19500000000000006,0.74,0.935
2382,382,200,CC,LITETime,0.22999999999999998,0.55,0.78
2383,383,200,CC,LITETime,0.05499999999999999,0.42,0.475
2384,384,200,CC,LITETime,0.0050000000000000044,0.37,0.375
2385,385,200,CC,LITETime,0.25,0.735,0.985
2386,386,200,CC,LITETime,0.17999999999999994,0.535,0.715
2387,387,200,CC,LITETime,0.20999999999999996,0.74,0.95
2388,388,200,CC,LITETime,0.09999999999999999,0.215,0.115
2389,389,200,CC,LITETime,0.17499999999999993,0.675,0.85
2390,390,200,CC,LITETime,0.14,0.495,0.635
2391,391,200,CC,LITETime,0.09,0.21,0.12
2392,392,200,CC,LITETime,0.07999999999999996,0.505,0.585
2393,393,200,CC,LITETime,0.15500000000000003,0.53,0.685
2394,394,200,CC,LITETime,0.13,0.14,0.01
2395,395,200,CC,LITETime,0.030000000000000027,0.42,0.45
2396,396,200,CC,LITETime,0.18499999999999994,0.64,0.825
2397,397,200,CC,LITETime,0.010000000000000009,0.285,0.295
2398,398,200,CC,LITETime,0.040000000000000036,0.415,0.455
2399,399,200,CC,LITETime,0.010000000000000009,0.45,0.44
2400,400,200,CC,LITETime,0.04999999999999999,0.35,0.3
2401,401,200,CC,LITETime,0.24,0.675,0.915
2402,402,200,CC,LITETime,0.17000000000000004,0.61,0.78
2403,403,200,CC,LITETime,0.105,0.215,0.11
2404,404,200,CC,LITETime,0.18999999999999995,0.805,0.995
2405,405,200,CC,LITETime,0.16000000000000003,0.715,0.875
2406,406,200,CC,LITETime,0.034999999999999976,0.315,0.28
2407,407,200,CC,LITETime,0.21999999999999997,0.615,0.835
2408,408,200,CC,LITETime,0.14,0.245,0.105
2409,409,200,CC,LITETime,0.26,0.735,0.995
2410,410,200,CC,LITETime,0.135,0.53,0.665
2411,411,200,CC,LITETime,0.135,0.515,0.65
2412,412,200,CC,LITETime,0.12,0.21,0.09
2413,413,200,CC,LITETime,0.18000000000000005,0.715,0.895
2414,414,200,CC,LITETime,0.125,0.15,0.025
2415,415,200,CC,LITETime,0.0,0.24,0.24
2416,416,200,CC,LITETime,0.08499999999999999,0.225,0.14
2417,417,200,CC,LITETime,0.13,0.645,0.775
2418,418,200,CC,LITETime,0.035,0.23,0.195
2419,419,200,CC,LITETime,0.19500000000000006,0.715,0.91
2420,420,200,CC,LITETime,0.09000000000000008,0.565,0.655
2421,421,200,CC,LITETime,0.11499999999999999,0.15,0.035
2422,422,200,CC,LITETime,0.145,0.15,0.005
2423,423,200,CC,LITETime,0.115,0.165,0.05
2424,424,200,CC,LITETime,0.135,0.47,0.605
2425,425,200,CC,LITETime,0.18500000000000005,0.615,0.8
2426,426,200,CC,LITETime,0.06,0.295,0.235
2427,427,200,CC,LITETime,0.15999999999999992,0.685,0.845
2428,428,200,CC,LITETime,0.11000000000000001,0.165,0.055
2429,429,200,CC,LITETime,0.18500000000000005,0.615,0.8
2430,430,200,CC,LITETime,0.255,0.67,0.925
2431,431,200,CC,LITETime,0.21499999999999997,0.555,0.77
2432,432,200,CC,LITETime,0.11499999999999999,0.58,0.695
2433,433,200,CC,LITETime,0.14,0.695,0.835
2434,434,200,CC,LITETime,0.09,0.13,0.04
2435,435,200,CC,LITETime,0.03999999999999998,0.24,0.2
2436,436,200,CC,LITETime,0.05000000000000002,0.17,0.12
2437,437,200,CC,LITETime,0.07,0.43,0.5
2438,438,200,CC,LITETime,0.135,0.61,0.745
2439,439,200,CC,LITETime,0.135,0.495,0.63
2440,440,200,CC,LITETime,0.18999999999999995,0.66,0.85
2441,441,200,CC,LITETime,0.065,0.22,0.155
2442,442,200,CC,LITETime,0.135,0.595,0.73
2443,443,200,CC,LITETime,0.10499999999999998,0.295,0.19
2444,444,200,CC,LITETime,0.024999999999999967,0.295,0.27
2445,445,200,CC,LITETime,0.14,0.565,0.705
2446,446,200,CC,LITETime,0.29999999999999993,0.68,0.98
2447,447,200,CC,LITETime,0.09999999999999998,0.51,0.61
2448,448,200,CC,LITETime,0.06,0.11,0.05
2449,449,200,CC,LITETime,0.15999999999999998,0.455,0.615
2450,450,200,CC,LITETime,0.12,0.16,0.04
2451,451,200,CC,LITETime,0.255,0.625,0.88
2452,452,200,CC,LITETime,0.12,0.585,0.705
2453,453,200,CC,LITETime,0.06,0.23,0.17
2454,454,200,CC,LITETime,0.06,0.15,0.09
2455,455,200,CC,LITETime,0.09000000000000002,0.27,0.18
2456,456,200,CC,LITETime,0.28,0.7,0.98
2457,457,200,CC,LITETime,0.040000000000000036,0.415,0.455
2458,458,200,CC,LITETime,0.12,0.66,0.78
2459,459,200,CC,LITETime,0.08999999999999997,0.545,0.635
2460,460,200,CC,LITETime,0.10999999999999993,0.46,0.57
2461,461,200,CC,LITETime,0.10500000000000001,0.25,0.145
2462,462,200,CC,LITETime,0.22999999999999998,0.715,0.945
2463,463,200,CC,LITETime,0.0,0.3,0.3
2464,464,200,CC,LITETime,0.11499999999999994,0.46,0.575
2465,465,200,CC,LITETime,0.20499999999999996,0.49,0.695
2466,466,200,CC,LITETime,0.08999999999999997,0.555,0.645
2467,467,200,CC,LITETime,0.2799999999999999,0.66,0.94
2468,468,200,CC,LITETime,0.025000000000000022,0.17,0.145
2469,469,200,CC,LITETime,0.10999999999999999,0.395,0.505
2470,470,200,CC,LITETime,0.04500000000000004,0.355,0.4
2471,471,200,CC,LITETime,0.09999999999999998,0.37,0.47
2472,472,200,CC,LITETime,0.06499999999999999,0.18,0.115
2473,473,200,CC,LITETime,0.13,0.26,0.13
2474,474,200,CC,LITETime,0.0050000000000000044,0.28,0.275
2475,475,200,CC,LITETime,0.020000000000000018,0.32,0.3
2476,476,200,CC,LITETime,0.02999999999999997,0.395,0.425
2477,477,200,CC,LITETime,0.10499999999999998,0.505,0.61
2478,478,200,CC,LITETime,0.06500000000000006,0.565,0.63
2479,479,200,CC,LITETime,0.065,0.345,0.41
2480,480,200,CC,LITETime,0.025000000000000022,0.38,0.405
2481,481,200,CC,LITETime,0.04000000000000001,0.255,0.215
2482,482,200,CC,LITETime,0.09499999999999997,0.49,0.585
2483,483,200,CC,LITETime,0.04999999999999999,0.365,0.315
2484,484,200,CC,LITETime,0.13,0.165,0.035
2485,485,200,CC,LITETime,0.019999999999999962,0.395,0.415
2486,486,200,CC,LITETime,0.04999999999999999,0.42,0.47
2487,487,200,CC,LITETime,0.04000000000000001,0.265,0.225
2488,488,200,CC,LITETime,0.09499999999999997,0.475,0.57
2489,489,200,CC,LITETime,0.06999999999999995,0.495,0.565
2490,490,200,CC,LITETime,0.11499999999999999,0.585,0.7
2491,491,200,CC,LITETime,0.05500000000000005,0.59,0.645
2492,492,200,CC,LITETime,0.13,0.52,0.65
2493,493,200,CC,LITETime,0.03999999999999998,0.355,0.315
2494,494,200,CC,LITETime,0.12,0.665,0.785
2495,495,200,CC,LITETime,0.07000000000000006,0.475,0.545
2496,496,200,CC,LITETime,0.065,0.495,0.43
2497,497,200,CC,LITETime,0.09999999999999998,0.525,0.625
2498,498,200,CC,LITETime,0.015000000000000013,0.375,0.36
2499,499,200,CC,LITETime,0.06,0.45,0.51
2500,500,200,CC,LITETime,0.18999999999999995,0.545,0.735
2501,501,200,CC,LITETime,0.25,0.635,0.885
2502,502,200,CC,LITETime,0.20500000000000007,0.715,0.92
2503,503,200,CC,LITETime,0.09000000000000002,0.41,0.5
2504,504,200,CC,LITETime,0.05499999999999999,0.465,0.52
2505,505,200,CC,LITETime,0.20500000000000007,0.59,0.795
2506,506,200,CC,LITETime,0.015000000000000013,0.325,0.31
2507,507,200,CC,LITETime,0.17499999999999993,0.66,0.835
2508,508,200,CC,LITETime,0.034999999999999976,0.455,0.49
2509,509,200,CC,LITETime,0.09499999999999999,0.21,0.115
2510,510,200,CC,LITETime,0.13999999999999999,0.21,0.07
2511,511,200,CC,LITETime,0.22999999999999998,0.61,0.84
2512,512,200,CC,LITETime,0.165,0.22,0.055
2513,513,200,CC,LITETime,0.044999999999999984,0.325,0.28
2514,514,200,CC,LITETime,0.020000000000000018,0.31,0.33
2515,515,200,CC,LITETime,0.07999999999999999,0.25,0.17
2516,516,200,CC,LITETime,0.03999999999999998,0.35,0.31
2517,517,200,CC,LITETime,0.08999999999999997,0.65,0.74
2518,518,200,CC,LITETime,0.1,0.11,0.01
2519,519,200,CC,LITETime,0.18499999999999994,0.64,0.825
2520,520,200,CC,LITETime,0.18499999999999994,0.67,0.855
2521,521,200,CC,LITETime,0.08000000000000002,0.29,0.37
2522,522,200,CC,LITETime,0.05000000000000002,0.2,0.15
2523,523,200,CC,LITETime,0.04999999999999993,0.55,0.6
2524,524,200,CC,LITETime,0.06499999999999999,0.18,0.115
2525,525,200,CC,LITETime,0.010000000000000009,0.37,0.36
2526,526,200,CC,LITETime,0.2799999999999999,0.675,0.955
2527,527,200,CC,LITETime,0.30000000000000004,0.695,0.995
2528,528,200,CC,LITETime,0.135,0.635,0.77
2529,529,200,CC,LITETime,0.03999999999999998,0.35,0.31
2530,530,200,CC,LITETime,0.09500000000000008,0.59,0.685
2531,531,200,CC,LITETime,0.14,0.565,0.705
2532,532,200,CC,LITETime,0.0050000000000000044,0.38,0.385
2533,533,200,CC,LITETime,0.10999999999999999,0.53,0.64
2534,534,200,CC,LITETime,0.125,0.135,0.01
2535,535,200,CC,LITETime,0.095,0.3,0.205
2536,536,200,CC,LITETime,0.10000000000000003,0.425,0.525
2537,537,200,CC,LITETime,0.065,0.225,0.16
2538,538,200,CC,LITETime,0.065,0.23,0.165
2539,539,200,CC,LITETime,0.15499999999999992,0.68,0.835
2540,540,200,CC,LITETime,0.21499999999999997,0.77,0.985
2541,541,200,CC,LITETime,0.07000000000000006,0.485,0.555
2542,542,200,CC,LITETime,0.19499999999999995,0.64,0.835
2543,543,200,CC,LITETime,0.22499999999999998,0.765,0.99
2544,544,200,CC,LITETime,0.09999999999999998,0.24,0.14
2545,545,200,CC,LITETime,0.03999999999999998,0.405,0.445
2546,546,200,CC,LITETime,0.040000000000000036,0.35,0.39
2547,547,200,CC,LITETime,0.09499999999999999,0.175,0.08
2548,548,200,CC,LITETime,0.19000000000000006,0.565,0.755
2549,549,200,CC,LITETime,0.034999999999999976,0.395,0.43
2550,550,200,CC,LITETime,0.010000000000000009,0.455,0.465
2551,551,200,CC,LITETime,0.09,0.24,0.15
2552,552,200,CC,LITETime,0.06,0.24,0.18
2553,553,200,CC,LITETime,0.20000000000000007,0.705,0.905
2554,554,200,CC,LITETime,0.12,0.16,0.04
2555,555,200,CC,LITETime,0.11000000000000001,0.34,0.23
2556,556,200,CC,LITETime,0.02999999999999997,0.26,0.29
2557,557,200,CC,LITETime,0.044999999999999984,0.445,0.49
2558,558,200,CC,LITETime,0.07499999999999996,0.51,0.585
2559,559,200,CC,LITETime,0.02999999999999997,0.46,0.49
2560,560,200,CC,LITETime,0.09999999999999999,0.18,0.08
2561,561,200,CC,LITETime,0.05499999999999999,0.295,0.24
2562,562,200,CC,LITETime,0.22499999999999998,0.615,0.84
2563,563,200,CC,LITETime,0.14500000000000002,0.49,0.635
2564,564,200,CC,LITETime,0.08499999999999996,0.56,0.645
2565,565,200,CC,LITETime,0.10999999999999999,0.56,0.67
2566,566,200,CC,LITETime,0.16000000000000003,0.6,0.76
2567,567,200,CC,LITETime,0.12,0.175,0.055
2568,568,200,CC,LITETime,0.03999999999999998,0.325,0.365
2569,569,200,CC,LITETime,0.10500000000000004,0.43,0.535
2570,570,200,CC,LITETime,0.019999999999999962,0.355,0.335
2571,571,200,CC,LITETime,0.16999999999999993,0.67,0.84
2572,572,200,CC,LITETime,0.05499999999999999,0.425,0.48
2573,573,200,CC,LITETime,0.15500000000000003,0.61,0.765
2574,574,200,CC,LITETime,0.17499999999999993,0.675,0.85
2575,575,200,CC,LITETime,0.08500000000000002,0.415,0.5
2576,576,200,CC,LITETime,0.19500000000000006,0.71,0.905
2577,577,200,CC,LITETime,0.0,0.585,0.585
2578,578,200,CC,LITETime,0.16000000000000003,0.69,0.85
2579,579,200,CC,LITETime,0.0,0.34,0.34
2580,580,200,CC,LITETime,0.05499999999999999,0.44,0.495
2581,581,200,CC,LITETime,0.08000000000000002,0.45,0.53
2582,582,200,CC,LITETime,0.10999999999999999,0.21,0.1
2583,583,200,CC,LITETime,0.02999999999999997,0.425,0.395
2584,584,200,CC,LITETime,0.21000000000000008,0.705,0.915
2585,585,200,CC,LITETime,0.08499999999999996,0.545,0.63
2586,586,200,CC,LITETime,0.12,0.295,0.175
2587,587,200,CC,LITETime,0.0050000000000000044,0.33,0.335
2588,588,200,CC,LITETime,0.08000000000000002,0.27,0.19
2589,589,200,CC,LITETime,0.105,0.125,0.02
2590,590,200,CC,LITETime,0.19500000000000006,0.73,0.925
2591,591,200,CC,LITETime,0.03500000000000003,0.41,0.445
2592,592,200,CC,LITETime,0.044999999999999984,0.35,0.305
2593,593,200,CC,LITETime,0.06499999999999995,0.53,0.595
2594,594,200,CC,LITETime,0.09999999999999999,0.105,0.005
2595,595,200,CC,LITETime,0.03999999999999998,0.315,0.275
2596,596,200,CC,LITETime,0.15499999999999992,0.545,0.7
2597,597,200,CC,LITETime,0.10999999999999999,0.52,0.63
2598,598,200,CC,LITETime,0.19999999999999996,0.78,0.98
2599,599,200,CC,LITETime,0.125,0.495,0.62
2600,600,200,CC,LITETime,0.06999999999999995,0.405,0.475
2601,601,200,CC,LITETime,0.125,0.635,0.76
2602,602,200,CC,LITETime,0.16500000000000004,0.735,0.9
2603,603,200,CC,LITETime,0.13,0.59,0.72
2604,604,200,CC,LITETime,0.255,0.705,0.96
2605,605,200,CC,LITETime,0.16500000000000004,0.615,0.78
2606,606,200,CC,LITETime,0.18999999999999995,0.675,0.865
2607,607,200,CC,LITETime,0.09499999999999999,0.205,0.11
2608,608,200,CC,LITETime,0.19999999999999996,0.53,0.73
2609,609,200,CC,LITETime,0.07,0.37,0.44
2610,610,200,CC,LITETime,0.08500000000000002,0.465,0.55
2611,611,200,CC,LITETime,0.11499999999999999,0.535,0.65
2612,612,200,CC,LITETime,0.18999999999999995,0.775,0.965
2613,613,200,CC,LITETime,0.19999999999999996,0.78,0.98
2614,614,200,CC,LITETime,0.07,0.355,0.285
2615,615,200,CC,LITETime,0.15000000000000002,0.58,0.73
2616,616,200,CC,LITETime,0.13,0.615,0.745
2617,617,200,CC,LITETime,0.04500000000000004,0.39,0.345
2618,618,200,CC,LITETime,0.11499999999999999,0.235,0.12
2619,619,200,CC,LITETime,0.13999999999999999,0.18,0.04
2620,620,200,CC,LITETime,0.15500000000000003,0.62,0.775
2621,621,200,CC,LITETime,0.06,0.425,0.485
2622,622,200,CC,LITETime,0.255,0.73,0.985
2623,623,200,CC,LITETime,0.025000000000000022,0.435,0.46
2624,624,200,CC,LITETime,0.235,0.74,0.975
2625,625,200,CC,LITETime,0.004999999999999949,0.405,0.41
2626,626,200,CC,LITETime,0.20000000000000007,0.59,0.79
2627,627,200,CC,LITETime,0.09999999999999999,0.18,0.08
2628,628,200,CC,LITETime,0.06500000000000006,0.49,0.555
2629,629,200,CC,LITETime,0.17500000000000004,0.625,0.8
2630,630,200,CC,LITETime,0.21000000000000008,0.71,0.92
2631,631,200,CC,LITETime,0.13,0.69,0.82
2632,632,200,CC,LITETime,0.145,0.18,0.035
2633,633,200,CC,LITETime,0.0050000000000000044,0.375,0.37
2634,634,200,CC,LITETime,0.065,0.11,0.045
2635,635,200,CC,LITETime,0.105,0.21,0.105
2636,636,200,CC,LITETime,0.1050000000000001,0.57,0.675
2637,637,200,CC,LITETime,0.1499999999999999,0.56,0.71
2638,638,200,CC,LITETime,0.14500000000000002,0.625,0.77
2639,639,200,CC,LITETime,0.16500000000000004,0.7,0.865
2640,640,200,CC,LITETime,0.18499999999999994,0.55,0.735
2641,641,200,CC,LITETime,0.17500000000000004,0.625,0.8
2642,642,200,CC,LITETime,0.09500000000000001,0.14,0.045
2643,643,200,CC,LITETime,0.06999999999999998,0.3,0.23
2644,644,200,CC,LITETime,0.11499999999999999,0.505,0.62
2645,645,200,CC,LITETime,0.20499999999999996,0.65,0.855
2646,646,200,CC,LITETime,0.1,0.1,0.0
2647,647,200,CC,LITETime,0.015000000000000013,0.495,0.51
2648,648,200,CC,LITETime,0.15000000000000002,0.525,0.675
2649,649,200,CC,LITETime,0.08499999999999999,0.11,0.025
2650,650,200,CC,LITETime,0.0050000000000000044,0.395,0.4
2651,651,200,CC,LITETime,0.22999999999999998,0.665,0.895
2652,652,200,CC,LITETime,0.135,0.535,0.67
2653,653,200,CC,LITETime,0.020000000000000018,0.255,0.235
2654,654,200,CC,LITETime,0.16499999999999992,0.685,0.85
2655,655,200,CC,LITETime,0.02999999999999997,0.315,0.345
2656,656,200,CC,LITETime,0.21999999999999997,0.63,0.85
2657,657,200,CC,LITETime,0.025000000000000022,0.32,0.295
2658,658,200,CC,LITETime,0.12499999999999994,0.465,0.59
2659,659,200,CC,LITETime,0.020000000000000018,0.375,0.395
2660,660,200,CC,LITETime,0.02999999999999997,0.3,0.27
2661,661,200,CC,LITETime,0.18500000000000005,0.7,0.885
2662,662,200,CC,LITETime,0.08500000000000002,0.27,0.185
2663,663,200,CC,LITETime,0.105,0.185,0.08
2664,664,200,CC,LITETime,0.02999999999999997,0.37,0.34
2665,665,200,CC,LITETime,0.13,0.585,0.715
2666,666,200,CC,LITETime,0.14,0.665,0.805
2667,667,200,CC,LITETime,0.26,0.735,0.995
2668,668,200,CC,LITETime,0.0,0.295,0.295
2669,669,200,CC,LITETime,0.030000000000000027,0.375,0.405
2670,670,200,CC,LITETime,0.06999999999999998,0.205,0.135
2671,671,200,CC,LITETime,0.08999999999999997,0.48,0.57
2672,672,200,CC,LITETime,0.29500000000000004,0.7,0.995
2673,673,200,CC,LITETime,0.13,0.57,0.7
2674,674,200,CC,LITETime,0.07499999999999996,0.52,0.595
2675,675,200,CC,LITETime,0.0050000000000000044,0.385,0.39
2676,676,200,CC,LITETime,0.20500000000000007,0.71,0.915
2677,677,200,CC,LITETime,0.034999999999999976,0.46,0.495
2678,678,200,CC,LITETime,0.11499999999999999,0.245,0.13
2679,679,200,CC,LITETime,0.034999999999999976,0.33,0.365
2680,680,200,CC,LITETime,0.13,0.195,0.065
2681,681,200,CC,LITETime,0.01999999999999999,0.22,0.2
2682,682,200,CC,LITETime,0.15999999999999998,0.175,0.015
2683,683,200,CC,LITETime,0.040000000000000036,0.41,0.45
2684,684,200,CC,LITETime,0.10999999999999999,0.52,0.63
2685,685,200,CC,LITETime,0.02999999999999997,0.37,0.34
2686,686,200,CC,LITETime,0.08499999999999996,0.335,0.42
2687,687,200,CC,LITETime,0.26,0.695,0.955
2688,688,200,CC,LITETime,0.14,0.61,0.75
2689,689,200,CC,LITETime,0.10000000000000003,0.44,0.54
2690,690,200,CC,LITETime,0.024999999999999967,0.305,0.28
2691,691,200,CC,LITETime,0.245,0.65,0.895
2692,692,200,CC,LITETime,0.04999999999999999,0.285,0.235
2693,693,200,CC,LITETime,0.015000000000000013,0.34,0.325
2694,694,200,CC,LITETime,0.25,0.655,0.905
2695,695,200,CC,LITETime,0.065,0.46,0.525
2696,696,200,CC,LITETime,0.13,0.61,0.74
2697,697,200,CC,LITETime,0.07999999999999996,0.51,0.59
2698,698,200,CC,LITETime,0.10499999999999998,0.545,0.65
2699,699,200,CC,LITETime,0.010000000000000009,0.305,0.295
2700,700,200,CC,LITETime,0.09500000000000003,0.335,0.24
2701,701,200,CC,LITETime,0.034999999999999976,0.355,0.32
2702,702,200,CC,LITETime,0.08499999999999999,0.24,0.155
2703,703,200,CC,LITETime,0.17000000000000004,0.7,0.87
2704,704,200,CC,LITETime,0.019999999999999962,0.3,0.28
2705,705,200,CC,LITETime,0.11500000000000005,0.445,0.56
2706,706,200,CC,LITETime,0.16500000000000004,0.625,0.79
2707,707,200,CC,LITETime,0.17000000000000004,0.61,0.78
2708,708,200,CC,LITETime,0.10499999999999998,0.33,0.435
2709,709,200,CC,LITETime,0.009999999999999953,0.465,0.475
2710,710,200,CC,LITETime,0.25,0.74,0.99
2711,711,200,CC,LITETime,0.16000000000000003,0.51,0.67
2712,712,200,CC,LITETime,0.15000000000000002,0.66,0.81
2713,713,200,CC,LITETime,0.19500000000000006,0.705,0.9
2714,714,200,CC,LITETime,0.11499999999999999,0.67,0.785
2715,715,200,CC,LITETime,0.065,0.25,0.185
2716,716,200,CC,LITETime,0.12000000000000005,0.44,0.56
2717,717,200,CC,LITETime,0.1,0.2,0.1
2718,718,200,CC,LITETime,0.13,0.52,0.65
2719,719,200,CC,LITETime,0.21499999999999997,0.74,0.955
2720,720,200,CC,LITETime,0.040000000000000036,0.47,0.51
2721,721,200,CC,LITETime,0.015000000000000013,0.415,0.43
2722,722,200,CC,LITETime,0.09,0.125,0.035
2723,723,200,CC,LITETime,0.21999999999999997,0.735,0.955
2724,724,200,CC,LITETime,0.04999999999999999,0.15,0.1
2725,725,200,CC,LITETime,0.10499999999999998,0.145,0.04
2726,726,200,CC,LITETime,0.0050000000000000044,0.24,0.245
2727,727,200,CC,LITETime,0.095,0.16,0.065
2728,728,200,CC,LITETime,0.014999999999999958,0.47,0.455
2729,729,200,CC,LITETime,0.03500000000000003,0.48,0.515
2730,730,200,CC,LITETime,0.030000000000000027,0.34,0.31
2731,731,200,CC,LITETime,0.12000000000000001,0.17,0.05
2732,732,200,CC,LITETime,0.05,0.16,0.11
2733,733,200,CC,LITETime,0.010000000000000009,0.37,0.38
2734,734,200,CC,LITETime,0.08000000000000002,0.14,0.06
2735,735,200,CC,LITETime,0.1499999999999999,0.545,0.695
2736,736,200,CC,LITETime,0.05500000000000002,0.26,0.205
2737,737,200,CC,LITETime,0.05499999999999999,0.355,0.3
2738,738,200,CC,LITETime,0.034999999999999976,0.425,0.39
2739,739,200,CC,LITETime,0.04500000000000004,0.46,0.415
2740,740,200,CC,LITETime,0.13,0.13,0.0
2741,741,200,CC,LITETime,0.09499999999999999,0.205,0.11
2742,742,200,CC,LITETime,0.16500000000000004,0.695,0.86
2743,743,200,CC,LITETime,0.16,0.16,0.0
2744,744,200,CC,LITETime,0.0050000000000000044,0.5,0.505
2745,745,200,CC,LITETime,0.06,0.425,0.485
2746,746,200,CC,LITETime,0.010000000000000009,0.32,0.33
2747,747,200,CC,LITETime,0.044999999999999984,0.385,0.43
2748,748,200,CC,LITETime,0.16500000000000004,0.615,0.78
2749,749,200,CC,LITETime,0.16999999999999993,0.67,0.84
2750,750,200,CC,LITETime,0.010000000000000009,0.27,0.26
2751,751,200,CC,LITETime,0.020000000000000018,0.34,0.32
2752,752,200,CC,LITETime,0.065,0.305,0.24
2753,753,200,CC,LITETime,0.02999999999999997,0.445,0.475
2754,754,200,CC,LITETime,0.15000000000000002,0.53,0.68
2755,755,200,CC,LITETime,0.05500000000000002,0.28,0.225
2756,756,200,CC,LITETime,0.040000000000000036,0.29,0.33
2757,757,200,CC,LITETime,0.2350000000000001,0.695,0.93
2758,758,200,CC,LITETime,0.09999999999999999,0.145,0.045
2759,759,200,CC,LITETime,0.015000000000000013,0.445,0.46
2760,760,200,CC,LITETime,0.13,0.58,0.71
2761,761,200,CC,LITETime,0.07500000000000001,0.225,0.15
2762,762,200,CC,LITETime,0.065,0.11,0.045
2763,763,200,CC,LITETime,0.095,0.23,0.135
2764,764,200,CC,LITETime,0.21500000000000008,0.7,0.915
2765,765,200,CC,LITETime,0.12,0.125,0.005
2766,766,200,CC,LITETime,0.024999999999999994,0.21,0.185
2767,767,200,CC,LITETime,0.15,0.18,0.03
2768,768,200,CC,LITETime,0.039999999999999994,0.15,0.11
2769,769,200,CC,LITETime,0.11499999999999999,0.505,0.62
2770,770,200,CC,LITETime,0.05499999999999999,0.295,0.24
2771,771,200,CC,LITETime,0.12499999999999994,0.44,0.565
2772,772,200,CC,LITETime,0.13499999999999995,0.455,0.59
2773,773,200,CC,LITETime,0.22999999999999998,0.615,0.845
2774,774,200,CC,LITETime,0.125,0.125,0.0
2775,775,200,CC,LITETime,0.20999999999999996,0.64,0.85
2776,776,200,CC,LITETime,0.08499999999999996,0.53,0.615
2777,777,200,CC,LITETime,0.1,0.26,0.16
2778,778,200,CC,LITETime,0.15000000000000002,0.62,0.77
2779,779,200,CC,LITETime,0.17499999999999993,0.68,0.855
2780,780,200,CC,LITETime,0.020000000000000018,0.27,0.25
2781,781,200,CC,LITETime,0.255,0.66,0.915
2782,782,200,CC,LITETime,0.044999999999999984,0.405,0.45
2783,783,200,CC,LITETime,0.09499999999999997,0.505,0.6
2784,784,200,CC,LITETime,0.18499999999999994,0.795,0.98
2785,785,200,CC,LITETime,0.025000000000000022,0.385,0.36
2786,786,200,CC,LITETime,0.18500000000000005,0.625,0.81
2787,787,200,CC,LITETime,0.07500000000000001,0.39,0.315
2788,788,200,CC,LITETime,0.16000000000000003,0.635,0.795
2789,789,200,CC,LITETime,0.05499999999999994,0.545,0.6
2790,790,200,CC,LITETime,0.04500000000000001,0.26,0.215
2791,791,200,CC,LITETime,0.02999999999999997,0.38,0.41
2792,792,200,CC,LITETime,0.0050000000000000044,0.31,0.315
2793,793,200,CC,LITETime,0.085,0.16,0.075
2794,794,200,CC,LITETime,0.11500000000000002,0.14,0.025
2795,795,200,CC,LITETime,0.010000000000000009,0.355,0.345
2796,796,200,CC,LITETime,0.11,0.125,0.015
2797,797,200,CC,LITETime,0.07499999999999998,0.24,0.165
2798,798,200,CC,LITETime,0.21499999999999997,0.51,0.725
2799,799,200,CC,LITETime,0.05999999999999994,0.645,0.705
2800,800,200,CC,LITETime,0.17000000000000004,0.565,0.735
2801,801,200,CC,LITETime,0.05499999999999999,0.26,0.315
2802,802,200,CC,LITETime,0.22999999999999998,0.66,0.89
2803,803,200,CC,LITETime,0.04999999999999993,0.54,0.59
2804,804,200,CC,LITETime,0.1,0.225,0.125
2805,805,200,CC,LITETime,0.07499999999999998,0.215,0.14
2806,806,200,CC,LITETime,0.12,0.57,0.69
2807,807,200,CC,LITETime,0.07499999999999998,0.245,0.17
2808,808,200,CC,LITETime,0.04999999999999999,0.455,0.505
2809,809,200,CC,LITETime,0.30499999999999994,0.685,0.99
2810,810,200,CC,LITETime,0.1,0.1,0.0
2811,811,200,CC,LITETime,0.12000000000000001,0.135,0.015
2812,812,200,CC,LITETime,0.21499999999999997,0.775,0.99
2813,813,200,CC,LITETime,0.06499999999999995,0.515,0.58
2814,814,200,CC,LITETime,0.10999999999999999,0.235,0.125
2815,815,200,CC,LITETime,0.20000000000000007,0.695,0.895
2816,816,200,CC,LITETime,0.16500000000000004,0.715,0.88
2817,817,200,CC,LITETime,0.08000000000000002,0.455,0.535
2818,818,200,CC,LITETime,0.08499999999999996,0.535,0.62
2819,819,200,CC,LITETime,0.014999999999999958,0.285,0.27
2820,820,200,CC,LITETime,0.09000000000000001,0.14,0.05
2821,821,200,CC,LITETime,0.06499999999999995,0.525,0.59
2822,822,200,CC,LITETime,0.06,0.35,0.29
2823,823,200,CC,LITETime,0.09000000000000008,0.57,0.66
2824,824,200,CC,LITETime,0.14500000000000002,0.69,0.835
2825,825,200,CC,LITETime,0.11,0.125,0.015
2826,826,200,CC,LITETime,0.11499999999999999,0.48,0.595
2827,827,200,CC,LITETime,0.05000000000000002,0.28,0.23
2828,828,200,CC,LITETime,0.22999999999999998,0.64,0.87
2829,829,200,CC,LITETime,0.015000000000000013,0.265,0.25
2830,830,200,CC,LITETime,0.09999999999999998,0.51,0.61
2831,831,200,CC,LITETime,0.06000000000000005,0.49,0.55
2832,832,200,CC,LITETime,0.010000000000000009,0.405,0.395
2833,833,200,CC,LITETime,0.1050000000000001,0.57,0.675
2834,834,200,CC,LITETime,0.10499999999999998,0.62,0.725
2835,835,200,CC,LITETime,0.11499999999999994,0.45,0.565
2836,836,200,CC,LITETime,0.135,0.62,0.755
2837,837,200,CC,LITETime,0.21499999999999997,0.765,0.98
2838,838,200,CC,LITETime,0.05499999999999999,0.36,0.415
2839,839,200,CC,LITETime,0.065,0.445,0.51
2840,840,200,CC,LITETime,0.16,0.17,0.01
2841,841,200,CC,LITETime,0.15000000000000002,0.645,0.795
2842,842,200,CC,LITETime,0.020000000000000018,0.5,0.52
2843,843,200,CC,LITETime,0.030000000000000027,0.375,0.405
2844,844,200,CC,LITETime,0.07,0.16,0.09
2845,845,200,CC,LITETime,0.20499999999999996,0.68,0.885
2846,846,200,CC,LITETime,0.03500000000000003,0.36,0.395
2847,847,200,CC,LITETime,0.12,0.56,0.68
2848,848,200,CC,LITETime,0.08500000000000002,0.23,0.145
2849,849,200,CC,LITETime,0.245,0.715,0.96
2850,850,200,CC,LITETime,0.07500000000000001,0.25,0.175
2851,851,200,CC,LITETime,0.014999999999999986,0.21,0.195
2852,852,200,CC,LITETime,0.255,0.6,0.855
2853,853,200,CC,LITETime,0.17500000000000004,0.735,0.91
2854,854,200,CC,LITETime,0.060000000000000026,0.27,0.21
2855,855,200,CC,LITETime,0.030000000000000027,0.435,0.465
2856,856,200,CC,LITETime,0.17499999999999993,0.555,0.73
2857,857,200,CC,LITETime,0.22499999999999998,0.65,0.875
2858,858,200,CC,LITETime,0.025000000000000022,0.35,0.375
2859,859,200,CC,LITETime,0.040000000000000036,0.475,0.515
2860,860,200,CC,LITETime,0.125,0.615,0.74
2861,861,200,CC,LITETime,0.08999999999999997,0.64,0.73
2862,862,200,CC,LITETime,0.135,0.645,0.78
2863,863,200,CC,LITETime,0.04499999999999993,0.52,0.565
2864,864,200,CC,LITETime,0.07999999999999999,0.18,0.1
2865,865,200,CC,LITETime,0.22499999999999998,0.675,0.9
2866,866,200,CC,LITETime,0.17999999999999994,0.685,0.865
2867,867,200,CC,LITETime,0.18000000000000005,0.615,0.795
2868,868,200,CC,LITETime,0.024999999999999994,0.12,0.095
2869,869,200,CC,LITETime,0.07500000000000001,0.275,0.2
2870,870,200,CC,LITETime,0.12,0.62,0.74
2871,871,200,CC,LITETime,0.12499999999999999,0.145,0.02
2872,872,200,CC,LITETime,0.27,0.705,0.975
2873,873,200,CC,LITETime,0.09499999999999997,0.28,0.375
2874,874,200,CC,LITETime,0.17999999999999994,0.535,0.715
2875,875,200,CC,LITETime,0.18000000000000005,0.705,0.885
2876,876,200,CC,LITETime,0.015000000000000013,0.375,0.39
2877,877,200,CC,LITETime,0.07500000000000001,0.39,0.315
2878,878,200,CC,LITETime,0.13,0.475,0.605
2879,879,200,CC,LITETime,0.08999999999999997,0.49,0.58
2880,880,200,CC,LITETime,0.050000000000000044,0.355,0.405
2881,881,200,CC,LITETime,0.08499999999999996,0.515,0.6
2882,882,200,CC,LITETime,0.20500000000000007,0.73,0.935
2883,883,200,CC,LITETime,0.05500000000000005,0.41,0.465
2884,884,200,CC,LITETime,0.07,0.265,0.195
2885,885,200,CC,LITETime,0.010000000000000009,0.365,0.375
2886,886,200,CC,LITETime,0.010000000000000009,0.38,0.39
2887,887,200,CC,LITETime,0.044999999999999984,0.175,0.13
2888,888,200,CC,LITETime,0.095,0.255,0.16
2889,889,200,CC,LITETime,0.13,0.55,0.68
2890,890,200,CC,LITETime,0.010000000000000009,0.325,0.335
2891,891,200,CC,LITETime,0.245,0.705,0.95
2892,892,200,CC,LITETime,0.04999999999999999,0.29,0.24
2893,893,200,CC,LITETime,0.07999999999999999,0.175,0.095
2894,894,200,CC,LITETime,0.13,0.62,0.75
2895,895,200,CC,LITETime,0.17500000000000004,0.705,0.88
2896,896,200,CC,LITETime,0.019999999999999962,0.295,0.275
2897,897,200,CC,LITETime,0.065,0.265,0.2
2898,898,200,CC,LITETime,0.06,0.245,0.185
2899,899,200,CC,LITETime,0.05499999999999999,0.465,0.52
2900,900,200,CC,LITETime,0.050000000000000044,0.415,0.465
2901,901,200,CC,LITETime,0.02999999999999997,0.285,0.255
2902,902,200,CC,LITETime,0.065,0.11,0.045
2903,903,200,CC,LITETime,0.09999999999999998,0.38,0.48
2904,904,200,CC,LITETime,0.19999999999999996,0.755,0.955
2905,905,200,CC,LITETime,0.10499999999999998,0.545,0.65
2906,906,200,CC,LITETime,0.044999999999999984,0.45,0.495
2907,907,200,CC,LITETime,0.05,0.16,0.11
2908,908,200,CC,LITETime,0.03999999999999998,0.29,0.25
2909,909,200,CC,LITETime,0.010000000000000009,0.3,0.29
2910,910,200,CC,LITETime,0.15500000000000003,0.605,0.76
2911,911,200,CC,LITETime,0.21999999999999997,0.655,0.875
2912,912,200,CC,LITETime,0.25,0.65,0.9
2913,913,200,CC,LITETime,0.28,0.7,0.98
2914,914,200,CC,LITETime,0.245,0.735,0.98
2915,915,200,CC,LITETime,0.22499999999999998,0.725,0.95
2916,916,200,CC,LITETime,0.07,0.14,0.07
2917,917,200,CC,LITETime,0.09,0.225,0.135
2918,918,200,CC,LITETime,0.08500000000000002,0.385,0.3
2919,919,200,CC,LITETime,0.06500000000000006,0.485,0.55
2920,920,200,CC,LITETime,0.07,0.165,0.095
2921,921,200,CC,LITETime,0.20499999999999996,0.64,0.845
2922,922,200,CC,LITETime,0.09499999999999997,0.52,0.615
2923,923,200,CC,LITETime,0.07000000000000006,0.47,0.54
2924,924,200,CC,LITETime,0.065,0.23,0.165
2925,925,200,CC,LITETime,0.025000000000000022,0.275,0.25
2926,926,200,CC,LITETime,0.07499999999999998,0.235,0.16
2927,927,200,CC,LITETime,0.21999999999999997,0.63,0.85
2928,928,200,CC,LITETime,0.05999999999999994,0.52,0.58
2929,929,200,CC,LITETime,0.16000000000000003,0.575,0.735
2930,930,200,CC,LITETime,0.04500000000000004,0.34,0.295
2931,931,200,CC,LITETime,0.0,0.37,0.37
2932,932,200,CC,LITETime,0.050000000000000044,0.35,0.4
2933,933,200,CC,LITETime,0.15500000000000003,0.605,0.76
2934,934,200,CC,LITETime,0.14500000000000002,0.625,0.77
2935,935,200,CC,LITETime,0.03,0.235,0.205
2936,936,200,CC,LITETime,0.20999999999999996,0.73,0.94
2937,937,200,CC,LITETime,0.11000000000000001,0.23,0.12
2938,938,200,CC,LITETime,0.20000000000000007,0.695,0.895
2939,939,200,CC,LITETime,0.1,0.2,0.1
2940,940,200,CC,LITETime,0.03999999999999998,0.3,0.26
2941,941,200,CC,LITETime,0.27,0.575,0.845
2942,942,200,CC,LITETime,0.03,0.205,0.175
2943,943,200,CC,LITETime,0.024999999999999967,0.385,0.41
2944,944,200,CC,LITETime,0.010000000000000009,0.435,0.445
2945,945,200,CC,LITETime,0.05499999999999999,0.3,0.245
2946,946,200,CC,LITETime,0.14,0.57,0.71
2947,947,200,CC,LITETime,0.19499999999999995,0.655,0.85
2948,948,200,CC,LITETime,0.275,0.595,0.87
2949,949,200,CC,LITETime,0.019999999999999962,0.355,0.335
2950,950,200,CC,LITETime,0.09000000000000002,0.44,0.53
2951,951,200,CC,LITETime,0.04999999999999999,0.295,0.245
2952,952,200,CC,LITETime,0.04999999999999999,0.29,0.24
2953,953,200,CC,LITETime,0.07999999999999999,0.24,0.16
2954,954,200,CC,LITETime,0.21499999999999997,0.725,0.94
2955,955,200,CC,LITETime,0.19500000000000006,0.69,0.885
2956,956,200,CC,LITETime,0.16000000000000003,0.615,0.775
2957,957,200,CC,LITETime,0.06,0.455,0.515
2958,958,200,CC,LITETime,0.06,0.43,0.49
2959,959,200,CC,LITETime,0.020000000000000018,0.505,0.525
2960,960,200,CC,LITETime,0.10500000000000004,0.43,0.535
2961,961,200,CC,LITETime,0.02999999999999997,0.4,0.43
2962,962,200,CC,LITETime,0.06,0.19,0.13
2963,963,200,CC,LITETime,0.04000000000000001,0.165,0.125
2964,964,200,CC,LITETime,0.19999999999999996,0.75,0.95
2965,965,200,CC,LITETime,0.024999999999999967,0.455,0.48
2966,966,200,CC,LITETime,0.22499999999999998,0.725,0.95
2967,967,200,CC,LITETime,0.05499999999999999,0.215,0.16
2968,968,200,CC,LITETime,0.05500000000000005,0.495,0.55
2969,969,200,CC,LITETime,0.035,0.24,0.205
2970,970,200,CC,LITETime,0.015000000000000013,0.235,0.25
2971,971,200,CC,LITETime,0.10500000000000001,0.135,0.03
2972,972,200,CC,LITETime,0.08999999999999998,0.205,0.115
2973,973,200,CC,LITETime,0.22999999999999998,0.685,0.915
2974,974,200,CC,LITETime,0.015000000000000013,0.305,0.32
2975,975,200,CC,LITETime,0.09499999999999997,0.51,0.605
2976,976,200,CC,LITETime,0.0,0.465,0.465
2977,977,200,CC,LITETime,0.050000000000000044,0.35,0.4
2978,978,200,CC,LITETime,0.03500000000000003,0.495,0.53
2979,979,200,CC,LITETime,0.010000000000000009,0.195,0.185
2980,980,200,CC,LITETime,0.26,0.725,0.985
2981,981,200,CC,LITETime,0.125,0.69,0.815
2982,982,200,CC,LITETime,0.16500000000000004,0.575,0.74
2983,983,200,CC,LITETime,0.050000000000000044,0.415,0.465
2984,984,200,CC,LITETime,0.05499999999999999,0.205,0.15
2985,985,200,CC,LITETime,0.275,0.645,0.92
2986,986,200,CC,LITETime,0.020000000000000018,0.32,0.34
2987,987,200,CC,LITETime,0.11,0.16,0.05
2988,988,200,CC,LITETime,0.034999999999999976,0.375,0.34
2989,989,200,CC,LITETime,0.17500000000000004,0.615,0.79
2990,990,200,CC,LITETime,0.14,0.48,0.62
2991,991,200,CC,LITETime,0.16500000000000004,0.585,0.75
2992,992,200,CC,LITETime,0.16000000000000003,0.63,0.79
2993,993,200,CC,LITETime,0.06500000000000003,0.275,0.21
2994,994,200,CC,LITETime,0.21000000000000008,0.71,0.92
2995,995,200,CC,LITETime,0.010000000000000009,0.445,0.435
2996,996,200,CC,LITETime,0.09499999999999997,0.54,0.635
2997,997,200,CC,LITETime,0.14,0.14,0.0
2998,998,200,CC,LITETime,0.26,0.73,0.99
2999,999,200,CC,LITETime,0.08499999999999996,0.365,0.28
3000,1000,200,CC,LITETime,0.14,0.2,0.06
3001,1001,200,CC,LITETime,0.04999999999999999,0.405,0.455
3002,1002,200,CC,LITETime,0.065,0.19,0.125
3003,1003,200,CC,LITETime,0.11000000000000001,0.26,0.15
3004,1004,200,CC,LITETime,0.10999999999999999,0.52,0.63
3005,1005,200,CC,LITETime,0.015000000000000013,0.375,0.39
3006,1006,200,CC,LITETime,0.21500000000000008,0.705,0.92
3007,1007,200,CC,LITETime,0.015000000000000013,0.33,0.315
3008,1008,200,CC,LITETime,0.06999999999999995,0.655,0.725
3009,1009,200,CC,LITETime,0.025000000000000022,0.435,0.46
3010,1010,200,CC,LITETime,0.08000000000000007,0.575,0.655
3011,1011,200,CC,LITETime,0.08499999999999996,0.51,0.595
3012,1012,200,CC,LITETime,0.06499999999999995,0.405,0.47
3013,1013,200,CC,LITETime,0.2749999999999999,0.675,0.95
3014,1014,200,CC,LITETime,0.009999999999999953,0.35,0.34
3015,1015,200,CC,LITETime,0.07500000000000001,0.25,0.175
3016,1016,200,CC,LITETime,0.15500000000000003,0.52,0.675
3017,1017,200,CC,LITETime,0.17499999999999993,0.67,0.845
3018,1018,200,CC,LITETime,0.07999999999999999,0.12,0.04
3019,1019,200,CC,LITETime,0.05499999999999999,0.39,0.445
3020,1020,200,CC,LITETime,0.19000000000000006,0.7,0.89
3021,1021,200,CC,LITETime,0.135,0.61,0.745
3022,1022,200,CC,LITETime,0.25,0.74,0.99
3023,1023,200,CC,LITETime,0.125,0.405,0.53
3024,1024,200,CC,LITETime,0.09499999999999997,0.56,0.655
3025,1025,200,CC,LITETime,0.020000000000000018,0.32,0.3
3026,1026,200,CC,LITETime,0.25,0.695,0.945
3027,1027,200,CC,LITETime,0.044999999999999984,0.32,0.365
3028,1028,200,CC,LITETime,0.12,0.615,0.735
3029,1029,200,CC,LITETime,0.010000000000000009,0.39,0.4
3030,1030,200,CC,LITETime,0.12500000000000006,0.435,0.56
3031,1031,200,CC,LITETime,0.15999999999999992,0.555,0.715
3032,1032,200,CC,LITETime,0.010000000000000009,0.495,0.505
3033,1033,200,CC,LITETime,0.22499999999999998,0.68,0.905
3034,1034,200,CC,LITETime,0.04999999999999999,0.365,0.415
3035,1035,200,CC,LITETime,0.135,0.51,0.645
3036,1036,200,CC,LITETime,0.025000000000000022,0.315,0.34
3037,1037,200,CC,LITETime,0.04500000000000004,0.36,0.405
3038,1038,200,CC,LITETime,0.06,0.38,0.44
3039,1039,200,CC,LITETime,0.09,0.215,0.125
3040,1040,200,CC,LITETime,0.11000000000000001,0.2,0.09
3041,1041,200,CC,LITETime,0.09500000000000008,0.57,0.665
3042,1042,200,CC,LITETime,0.09999999999999998,0.555,0.655
3043,1043,200,CC,LITETime,0.08500000000000008,0.575,0.66
3044,1044,200,CC,LITETime,0.13,0.145,0.015
3045,1045,200,CC,LITETime,0.034999999999999976,0.36,0.325
3046,1046,200,CC,LITETime,0.03,0.225,0.195
3047,1047,200,CC,LITETime,0.20500000000000007,0.57,0.775
3048,1048,200,CC,LITETime,0.20999999999999996,0.65,0.86
3049,1049,200,CC,LITETime,0.030000000000000027,0.275,0.245
3050,1050,200,CC,LITETime,0.135,0.53,0.665
3051,1051,200,CC,LITETime,0.1,0.225,0.125
3052,1052,200,CC,LITETime,0.05499999999999999,0.33,0.275
3053,1053,200,CC,LITETime,0.07999999999999999,0.215,0.135
3054,1054,200,CC,LITETime,0.02999999999999997,0.31,0.28
3055,1055,200,CC,LITETime,0.09000000000000008,0.58,0.67
3056,1056,200,CC,LITETime,0.20000000000000007,0.71,0.91
3057,1057,200,CC,LITETime,0.044999999999999984,0.245,0.2
3058,1058,200,CC,LITETime,0.010000000000000009,0.53,0.54
3059,1059,200,CC,LITETime,0.11499999999999999,0.585,0.7
3060,1060,200,CC,LITETime,0.18499999999999994,0.765,0.95
3061,1061,200,CC,LITETime,0.12,0.49,0.61
3062,1062,200,CC,LITETime,0.015000000000000013,0.24,0.255
3063,1063,200,CC,LITETime,0.10999999999999999,0.515,0.625
3064,1064,200,CC,LITETime,0.020000000000000018,0.34,0.32
3065,1065,200,CC,LITETime,0.28,0.695,0.975
3066,1066,200,CC,LITETime,0.050000000000000044,0.345,0.395
3067,1067,200,CC,LITETime,0.07000000000000006,0.615,0.685
3068,1068,200,CC,LITETime,0.185,0.205,0.02
3069,1069,200,CC,LITETime,0.009999999999999953,0.41,0.4
3070,1070,200,CC,LITETime,0.15000000000000002,0.725,0.875
3071,1071,200,CC,LITETime,0.11499999999999999,0.495,0.61
3072,1072,200,CC,LITETime,0.010000000000000009,0.45,0.44
3073,1073,200,CC,LITETime,0.20000000000000007,0.735,0.935
3074,1074,200,CC,LITETime,0.235,0.615,0.85
3075,1075,200,CC,LITETime,0.024999999999999967,0.345,0.32
3076,1076,200,CC,LITETime,0.04500000000000004,0.495,0.54
3077,1077,200,CC,LITETime,0.05499999999999999,0.43,0.485
3078,1078,200,CC,LITETime,0.05500000000000005,0.575,0.63
3079,1079,200,CC,LITETime,0.044999999999999984,0.375,0.33
3080,1080,200,CC,LITETime,0.010000000000000009,0.25,0.24
3081,1081,200,CC,LITETime,0.22499999999999998,0.685,0.91
3082,1082,200,CC,LITETime,0.18000000000000005,0.74,0.92
3083,1083,200,CC,LITETime,0.16499999999999992,0.675,0.84
3084,1084,200,CC,LITETime,0.29499999999999993,0.68,0.975
3085,1085,200,CC,LITETime,0.135,0.605,0.74
3086,1086,200,CC,LITETime,0.13,0.63,0.76
3087,1087,200,CC,LITETime,0.13,0.63,0.76
3088,1088,200,CC,LITETime,0.05499999999999999,0.425,0.48
3089,1089,200,CC,LITETime,0.030000000000000027,0.425,0.455
3090,1090,200,CC,LITETime,0.025000000000000022,0.265,0.24
3091,1091,200,CC,LITETime,0.10999999999999999,0.53,0.64
3092,1092,200,CC,LITETime,0.04500000000000004,0.33,0.285
3093,1093,200,CC,LITETime,0.03999999999999998,0.295,0.255
3094,1094,200,CC,LITETime,0.06999999999999995,0.515,0.585
3095,1095,200,CC,LITETime,0.020000000000000018,0.385,0.405
3096,1096,200,CC,LITETime,0.010000000000000009,0.205,0.215
3097,1097,200,CC,LITETime,0.15999999999999992,0.655,0.815
3098,1098,200,CC,LITETime,0.235,0.625,0.86
3099,1099,200,CC,LITETime,0.05499999999999999,0.22,0.165
3100,1100,200,CC,LITETime,0.13,0.135,0.005
3101,1101,200,CC,LITETime,0.025000000000000022,0.31,0.335
3102,1102,200,CC,LITETime,0.17000000000000004,0.625,0.795
3103,1103,200,CC,LITETime,0.19499999999999995,0.64,0.835
3104,1104,200,CC,LITETime,0.06999999999999998,0.205,0.135
3105,1105,200,CC,LITETime,0.10999999999999999,0.66,0.77
3106,1106,200,CC,LITETime,0.115,0.23,0.115
3107,1107,200,CC,LITETime,0.015000000000000013,0.375,0.39
3108,1108,200,CC,LITETime,0.19999999999999996,0.795,0.995
3109,1109,200,CC,LITETime,0.035,0.225,0.19
3110,1110,200,CC,LITETime,0.1,0.25,0.15
3111,1111,200,CC,LITETime,0.065,0.355,0.42
3112,1112,200,CC,LITETime,0.125,0.49,0.615
3113,1113,200,CC,LITETime,0.21500000000000008,0.715,0.93
3114,1114,200,CC,LITETime,0.19999999999999996,0.78,0.98
3115,1115,200,CC,LITETime,0.135,0.2,0.065
3116,1116,200,CC,LITETime,0.044999999999999984,0.18,0.135
3117,1117,200,CC,LITETime,0.125,0.665,0.79
3118,1118,200,CC,LITETime,0.019999999999999962,0.29,0.27
3119,1119,200,CC,LITETime,0.22999999999999998,0.65,0.88
3120,1120,200,CC,LITETime,0.14500000000000002,0.515,0.66
3121,1121,200,CC,LITETime,0.105,0.215,0.11
3122,1122,200,CC,LITETime,0.245,0.585,0.83
3123,1123,200,CC,LITETime,0.11499999999999999,0.29,0.175
3124,1124,200,CC,LITETime,0.025000000000000022,0.445,0.42
3125,1125,200,CC,LITETime,0.05500000000000005,0.495,0.55
3126,1126,200,CC,LITETime,0.025000000000000022,0.475,0.5
3127,1127,200,CC,LITETime,0.1150000000000001,0.57,0.685
3128,1128,200,CC,LITETime,0.11499999999999999,0.535,0.65
3129,1129,200,CC,LITETime,0.245,0.745,0.99
3130,1130,200,CC,LITETime,0.255,0.74,0.995
3131,1131,200,CC,LITETime,0.09000000000000002,0.425,0.515
3132,1132,200,CC,LITETime,0.10999999999999999,0.205,0.095
3133,1133,200,CC,LITETime,0.11499999999999999,0.61,0.725
3134,1134,200,CC,LITETime,0.22499999999999998,0.75,0.975
3135,1135,200,CC,LITETime,0.010000000000000009,0.305,0.315
3136,1136,200,CC,LITETime,0.040000000000000036,0.42,0.46
3137,1137,200,CC,LITETime,0.0050000000000000044,0.415,0.42
3138,1138,200,CC,LITETime,0.11,0.16,0.05
3139,1139,200,CC,LITETime,0.16000000000000003,0.51,0.67
3140,1140,200,CC,LITETime,0.0050000000000000044,0.345,0.35
3141,1141,200,CC,LITETime,0.19500000000000006,0.59,0.785
3142,1142,200,CC,LITETime,0.21499999999999997,0.615,0.83
3143,1143,200,CC,LITETime,0.1399999999999999,0.68,0.82
3144,1144,200,CC,LITETime,0.044999999999999984,0.37,0.415
3145,1145,200,CC,LITETime,0.025000000000000022,0.295,0.32
3146,1146,200,CC,LITETime,0.15500000000000003,0.59,0.745
3147,1147,200,CC,LITETime,0.20000000000000007,0.6,0.8
3148,1148,200,CC,LITETime,0.065,0.425,0.49
3149,1149,200,CC,LITETime,0.235,0.655,0.89
3150,1150,200,CC,LITETime,0.12,0.26,0.14
3151,1151,200,CC,LITETime,0.21999999999999997,0.655,0.875
3152,1152,200,CC,LITETime,0.07999999999999999,0.175,0.095
3153,1153,200,CC,LITETime,0.05499999999999999,0.205,0.15
3154,1154,200,CC,LITETime,0.050000000000000044,0.48,0.53
3155,1155,200,CC,LITETime,0.08499999999999999,0.15,0.065
3156,1156,200,CC,LITETime,0.08,0.13,0.05
3157,1157,200,CC,LITETime,0.13,0.13,0.0
3158,1158,200,CC,LITETime,0.034999999999999976,0.4,0.435
3159,1159,200,CC,LITETime,0.17500000000000004,0.595,0.77
3160,1160,200,CC,LITETime,0.125,0.155,0.03
3161,1161,200,CC,LITETime,0.09499999999999997,0.555,0.65
3162,1162,200,CC,LITETime,0.24,0.58,0.82
3163,1163,200,CC,LITETime,0.08499999999999999,0.25,0.165
3164,1164,200,CC,LITETime,0.07500000000000001,0.22,0.145
3165,1165,200,CC,LITETime,0.18499999999999994,0.675,0.86
3166,1166,200,CC,LITETime,0.19999999999999996,0.62,0.82
3167,1167,200,CC,LITETime,0.020000000000000018,0.515,0.535
3168,1168,200,CC,LITETime,0.16499999999999992,0.65,0.815
3169,1169,200,CC,LITETime,0.125,0.215,0.09
3170,1170,200,CC,LITETime,0.020000000000000018,0.37,0.39
3171,1171,200,CC,LITETime,0.17000000000000004,0.565,0.735
3172,1172,200,CC,LITETime,0.020000000000000018,0.275,0.255
3173,1173,200,CC,LITETime,0.17000000000000004,0.58,0.75
3174,1174,200,CC,LITETime,0.07,0.43,0.5
3175,1175,200,CC,LITETime,0.17000000000000004,0.58,0.75
3176,1176,200,CC,LITETime,0.030000000000000027,0.43,0.46
3177,1177,200,CC,LITETime,0.044999999999999984,0.32,0.365
3178,1178,200,CC,LITETime,0.05500000000000002,0.27,0.215
3179,1179,200,CC,LITETime,0.03,0.235,0.205
3180,1180,200,CC,LITETime,0.13,0.62,0.75
3181,1181,200,CC,LITETime,0.08999999999999998,0.205,0.115
3182,1182,200,CC,LITETime,0.105,0.19,0.085
3183,1183,200,CC,LITETime,0.0050000000000000044,0.18,0.175
3184,1184,200,CC,LITETime,0.065,0.24,0.175
3185,1185,200,CC,LITETime,0.17999999999999994,0.64,0.82
3186,1186,200,CC,LITETime,0.065,0.33,0.395
3187,1187,200,CC,LITETime,0.20499999999999996,0.785,0.99
3188,1188,200,CC,LITETime,0.06,0.195,0.135
3189,1189,200,CC,LITETime,0.12,0.53,0.65
3190,1190,200,CC,LITETime,0.010000000000000009,0.435,0.445
3191,1191,200,CC,LITETime,0.07,0.46,0.39
3192,1192,200,CC,LITETime,0.19499999999999995,0.68,0.875
3193,1193,200,CC,LITETime,0.27,0.705,0.975
3194,1194,200,CC,LITETime,0.17000000000000004,0.7,0.87
3195,1195,200,CC,LITETime,0.08000000000000002,0.27,0.19
3196,1196,200,CC,LITETime,0.04000000000000001,0.26,0.22
3197,1197,200,CC,LITETime,0.135,0.52,0.655
3198,1198,200,CC,LITETime,0.030000000000000027,0.315,0.285
3199,1199,200,CC,LITETime,0.14,0.59,0.73
3200,1200,200,CC,LITETime,0.11499999999999994,0.45,0.565
3201,1201,200,CC,LITETime,0.0050000000000000044,0.545,0.55
3202,1202,200,CC,LITETime,0.19999999999999996,0.625,0.825
3203,1203,200,CC,LITETime,0.12,0.59,0.71
3204,1204,200,CC,LITETime,0.12,0.145,0.025
3205,1205,200,CC,LITETime,0.09500000000000001,0.14,0.045
3206,1206,200,CC,LITETime,0.04499999999999993,0.555,0.6
3207,1207,200,CC,LITETime,0.06,0.425,0.485
3208,1208,200,CC,LITETime,0.010000000000000009,0.27,0.26
3209,1209,200,CC,LITETime,0.015000000000000013,0.43,0.415
3210,1210,200,CC,LITETime,0.14500000000000002,0.61,0.755
3211,1211,200,CC,LITETime,0.19499999999999995,0.63,0.825
3212,1212,200,CC,LITETime,0.06000000000000005,0.5,0.56
3213,1213,200,CC,LITETime,0.030000000000000027,0.355,0.385
3214,1214,200,CC,LITETime,0.0050000000000000044,0.275,0.27
3215,1215,200,CC,LITETime,0.09500000000000003,0.425,0.52
3216,1216,200,CC,LITETime,0.05499999999999999,0.365,0.31
3217,1217,200,CC,LITETime,0.10500000000000004,0.455,0.56
3218,1218,200,CC,LITETime,0.07500000000000007,0.6,0.675
3219,1219,200,CC,LITETime,0.09,0.155,0.065
3220,1220,200,CC,LITETime,0.115,0.115,0.0
3221,1221,200,CC,LITETime,0.03,0.24,0.21
3222,1222,200,CC,LITETime,0.21999999999999997,0.67,0.89
3223,1223,200,CC,LITETime,0.125,0.52,0.645
3224,1224,200,CC,LITETime,0.05499999999999999,0.225,0.17
3225,1225,200,CC,LITETime,0.17500000000000004,0.715,0.89
3226,1226,200,CC,LITETime,0.050000000000000044,0.415,0.465
3227,1227,200,CC,LITETime,0.04999999999999999,0.425,0.475
3228,1228,200,CC,LITETime,0.20500000000000007,0.73,0.935
3229,1229,200,CC,LITETime,0.09,0.145,0.055
3230,1230,200,CC,LITETime,0.06500000000000003,0.28,0.215
3231,1231,200,CC,LITETime,0.14999999999999997,0.435,0.585
3232,1232,200,CC,LITETime,0.065,0.26,0.195
3233,1233,200,CC,LITETime,0.15500000000000003,0.52,0.675
3234,1234,200,CC,LITETime,0.0050000000000000044,0.215,0.21
3235,1235,200,CC,LITETime,0.10500000000000001,0.2,0.095
3236,1236,200,CC,LITETime,0.060000000000000026,0.265,0.205
3237,1237,200,CC,LITETime,0.06,0.36,0.42
3238,1238,200,CC,LITETime,0.06,0.235,0.175
3239,1239,200,CC,LITETime,0.13,0.26,0.13
3240,1240,200,CC,LITETime,0.19999999999999996,0.66,0.86
3241,1241,200,CC,LITETime,0.08999999999999997,0.41,0.32
3242,1242,200,CC,LITETime,0.0050000000000000044,0.365,0.36
3243,1243,200,CC,LITETime,0.09,0.145,0.055
3244,1244,200,CC,LITETime,0.010000000000000009,0.345,0.355
3245,1245,200,CC,LITETime,0.05499999999999999,0.315,0.26
3246,1246,200,CC,LITETime,0.125,0.485,0.61
3247,1247,200,CC,LITETime,0.06500000000000003,0.27,0.205
3248,1248,200,CC,LITETime,0.21499999999999997,0.67,0.885
3249,1249,200,CC,LITETime,0.19000000000000006,0.735,0.925
3250,1250,200,CC,LITETime,0.11499999999999999,0.21,0.095
3251,1251,200,CC,LITETime,0.085,0.19,0.105
3252,1252,200,CC,LITETime,0.06499999999999999,0.18,0.115
3253,1253,200,CC,LITETime,0.12,0.495,0.615
3254,1254,200,CC,LITETime,0.09,0.21,0.12
3255,1255,200,CC,LITETime,0.19999999999999996,0.65,0.85
3256,1256,200,CC,LITETime,0.17500000000000004,0.575,0.75
3257,1257,200,CC,LITETime,0.20999999999999996,0.605,0.815
3258,1258,200,CC,LITETime,0.09000000000000002,0.435,0.525
3259,1259,200,CC,LITETime,0.18000000000000005,0.815,0.995
3260,1260,200,CC,LITETime,0.09,0.13,0.04
3261,1261,200,CC,LITETime,0.05500000000000005,0.345,0.4
3262,1262,200,CC,LITETime,0.0,0.32,0.32
3263,1263,200,CC,LITETime,0.20999999999999996,0.735,0.945
3264,1264,200,CC,LITETime,0.06499999999999995,0.51,0.575
3265,1265,200,CC,LITETime,0.17000000000000004,0.635,0.805
3266,1266,200,CC,LITETime,0.1,0.27,0.17
3267,1267,200,CC,LITETime,0.24,0.735,0.975
3268,1268,200,CC,LITETime,0.06,0.435,0.495
3269,1269,200,CC,LITETime,0.08499999999999996,0.405,0.49
3270,1270,200,CC,LITETime,0.265,0.705,0.97
3271,1271,200,CC,LITETime,0.030000000000000027,0.35,0.38
3272,1272,200,CC,LITETime,0.030000000000000027,0.365,0.395
3273,1273,200,CC,LITETime,0.09999999999999998,0.48,0.58
3274,1274,200,CC,LITETime,0.095,0.22,0.125
3275,1275,200,CC,LITETime,0.010000000000000009,0.33,0.32
3276,1276,200,CC,LITETime,0.065,0.255,0.19
3277,1277,200,CC,LITETime,0.08499999999999999,0.185,0.1
3278,1278,200,CC,LITETime,0.14500000000000002,0.72,0.865
3279,1279,200,CC,LITETime,0.06499999999999995,0.52,0.585
3280,1280,200,CC,LITETime,0.014999999999999958,0.34,0.355
3281,1281,200,CC,LITETime,0.009999999999999953,0.415,0.405
3282,1282,200,CC,LITETime,0.010000000000000009,0.44,0.43
3283,1283,200,CC,LITETime,0.14,0.49,0.63
3284,1284,200,CC,LITETime,0.255,0.67,0.925
3285,1285,200,CC,LITETime,0.25,0.68,0.93
3286,1286,200,CC,LITETime,0.025000000000000022,0.365,0.39
3287,1287,200,CC,LITETime,0.0,0.325,0.325
3288,1288,200,CC,LITETime,0.08000000000000002,0.37,0.45
3289,1289,200,CC,LITETime,0.09999999999999992,0.465,0.565
3290,1290,200,CC,LITETime,0.010000000000000009,0.45,0.46
3291,1291,200,CC,LITETime,0.17500000000000004,0.48,0.655
3292,1292,200,CC,LITETime,0.06500000000000006,0.485,0.55
3293,1293,200,CC,LITETime,0.025000000000000022,0.295,0.32
3294,1294,200,CC,LITETime,0.010000000000000009,0.355,0.345
3295,1295,200,CC,LITETime,0.030000000000000027,0.345,0.375
3296,1296,200,CC,LITETime,0.11499999999999999,0.205,0.09
3297,1297,200,CC,LITETime,0.04999999999999999,0.215,0.165
3298,1298,200,CC,LITETime,0.14500000000000002,0.575,0.72
3299,1299,200,CC,LITETime,0.010000000000000009,0.375,0.385
3300,1300,200,CC,LITETime,0.08499999999999999,0.295,0.21
3301,1301,200,CC,LITETime,0.07000000000000006,0.49,0.56
3302,1302,200,CC,LITETime,0.16000000000000003,0.595,0.755
3303,1303,200,CC,LITETime,0.015000000000000013,0.27,0.255
3304,1304,200,CC,LITETime,0.1449999999999999,0.68,0.825
3305,1305,200,CC,LITETime,0.24,0.685,0.925
3306,1306,200,CC,LITETime,0.11499999999999999,0.48,0.595
3307,1307,200,CC,LITETime,0.10499999999999998,0.56,0.665
3308,1308,200,CC,LITETime,0.09499999999999999,0.145,0.05
3309,1309,200,CC,LITETime,0.18999999999999995,0.755,0.945
3310,1310,200,CC,LITETime,0.024999999999999967,0.415,0.39
3311,1311,200,CC,LITETime,0.21000000000000008,0.71,0.92
3312,1312,200,CC,LITETime,0.05999999999999994,0.515,0.575
3313,1313,200,CC,LITETime,0.12,0.12,0.0
3314,1314,200,CC,LITETime,0.12,0.155,0.035
3315,1315,200,CC,LITETime,0.1050000000000001,0.575,0.68
3316,1316,200,CC,LITETime,0.11500000000000005,0.445,0.56
3317,1317,200,CC,LITETime,0.1,0.125,0.025
3318,1318,200,CC,LITETime,0.17999999999999994,0.56,0.74
3319,1319,200,CC,LITETime,0.15500000000000003,0.695,0.85
3320,1320,200,CC,LITETime,0.02999999999999997,0.465,0.495
3321,1321,200,CC,LITETime,0.03500000000000003,0.43,0.465
3322,1322,200,CC,LITETime,0.13,0.135,0.005
3323,1323,200,CC,LITETime,0.16500000000000004,0.62,0.785
3324,1324,200,CC,LITETime,0.024999999999999967,0.355,0.33
3325,1325,200,CC,LITETime,0.10999999999999999,0.765,0.875
3326,1326,200,CC,LITETime,0.03999999999999998,0.33,0.37
3327,1327,200,CC,LITETime,0.09999999999999992,0.465,0.565
3328,1328,200,CC,LITETime,0.02999999999999997,0.3,0.27
3329,1329,200,CC,LITETime,0.035,0.195,0.16
3330,1330,200,CC,LITETime,0.20500000000000007,0.565,0.77
3331,1331,200,CC,LITETime,0.065,0.43,0.495
3332,1332,200,CC,LITETime,0.08500000000000002,0.45,0.535
3333,1333,200,CC,LITETime,0.21999999999999997,0.745,0.965
3334,1334,200,CC,LITETime,0.21499999999999997,0.745,0.96
3335,1335,200,CC,LITETime,0.14,0.715,0.855
3336,1336,200,CC,LITETime,0.09000000000000002,0.275,0.185
3337,1337,200,CC,LITETime,0.11499999999999999,0.475,0.59
3338,1338,200,CC,LITETime,0.20499999999999996,0.67,0.875
3339,1339,200,CC,LITETime,0.0050000000000000044,0.365,0.37
3340,1340,200,CC,LITETime,0.1,0.2,0.1
3341,1341,200,CC,LITETime,0.15500000000000003,0.655,0.81
3342,1342,200,CC,LITETime,0.08999999999999997,0.39,0.48
3343,1343,200,CC,LITETime,0.06500000000000006,0.495,0.56
3344,1344,200,CC,LITETime,0.18499999999999994,0.795,0.98
3345,1345,200,CC,LITETime,0.07999999999999996,0.525,0.605
3346,1346,200,CC,LITETime,0.015000000000000013,0.435,0.42
3347,1347,200,CC,LITETime,0.0050000000000000044,0.37,0.365
3348,1348,200,CC,LITETime,0.08999999999999997,0.325,0.415
3349,1349,200,CC,LITETime,0.09999999999999999,0.215,0.115
3350,1350,200,CC,LITETime,0.17500000000000004,0.615,0.79
3351,1351,200,CC,LITETime,0.245,0.59,0.835
3352,1352,200,CC,LITETime,0.019999999999999962,0.3,0.28
3353,1353,200,CC,LITETime,0.0,0.3,0.3
3354,1354,200,CC,LITETime,0.245,0.625,0.87
3355,1355,200,CC,LITETime,0.105,0.125,0.02
3356,1356,200,CC,LITETime,0.06,0.46,0.52
3357,1357,200,CC,LITETime,0.0050000000000000044,0.465,0.46
3358,1358,200,CC,LITETime,0.10999999999999999,0.58,0.69
3359,1359,200,CC,LITETime,0.035,0.195,0.16
3360,1360,200,CC,LITETime,0.10499999999999998,0.56,0.665
3361,1361,200,CC,LITETime,0.010000000000000009,0.385,0.375
3362,1362,200,CC,LITETime,0.08499999999999996,0.53,0.615
3363,1363,200,CC,LITETime,0.13499999999999998,0.175,0.04
3364,1364,200,CC,LITETime,0.050000000000000044,0.41,0.46
3365,1365,200,CC,LITETime,0.07,0.45,0.52
3366,1366,200,CC,LITETime,0.07000000000000003,0.28,0.21
3367,1367,200,CC,LITETime,0.04999999999999999,0.185,0.135
3368,1368,200,CC,LITETime,0.08000000000000002,0.265,0.185
3369,1369,200,CC,LITETime,0.025000000000000022,0.315,0.34
3370,1370,200,CC,LITETime,0.08499999999999999,0.18,0.095
3371,1371,200,CC,LITETime,0.21999999999999997,0.725,0.945
3372,1372,200,CC,LITETime,0.010000000000000009,0.39,0.4
3373,1373,200,CC,LITETime,0.17000000000000004,0.635,0.805
3374,1374,200,CC,LITETime,0.24,0.73,0.97
3375,1375,200,CC,LITETime,0.09999999999999999,0.18,0.08
3376,1376,200,CC,LITETime,0.10499999999999998,0.545,0.65
3377,1377,200,CC,LITETime,0.235,0.635,0.87
3378,1378,200,CC,LITETime,0.13,0.5,0.63
3379,1379,200,CC,LITETime,0.06,0.365,0.425
3380,1380,200,CC,LITETime,0.010000000000000009,0.44,0.43
3381,1381,200,CC,LITETime,0.08499999999999999,0.12,0.035
3382,1382,200,CC,LITETime,0.12000000000000005,0.41,0.53
3383,1383,200,CC,LITETime,0.20499999999999996,0.785,0.99
3384,1384,200,CC,LITETime,0.21499999999999997,0.74,0.955
3385,1385,200,CC,LITETime,0.125,0.165,0.04
3386,1386,200,CC,LITETime,0.13,0.575,0.705
3387,1387,200,CC,LITETime,0.044999999999999984,0.345,0.3
3388,1388,200,CC,LITETime,0.21000000000000008,0.69,0.9
3389,1389,200,CC,LITETime,0.14,0.185,0.045
3390,1390,200,CC,LITETime,0.2400000000000001,0.695,0.935
3391,1391,200,CC,LITETime,0.1499999999999999,0.685,0.835
3392,1392,200,CC,LITETime,0.06999999999999999,0.185,0.115
3393,1393,200,CC,LITETime,0.15,0.205,0.055
3394,1394,200,CC,LITETime,0.17999999999999994,0.65,0.83
3395,1395,200,CC,LITETime,0.11500000000000002,0.27,0.155
3396,1396,200,CC,LITETime,0.065,0.465,0.53
3397,1397,200,CC,LITETime,0.21500000000000008,0.7,0.915
3398,1398,200,CC,LITETime,0.10999999999999993,0.455,0.565
3399,1399,200,CC,LITETime,0.0050000000000000044,0.4,0.395
3400,1400,200,CC,LITETime,0.030000000000000027,0.415,0.445
3401,1401,200,CC,LITETime,0.09,0.15,0.06
3402,1402,200,CC,LITETime,0.18499999999999994,0.78,0.965
3403,1403,200,CC,LITETime,0.025000000000000022,0.335,0.31
3404,1404,200,CC,LITETime,0.03,0.215,0.185
3405,1405,200,CC,LITETime,0.050000000000000044,0.335,0.285
3406,1406,200,CC,LITETime,0.21499999999999997,0.745,0.96
3407,1407,200,CC,LITETime,0.08499999999999999,0.175,0.09
3408,1408,200,CC,LITETime,0.18999999999999995,0.675,0.865
3409,1409,200,CC,LITETime,0.135,0.57,0.705
3410,1410,200,CC,LITETime,0.15499999999999992,0.675,0.83
3411,1411,200,CC,LITETime,0.21999999999999997,0.755,0.975
3412,1412,200,CC,LITETime,0.19999999999999996,0.64,0.84
3413,1413,200,CC,LITETime,0.2849999999999999,0.655,0.94
3414,1414,200,CC,LITETime,0.07500000000000001,0.2,0.125
3415,1415,200,CC,LITETime,0.125,0.67,0.795
3416,1416,200,CC,LITETime,0.09000000000000002,0.455,0.545
3417,1417,200,CC,LITETime,0.09500000000000003,0.445,0.54
3418,1418,200,CC,LITETime,0.20500000000000007,0.69,0.895
3419,1419,200,CC,LITETime,0.235,0.735,0.97
3420,1420,200,CC,LITETime,0.1449999999999999,0.555,0.7
3421,1421,200,CC,LITETime,0.07999999999999996,0.4,0.48
3422,1422,200,CC,LITETime,0.08000000000000002,0.375,0.455
3423,1423,200,CC,LITETime,0.05499999999999999,0.33,0.385
3424,1424,200,CC,LITETime,0.065,0.295,0.36
3425,1425,200,CC,LITETime,0.010000000000000009,0.4,0.39
3426,1426,200,CC,LITETime,0.11,0.195,0.085
3427,1427,200,CC,LITETime,0.09000000000000001,0.165,0.075
3428,1428,200,CC,LITETime,0.14,0.635,0.775
3429,1429,200,CC,LITETime,0.065,0.38,0.445
3430,1430,200,CC,LITETime,0.19500000000000006,0.735,0.93
3431,1431,200,CC,LITETime,0.125,0.485,0.61
3432,1432,200,CC,LITETime,0.135,0.17,0.035
3433,1433,200,CC,LITETime,0.06,0.215,0.155
3434,1434,200,CC,LITETime,0.025000000000000022,0.23,0.205
3435,1435,200,CC,LITETime,0.245,0.73,0.975
3436,1436,200,CC,LITETime,0.0050000000000000044,0.22,0.215
3437,1437,200,CC,LITETime,0.09500000000000003,0.42,0.515
3438,1438,200,CC,LITETime,0.22000000000000008,0.715,0.935
3439,1439,200,CC,LITETime,0.21999999999999997,0.755,0.975
3440,1440,200,CC,LITETime,0.025000000000000022,0.26,0.235
3441,1441,200,CC,LITETime,0.105,0.15,0.045
3442,1442,200,CC,LITETime,0.11000000000000001,0.26,0.15
3443,1443,200,CC,LITETime,0.10500000000000001,0.165,0.06
3444,1444,200,CC,LITETime,0.08500000000000002,0.28,0.195
3445,1445,200,CC,LITETime,0.04999999999999993,0.515,0.565
3446,1446,200,CC,LITETime,0.21500000000000008,0.695,0.91
3447,1447,200,CC,LITETime,0.03500000000000003,0.5,0.535
3448,1448,200,CC,LITETime,0.10499999999999998,0.52,0.625
3449,1449,200,CC,LITETime,0.07500000000000001,0.275,0.2
3450,1450,200,CC,LITETime,0.14,0.66,0.8
3451,1451,200,CC,LITETime,0.06499999999999995,0.55,0.615
3452,1452,200,CC,LITETime,0.20999999999999996,0.65,0.86
3453,1453,200,CC,LITETime,0.2699999999999999,0.675,0.945
3454,1454,200,CC,LITETime,0.025000000000000022,0.37,0.345
3455,1455,200,CC,LITETime,0.07500000000000001,0.165,0.09
3456,1456,200,CC,LITETime,0.05000000000000002,0.275,0.225
3457,1457,200,CC,LITETime,0.08000000000000002,0.355,0.435
3458,1458,200,CC,LITETime,0.24,0.705,0.945
3459,1459,200,CC,LITETime,0.044999999999999984,0.33,0.375
3460,1460,200,CC,LITETime,0.15500000000000003,0.615,0.77
3461,1461,200,CC,LITETime,0.08000000000000002,0.46,0.54
3462,1462,200,CC,LITETime,0.10499999999999998,0.285,0.18
3463,1463,200,CC,LITETime,0.03999999999999998,0.36,0.32
3464,1464,200,CC,LITETime,0.125,0.525,0.65
3465,1465,200,CC,LITETime,0.15500000000000003,0.515,0.67
3466,1466,200,CC,LITETime,0.0050000000000000044,0.435,0.43
3467,1467,200,CC,LITETime,0.014999999999999986,0.24,0.225
3468,1468,200,CC,LITETime,0.135,0.585,0.72
3469,1469,200,CC,LITETime,0.035,0.2,0.165
3470,1470,200,CC,LITETime,0.2300000000000001,0.705,0.935
3471,1471,200,CC,LITETime,0.04500000000000001,0.23,0.185
3472,1472,200,CC,LITETime,0.105,0.21,0.105
3473,1473,200,CC,LITETime,0.08500000000000002,0.41,0.495
3474,1474,200,CC,LITETime,0.08500000000000002,0.43,0.515
3475,1475,200,CC,LITETime,0.015000000000000013,0.49,0.505
3476,1476,200,CC,LITETime,0.02999999999999997,0.405,0.435
3477,1477,200,CC,LITETime,0.31499999999999995,0.675,0.99
3478,1478,200,CC,LITETime,0.044999999999999984,0.44,0.485
3479,1479,200,CC,LITETime,0.04999999999999999,0.425,0.475
3480,1480,200,CC,LITETime,0.08499999999999996,0.335,0.42
3481,1481,200,CC,LITETime,0.07500000000000001,0.14,0.065
3482,1482,200,CC,LITETime,0.14499999999999996,0.445,0.59
3483,1483,200,CC,LITETime,0.06999999999999998,0.295,0.225
3484,1484,200,CC,LITETime,0.15000000000000002,0.485,0.635
3485,1485,200,CC,LITETime,0.11,0.16,0.05
3486,1486,200,CC,LITETime,0.21999999999999997,0.76,0.98
3487,1487,200,CC,LITETime,0.08500000000000002,0.38,0.465
3488,1488,200,CC,LITETime,0.18000000000000005,0.715,0.895
3489,1489,200,CC,LITETime,0.044999999999999984,0.43,0.475
3490,1490,200,CC,LITETime,0.095,0.155,0.06
3491,1491,200,CC,LITETime,0.21499999999999997,0.605,0.82
3492,1492,200,CC,LITETime,0.135,0.51,0.645
3493,1493,200,CC,LITETime,0.22499999999999998,0.555,0.78
3494,1494,200,CC,LITETime,0.06,0.365,0.425
3495,1495,200,CC,LITETime,0.12,0.515,0.635
3496,1496,200,CC,LITETime,0.18999999999999995,0.665,0.855
3497,1497,200,CC,LITETime,0.11499999999999999,0.515,0.63
3498,1498,200,CC,LITETime,0.06000000000000005,0.405,0.345
3499,1499,200,CC,LITETime,0.09999999999999998,0.56,0.66
3500,1500,200,CC,LITETime,0.15000000000000002,0.52,0.67
3501,1501,200,CC,LITETime,0.2849999999999999,0.675,0.96
3502,1502,200,CC,LITETime,0.010000000000000009,0.38,0.37
3503,1503,200,CC,LITETime,0.06,0.365,0.425
3504,1504,200,CC,LITETime,0.21000000000000008,0.6,0.81
3505,1505,200,CC,LITETime,0.05499999999999999,0.45,0.505
3506,1506,200,CC,LITETime,0.11499999999999999,0.62,0.735
3507,1507,200,CC,LITETime,0.020000000000000018,0.435,0.455
3508,1508,200,CC,LITETime,0.08499999999999999,0.3,0.215
3509,1509,200,CC,LITETime,0.18000000000000005,0.565,0.745
3510,1510,200,CC,LITETime,0.10999999999999999,0.24,0.13
3511,1511,200,CC,LITETime,0.07500000000000001,0.27,0.195
3512,1512,200,CC,LITETime,0.05500000000000005,0.57,0.625
3513,1513,200,CC,LITETime,0.14500000000000002,0.6,0.745
3514,1514,200,CC,LITETime,0.255,0.635,0.89
3515,1515,200,CC,LITETime,0.0,0.27,0.27
3516,1516,200,CC,LITETime,0.09000000000000001,0.2,0.11
3517,1517,200,CC,LITETime,0.255,0.7,0.955
3518,1518,200,CC,LITETime,0.07500000000000001,0.225,0.15
3519,1519,200,CC,LITETime,0.05499999999999999,0.25,0.195
3520,1520,200,CC,LITETime,0.040000000000000036,0.33,0.29
3521,1521,200,CC,LITETime,0.030000000000000027,0.495,0.525
3522,1522,200,CC,LITETime,0.20499999999999996,0.675,0.88
3523,1523,200,CC,LITETime,0.15000000000000002,0.61,0.76
3524,1524,200,CC,LITETime,0.1449999999999999,0.56,0.705
3525,1525,200,CC,LITETime,0.09500000000000003,0.27,0.175
3526,1526,200,CC,LITETime,0.019999999999999962,0.335,0.355
3527,1527,200,CC,LITETime,0.06,0.415,0.475
3528,1528,200,CC,LITETime,0.095,0.24,0.145
3529,1529,200,CC,LITETime,0.02999999999999997,0.3,0.27
3530,1530,200,CC,LITETime,0.024999999999999967,0.28,0.305
3531,1531,200,CC,LITETime,0.1,0.225,0.125
3532,1532,200,CC,LITETime,0.09500000000000003,0.455,0.55
3533,1533,200,CC,LITETime,0.10999999999999999,0.595,0.705
3534,1534,200,CC,LITETime,0.12,0.185,0.065
3535,1535,200,CC,LITETime,0.08999999999999997,0.39,0.48
3536,1536,200,CC,LITETime,0.17500000000000004,0.605,0.78
3537,1537,200,CC,LITETime,0.135,0.61,0.745
3538,1538,200,CC,LITETime,0.16999999999999993,0.645,0.815
3539,1539,200,CC,LITETime,0.044999999999999984,0.4,0.445
3540,1540,200,CC,LITETime,0.22499999999999998,0.595,0.82
3541,1541,200,CC,LITETime,0.009999999999999981,0.23,0.24
3542,1542,200,CC,LITETime,0.015000000000000013,0.345,0.36
3543,1543,200,CC,LITETime,0.04500000000000001,0.22,0.175
3544,1544,200,CC,LITETime,0.06,0.405,0.465
3545,1545,200,CC,LITETime,0.040000000000000036,0.35,0.39
3546,1546,200,CC,LITETime,0.05499999999999999,0.295,0.24
3547,1547,200,CC,LITETime,0.14,0.61,0.75
3548,1548,200,CC,LITETime,0.010000000000000009,0.32,0.31
3549,1549,200,CC,LITETime,0.05499999999999999,0.325,0.27
3550,1550,200,CC,LITETime,0.07999999999999999,0.21,0.13
3551,1551,200,CC,LITETime,0.02999999999999997,0.405,0.435
3552,1552,200,CC,LITETime,0.030000000000000027,0.33,0.3
3553,1553,200,CC,LITETime,0.020000000000000018,0.345,0.365
3554,1554,200,CC,LITETime,0.04999999999999999,0.285,0.235
3555,1555,200,CC,LITETime,0.135,0.625,0.76
3556,1556,200,CC,LITETime,0.20000000000000007,0.73,0.93
3557,1557,200,CC,LITETime,0.044999999999999984,0.45,0.495
3558,1558,200,CC,LITETime,0.11499999999999999,0.525,0.64
3559,1559,200,CC,LITETime,0.20999999999999996,0.655,0.865
3560,1560,200,CC,LITETime,0.24,0.755,0.995
3561,1561,200,CC,LITETime,0.10999999999999999,0.5,0.61
3562,1562,200,CC,LITETime,0.19999999999999996,0.685,0.885
3563,1563,200,CC,LITETime,0.24,0.665,0.905
3564,1564,200,CC,LITETime,0.21500000000000008,0.575,0.79
3565,1565,200,CC,LITETime,0.050000000000000044,0.41,0.46
3566,1566,200,CC,LITETime,0.08,0.16,0.08
3567,1567,200,CC,LITETime,0.135,0.15,0.015
3568,1568,200,CC,LITETime,0.07999999999999996,0.395,0.475
3569,1569,200,CC,LITETime,0.04999999999999999,0.44,0.49
3570,1570,200,CC,LITETime,0.010000000000000009,0.395,0.405
3571,1571,200,CC,LITETime,0.09999999999999992,0.465,0.565
3572,1572,200,CC,LITETime,0.10500000000000004,0.445,0.55
3573,1573,200,CC,LITETime,0.19999999999999996,0.635,0.835
3574,1574,200,CC,LITETime,0.14500000000000002,0.25,0.105
3575,1575,200,CC,LITETime,0.095,0.32,0.225
3576,1576,200,CC,LITETime,0.18000000000000005,0.61,0.79
3577,1577,200,CC,LITETime,0.18499999999999994,0.66,0.845
3578,1578,200,CC,LITETime,0.22999999999999998,0.76,0.99
3579,1579,200,CC,LITETime,0.19499999999999995,0.675,0.87
3580,1580,200,CC,LITETime,0.21499999999999997,0.67,0.885
3581,1581,200,CC,LITETime,0.020000000000000018,0.29,0.31
3582,1582,200,CC,LITETime,0.03500000000000003,0.365,0.4
3583,1583,200,CC,LITETime,0.0050000000000000044,0.27,0.265
3584,1584,200,CC,LITETime,0.08999999999999997,0.515,0.605
3585,1585,200,CC,LITETime,0.19500000000000006,0.74,0.935
3586,1586,200,CC,LITETime,0.024999999999999967,0.365,0.34
3587,1587,200,CC,LITETime,0.08000000000000007,0.475,0.555
3588,1588,200,CC,LITETime,0.010000000000000009,0.285,0.295
3589,1589,200,CC,LITETime,0.11999999999999997,0.285,0.165
3590,1590,200,CC,LITETime,0.08999999999999997,0.285,0.195
3591,1591,200,CC,LITETime,0.095,0.15,0.055
3592,1592,200,CC,LITETime,0.19499999999999995,0.75,0.945
3593,1593,200,CC,LITETime,0.09000000000000002,0.31,0.4
3594,1594,200,CC,LITETime,0.21499999999999997,0.615,0.83
3595,1595,200,CC,LITETime,0.1150000000000001,0.565,0.68
3596,1596,200,CC,LITETime,0.08000000000000002,0.27,0.19
3597,1597,200,CC,LITETime,0.0050000000000000044,0.18,0.175
3598,1598,200,CC,LITETime,0.135,0.675,0.81
3599,1599,200,CC,LITETime,0.10999999999999999,0.37,0.26
3600,1600,200,CC,LITETime,0.22000000000000008,0.69,0.91
3601,1601,200,CC,LITETime,0.06499999999999997,0.205,0.14
3602,1602,200,CC,LITETime,0.13,0.545,0.675
3603,1603,200,CC,LITETime,0.21000000000000008,0.6,0.81
3604,1604,200,CC,LITETime,0.020000000000000018,0.255,0.235
3605,1605,200,CC,LITETime,0.03999999999999998,0.315,0.275
3606,1606,200,CC,LITETime,0.245,0.715,0.96
3607,1607,200,CC,LITETime,0.06,0.32,0.26
3608,1608,200,CC,LITETime,0.044999999999999984,0.38,0.425
3609,1609,200,CC,LITETime,0.010000000000000009,0.42,0.43
3610,1610,200,CC,LITETime,0.08000000000000002,0.33,0.25
3611,1611,200,CC,LITETime,0.20000000000000007,0.575,0.775
3612,1612,200,CC,LITETime,0.16500000000000004,0.605,0.77
3613,1613,200,CC,LITETime,0.0050000000000000044,0.37,0.375
3614,1614,200,CC,LITETime,0.17999999999999994,0.655,0.835
3615,1615,200,CC,LITETime,0.09,0.3,0.21
3616,1616,200,CC,LITETime,0.14,0.14,0.0
3617,1617,200,CC,LITETime,0.08499999999999996,0.485,0.57
3618,1618,200,CC,LITETime,0.29000000000000004,0.7,0.99
3619,1619,200,CC,LITETime,0.10500000000000001,0.14,0.035
3620,1620,200,CC,LITETime,0.05500000000000002,0.26,0.205
3621,1621,200,CC,LITETime,0.040000000000000036,0.475,0.515
3622,1622,200,CC,LITETime,0.16500000000000004,0.64,0.805
3623,1623,200,CC,LITETime,0.115,0.2,0.085
3624,1624,200,CC,LITETime,0.02999999999999997,0.425,0.395
3625,1625,200,CC,LITETime,0.20999999999999996,0.535,0.745
3626,1626,200,CC,LITETime,0.0050000000000000044,0.365,0.37
3627,1627,200,CC,LITETime,0.04999999999999999,0.235,0.185
3628,1628,200,CC,LITETime,0.01999999999999999,0.215,0.195
3629,1629,200,CC,LITETime,0.024999999999999967,0.385,0.41
3630,1630,200,CC,LITETime,0.04999999999999999,0.425,0.475
3631,1631,200,CC,LITETime,0.18999999999999995,0.67,0.86
3632,1632,200,CC,LITETime,0.10999999999999999,0.53,0.64
3633,1633,200,CC,LITETime,0.11499999999999999,0.575,0.69
3634,1634,200,CC,LITETime,0.24,0.74,0.98
3635,1635,200,CC,LITETime,0.009999999999999953,0.4,0.41
3636,1636,200,CC,LITETime,0.040000000000000036,0.36,0.4
3637,1637,200,CC,LITETime,0.2300000000000001,0.69,0.92
3638,1638,200,CC,LITETime,0.024999999999999994,0.22,0.245
3639,1639,200,CC,LITETime,0.15000000000000002,0.575,0.725
3640,1640,200,CC,LITETime,0.16500000000000004,0.585,0.75
3641,1641,200,CC,LITETime,0.1,0.195,0.095
3642,1642,200,CC,LITETime,0.015000000000000013,0.45,0.465
3643,1643,200,CC,LITETime,0.024999999999999994,0.225,0.2
3644,1644,200,CC,LITETime,0.07,0.255,0.185
3645,1645,200,CC,LITETime,0.030000000000000027,0.43,0.46
3646,1646,200,CC,LITETime,0.030000000000000027,0.315,0.285
3647,1647,200,CC,LITETime,0.13,0.665,0.795
3648,1648,200,CC,LITETime,0.22999999999999998,0.675,0.905
3649,1649,200,CC,LITETime,0.18500000000000005,0.615,0.8
3650,1650,200,CC,LITETime,0.0050000000000000044,0.26,0.265
3651,1651,200,CC,LITETime,0.04999999999999999,0.32,0.27
3652,1652,200,CC,LITETime,0.05499999999999999,0.305,0.25
3653,1653,200,CC,LITETime,0.07499999999999998,0.21,0.135
3654,1654,200,CC,LITETime,0.21499999999999997,0.725,0.94
3655,1655,200,CC,LITETime,0.050000000000000044,0.35,0.4
3656,1656,200,CC,LITETime,0.04500000000000001,0.265,0.22
3657,1657,200,CC,LITETime,0.16499999999999992,0.68,0.845
3658,1658,200,CC,LITETime,0.025000000000000022,0.37,0.395
3659,1659,200,CC,LITETime,0.145,0.18,0.035
3660,1660,200,CC,LITETime,0.07499999999999998,0.235,0.16
3661,1661,200,CC,LITETime,0.0050000000000000044,0.63,0.635
3662,1662,200,CC,LITETime,0.16000000000000003,0.62,0.78
3663,1663,200,CC,LITETime,0.010000000000000009,0.22,0.21
3664,1664,200,CC,LITETime,0.20000000000000007,0.715,0.915
3665,1665,200,CC,LITETime,0.18499999999999994,0.665,0.85
3666,1666,200,CC,LITETime,0.21999999999999997,0.625,0.845
3667,1667,200,CC,LITETime,0.05500000000000002,0.28,0.225
3668,1668,200,CC,LITETime,0.11,0.16,0.05
3669,1669,200,CC,LITETime,0.255,0.61,0.865
3670,1670,200,CC,LITETime,0.015000000000000013,0.32,0.305
3671,1671,200,CC,LITETime,0.10499999999999998,0.51,0.615
3672,1672,200,CC,LITETime,0.16500000000000004,0.59,0.755
3673,1673,200,CC,LITETime,0.04500000000000001,0.17,0.125
3674,1674,200,CC,LITETime,0.19500000000000006,0.585,0.78
3675,1675,200,CC,LITETime,0.29000000000000004,0.645,0.935
3676,1676,200,CC,LITETime,0.08999999999999997,0.635,0.725
3677,1677,200,CC,LITETime,0.05499999999999999,0.385,0.44
3678,1678,200,CC,LITETime,0.14,0.735,0.875
3679,1679,200,CC,LITETime,0.050000000000000044,0.475,0.525
3680,1680,200,CC,LITETime,0.14,0.6,0.74
3681,1681,200,CC,LITETime,0.16999999999999993,0.65,0.82
3682,1682,200,CC,LITETime,0.18999999999999995,0.555,0.745
3683,1683,200,CC,LITETime,0.06,0.345,0.285
3684,1684,200,CC,LITETime,0.08999999999999998,0.205,0.115
3685,1685,200,CC,LITETime,0.04500000000000004,0.28,0.235
3686,1686,200,CC,LITETime,0.06,0.44,0.5
3687,1687,200,CC,LITETime,0.065,0.44,0.505
3688,1688,200,CC,LITETime,0.08999999999999997,0.49,0.58
3689,1689,200,CC,LITETime,0.03500000000000003,0.36,0.395
3690,1690,200,CC,LITETime,0.11499999999999999,0.67,0.785
3691,1691,200,CC,LITETime,0.22499999999999998,0.685,0.91
3692,1692,200,CC,LITETime,0.0050000000000000044,0.24,0.245
3693,1693,200,CC,LITETime,0.09999999999999998,0.635,0.735
3694,1694,200,CC,LITETime,0.10000000000000009,0.575,0.675
3695,1695,200,CC,LITETime,0.07500000000000001,0.445,0.52
3696,1696,200,CC,LITETime,0.10499999999999998,0.29,0.185
3697,1697,200,CC,LITETime,0.14500000000000002,0.65,0.795
3698,1698,200,CC,LITETime,0.2849999999999999,0.675,0.96
3699,1699,200,CC,LITETime,0.09999999999999998,0.62,0.72
3700,1700,200,CC,LITETime,0.20000000000000007,0.715,0.915
3701,1701,200,CC,LITETime,0.235,0.745,0.98
3702,1702,200,CC,LITETime,0.0050000000000000044,0.345,0.35
3703,1703,200,CC,LITETime,0.07000000000000006,0.565,0.635
3704,1704,200,CC,LITETime,0.06999999999999995,0.4,0.47
3705,1705,200,CC,LITETime,0.25,0.735,0.985
3706,1706,200,CC,LITETime,0.08000000000000002,0.17,0.09
3707,1707,200,CC,LITETime,0.05499999999999999,0.355,0.41
3708,1708,200,CC,LITETime,0.21499999999999997,0.66,0.875
3709,1709,200,CC,LITETime,0.015000000000000013,0.265,0.28
3710,1710,200,CC,LITETime,0.22499999999999998,0.56,0.785
3711,1711,200,CC,LITETime,0.044999999999999984,0.335,0.38
3712,1712,200,CC,LITETime,0.21999999999999997,0.755,0.975
3713,1713,200,CC,LITETime,0.18500000000000005,0.695,0.88
3714,1714,200,CC,LITETime,0.03500000000000003,0.335,0.3
3715,1715,200,CC,LITETime,0.17500000000000004,0.595,0.77
3716,1716,200,CC,LITETime,0.010000000000000009,0.325,0.335
3717,1717,200,CC,LITETime,0.04999999999999993,0.555,0.605
3718,1718,200,CC,LITETime,0.13,0.525,0.655
3719,1719,200,CC,LITETime,0.15999999999999992,0.665,0.825
3720,1720,200,CC,LITETime,0.14500000000000002,0.165,0.02
3721,1721,200,CC,LITETime,0.095,0.315,0.22
3722,1722,200,CC,LITETime,0.13,0.58,0.71
3723,1723,200,CC,LITETime,0.06000000000000005,0.5,0.56
3724,1724,200,CC,LITETime,0.07,0.425,0.495
3725,1725,200,CC,LITETime,0.135,0.19,0.055
3726,1726,200,CC,LITETime,0.050000000000000044,0.395,0.345
3727,1727,200,CC,LITETime,0.28,0.585,0.865
3728,1728,200,CC,LITETime,0.095,0.125,0.03
3729,1729,200,CC,LITETime,0.030000000000000027,0.365,0.395
3730,1730,200,CC,LITETime,0.255,0.69,0.945
3731,1731,200,CC,LITETime,0.115,0.165,0.05
3732,1732,200,CC,LITETime,0.14,0.605,0.745
3733,1733,200,CC,LITETime,0.065,0.32,0.255
3734,1734,200,CC,LITETime,0.24,0.625,0.865
3735,1735,200,CC,LITETime,0.14500000000000002,0.6,0.745
3736,1736,200,CC,LITETime,0.245,0.64,0.885
3737,1737,200,CC,LITETime,0.024999999999999994,0.24,0.215
3738,1738,200,CC,LITETime,0.10000000000000003,0.43,0.53
3739,1739,200,CC,LITETime,0.19500000000000006,0.58,0.775
3740,1740,200,CC,LITETime,0.010000000000000009,0.255,0.245
3741,1741,200,CC,LITETime,0.014999999999999986,0.245,0.23
3742,1742,200,CC,LITETime,0.135,0.16,0.025
3743,1743,200,CC,LITETime,0.19499999999999995,0.76,0.955
3744,1744,200,CC,LITETime,0.13,0.58,0.71
3745,1745,200,CC,LITETime,0.10999999999999999,0.525,0.635
3746,1746,200,CC,LITETime,0.12,0.62,0.74
3747,1747,200,CC,LITETime,0.05500000000000005,0.475,0.53
3748,1748,200,CC,LITETime,0.02999999999999997,0.445,0.475
3749,1749,200,CC,LITETime,0.044999999999999984,0.4,0.445
3750,1750,200,CC,LITETime,0.13,0.51,0.64
3751,1751,200,CC,LITETime,0.07,0.27,0.2
3752,1752,200,CC,LITETime,0.18500000000000005,0.7,0.885
3753,1753,200,CC,LITETime,0.19500000000000006,0.615,0.81
3754,1754,200,CC,LITETime,0.009999999999999953,0.335,0.345
3755,1755,200,CC,LITETime,0.08499999999999996,0.49,0.575
3756,1756,200,CC,LITETime,0.09,0.23,0.14
3757,1757,200,CC,LITETime,0.27,0.7,0.97
3758,1758,200,CC,LITETime,0.24,0.66,0.9
3759,1759,200,CC,LITETime,0.21500000000000008,0.705,0.92
3760,1760,200,CC,LITETime,0.05499999999999999,0.275,0.33
3761,1761,200,CC,LITETime,0.01999999999999999,0.185,0.165
3762,1762,200,CC,LITETime,0.024999999999999994,0.235,0.21
3763,1763,200,CC,LITETime,0.065,0.155,0.09
3764,1764,200,CC,LITETime,0.095,0.215,0.12
3765,1765,200,CC,LITETime,0.16,0.23,0.07
3766,1766,200,CC,LITETime,0.17000000000000004,0.815,0.985
3767,1767,200,CC,LITETime,0.12,0.19,0.07
3768,1768,200,CC,LITETime,0.07499999999999998,0.205,0.13
3769,1769,200,CC,LITETime,0.21499999999999997,0.61,0.825
3770,1770,200,CC,LITETime,0.06499999999999995,0.515,0.58
3771,1771,200,CC,LITETime,0.135,0.635,0.77
3772,1772,200,CC,LITETime,0.06500000000000006,0.565,0.63
3773,1773,200,CC,LITETime,0.18500000000000005,0.695,0.88
3774,1774,200,CC,LITETime,0.07999999999999996,0.555,0.635
3775,1775,200,CC,LITETime,0.08500000000000002,0.435,0.52
3776,1776,200,CC,LITETime,0.08999999999999997,0.62,0.71
3777,1777,200,CC,LITETime,0.07,0.375,0.445
3778,1778,200,CC,LITETime,0.015000000000000013,0.36,0.345
3779,1779,200,CC,LITETime,0.03500000000000003,0.43,0.465
3780,1780,200,CC,LITETime,0.1,0.265,0.165
3781,1781,200,CC,LITETime,0.20000000000000007,0.595,0.795
3782,1782,200,CC,LITETime,0.015000000000000013,0.275,0.26
3783,1783,200,CC,LITETime,0.08499999999999999,0.235,0.15
3784,1784,200,CC,LITETime,0.06,0.305,0.245
3785,1785,200,CC,LITETime,0.20499999999999996,0.635,0.84
3786,1786,200,CC,LITETime,0.020000000000000018,0.31,0.33
3787,1787,200,CC,LITETime,0.1050000000000001,0.58,0.685
3788,1788,200,CC,LITETime,0.20999999999999996,0.645,0.855
3789,1789,200,CC,LITETime,0.135,0.21,0.075
3790,1790,200,CC,LITETime,0.13,0.635,0.765
3791,1791,200,CC,LITETime,0.0050000000000000044,0.31,0.305
3792,1792,200,CC,LITETime,0.08499999999999999,0.3,0.215
3793,1793,200,CC,LITETime,0.14,0.545,0.685
3794,1794,200,CC,LITETime,0.20500000000000007,0.7,0.905
3795,1795,200,CC,LITETime,0.030000000000000027,0.325,0.295
3796,1796,200,CC,LITETime,0.11999999999999994,0.445,0.565
3797,1797,200,CC,LITETime,0.025000000000000022,0.31,0.285
3798,1798,200,CC,LITETime,0.06500000000000006,0.485,0.55
3799,1799,200,CC,LITETime,0.09999999999999998,0.52,0.62
3800,1800,200,CC,LITETime,0.135,0.475,0.61
3801,1801,200,CC,LITETime,0.135,0.485,0.62
3802,1802,200,CC,LITETime,0.04999999999999999,0.185,0.135
3803,1803,200,CC,LITETime,0.1449999999999999,0.545,0.69
3804,1804,200,CC,LITETime,0.12,0.55,0.67
3805,1805,200,CC,LITETime,0.1150000000000001,0.565,0.68
3806,1806,200,CC,LITETime,0.12,0.19,0.07
3807,1807,200,CC,LITETime,0.05499999999999999,0.39,0.445
3808,1808,200,CC,LITETime,0.020000000000000018,0.385,0.405
3809,1809,200,CC,LITETime,0.06999999999999999,0.155,0.085
3810,1810,200,CC,LITETime,0.07499999999999998,0.295,0.22
3811,1811,200,CC,LITETime,0.05499999999999999,0.385,0.44
3812,1812,200,CC,LITETime,0.12,0.62,0.74
3813,1813,200,CC,LITETime,0.04500000000000004,0.28,0.235
3814,1814,200,CC,LITETime,0.18999999999999995,0.635,0.825
3815,1815,200,CC,LITETime,0.04500000000000004,0.5,0.545
3816,1816,200,CC,LITETime,0.15000000000000002,0.61,0.76
3817,1817,200,CC,LITETime,0.08499999999999996,0.385,0.47
3818,1818,200,CC,LITETime,0.03999999999999998,0.455,0.495
3819,1819,200,CC,LITETime,0.10499999999999998,0.51,0.615
3820,1820,200,CC,LITETime,0.21500000000000008,0.71,0.925
3821,1821,200,CC,LITETime,0.04999999999999999,0.44,0.49
3822,1822,200,CC,LITETime,0.11000000000000004,0.415,0.525
3823,1823,200,CC,LITETime,0.07999999999999996,0.52,0.6
3824,1824,200,CC,LITETime,0.17499999999999993,0.56,0.735
3825,1825,200,CC,LITETime,0.065,0.135,0.07
3826,1826,200,CC,LITETime,0.06,0.455,0.515
3827,1827,200,CC,LITETime,0.0050000000000000044,0.485,0.48
3828,1828,200,CC,LITETime,0.19500000000000006,0.725,0.92
3829,1829,200,CC,LITETime,0.03999999999999998,0.45,0.49
3830,1830,200,CC,LITETime,0.025000000000000022,0.44,0.465
3831,1831,200,CC,LITETime,0.245,0.715,0.96
3832,1832,200,CC,LITETime,0.0,0.45,0.45
3833,1833,200,CC,LITETime,0.07500000000000001,0.255,0.18
3834,1834,200,CC,LITETime,0.01999999999999999,0.235,0.215
3835,1835,200,CC,LITETime,0.1,0.195,0.095
3836,1836,200,CC,LITETime,0.16,0.16,0.0
3837,1837,200,CC,LITETime,0.02999999999999997,0.4,0.43
3838,1838,200,CC,LITETime,0.15000000000000002,0.615,0.765
3839,1839,200,CC,LITETime,0.14,0.59,0.73
3840,1840,200,CC,LITETime,0.09,0.12,0.03
3841,1841,200,CC,LITETime,0.06999999999999995,0.495,0.565
3842,1842,200,CC,LITETime,0.095,0.245,0.15
3843,1843,200,CC,LITETime,0.20999999999999996,0.73,0.94
3844,1844,200,CC,LITETime,0.05499999999999999,0.22,0.165
3845,1845,200,CC,LITETime,0.10999999999999999,0.515,0.625
3846,1846,200,CC,LITETime,0.015000000000000013,0.34,0.325
3847,1847,200,CC,LITETime,0.13,0.51,0.64
3848,1848,200,CC,LITETime,0.014999999999999958,0.395,0.41
3849,1849,200,CC,LITETime,0.16000000000000003,0.595,0.755
3850,1850,200,CC,LITETime,0.095,0.325,0.23
3851,1851,200,CC,LITETime,0.18000000000000005,0.725,0.905
3852,1852,200,CC,LITETime,0.065,0.435,0.5
3853,1853,200,CC,LITETime,0.18000000000000005,0.575,0.755
3854,1854,200,CC,LITETime,0.235,0.61,0.845
3855,1855,200,CC,LITETime,0.21999999999999997,0.775,0.995
3856,1856,200,CC,LITETime,0.06999999999999998,0.29,0.22
3857,1857,200,CC,LITETime,0.04500000000000004,0.33,0.285
3858,1858,200,CC,LITETime,0.025000000000000022,0.275,0.25
3859,1859,200,CC,LITETime,0.024999999999999967,0.285,0.26
3860,1860,200,CC,LITETime,0.08999999999999997,0.49,0.58
3861,1861,200,CC,LITETime,0.28,0.71,0.99
3862,1862,200,CC,LITETime,0.19499999999999995,0.795,0.99
3863,1863,200,CC,LITETime,0.11000000000000004,0.415,0.525
3864,1864,200,CC,LITETime,0.15000000000000002,0.485,0.635
3865,1865,200,CC,LITETime,0.19499999999999995,0.66,0.855
3866,1866,200,CC,LITETime,0.26,0.67,0.93
3867,1867,200,CC,LITETime,0.08499999999999996,0.285,0.2
3868,1868,200,CC,LITETime,0.07,0.455,0.525
3869,1869,200,CC,LITETime,0.1499999999999999,0.68,0.83
3870,1870,200,CC,LITETime,0.030000000000000027,0.33,0.3
3871,1871,200,CC,LITETime,0.03999999999999998,0.395,0.435
3872,1872,200,CC,LITETime,0.22999999999999998,0.755,0.985
3873,1873,200,CC,LITETime,0.25,0.735,0.985
3874,1874,200,CC,LITETime,0.20000000000000007,0.705,0.905
3875,1875,200,CC,LITETime,0.13,0.665,0.795
3876,1876,200,CC,LITETime,0.0050000000000000044,0.26,0.265
3877,1877,200,CC,LITETime,0.015000000000000013,0.305,0.32
3878,1878,200,CC,LITETime,0.06500000000000006,0.48,0.545
3879,1879,200,CC,LITETime,0.050000000000000044,0.51,0.56
3880,1880,200,CC,LITETime,0.08500000000000002,0.42,0.505
3881,1881,200,CC,LITETime,0.16500000000000004,0.47,0.635
3882,1882,200,CC,LITETime,0.04500000000000004,0.36,0.405
3883,1883,200,CC,LITETime,0.08499999999999996,0.66,0.745
3884,1884,200,CC,LITETime,0.020000000000000018,0.31,0.33
3885,1885,200,CC,LITETime,0.010000000000000009,0.32,0.33
3886,1886,200,CC,LITETime,0.06,0.185,0.125
3887,1887,200,CC,LITETime,0.04500000000000001,0.23,0.185
3888,1888,200,CC,LITETime,0.255,0.595,0.85
3889,1889,200,CC,LITETime,0.08500000000000002,0.36,0.445
3890,1890,200,CC,LITETime,0.05999999999999997,0.285,0.225
3891,1891,200,CC,LITETime,0.15000000000000002,0.605,0.755
3892,1892,200,CC,LITETime,0.07500000000000007,0.475,0.55
3893,1893,200,CC,LITETime,0.185,0.205,0.02
3894,1894,200,CC,LITETime,0.0050000000000000044,0.32,0.315
3895,1895,200,CC,LITETime,0.05500000000000002,0.23,0.175
3896,1896,200,CC,LITETime,0.125,0.53,0.655
3897,1897,200,CC,LITETime,0.044999999999999984,0.32,0.275
3898,1898,200,CC,LITETime,0.11000000000000001,0.17,0.06
3899,1899,200,CC,LITETime,0.09000000000000001,0.14,0.05
3900,1900,200,CC,LITETime,0.02499999999999991,0.555,0.58
3901,1901,200,CC,LITETime,0.14500000000000002,0.165,0.02
3902,1902,200,CC,LITETime,0.18499999999999994,0.66,0.845
3903,1903,200,CC,LITETime,0.07500000000000001,0.23,0.155
3904,1904,200,CC,LITETime,0.06999999999999995,0.535,0.605
3905,1905,200,CC,LITETime,0.025000000000000022,0.465,0.44
3906,1906,200,CC,LITETime,0.04999999999999999,0.39,0.44
3907,1907,200,CC,LITETime,0.11499999999999999,0.185,0.07
3908,1908,200,CC,LITETime,0.18500000000000005,0.615,0.8
3909,1909,200,CC,LITETime,0.245,0.645,0.89
3910,1910,200,CC,LITETime,0.09000000000000001,0.1,0.01
3911,1911,200,CC,LITETime,0.04500000000000001,0.22,0.175
3912,1912,200,CC,LITETime,0.19000000000000006,0.71,0.9
3913,1913,200,CC,LITETime,0.07000000000000006,0.475,0.545
3914,1914,200,CC,LITETime,0.05000000000000002,0.2,0.15
3915,1915,200,CC,LITETime,0.05499999999999999,0.255,0.2
3916,1916,200,CC,LITETime,0.09499999999999997,0.56,0.655
3917,1917,200,CC,LITETime,0.13,0.59,0.72
3918,1918,200,CC,LITETime,0.11499999999999999,0.48,0.595
3919,1919,200,CC,LITETime,0.26,0.69,0.95
3920,1920,200,CC,LITETime,0.010000000000000009,0.48,0.49
3921,1921,200,CC,LITETime,0.0050000000000000044,0.305,0.3
3922,1922,200,CC,LITETime,0.04999999999999999,0.425,0.475
3923,1923,200,CC,LITETime,0.014999999999999958,0.34,0.355
3924,1924,200,CC,LITETime,0.05000000000000002,0.27,0.22
3925,1925,200,CC,LITETime,0.125,0.17,0.045
3926,1926,200,CC,LITETime,0.010000000000000009,0.36,0.35
3927,1927,200,CC,LITETime,0.08499999999999996,0.625,0.71
3928,1928,200,CC,LITETime,0.15999999999999998,0.175,0.015
3929,1929,200,CC,LITETime,0.0,0.435,0.435
3930,1930,200,CC,LITETime,0.11499999999999999,0.525,0.64
3931,1931,200,CC,LITETime,0.09499999999999997,0.515,0.61
3932,1932,200,CC,LITETime,0.14500000000000002,0.63,0.775
3933,1933,200,CC,LITETime,0.18000000000000005,0.63,0.81
3934,1934,200,CC,LITETime,0.12,0.59,0.71
3935,1935,200,CC,LITETime,0.12,0.22,0.1
3936,1936,200,CC,LITETime,0.03999999999999998,0.435,0.475
3937,1937,200,CC,LITETime,0.11499999999999999,0.485,0.6
3938,1938,200,CC,LITETime,0.030000000000000027,0.275,0.245
3939,1939,200,CC,LITETime,0.16,0.2,0.04
3940,1940,200,CC,LITETime,0.07499999999999998,0.295,0.22
3941,1941,200,CC,LITETime,0.06,0.39,0.45
3942,1942,200,CC,LITETime,0.014999999999999958,0.395,0.41
3943,1943,200,CC,LITETime,0.04500000000000001,0.22,0.175
3944,1944,200,CC,LITETime,0.10499999999999998,0.715,0.82
3945,1945,200,CC,LITETime,0.2350000000000001,0.69,0.925
3946,1946,200,CC,LITETime,0.044999999999999984,0.245,0.2
3947,1947,200,CC,LITETime,0.20500000000000007,0.72,0.925
3948,1948,200,CC,LITETime,0.185,0.2,0.015
3949,1949,200,CC,LITETime,0.27,0.65,0.92
3950,1950,200,CC,LITETime,0.17999999999999994,0.77,0.95
3951,1951,200,CC,LITETime,0.09000000000000001,0.1,0.01
3952,1952,200,CC,LITETime,0.14,0.62,0.76
3953,1953,200,CC,LITETime,0.27,0.7,0.97
3954,1954,200,CC,LITETime,0.21000000000000008,0.695,0.905
3955,1955,200,CC,LITETime,0.22999999999999998,0.74,0.97
3956,1956,200,CC,LITETime,0.07500000000000007,0.475,0.55
3957,1957,200,CC,LITETime,0.09500000000000001,0.17,0.075
3958,1958,200,CC,LITETime,0.21999999999999997,0.625,0.845
3959,1959,200,CC,LITETime,0.09999999999999998,0.51,0.61
3960,1960,200,CC,LITETime,0.12,0.49,0.61
3961,1961,200,CC,LITETime,0.044999999999999984,0.37,0.415
3962,1962,200,CC,LITETime,0.06999999999999995,0.5,0.57
3963,1963,200,CC,LITETime,0.1,0.25,0.15
3964,1964,200,CC,LITETime,0.15000000000000002,0.585,0.735
3965,1965,200,CC,LITETime,0.09500000000000001,0.17,0.075
3966,1966,200,CC,LITETime,0.135,0.59,0.725
3967,1967,200,CC,LITETime,0.17999999999999994,0.665,0.845
3968,1968,200,CC,LITETime,0.04999999999999999,0.42,0.47
3969,1969,200,CC,LITETime,0.04999999999999999,0.455,0.505
3970,1970,200,CC,LITETime,0.020000000000000018,0.33,0.31
3971,1971,200,CC,LITETime,0.18499999999999994,0.78,0.965
3972,1972,200,CC,LITETime,0.13,0.6,0.73
3973,1973,200,CC,LITETime,0.020000000000000018,0.385,0.365
3974,1974,200,CC,LITETime,0.03,0.2,0.17
3975,1975,200,CC,LITETime,0.05500000000000002,0.27,0.215
3976,1976,200,CC,LITETime,0.065,0.395,0.46
3977,1977,200,CC,LITETime,0.21499999999999997,0.725,0.94
3978,1978,200,CC,LITETime,0.14500000000000002,0.585,0.73
3979,1979,200,CC,LITETime,0.03,0.245,0.215
3980,1980,200,CC,LITETime,0.18499999999999994,0.67,0.855
3981,1981,200,CC,LITETime,0.020000000000000018,0.355,0.375
3982,1982,200,CC,LITETime,0.20999999999999996,0.64,0.85
3983,1983,200,CC,LITETime,0.05499999999999999,0.295,0.24
3984,1984,200,CC,LITETime,0.08499999999999996,0.53,0.615
3985,1985,200,CC,LITETime,0.22000000000000008,0.705,0.925
3986,1986,200,CC,LITETime,0.020000000000000018,0.275,0.255
3987,1987,200,CC,LITETime,0.1499999999999999,0.54,0.69
3988,1988,200,CC,LITETime,0.29500000000000004,0.69,0.985
3989,1989,200,CC,LITETime,0.06,0.21,0.15
3990,1990,200,CC,LITETime,0.08999999999999998,0.175,0.085
3991,1991,200,CC,LITETime,0.135,0.535,0.67
3992,1992,200,CC,LITETime,0.0,0.335,0.335
3993,1993,200,CC,LITETime,0.11499999999999999,0.185,0.07
3994,1994,200,CC,LITETime,0.03999999999999998,0.435,0.475
3995,1995,200,CC,LITETime,0.14,0.61,0.75
3996,1996,200,CC,LITETime,0.065,0.35,0.285
3997,1997,200,CC,LITETime,0.0050000000000000044,0.34,0.335
3998,1998,200,CC,LITETime,0.22999999999999998,0.615,0.845
3999,1999,200,CC,LITETime,0.06,0.46,0.52
4000,0,500,CC,LITETime,0.17400000000000004,0.598,0.772
4001,1,500,CC,LITETime,0.030000000000000027,0.408,0.438
4002,2,500,CC,LITETime,0.20199999999999996,0.656,0.858
4003,3,500,CC,LITETime,0.16599999999999993,0.53,0.696
4004,4,500,CC,LITETime,0.07999999999999999,0.174,0.094
4005,5,500,CC,LITETime,0.22799999999999998,0.746,0.974
4006,6,500,CC,LITETime,0.10999999999999999,0.65,0.76
4007,7,500,CC,LITETime,0.20400000000000007,0.582,0.786
4008,8,500,CC,LITETime,0.10999999999999999,0.238,0.128
4009,9,500,CC,LITETime,0.026000000000000023,0.424,0.45
4010,10,500,CC,LITETime,0.0040000000000000036,0.366,0.37
4011,11,500,CC,LITETime,0.22000000000000008,0.706,0.926
4012,12,500,CC,LITETime,0.09599999999999997,0.546,0.642
4013,13,500,CC,LITETime,0.15599999999999992,0.666,0.822
4014,14,500,CC,LITETime,0.010000000000000009,0.432,0.442
4015,15,500,CC,LITETime,0.038000000000000006,0.264,0.226
4016,16,500,CC,LITETime,0.09400000000000003,0.46,0.554
4017,17,500,CC,LITETime,0.10200000000000001,0.164,0.062
4018,18,500,CC,LITETime,0.18399999999999994,0.642,0.826
4019,19,500,CC,LITETime,0.122,0.508,0.63
4020,20,500,CC,LITETime,0.14600000000000002,0.612,0.758
4021,21,500,CC,LITETime,0.038000000000000034,0.392,0.354
4022,22,500,CC,LITETime,0.258,0.712,0.97
4023,23,500,CC,LITETime,0.21999999999999997,0.672,0.892
4024,24,500,CC,LITETime,0.17200000000000004,0.606,0.778
4025,25,500,CC,LITETime,0.07600000000000001,0.27,0.194
4026,26,500,CC,LITETime,0.02400000000000002,0.442,0.466
4027,27,500,CC,LITETime,0.122,0.164,0.042
4028,28,500,CC,LITETime,0.05199999999999999,0.206,0.154
4029,29,500,CC,LITETime,0.1160000000000001,0.566,0.682
4030,30,500,CC,LITETime,0.17800000000000005,0.566,0.744
4031,31,500,CC,LITETime,0.254,0.712,0.966
4032,32,500,CC,LITETime,0.02799999999999997,0.352,0.324
4033,33,500,CC,LITETime,0.0020000000000000018,0.368,0.37
4034,34,500,CC,LITETime,0.040000000000000036,0.428,0.468
4035,35,500,CC,LITETime,0.04999999999999999,0.238,0.188
4036,36,500,CC,LITETime,0.09,0.218,0.128
4037,37,500,CC,LITETime,0.033999999999999975,0.44,0.474
4038,38,500,CC,LITETime,0.04200000000000001,0.268,0.226
4039,39,500,CC,LITETime,0.14800000000000002,0.52,0.668
4040,40,500,CC,LITETime,0.028000000000000025,0.408,0.436
4041,41,500,CC,LITETime,0.19599999999999995,0.636,0.832
4042,42,500,CC,LITETime,0.16999999999999993,0.53,0.7
4043,43,500,CC,LITETime,0.020000000000000018,0.332,0.312
4044,44,500,CC,LITETime,0.21799999999999997,0.614,0.832
4045,45,500,CC,LITETime,0.15000000000000002,0.654,0.804
4046,46,500,CC,LITETime,0.02200000000000002,0.364,0.386
4047,47,500,CC,LITETime,0.03400000000000003,0.322,0.288
4048,48,500,CC,LITETime,0.08400000000000007,0.598,0.682
4049,49,500,CC,LITETime,0.064,0.202,0.138
4050,50,500,CC,LITETime,0.07,0.268,0.198
4051,51,500,CC,LITETime,0.146,0.152,0.006
4052,52,500,CC,LITETime,0.18800000000000006,0.598,0.786
4053,53,500,CC,LITETime,0.11199999999999999,0.552,0.664
4054,54,500,CC,LITETime,0.128,0.576,0.704
4055,55,500,CC,LITETime,0.17800000000000005,0.602,0.78
4056,56,500,CC,LITETime,0.018000000000000016,0.44,0.458
4057,57,500,CC,LITETime,0.07999999999999996,0.488,0.568
4058,58,500,CC,LITETime,0.07799999999999999,0.216,0.138
4059,59,500,CC,LITETime,0.08800000000000001,0.202,0.114
4060,60,500,CC,LITETime,0.16800000000000004,0.5,0.668
4061,61,500,CC,LITETime,0.021999999999999964,0.448,0.47
4062,62,500,CC,LITETime,0.09999999999999992,0.464,0.564
4063,63,500,CC,LITETime,0.17400000000000004,0.59,0.764
4064,64,500,CC,LITETime,0.10999999999999999,0.524,0.634
4065,65,500,CC,LITETime,0.06600000000000006,0.486,0.552
4066,66,500,CC,LITETime,0.04600000000000004,0.512,0.558
4067,67,500,CC,LITETime,0.0020000000000000018,0.3,0.302
4068,68,500,CC,LITETime,0.126,0.156,0.03
4069,69,500,CC,LITETime,0.02200000000000002,0.414,0.436
4070,70,500,CC,LITETime,0.06999999999999998,0.284,0.214
4071,71,500,CC,LITETime,0.01599999999999996,0.392,0.408
4072,72,500,CC,LITETime,0.16999999999999993,0.682,0.852
4073,73,500,CC,LITETime,0.06799999999999998,0.3,0.232
4074,74,500,CC,LITETime,0.08399999999999999,0.142,0.058
4075,75,500,CC,LITETime,0.03999999999999998,0.32,0.28
4076,76,500,CC,LITETime,0.018000000000000016,0.31,0.292
4077,77,500,CC,LITETime,0.134,0.526,0.66
4078,78,500,CC,LITETime,0.09200000000000003,0.464,0.556
4079,79,500,CC,LITETime,0.16800000000000004,0.614,0.782
4080,80,500,CC,LITETime,0.14400000000000002,0.52,0.664
4081,81,500,CC,LITETime,0.014000000000000012,0.392,0.406
4082,82,500,CC,LITETime,0.18599999999999994,0.628,0.814
4083,83,500,CC,LITETime,0.07799999999999999,0.244,0.166
4084,84,500,CC,LITETime,0.128,0.15,0.022
4085,85,500,CC,LITETime,0.08000000000000002,0.17,0.09
4086,86,500,CC,LITETime,0.10999999999999999,0.612,0.722
4087,87,500,CC,LITETime,0.03600000000000003,0.424,0.46
4088,88,500,CC,LITETime,0.064,0.224,0.16
4089,89,500,CC,LITETime,0.014000000000000012,0.486,0.5
4090,90,500,CC,LITETime,0.04400000000000001,0.196,0.152
4091,91,500,CC,LITETime,0.17799999999999994,0.518,0.696
4092,92,500,CC,LITETime,0.030000000000000027,0.416,0.446
4093,93,500,CC,LITETime,0.0020000000000000018,0.382,0.38
4094,94,500,CC,LITETime,0.07200000000000001,0.372,0.3
4095,95,500,CC,LITETime,0.09999999999999998,0.53,0.63
4096,96,500,CC,LITETime,0.010000000000000009,0.35,0.36
4097,97,500,CC,LITETime,0.1,0.186,0.086
4098,98,500,CC,LITETime,0.11400000000000002,0.232,0.118
4099,99,500,CC,LITETime,0.242,0.718,0.96
4100,100,500,CC,LITETime,0.22799999999999998,0.68,0.908
4101,101,500,CC,LITETime,0.1439999999999999,0.554,0.698
4102,102,500,CC,LITETime,0.02799999999999997,0.292,0.264
4103,103,500,CC,LITETime,0.242,0.726,0.968
4104,104,500,CC,LITETime,0.124,0.654,0.778
4105,105,500,CC,LITETime,0.16399999999999992,0.552,0.716
4106,106,500,CC,LITETime,0.04199999999999998,0.406,0.448
4107,107,500,CC,LITETime,0.02799999999999997,0.3,0.272
4108,108,500,CC,LITETime,0.07999999999999999,0.176,0.096
4109,109,500,CC,LITETime,0.236,0.666,0.902
4110,110,500,CC,LITETime,0.040000000000000036,0.414,0.454
4111,111,500,CC,LITETime,0.07600000000000001,0.278,0.202
4112,112,500,CC,LITETime,0.0040000000000000036,0.3,0.304
4113,113,500,CC,LITETime,0.12599999999999995,0.452,0.578
4114,114,500,CC,LITETime,0.08000000000000002,0.256,0.176
4115,115,500,CC,LITETime,0.16800000000000004,0.688,0.856
4116,116,500,CC,LITETime,0.16000000000000003,0.598,0.758
4117,117,500,CC,LITETime,0.126,0.592,0.718
4118,118,500,CC,LITETime,0.043999999999999984,0.388,0.432
4119,119,500,CC,LITETime,0.09599999999999997,0.53,0.626
4120,120,500,CC,LITETime,0.10999999999999999,0.474,0.584
4121,121,500,CC,LITETime,0.11399999999999999,0.534,0.648
4122,122,500,CC,LITETime,0.106,0.19,0.084
4123,123,500,CC,LITETime,0.011999999999999955,0.402,0.414
4124,124,500,CC,LITETime,0.086,0.126,0.04
4125,125,500,CC,LITETime,0.066,0.426,0.492
4126,126,500,CC,LITETime,0.014000000000000012,0.314,0.328
4127,127,500,CC,LITETime,0.062,0.206,0.144
4128,128,500,CC,LITETime,0.114,0.216,0.102
4129,129,500,CC,LITETime,0.09399999999999997,0.492,0.586
4130,130,500,CC,LITETime,0.05199999999999999,0.222,0.17
4131,131,500,CC,LITETime,0.2240000000000001,0.7,0.924
4132,132,500,CC,LITETime,0.06599999999999995,0.514,0.58
4133,133,500,CC,LITETime,0.021999999999999964,0.324,0.346
4134,134,500,CC,LITETime,0.09199999999999997,0.498,0.59
4135,135,500,CC,LITETime,0.126,0.148,0.022
4136,136,500,CC,LITETime,0.248,0.71,0.958
4137,137,500,CC,LITETime,0.055999999999999994,0.426,0.482
4138,138,500,CC,LITETime,0.15800000000000003,0.624,0.782
4139,139,500,CC,LITETime,0.12399999999999999,0.206,0.082
4140,140,500,CC,LITETime,0.064,0.422,0.486
4141,141,500,CC,LITETime,0.066,0.424,0.49
4142,142,500,CC,LITETime,0.254,0.682,0.936
4143,143,500,CC,LITETime,0.05399999999999994,0.516,0.57
4144,144,500,CC,LITETime,0.06799999999999995,0.404,0.472
4145,145,500,CC,LITETime,0.02999999999999997,0.296,0.266
4146,146,500,CC,LITETime,0.013999999999999957,0.344,0.33
4147,147,500,CC,LITETime,0.08800000000000002,0.432,0.52
4148,148,500,CC,LITETime,0.035999999999999976,0.402,0.438
4149,149,500,CC,LITETime,0.134,0.154,0.02
4150,150,500,CC,LITETime,0.1459999999999999,0.68,0.826
4151,151,500,CC,LITETime,0.19200000000000006,0.704,0.896
4152,152,500,CC,LITETime,0.07599999999999998,0.216,0.14
4153,153,500,CC,LITETime,0.08000000000000007,0.474,0.554
4154,154,500,CC,LITETime,0.09000000000000001,0.198,0.108
4155,155,500,CC,LITETime,0.11599999999999999,0.556,0.672
4156,156,500,CC,LITETime,0.00599999999999995,0.286,0.28
4157,157,500,CC,LITETime,0.132,0.526,0.658
4158,158,500,CC,LITETime,0.136,0.59,0.726
4159,159,500,CC,LITETime,0.19000000000000006,0.578,0.768
4160,160,500,CC,LITETime,0.082,0.188,0.106
4161,161,500,CC,LITETime,0.2260000000000001,0.69,0.916
4162,162,500,CC,LITETime,0.04400000000000001,0.274,0.23
4163,163,500,CC,LITETime,0.118,0.154,0.036
4164,164,500,CC,LITETime,0.09800000000000003,0.456,0.554
4165,165,500,CC,LITETime,0.0020000000000000018,0.372,0.37
4166,166,500,CC,LITETime,0.18999999999999995,0.638,0.828
4167,167,500,CC,LITETime,0.18800000000000006,0.62,0.808
4168,168,500,CC,LITETime,0.02999999999999997,0.346,0.316
4169,169,500,CC,LITETime,0.26,0.692,0.952
4170,170,500,CC,LITETime,0.028000000000000025,0.318,0.29
4171,171,500,CC,LITETime,0.026000000000000023,0.488,0.514
4172,172,500,CC,LITETime,0.057999999999999996,0.312,0.254
4173,173,500,CC,LITETime,0.2420000000000001,0.694,0.936
4174,174,500,CC,LITETime,0.055999999999999994,0.22,0.164
4175,175,500,CC,LITETime,0.108,0.152,0.044
4176,176,500,CC,LITETime,0.018000000000000016,0.416,0.434
4177,177,500,CC,LITETime,0.22399999999999998,0.768,0.992
4178,178,500,CC,LITETime,0.25,0.64,0.89
4179,179,500,CC,LITETime,0.14,0.608,0.748
4180,180,500,CC,LITETime,0.20399999999999996,0.686,0.89
4181,181,500,CC,LITETime,0.20200000000000007,0.69,0.892
4182,182,500,CC,LITETime,0.08800000000000002,0.43,0.518
4183,183,500,CC,LITETime,0.010000000000000009,0.304,0.314
4184,184,500,CC,LITETime,0.18600000000000005,0.586,0.772
4185,185,500,CC,LITETime,0.134,0.526,0.66
4186,186,500,CC,LITETime,0.016000000000000014,0.388,0.372
4187,187,500,CC,LITETime,0.094,0.188,0.094
4188,188,500,CC,LITETime,0.17000000000000004,0.576,0.746
4189,189,500,CC,LITETime,0.04999999999999999,0.312,0.262
4190,190,500,CC,LITETime,0.18800000000000006,0.748,0.936
4191,191,500,CC,LITETime,0.043999999999999984,0.284,0.24
4192,192,500,CC,LITETime,0.07600000000000001,0.198,0.122
4193,193,500,CC,LITETime,0.16199999999999992,0.668,0.83
4194,194,500,CC,LITETime,0.07200000000000001,0.224,0.152
4195,195,500,CC,LITETime,0.07600000000000001,0.254,0.178
4196,196,500,CC,LITETime,0.10599999999999998,0.492,0.598
4197,197,500,CC,LITETime,0.17800000000000005,0.696,0.874
4198,198,500,CC,LITETime,0.03999999999999998,0.236,0.196
4199,199,500,CC,LITETime,0.0040000000000000036,0.314,0.31
4200,200,500,CC,LITETime,0.15400000000000003,0.622,0.776
4201,201,500,CC,LITETime,0.246,0.724,0.97
4202,202,500,CC,LITETime,0.06,0.44,0.5
4203,203,500,CC,LITETime,0.066,0.208,0.142
4204,204,500,CC,LITETime,0.114,0.126,0.012
4205,205,500,CC,LITETime,0.05200000000000002,0.28,0.228
4206,206,500,CC,LITETime,0.086,0.216,0.13
4207,207,500,CC,LITETime,0.10000000000000009,0.576,0.676
4208,208,500,CC,LITETime,0.08000000000000002,0.2,0.12
4209,209,500,CC,LITETime,0.05199999999999999,0.454,0.506
4210,210,500,CC,LITETime,0.15599999999999992,0.538,0.694
4211,211,500,CC,LITETime,0.07199999999999995,0.508,0.58
4212,212,500,CC,LITETime,0.04199999999999998,0.24,0.198
4213,213,500,CC,LITETime,0.17800000000000005,0.626,0.804
4214,214,500,CC,LITETime,0.15799999999999992,0.556,0.714
4215,215,500,CC,LITETime,0.14,0.598,0.738
4216,216,500,CC,LITETime,0.10400000000000001,0.234,0.13
4217,217,500,CC,LITETime,0.088,0.21,0.122
4218,218,500,CC,LITETime,0.264,0.662,0.926
4219,219,500,CC,LITETime,0.038000000000000034,0.358,0.396
4220,220,500,CC,LITETime,0.02200000000000002,0.322,0.3
4221,221,500,CC,LITETime,0.04799999999999999,0.44,0.488
4222,222,500,CC,LITETime,0.10799999999999998,0.554,0.662
4223,223,500,CC,LITETime,0.24,0.714,0.954
4224,224,500,CC,LITETime,0.0020000000000000018,0.288,0.286
4225,225,500,CC,LITETime,0.2320000000000001,0.692,0.924
4226,226,500,CC,LITETime,0.10800000000000001,0.132,0.024
4227,227,500,CC,LITETime,0.09800000000000003,0.456,0.554
4228,228,500,CC,LITETime,0.10599999999999998,0.526,0.632
4229,229,500,CC,LITETime,0.11,0.214,0.104
4230,230,500,CC,LITETime,0.09999999999999998,0.24,0.14
4231,231,500,CC,LITETime,0.01599999999999996,0.402,0.418
4232,232,500,CC,LITETime,0.252,0.714,0.966
4233,233,500,CC,LITETime,0.04999999999999993,0.546,0.596
4234,234,500,CC,LITETime,0.20800000000000007,0.724,0.932
4235,235,500,CC,LITETime,0.17400000000000004,0.63,0.804
4236,236,500,CC,LITETime,0.038000000000000034,0.428,0.466
4237,237,500,CC,LITETime,0.17200000000000004,0.612,0.784
4238,238,500,CC,LITETime,0.128,0.144,0.016
4239,239,500,CC,LITETime,0.11,0.218,0.108
4240,240,500,CC,LITETime,0.16599999999999993,0.662,0.828
4241,241,500,CC,LITETime,0.20000000000000007,0.596,0.796
4242,242,500,CC,LITETime,0.04200000000000001,0.274,0.232
4243,243,500,CC,LITETime,0.062,0.468,0.53
4244,244,500,CC,LITETime,0.08799999999999997,0.518,0.606
4245,245,500,CC,LITETime,0.18999999999999995,0.676,0.866
4246,246,500,CC,LITETime,0.08399999999999996,0.518,0.602
4247,247,500,CC,LITETime,0.02999999999999997,0.382,0.412
4248,248,500,CC,LITETime,0.0040000000000000036,0.37,0.374
4249,249,500,CC,LITETime,0.021999999999999964,0.402,0.424
4250,250,500,CC,LITETime,0.08999999999999997,0.56,0.65
4251,251,500,CC,LITETime,0.22999999999999998,0.636,0.866
4252,252,500,CC,LITETime,0.03600000000000003,0.416,0.452
4253,253,500,CC,LITETime,0.05399999999999999,0.3,0.246
4254,254,500,CC,LITETime,0.03600000000000003,0.272,0.236
4255,255,500,CC,LITETime,0.14600000000000002,0.6,0.746
4256,256,500,CC,LITETime,0.17399999999999993,0.642,0.816
4257,257,500,CC,LITETime,0.106,0.21,0.104
4258,258,500,CC,LITETime,0.13999999999999999,0.206,0.066
4259,259,500,CC,LITETime,0.08999999999999997,0.504,0.594
4260,260,500,CC,LITETime,0.057999999999999996,0.204,0.146
4261,261,500,CC,LITETime,0.19399999999999995,0.63,0.824
4262,262,500,CC,LITETime,0.008000000000000007,0.318,0.31
4263,263,500,CC,LITETime,0.09200000000000003,0.234,0.142
4264,264,500,CC,LITETime,0.2280000000000001,0.692,0.92
4265,265,500,CC,LITETime,0.04999999999999999,0.214,0.164
4266,266,500,CC,LITETime,0.008000000000000007,0.292,0.284
4267,267,500,CC,LITETime,0.08399999999999999,0.236,0.152
4268,268,500,CC,LITETime,0.052000000000000005,0.166,0.114
4269,269,500,CC,LITETime,0.12399999999999999,0.144,0.02
4270,270,500,CC,LITETime,0.10600000000000001,0.16,0.054
4271,271,500,CC,LITETime,0.08800000000000002,0.262,0.174
4272,272,500,CC,LITETime,0.128,0.18,0.052
4273,273,500,CC,LITETime,0.05799999999999994,0.532,0.59
4274,274,500,CC,LITETime,0.124,0.556,0.68
4275,275,500,CC,LITETime,0.0020000000000000018,0.394,0.392
4276,276,500,CC,LITETime,0.010000000000000009,0.326,0.316
4277,277,500,CC,LITETime,0.03999999999999998,0.464,0.504
4278,278,500,CC,LITETime,0.22399999999999998,0.65,0.874
4279,279,500,CC,LITETime,0.18399999999999994,0.666,0.85
4280,280,500,CC,LITETime,0.10599999999999998,0.148,0.042
4281,281,500,CC,LITETime,0.07200000000000001,0.252,0.18
4282,282,500,CC,LITETime,0.05199999999999999,0.288,0.236
4283,283,500,CC,LITETime,0.045999999999999985,0.294,0.248
4284,284,500,CC,LITETime,0.09199999999999997,0.478,0.57
4285,285,500,CC,LITETime,0.03799999999999998,0.378,0.416
4286,286,500,CC,LITETime,0.128,0.176,0.048
4287,287,500,CC,LITETime,0.0040000000000000036,0.368,0.372
4288,288,500,CC,LITETime,0.055999999999999994,0.466,0.522
4289,289,500,CC,LITETime,0.094,0.194,0.1
4290,290,500,CC,LITETime,0.16399999999999992,0.668,0.832
4291,291,500,CC,LITETime,0.114,0.164,0.05
4292,292,500,CC,LITETime,0.26,0.664,0.924
4293,293,500,CC,LITETime,0.098,0.196,0.098
4294,294,500,CC,LITETime,0.17199999999999993,0.67,0.842
4295,295,500,CC,LITETime,0.21200000000000008,0.69,0.902
4296,296,500,CC,LITETime,0.24,0.738,0.978
4297,297,500,CC,LITETime,0.16400000000000003,0.638,0.802
4298,298,500,CC,LITETime,0.15400000000000003,0.624,0.778
4299,299,500,CC,LITETime,0.122,0.52,0.642
4300,300,500,CC,LITETime,0.126,0.652,0.778
4301,301,500,CC,LITETime,0.1,0.234,0.134
4302,302,500,CC,LITETime,0.028000000000000025,0.508,0.536
4303,303,500,CC,LITETime,0.05199999999999999,0.462,0.514
4304,304,500,CC,LITETime,0.19199999999999995,0.664,0.856
4305,305,500,CC,LITETime,0.07400000000000001,0.388,0.462
4306,306,500,CC,LITETime,0.02400000000000002,0.36,0.384
4307,307,500,CC,LITETime,0.11199999999999999,0.526,0.638
4308,308,500,CC,LITETime,0.006000000000000005,0.272,0.266
4309,309,500,CC,LITETime,0.06799999999999998,0.206,0.138
4310,310,500,CC,LITETime,0.05199999999999999,0.424,0.476
4311,311,500,CC,LITETime,0.025999999999999968,0.39,0.416
4312,312,500,CC,LITETime,0.034,0.266,0.232
4313,313,500,CC,LITETime,0.025999999999999968,0.34,0.366
4314,314,500,CC,LITETime,0.02799999999999997,0.338,0.366
4315,315,500,CC,LITETime,0.006000000000000005,0.32,0.326
4316,316,500,CC,LITETime,0.014000000000000012,0.364,0.378
4317,317,500,CC,LITETime,0.13,0.554,0.684
4318,318,500,CC,LITETime,0.0040000000000000036,0.3,0.296
4319,319,500,CC,LITETime,0.22599999999999998,0.722,0.948
4320,320,500,CC,LITETime,0.2240000000000001,0.692,0.916
4321,321,500,CC,LITETime,0.068,0.412,0.48
4322,322,500,CC,LITETime,0.023999999999999966,0.352,0.328
4323,323,500,CC,LITETime,0.066,0.468,0.534
4324,324,500,CC,LITETime,0.21799999999999997,0.63,0.848
4325,325,500,CC,LITETime,0.11399999999999999,0.538,0.652
4326,326,500,CC,LITETime,0.19600000000000006,0.608,0.804
4327,327,500,CC,LITETime,0.09000000000000002,0.442,0.532
4328,328,500,CC,LITETime,0.08199999999999996,0.55,0.632
4329,329,500,CC,LITETime,0.008000000000000007,0.296,0.288
4330,330,500,CC,LITETime,0.14200000000000002,0.592,0.734
4331,331,500,CC,LITETime,0.03,0.232,0.202
4332,332,500,CC,LITETime,0.128,0.566,0.694
4333,333,500,CC,LITETime,0.18399999999999994,0.676,0.86
4334,334,500,CC,LITETime,0.094,0.226,0.132
4335,335,500,CC,LITETime,0.126,0.488,0.614
4336,336,500,CC,LITETime,0.11599999999999999,0.21,0.094
4337,337,500,CC,LITETime,0.132,0.592,0.724
4338,338,500,CC,LITETime,0.112,0.196,0.084
4339,339,500,CC,LITETime,0.2220000000000001,0.712,0.934
4340,340,500,CC,LITETime,0.055999999999999994,0.192,0.136
4341,341,500,CC,LITETime,0.21199999999999997,0.746,0.958
4342,342,500,CC,LITETime,0.15600000000000003,0.644,0.8
4343,343,500,CC,LITETime,0.06599999999999995,0.526,0.592
4344,344,500,CC,LITETime,0.15400000000000003,0.628,0.782
4345,345,500,CC,LITETime,0.16000000000000003,0.634,0.794
4346,346,500,CC,LITETime,0.248,0.698,0.946
4347,347,500,CC,LITETime,0.05399999999999999,0.306,0.252
4348,348,500,CC,LITETime,0.118,0.472,0.59
4349,349,500,CC,LITETime,0.096,0.19,0.094
4350,350,500,CC,LITETime,0.122,0.494,0.616
4351,351,500,CC,LITETime,0.06999999999999998,0.24,0.17
4352,352,500,CC,LITETime,0.07199999999999995,0.492,0.564
4353,353,500,CC,LITETime,0.07799999999999996,0.494,0.572
4354,354,500,CC,LITETime,0.07,0.394,0.464
4355,355,500,CC,LITETime,0.062,0.46,0.522
4356,356,500,CC,LITETime,0.14,0.622,0.762
4357,357,500,CC,LITETime,0.15600000000000003,0.642,0.798
4358,358,500,CC,LITETime,0.055999999999999994,0.436,0.492
4359,359,500,CC,LITETime,0.10999999999999999,0.488,0.598
4360,360,500,CC,LITETime,0.19800000000000006,0.732,0.93
4361,361,500,CC,LITETime,0.09,0.208,0.118
4362,362,500,CC,LITETime,0.09799999999999999,0.214,0.116
4363,363,500,CC,LITETime,0.10800000000000001,0.194,0.086
4364,364,500,CC,LITETime,0.124,0.532,0.656
4365,365,500,CC,LITETime,0.045999999999999985,0.372,0.418
4366,366,500,CC,LITETime,0.17400000000000004,0.6,0.774
4367,367,500,CC,LITETime,0.10799999999999998,0.562,0.67
4368,368,500,CC,LITETime,0.01799999999999996,0.35,0.332
4369,369,500,CC,LITETime,0.20600000000000007,0.692,0.898
4370,370,500,CC,LITETime,0.16400000000000003,0.598,0.762
4371,371,500,CC,LITETime,0.023999999999999966,0.294,0.27
4372,372,500,CC,LITETime,0.01200000000000001,0.376,0.364
4373,373,500,CC,LITETime,0.033999999999999975,0.348,0.314
4374,374,500,CC,LITETime,0.055999999999999994,0.212,0.156
4375,375,500,CC,LITETime,0.096,0.242,0.146
4376,376,500,CC,LITETime,0.2360000000000001,0.7,0.936
4377,377,500,CC,LITETime,0.026000000000000023,0.41,0.436
4378,378,500,CC,LITETime,0.018000000000000016,0.364,0.382
4379,379,500,CC,LITETime,0.14200000000000002,0.586,0.728
4380,380,500,CC,LITETime,0.07400000000000007,0.478,0.552
4381,381,500,CC,LITETime,0.2240000000000001,0.712,0.936
4382,382,500,CC,LITETime,0.15400000000000003,0.626,0.78
4383,383,500,CC,LITETime,0.006000000000000005,0.472,0.478
4384,384,500,CC,LITETime,0.010000000000000009,0.386,0.376
4385,385,500,CC,LITETime,0.22399999999999998,0.762,0.986
4386,386,500,CC,LITETime,0.122,0.594,0.716
4387,387,500,CC,LITETime,0.244,0.706,0.95
4388,388,500,CC,LITETime,0.098,0.216,0.118
4389,389,500,CC,LITETime,0.18599999999999994,0.664,0.85
4390,390,500,CC,LITETime,0.08399999999999996,0.552,0.636
4391,391,500,CC,LITETime,0.12,0.24,0.12
4392,392,500,CC,LITETime,0.08199999999999996,0.506,0.588
4393,393,500,CC,LITETime,0.138,0.548,0.686
4394,394,500,CC,LITETime,0.13599999999999998,0.148,0.012
4395,395,500,CC,LITETime,0.05199999999999999,0.402,0.454
4396,396,500,CC,LITETime,0.21999999999999997,0.604,0.824
4397,397,500,CC,LITETime,0.02200000000000002,0.316,0.294
4398,398,500,CC,LITETime,0.04400000000000004,0.414,0.458
4399,399,500,CC,LITETime,0.03999999999999998,0.402,0.442
4400,400,500,CC,LITETime,0.010000000000000009,0.29,0.3
4401,401,500,CC,LITETime,0.21200000000000008,0.706,0.918
4402,402,500,CC,LITETime,0.18000000000000005,0.6,0.78
4403,403,500,CC,LITETime,0.084,0.194,0.11
4404,404,500,CC,LITETime,0.268,0.728,0.996
4405,405,500,CC,LITETime,0.20199999999999996,0.676,0.878
4406,406,500,CC,LITETime,0.02400000000000002,0.306,0.282
4407,407,500,CC,LITETime,0.17999999999999994,0.656,0.836
4408,408,500,CC,LITETime,0.12400000000000001,0.23,0.106
4409,409,500,CC,LITETime,0.23399999999999999,0.764,0.998
4410,410,500,CC,LITETime,0.136,0.528,0.664
4411,411,500,CC,LITETime,0.132,0.518,0.65
4412,412,500,CC,LITETime,0.098,0.188,0.09
4413,413,500,CC,LITETime,0.18200000000000005,0.714,0.896
4414,414,500,CC,LITETime,0.132,0.16,0.028
4415,415,500,CC,LITETime,0.026000000000000023,0.266,0.24
4416,416,500,CC,LITETime,0.08600000000000002,0.228,0.142
4417,417,500,CC,LITETime,0.16400000000000003,0.612,0.776
4418,418,500,CC,LITETime,0.05399999999999999,0.252,0.198
4419,419,500,CC,LITETime,0.21400000000000008,0.696,0.91
4420,420,500,CC,LITETime,0.09799999999999998,0.558,0.656
4421,421,500,CC,LITETime,0.124,0.16,0.036
4422,422,500,CC,LITETime,0.13999999999999999,0.144,0.004
4423,423,500,CC,LITETime,0.108,0.158,0.05
4424,424,500,CC,LITETime,0.126,0.478,0.604
4425,425,500,CC,LITETime,0.134,0.666,0.8
4426,426,500,CC,LITETime,0.05199999999999999,0.29,0.238
4427,427,500,CC,LITETime,0.19799999999999995,0.65,0.848
4428,428,500,CC,LITETime,0.096,0.152,0.056
4429,429,500,CC,LITETime,0.16800000000000004,0.632,0.8
4430,430,500,CC,LITETime,0.22000000000000008,0.706,0.926
4431,431,500,CC,LITETime,0.16400000000000003,0.608,0.772
4432,432,500,CC,LITETime,0.1519999999999999,0.546,0.698
4433,433,500,CC,LITETime,0.16599999999999993,0.67,0.836
4434,434,500,CC,LITETime,0.11199999999999999,0.152,0.04
4435,435,500,CC,LITETime,0.03999999999999998,0.24,0.2
4436,436,500,CC,LITETime,0.122,0.246,0.124
4437,437,500,CC,LITETime,0.07800000000000001,0.426,0.504
4438,438,500,CC,LITETime,0.16400000000000003,0.58,0.744
4439,439,500,CC,LITETime,0.08599999999999997,0.544,0.63
4440,440,500,CC,LITETime,0.20399999999999996,0.646,0.85
4441,441,500,CC,LITETime,0.062,0.216,0.154
4442,442,500,CC,LITETime,0.13,0.604,0.734
4443,443,500,CC,LITETime,0.04799999999999999,0.24,0.192
4444,444,500,CC,LITETime,0.04799999999999999,0.318,0.27
4445,445,500,CC,LITETime,0.14400000000000002,0.564,0.708
4446,446,500,CC,LITETime,0.22799999999999998,0.752,0.98
4447,447,500,CC,LITETime,0.12,0.49,0.61
4448,448,500,CC,LITETime,0.10800000000000001,0.162,0.054
4449,449,500,CC,LITETime,0.07199999999999995,0.544,0.616
4450,450,500,CC,LITETime,0.094,0.136,0.042
4451,451,500,CC,LITETime,0.22599999999999998,0.658,0.884
4452,452,500,CC,LITETime,0.1519999999999999,0.556,0.708
4453,453,500,CC,LITETime,0.066,0.238,0.172
4454,454,500,CC,LITETime,0.094,0.184,0.09
4455,455,500,CC,LITETime,0.066,0.248,0.182
4456,456,500,CC,LITETime,0.23399999999999999,0.746,0.98
4457,457,500,CC,LITETime,0.04600000000000004,0.412,0.458
4458,458,500,CC,LITETime,0.18600000000000005,0.598,0.784
4459,459,500,CC,LITETime,0.11399999999999999,0.522,0.636
4460,460,500,CC,LITETime,0.07799999999999996,0.494,0.572
4461,461,500,CC,LITETime,0.10600000000000001,0.25,0.144
4462,462,500,CC,LITETime,0.22599999999999998,0.72,0.946
4463,463,500,CC,LITETime,0.018000000000000016,0.318,0.3
4464,464,500,CC,LITETime,0.10199999999999998,0.476,0.578
4465,465,500,CC,LITETime,0.15799999999999992,0.54,0.698
4466,466,500,CC,LITETime,0.134,0.514,0.648
4467,467,500,CC,LITETime,0.22199999999999998,0.718,0.94
4468,468,500,CC,LITETime,0.088,0.236,0.148
4469,469,500,CC,LITETime,0.06,0.448,0.508
4470,470,500,CC,LITETime,0.007999999999999952,0.412,0.404
4471,471,500,CC,LITETime,0.05199999999999999,0.422,0.474
4472,472,500,CC,LITETime,0.1,0.218,0.118
4473,473,500,CC,LITETime,0.10599999999999998,0.24,0.134
4474,474,500,CC,LITETime,0.021999999999999964,0.3,0.278
4475,475,500,CC,LITETime,0.006000000000000005,0.31,0.304
4476,476,500,CC,LITETime,0.0,0.426,0.426
4477,477,500,CC,LITETime,0.08199999999999996,0.528,0.61
4478,478,500,CC,LITETime,0.118,0.516,0.634
4479,479,500,CC,LITETime,0.021999999999999964,0.388,0.41
4480,480,500,CC,LITETime,0.007999999999999952,0.4,0.408
4481,481,500,CC,LITETime,0.048000000000000015,0.264,0.216
4482,482,500,CC,LITETime,0.09799999999999998,0.49,0.588
4483,483,500,CC,LITETime,0.033999999999999975,0.35,0.316
4484,484,500,CC,LITETime,0.11399999999999999,0.15,0.036
4485,485,500,CC,LITETime,0.04999999999999999,0.368,0.418
4486,486,500,CC,LITETime,0.03999999999999998,0.434,0.474
4487,487,500,CC,LITETime,0.05799999999999997,0.282,0.224
4488,488,500,CC,LITETime,0.08199999999999996,0.49,0.572
4489,489,500,CC,LITETime,0.08999999999999997,0.474,0.564
4490,490,500,CC,LITETime,0.13,0.572,0.702
4491,491,500,CC,LITETime,0.10799999999999998,0.538,0.646
4492,492,500,CC,LITETime,0.134,0.518,0.652
4493,493,500,CC,LITETime,0.0,0.316,0.316
4494,494,500,CC,LITETime,0.15600000000000003,0.63,0.786
4495,495,500,CC,LITETime,0.06800000000000006,0.48,0.548
4496,496,500,CC,LITETime,0.035999999999999976,0.394,0.43
4497,497,500,CC,LITETime,0.07599999999999996,0.55,0.626
4498,498,500,CC,LITETime,0.006000000000000005,0.366,0.36
4499,499,500,CC,LITETime,0.08000000000000002,0.432,0.512
4500,500,500,CC,LITETime,0.134,0.602,0.736
4501,501,500,CC,LITETime,0.19200000000000006,0.694,0.886
4502,502,500,CC,LITETime,0.2220000000000001,0.698,0.92
4503,503,500,CC,LITETime,0.08000000000000002,0.422,0.502
4504,504,500,CC,LITETime,0.08200000000000002,0.438,0.52
4505,505,500,CC,LITETime,0.18200000000000005,0.616,0.798
4506,506,500,CC,LITETime,0.008000000000000007,0.306,0.314
4507,507,500,CC,LITETime,0.14800000000000002,0.688,0.836
4508,508,500,CC,LITETime,0.064,0.43,0.494
4509,509,500,CC,LITETime,0.059999999999999984,0.174,0.114
4510,510,500,CC,LITETime,0.08600000000000001,0.158,0.072
4511,511,500,CC,LITETime,0.17199999999999993,0.668,0.84
4512,512,500,CC,LITETime,0.11400000000000002,0.168,0.054
4513,513,500,CC,LITETime,0.03199999999999997,0.312,0.28
4514,514,500,CC,LITETime,0.028000000000000025,0.306,0.334
4515,515,500,CC,LITETime,0.04000000000000001,0.212,0.172
4516,516,500,CC,LITETime,0.0040000000000000036,0.316,0.312
4517,517,500,CC,LITETime,0.16400000000000003,0.578,0.742
4518,518,500,CC,LITETime,0.13399999999999998,0.148,0.014
4519,519,500,CC,LITETime,0.20399999999999996,0.622,0.826
4520,520,500,CC,LITETime,0.19199999999999995,0.664,0.856
4521,521,500,CC,LITETime,0.0040000000000000036,0.376,0.372
4522,522,500,CC,LITETime,0.04000000000000001,0.192,0.152
4523,523,500,CC,LITETime,0.09999999999999998,0.5,0.6
4524,524,500,CC,LITETime,0.10600000000000001,0.224,0.118
4525,525,500,CC,LITETime,0.008000000000000007,0.372,0.364
4526,526,500,CC,LITETime,0.23199999999999998,0.726,0.958
4527,527,500,CC,LITETime,0.25,0.744,0.994
4528,528,500,CC,LITETime,0.138,0.634,0.772
4529,529,500,CC,LITETime,0.028000000000000025,0.338,0.31
4530,530,500,CC,LITETime,0.126,0.56,0.686
4531,531,500,CC,LITETime,0.16999999999999993,0.534,0.704
4532,532,500,CC,LITETime,0.01200000000000001,0.374,0.386
4533,533,500,CC,LITETime,0.09399999999999997,0.546,0.64
4534,534,500,CC,LITETime,0.108,0.118,0.01
4535,535,500,CC,LITETime,0.05400000000000002,0.262,0.208
4536,536,500,CC,LITETime,0.09400000000000003,0.43,0.524
4537,537,500,CC,LITETime,0.07999999999999999,0.242,0.162
4538,538,500,CC,LITETime,0.066,0.23,0.164
4539,539,500,CC,LITETime,0.18399999999999994,0.652,0.836
4540,540,500,CC,LITETime,0.268,0.72,0.988
4541,541,500,CC,LITETime,0.08600000000000002,0.468,0.554
4542,542,500,CC,LITETime,0.19999999999999996,0.638,0.838
4543,543,500,CC,LITETime,0.22999999999999998,0.76,0.99
4544,544,500,CC,LITETime,0.09999999999999998,0.24,0.14
4545,545,500,CC,LITETime,0.04799999999999999,0.4,0.448
4546,546,500,CC,LITETime,0.016000000000000014,0.376,0.392
4547,547,500,CC,LITETime,0.074,0.154,0.08
4548,548,500,CC,LITETime,0.132,0.622,0.754
4549,549,500,CC,LITETime,0.03199999999999997,0.4,0.432
4550,550,500,CC,LITETime,0.03200000000000003,0.436,0.468
4551,551,500,CC,LITETime,0.05200000000000002,0.202,0.15
4552,552,500,CC,LITETime,0.034,0.214,0.18
4553,553,500,CC,LITETime,0.20400000000000007,0.702,0.906
4554,554,500,CC,LITETime,0.108,0.152,0.044
4555,555,500,CC,LITETime,0.048000000000000015,0.28,0.232
4556,556,500,CC,LITETime,0.03600000000000003,0.328,0.292
4557,557,500,CC,LITETime,0.020000000000000018,0.47,0.49
4558,558,500,CC,LITETime,0.07399999999999995,0.512,0.586
4559,559,500,CC,LITETime,0.08000000000000002,0.412,0.492
4560,560,500,CC,LITETime,0.09599999999999999,0.18,0.084
4561,561,500,CC,LITETime,0.006000000000000005,0.248,0.242
4562,562,500,CC,LITETime,0.17399999999999993,0.668,0.842
4563,563,500,CC,LITETime,0.08399999999999996,0.552,0.636
4564,564,500,CC,LITETime,0.118,0.53,0.648
4565,565,500,CC,LITETime,0.14400000000000002,0.526,0.67
4566,566,500,CC,LITETime,0.18400000000000005,0.578,0.762
4567,567,500,CC,LITETime,0.1,0.158,0.058
4568,568,500,CC,LITETime,0.025999999999999968,0.34,0.366
4569,569,500,CC,LITETime,0.08400000000000002,0.454,0.538
4570,570,500,CC,LITETime,0.023999999999999966,0.362,0.338
4571,571,500,CC,LITETime,0.18599999999999994,0.658,0.844
4572,572,500,CC,LITETime,0.06,0.422,0.482
4573,573,500,CC,LITETime,0.14200000000000002,0.626,0.768
4574,574,500,CC,LITETime,0.16799999999999993,0.684,0.852
4575,575,500,CC,LITETime,0.04799999999999999,0.456,0.504
4576,576,500,CC,LITETime,0.242,0.666,0.908
4577,577,500,CC,LITETime,0.12999999999999995,0.456,0.586
4578,578,500,CC,LITETime,0.20999999999999996,0.64,0.85
4579,579,500,CC,LITETime,0.016000000000000014,0.324,0.34
4580,580,500,CC,LITETime,0.057999999999999996,0.44,0.498
4581,581,500,CC,LITETime,0.12200000000000005,0.408,0.53
4582,582,500,CC,LITETime,0.072,0.176,0.104
4583,583,500,CC,LITETime,0.020000000000000018,0.378,0.398
4584,584,500,CC,LITETime,0.21800000000000008,0.698,0.916
4585,585,500,CC,LITETime,0.11199999999999999,0.518,0.63
4586,586,500,CC,LITETime,0.062,0.238,0.176
4587,587,500,CC,LITETime,0.008000000000000007,0.33,0.338
4588,588,500,CC,LITETime,0.032,0.222,0.19
4589,589,500,CC,LITETime,0.122,0.146,0.024
4590,590,500,CC,LITETime,0.2320000000000001,0.694,0.926
4591,591,500,CC,LITETime,0.055999999999999994,0.392,0.448
4592,592,500,CC,LITETime,0.043999999999999984,0.35,0.306
4593,593,500,CC,LITETime,0.06799999999999995,0.53,0.598
4594,594,500,CC,LITETime,0.146,0.152,0.006
4595,595,500,CC,LITETime,0.03999999999999998,0.318,0.278
4596,596,500,CC,LITETime,0.124,0.578,0.702
4597,597,500,CC,LITETime,0.124,0.508,0.632
4598,598,500,CC,LITETime,0.21799999999999997,0.762,0.98
4599,599,500,CC,LITETime,0.12,0.5,0.62
4600,600,500,CC,LITETime,0.033999999999999975,0.442,0.476
4601,601,500,CC,LITETime,0.15600000000000003,0.604,0.76
4602,602,500,CC,LITETime,0.21000000000000008,0.692,0.902
4603,603,500,CC,LITETime,0.128,0.592,0.72
4604,604,500,CC,LITETime,0.22199999999999998,0.74,0.962
4605,605,500,CC,LITETime,0.18400000000000005,0.598,0.782
4606,606,500,CC,LITETime,0.20799999999999996,0.658,0.866
4607,607,500,CC,LITETime,0.09799999999999999,0.212,0.114
4608,608,500,CC,LITETime,0.16000000000000003,0.572,0.732
4609,609,500,CC,LITETime,0.035999999999999976,0.404,0.44
4610,610,500,CC,LITETime,0.07600000000000007,0.476,0.552
4611,611,500,CC,LITETime,0.15200000000000002,0.502,0.654
4612,612,500,CC,LITETime,0.246,0.722,0.968
4613,613,500,CC,LITETime,0.264,0.72,0.984
4614,614,500,CC,LITETime,0.04600000000000004,0.334,0.288
4615,615,500,CC,LITETime,0.16200000000000003,0.57,0.732
4616,616,500,CC,LITETime,0.14,0.608,0.748
4617,617,500,CC,LITETime,0.014000000000000012,0.36,0.346
4618,618,500,CC,LITETime,0.094,0.216,0.122
4619,619,500,CC,LITETime,0.10999999999999999,0.15,0.04
4620,620,500,CC,LITETime,0.20200000000000007,0.574,0.776
4621,621,500,CC,LITETime,0.07800000000000001,0.41,0.488
4622,622,500,CC,LITETime,0.258,0.726,0.984
4623,623,500,CC,LITETime,0.05600000000000005,0.408,0.464
4624,624,500,CC,LITETime,0.22999999999999998,0.746,0.976
4625,625,500,CC,LITETime,0.05199999999999999,0.358,0.41
4626,626,500,CC,LITETime,0.14600000000000002,0.646,0.792
4627,627,500,CC,LITETime,0.11800000000000001,0.202,0.084
4628,628,500,CC,LITETime,0.07000000000000006,0.484,0.554
4629,629,500,CC,LITETime,0.122,0.68,0.802
4630,630,500,CC,LITETime,0.21000000000000008,0.714,0.924
4631,631,500,CC,LITETime,0.17599999999999993,0.646,0.822
4632,632,500,CC,LITETime,0.134,0.17,0.036
4633,633,500,CC,LITETime,0.0020000000000000018,0.37,0.372
4634,634,500,CC,LITETime,0.11800000000000001,0.166,0.048
4635,635,500,CC,LITETime,0.08,0.188,0.108
4636,636,500,CC,LITETime,0.128,0.546,0.674
4637,637,500,CC,LITETime,0.14600000000000002,0.566,0.712
4638,638,500,CC,LITETime,0.16400000000000003,0.608,0.772
4639,639,500,CC,LITETime,0.21999999999999997,0.644,0.864
4640,640,500,CC,LITETime,0.16400000000000003,0.574,0.738
4641,641,500,CC,LITETime,0.17200000000000004,0.628,0.8
4642,642,500,CC,LITETime,0.12200000000000001,0.17,0.048
4643,643,500,CC,LITETime,0.036000000000000004,0.27,0.234
4644,644,500,CC,LITETime,0.09199999999999997,0.528,0.62
4645,645,500,CC,LITETime,0.18199999999999994,0.676,0.858
4646,646,500,CC,LITETime,0.158,0.162,0.004
4647,647,500,CC,LITETime,0.07,0.444,0.514
4648,648,500,CC,LITETime,0.12,0.556,0.676
4649,649,500,CC,LITETime,0.10200000000000001,0.13,0.028
4650,650,500,CC,LITETime,0.040000000000000036,0.36,0.4
4651,651,500,CC,LITETime,0.23399999999999999,0.66,0.894
4652,652,500,CC,LITETime,0.13,0.54,0.67
4653,653,500,CC,LITETime,0.040000000000000036,0.276,0.236
4654,654,500,CC,LITETime,0.16200000000000003,0.69,0.852
4655,655,500,CC,LITETime,0.0040000000000000036,0.352,0.348
4656,656,500,CC,LITETime,0.18199999999999994,0.67,0.852
4657,657,500,CC,LITETime,0.0020000000000000018,0.296,0.298
4658,658,500,CC,LITETime,0.09799999999999998,0.492,0.59
4659,659,500,CC,LITETime,0.018000000000000016,0.378,0.396
4660,660,500,CC,LITETime,0.043999999999999984,0.318,0.274
4661,661,500,CC,LITETime,0.19999999999999996,0.686,0.886
4662,662,500,CC,LITETime,0.04999999999999999,0.236,0.186
4663,663,500,CC,LITETime,0.114,0.198,0.084
4664,664,500,CC,LITETime,0.0040000000000000036,0.336,0.34
4665,665,500,CC,LITETime,0.128,0.588,0.716
4666,666,500,CC,LITETime,0.18200000000000005,0.624,0.806
4667,667,500,CC,LITETime,0.21399999999999997,0.784,0.998
4668,668,500,CC,LITETime,0.018000000000000016,0.314,0.296
4669,669,500,CC,LITETime,0.04600000000000004,0.36,0.406
4670,670,500,CC,LITETime,0.07199999999999998,0.208,0.136
4671,671,500,CC,LITETime,0.07199999999999995,0.502,0.574
4672,672,500,CC,LITETime,0.276,0.72,0.996
4673,673,500,CC,LITETime,0.124,0.576,0.7
4674,674,500,CC,LITETime,0.07999999999999996,0.514,0.594
4675,675,500,CC,LITETime,0.006000000000000005,0.386,0.392
4676,676,500,CC,LITETime,0.19200000000000006,0.722,0.914
4677,677,500,CC,LITETime,0.03799999999999998,0.458,0.496
4678,678,500,CC,LITETime,0.08199999999999999,0.216,0.134
4679,679,500,CC,LITETime,0.008000000000000007,0.372,0.364
4680,680,500,CC,LITETime,0.128,0.194,0.066
4681,681,500,CC,LITETime,0.045999999999999985,0.246,0.2
4682,682,500,CC,LITETime,0.14200000000000002,0.158,0.016
4683,683,500,CC,LITETime,0.05199999999999999,0.4,0.452
4684,684,500,CC,LITETime,0.07999999999999996,0.554,0.634
4685,685,500,CC,LITETime,0.03199999999999997,0.374,0.342
4686,686,500,CC,LITETime,0.006000000000000005,0.414,0.42
4687,687,500,CC,LITETime,0.22399999999999998,0.734,0.958
4688,688,500,CC,LITETime,0.20399999999999996,0.546,0.75
4689,689,500,CC,LITETime,0.09000000000000002,0.45,0.54
4690,690,500,CC,LITETime,0.010000000000000009,0.294,0.284
4691,691,500,CC,LITETime,0.22599999999999998,0.67,0.896
4692,692,500,CC,LITETime,0.07999999999999999,0.314,0.234
4693,693,500,CC,LITETime,0.04799999999999999,0.372,0.324
4694,694,500,CC,LITETime,0.264,0.644,0.908
4695,695,500,CC,LITETime,0.05600000000000005,0.472,0.528
4696,696,500,CC,LITETime,0.10399999999999998,0.638,0.742
4697,697,500,CC,LITETime,0.08999999999999997,0.5,0.59
4698,698,500,CC,LITETime,0.138,0.514,0.652
4699,699,500,CC,LITETime,0.016000000000000014,0.282,0.298
4700,700,500,CC,LITETime,0.057999999999999996,0.298,0.24
4701,701,500,CC,LITETime,0.008000000000000007,0.33,0.322
4702,702,500,CC,LITETime,0.04999999999999999,0.204,0.154
4703,703,500,CC,LITETime,0.19399999999999995,0.68,0.874
4704,704,500,CC,LITETime,0.030000000000000027,0.312,0.282
4705,705,500,CC,LITETime,0.07600000000000007,0.484,0.56
4706,706,500,CC,LITETime,0.20400000000000007,0.586,0.79
4707,707,500,CC,LITETime,0.15800000000000003,0.624,0.782
4708,708,500,CC,LITETime,0.03799999999999998,0.4,0.438
4709,709,500,CC,LITETime,0.062,0.414,0.476
4710,710,500,CC,LITETime,0.236,0.758,0.994
4711,711,500,CC,LITETime,0.118,0.556,0.674
4712,712,500,CC,LITETime,0.1419999999999999,0.672,0.814
4713,713,500,CC,LITETime,0.18400000000000005,0.718,0.902
4714,714,500,CC,LITETime,0.14200000000000002,0.644,0.786
4715,715,500,CC,LITETime,0.08400000000000002,0.268,0.184
4716,716,500,CC,LITETime,0.05600000000000005,0.506,0.562
4717,717,500,CC,LITETime,0.07799999999999999,0.178,0.1
4718,718,500,CC,LITETime,0.13,0.522,0.652
4719,719,500,CC,LITETime,0.21799999999999997,0.736,0.954
4720,720,500,CC,LITETime,0.07600000000000001,0.436,0.512
4721,721,500,CC,LITETime,0.016000000000000014,0.416,0.432
4722,722,500,CC,LITETime,0.118,0.152,0.034
4723,723,500,CC,LITETime,0.23399999999999999,0.724,0.958
4724,724,500,CC,LITETime,0.136,0.238,0.102
4725,725,500,CC,LITETime,0.128,0.168,0.04
4726,726,500,CC,LITETime,0.04999999999999999,0.296,0.246
4727,727,500,CC,LITETime,0.132,0.196,0.064
4728,728,500,CC,LITETime,0.05199999999999999,0.402,0.454
4729,729,500,CC,LITETime,0.08600000000000002,0.43,0.516
4730,730,500,CC,LITETime,0.01200000000000001,0.3,0.312
4731,731,500,CC,LITETime,0.12000000000000001,0.17,0.05
4732,732,500,CC,LITETime,0.08800000000000001,0.198,0.11
4733,733,500,CC,LITETime,0.03200000000000003,0.352,0.384
4734,734,500,CC,LITETime,0.126,0.186,0.06
4735,735,500,CC,LITETime,0.1459999999999999,0.552,0.698
4736,736,500,CC,LITETime,0.04600000000000001,0.252,0.206
4737,737,500,CC,LITETime,0.026000000000000023,0.328,0.302
4738,738,500,CC,LITETime,0.02799999999999997,0.422,0.394
4739,739,500,CC,LITETime,0.03799999999999998,0.378,0.416
4740,740,500,CC,LITETime,0.128,0.128,0.0
4741,741,500,CC,LITETime,0.09599999999999999,0.208,0.112
4742,742,500,CC,LITETime,0.18399999999999994,0.678,0.862
4743,743,500,CC,LITETime,0.144,0.144,0.0
4744,744,500,CC,LITETime,0.07800000000000001,0.43,0.508
4745,745,500,CC,LITETime,0.066,0.422,0.488
4746,746,500,CC,LITETime,0.006000000000000005,0.338,0.332
4747,747,500,CC,LITETime,0.006000000000000005,0.424,0.43
4748,748,500,CC,LITETime,0.16000000000000003,0.62,0.78
4749,749,500,CC,LITETime,0.18999999999999995,0.65,0.84
4750,750,500,CC,LITETime,0.023999999999999966,0.284,0.26
4751,751,500,CC,LITETime,0.045999999999999985,0.368,0.322
4752,752,500,CC,LITETime,0.016000000000000014,0.258,0.242
4753,753,500,CC,LITETime,0.05199999999999999,0.426,0.478
4754,754,500,CC,LITETime,0.09800000000000009,0.584,0.682
4755,755,500,CC,LITETime,0.04200000000000001,0.27,0.228
4756,756,500,CC,LITETime,0.013999999999999957,0.344,0.33
4757,757,500,CC,LITETime,0.2240000000000001,0.706,0.93
4758,758,500,CC,LITETime,0.12200000000000001,0.17,0.048
4759,759,500,CC,LITETime,0.028000000000000025,0.432,0.46
4760,760,500,CC,LITETime,0.13,0.58,0.71
4761,761,500,CC,LITETime,0.04600000000000001,0.196,0.15
4762,762,500,CC,LITETime,0.12200000000000001,0.168,0.046
4763,763,500,CC,LITETime,0.06,0.198,0.138
4764,764,500,CC,LITETime,0.23199999999999998,0.686,0.918
4765,765,500,CC,LITETime,0.124,0.132,0.008
4766,766,500,CC,LITETime,0.04200000000000001,0.23,0.188
4767,767,500,CC,LITETime,0.1,0.13,0.03
4768,768,500,CC,LITETime,0.112,0.222,0.11
4769,769,500,CC,LITETime,0.10399999999999998,0.516,0.62
4770,770,500,CC,LITETime,0.028000000000000025,0.268,0.24
4771,771,500,CC,LITETime,0.03799999999999992,0.53,0.568
4772,772,500,CC,LITETime,0.10799999999999998,0.482,0.59
4773,773,500,CC,LITETime,0.17999999999999994,0.668,0.848
4774,774,500,CC,LITETime,0.126,0.13,0.004
4775,775,500,CC,LITETime,0.21199999999999997,0.64,0.852
4776,776,500,CC,LITETime,0.10399999999999998,0.514,0.618
4777,777,500,CC,LITETime,0.07200000000000001,0.234,0.162
4778,778,500,CC,LITETime,0.14600000000000002,0.626,0.772
4779,779,500,CC,LITETime,0.15400000000000003,0.7,0.854
4780,780,500,CC,LITETime,0.020000000000000018,0.274,0.254
4781,781,500,CC,LITETime,0.2300000000000001,0.688,0.918
4782,782,500,CC,LITETime,0.038000000000000034,0.416,0.454
4783,783,500,CC,LITETime,0.08999999999999997,0.512,0.602
4784,784,500,CC,LITETime,0.23399999999999999,0.75,0.984
4785,785,500,CC,LITETime,0.010000000000000009,0.35,0.36
4786,786,500,CC,LITETime,0.17200000000000004,0.64,0.812
4787,787,500,CC,LITETime,0.006000000000000005,0.324,0.318
4788,788,500,CC,LITETime,0.19400000000000006,0.604,0.798
4789,789,500,CC,LITETime,0.08599999999999997,0.514,0.6
4790,790,500,CC,LITETime,0.03,0.246,0.216
4791,791,500,CC,LITETime,0.01599999999999996,0.398,0.414
4792,792,500,CC,LITETime,0.02999999999999997,0.346,0.316
4793,793,500,CC,LITETime,0.09399999999999999,0.172,0.078
4794,794,500,CC,LITETime,0.134,0.162,0.028
4795,795,500,CC,LITETime,0.01799999999999996,0.328,0.346
4796,796,500,CC,LITETime,0.17400000000000002,0.192,0.018
4797,797,500,CC,LITETime,0.10400000000000001,0.268,0.164
4798,798,500,CC,LITETime,0.15000000000000002,0.574,0.724
4799,799,500,CC,LITETime,0.11599999999999999,0.592,0.708
4800,800,500,CC,LITETime,0.13,0.608,0.738
4801,801,500,CC,LITETime,0.02400000000000002,0.34,0.316
4802,802,500,CC,LITETime,0.15600000000000003,0.734,0.89
4803,803,500,CC,LITETime,0.09799999999999998,0.494,0.592
4804,804,500,CC,LITETime,0.098,0.224,0.126
4805,805,500,CC,LITETime,0.07800000000000001,0.22,0.142
4806,806,500,CC,LITETime,0.1299999999999999,0.562,0.692
4807,807,500,CC,LITETime,0.07,0.242,0.172
4808,808,500,CC,LITETime,0.07200000000000001,0.434,0.506
4809,809,500,CC,LITETime,0.26,0.73,0.99
4810,810,500,CC,LITETime,0.124,0.128,0.004
4811,811,500,CC,LITETime,0.15400000000000003,0.17,0.016
4812,812,500,CC,LITETime,0.24,0.752,0.992
4813,813,500,CC,LITETime,0.07799999999999996,0.506,0.584
4814,814,500,CC,LITETime,0.092,0.218,0.126
4815,815,500,CC,LITETime,0.20600000000000007,0.69,0.896
4816,816,500,CC,LITETime,0.19599999999999995,0.684,0.88
4817,817,500,CC,LITETime,0.04400000000000004,0.492,0.536
4818,818,500,CC,LITETime,0.12,0.5,0.62
4819,819,500,CC,LITETime,0.02799999999999997,0.3,0.272
4820,820,500,CC,LITETime,0.12399999999999999,0.174,0.05
4821,821,500,CC,LITETime,0.08999999999999997,0.504,0.594
4822,822,500,CC,LITETime,0.02400000000000002,0.318,0.294
4823,823,500,CC,LITETime,0.132,0.53,0.662
4824,824,500,CC,LITETime,0.16599999999999993,0.67,0.836
4825,825,500,CC,LITETime,0.134,0.152,0.018
4826,826,500,CC,LITETime,0.09799999999999998,0.496,0.594
4827,827,500,CC,LITETime,0.05199999999999996,0.282,0.23
4828,828,500,CC,LITETime,0.18200000000000005,0.69,0.872
4829,829,500,CC,LITETime,0.05199999999999999,0.304,0.252
4830,830,500,CC,LITETime,0.10199999999999998,0.508,0.61
4831,831,500,CC,LITETime,0.06600000000000006,0.486,0.552
4832,832,500,CC,LITETime,0.016000000000000014,0.38,0.396
4833,833,500,CC,LITETime,0.09800000000000009,0.578,0.676
4834,834,500,CC,LITETime,0.18199999999999994,0.542,0.724
4835,835,500,CC,LITETime,0.08599999999999997,0.48,0.566
4836,836,500,CC,LITETime,0.16800000000000004,0.59,0.758
4837,837,500,CC,LITETime,0.24,0.742,0.982
4838,838,500,CC,LITETime,0.013999999999999957,0.404,0.418
4839,839,500,CC,LITETime,0.04400000000000004,0.47,0.514
4840,840,500,CC,LITETime,0.106,0.118,0.012
4841,841,500,CC,LITETime,0.18400000000000005,0.612,0.796
4842,842,500,CC,LITETime,0.057999999999999996,0.462,0.52
4843,843,500,CC,LITETime,0.020000000000000018,0.386,0.406
4844,844,500,CC,LITETime,0.088,0.182,0.094
4845,845,500,CC,LITETime,0.22399999999999998,0.664,0.888
4846,846,500,CC,LITETime,0.0,0.394,0.394
4847,847,500,CC,LITETime,0.1180000000000001,0.564,0.682
4848,848,500,CC,LITETime,0.04600000000000001,0.194,0.148
4849,849,500,CC,LITETime,0.21599999999999997,0.744,0.96
4850,850,500,CC,LITETime,0.07200000000000001,0.25,0.178
4851,851,500,CC,LITETime,0.043999999999999984,0.242,0.198
4852,852,500,CC,LITETime,0.20599999999999996,0.652,0.858
4853,853,500,CC,LITETime,0.2220000000000001,0.69,0.912
4854,854,500,CC,LITETime,0.032,0.244,0.212
4855,855,500,CC,LITETime,0.0,0.468,0.468
4856,856,500,CC,LITETime,0.132,0.6,0.732
4857,857,500,CC,LITETime,0.19399999999999995,0.684,0.878
4858,858,500,CC,LITETime,0.006000000000000005,0.384,0.378
4859,859,500,CC,LITETime,0.07,0.446,0.516
4860,860,500,CC,LITETime,0.14400000000000002,0.596,0.74
4861,861,500,CC,LITETime,0.14200000000000002,0.588,0.73
4862,862,500,CC,LITETime,0.17400000000000004,0.608,0.782
4863,863,500,CC,LITETime,0.09399999999999997,0.474,0.568
4864,864,500,CC,LITETime,0.102,0.206,0.104
4865,865,500,CC,LITETime,0.21200000000000008,0.69,0.902
4866,866,500,CC,LITETime,0.17200000000000004,0.692,0.864
4867,867,500,CC,LITETime,0.20600000000000007,0.592,0.798
4868,868,500,CC,LITETime,0.07999999999999999,0.178,0.098
4869,869,500,CC,LITETime,0.05400000000000002,0.258,0.204
4870,870,500,CC,LITETime,0.18399999999999994,0.558,0.742
4871,871,500,CC,LITETime,0.132,0.154,0.022
4872,872,500,CC,LITETime,0.248,0.73,0.978
4873,873,500,CC,LITETime,0.01200000000000001,0.364,0.376
4874,874,500,CC,LITETime,0.134,0.584,0.718
4875,875,500,CC,LITETime,0.19400000000000006,0.692,0.886
4876,876,500,CC,LITETime,0.008000000000000007,0.386,0.394
4877,877,500,CC,LITETime,0.018000000000000016,0.336,0.318
4878,878,500,CC,LITETime,0.11599999999999999,0.492,0.608
4879,879,500,CC,LITETime,0.11799999999999994,0.462,0.58
4880,880,500,CC,LITETime,0.00599999999999995,0.402,0.408
4881,881,500,CC,LITETime,0.08799999999999997,0.512,0.6
4882,882,500,CC,LITETime,0.2460000000000001,0.688,0.934
4883,883,500,CC,LITETime,0.05800000000000005,0.408,0.466
4884,884,500,CC,LITETime,0.045999999999999985,0.242,0.196
4885,885,500,CC,LITETime,0.045999999999999985,0.422,0.376
4886,886,500,CC,LITETime,0.030000000000000027,0.364,0.394
4887,887,500,CC,LITETime,0.08399999999999999,0.214,0.13
4888,888,500,CC,LITETime,0.07,0.232,0.162
4889,889,500,CC,LITETime,0.16400000000000003,0.52,0.684
4890,890,500,CC,LITETime,0.010000000000000009,0.328,0.338
4891,891,500,CC,LITETime,0.242,0.712,0.954
4892,892,500,CC,LITETime,0.038000000000000034,0.28,0.242
4893,893,500,CC,LITETime,0.07799999999999999,0.176,0.098
4894,894,500,CC,LITETime,0.16200000000000003,0.59,0.752
4895,895,500,CC,LITETime,0.22199999999999998,0.658,0.88
4896,896,500,CC,LITETime,0.04999999999999999,0.328,0.278
4897,897,500,CC,LITETime,0.08599999999999997,0.288,0.202
4898,898,500,CC,LITETime,0.057999999999999996,0.242,0.184
4899,899,500,CC,LITETime,0.09400000000000003,0.428,0.522
4900,900,500,CC,LITETime,0.04800000000000004,0.42,0.468
4901,901,500,CC,LITETime,0.010000000000000009,0.268,0.258
4902,902,500,CC,LITETime,0.11,0.154,0.044
4903,903,500,CC,LITETime,0.08399999999999996,0.396,0.48
4904,904,500,CC,LITETime,0.266,0.692,0.958
4905,905,500,CC,LITETime,0.126,0.526,0.652
4906,906,500,CC,LITETime,0.045999999999999985,0.448,0.494
4907,907,500,CC,LITETime,0.08800000000000001,0.198,0.11
4908,908,500,CC,LITETime,0.055999999999999994,0.308,0.252
4909,909,500,CC,LITETime,0.028000000000000025,0.322,0.294
4910,910,500,CC,LITETime,0.16400000000000003,0.6,0.764
4911,911,500,CC,LITETime,0.18000000000000005,0.696,0.876
4912,912,500,CC,LITETime,0.21799999999999997,0.682,0.9
4913,913,500,CC,LITETime,0.22999999999999998,0.754,0.984
4914,914,500,CC,LITETime,0.20999999999999996,0.772,0.982
4915,915,500,CC,LITETime,0.2679999999999999,0.684,0.952
4916,916,500,CC,LITETime,0.088,0.158,0.07
4917,917,500,CC,LITETime,0.06799999999999998,0.204,0.136
4918,918,500,CC,LITETime,0.010000000000000009,0.314,0.304
4919,919,500,CC,LITETime,0.09200000000000003,0.46,0.552
4920,920,500,CC,LITETime,0.06,0.156,0.096
4921,921,500,CC,LITETime,0.17399999999999993,0.67,0.844
4922,922,500,CC,LITETime,0.07399999999999995,0.542,0.616
4923,923,500,CC,LITETime,0.06400000000000006,0.478,0.542
4924,924,500,CC,LITETime,0.04999999999999999,0.214,0.164
4925,925,500,CC,LITETime,0.06,0.312,0.252
4926,926,500,CC,LITETime,0.062,0.222,0.16
4927,927,500,CC,LITETime,0.20599999999999996,0.644,0.85
4928,928,500,CC,LITETime,0.08799999999999997,0.496,0.584
4929,929,500,CC,LITETime,0.124,0.61,0.734
4930,930,500,CC,LITETime,0.030000000000000027,0.326,0.296
4931,931,500,CC,LITETime,0.008000000000000007,0.362,0.37
4932,932,500,CC,LITETime,0.04200000000000004,0.362,0.404
4933,933,500,CC,LITETime,0.138,0.622,0.76
4934,934,500,CC,LITETime,0.15200000000000002,0.62,0.772
4935,935,500,CC,LITETime,0.060000000000000026,0.266,0.206
4936,936,500,CC,LITETime,0.21799999999999997,0.722,0.94
4937,937,500,CC,LITETime,0.07600000000000001,0.196,0.12
4938,938,500,CC,LITETime,0.21399999999999997,0.682,0.896
4939,939,500,CC,LITETime,0.07399999999999998,0.174,0.1
4940,940,500,CC,LITETime,0.045999999999999985,0.31,0.264
4941,941,500,CC,LITETime,0.21799999999999997,0.628,0.846
4942,942,500,CC,LITETime,0.064,0.242,0.178
4943,943,500,CC,LITETime,0.014000000000000012,0.426,0.412
4944,944,500,CC,LITETime,0.03400000000000003,0.414,0.448
4945,945,500,CC,LITETime,0.02400000000000002,0.268,0.244
4946,946,500,CC,LITETime,0.118,0.592,0.71
4947,947,500,CC,LITETime,0.16799999999999993,0.682,0.85
4948,948,500,CC,LITETime,0.19199999999999995,0.682,0.874
4949,949,500,CC,LITETime,0.0040000000000000036,0.334,0.338
4950,950,500,CC,LITETime,0.06000000000000005,0.47,0.53
4951,951,500,CC,LITETime,0.057999999999999996,0.306,0.248
4952,952,500,CC,LITETime,0.04799999999999999,0.292,0.244
4953,953,500,CC,LITETime,0.098,0.258,0.16
4954,954,500,CC,LITETime,0.22999999999999998,0.71,0.94
4955,955,500,CC,LITETime,0.19800000000000006,0.688,0.886
4956,956,500,CC,LITETime,0.15000000000000002,0.626,0.776
4957,957,500,CC,LITETime,0.04400000000000004,0.472,0.516
4958,958,500,CC,LITETime,0.07200000000000001,0.418,0.49
4959,959,500,CC,LITETime,0.066,0.462,0.528
4960,960,500,CC,LITETime,0.05800000000000005,0.478,0.536
4961,961,500,CC,LITETime,0.045999999999999985,0.388,0.434
4962,962,500,CC,LITETime,0.07599999999999998,0.206,0.13
4963,963,500,CC,LITETime,0.086,0.21,0.124
4964,964,500,CC,LITETime,0.18399999999999994,0.768,0.952
4965,965,500,CC,LITETime,0.02799999999999997,0.454,0.482
4966,966,500,CC,LITETime,0.21399999999999997,0.738,0.952
4967,967,500,CC,LITETime,0.045999999999999985,0.208,0.162
4968,968,500,CC,LITETime,0.09200000000000003,0.462,0.554
4969,969,500,CC,LITETime,0.05400000000000002,0.26,0.206
4970,970,500,CC,LITETime,0.035999999999999976,0.288,0.252
4971,971,500,CC,LITETime,0.092,0.122,0.03
4972,972,500,CC,LITETime,0.08200000000000002,0.2,0.118
4973,973,500,CC,LITETime,0.20600000000000007,0.71,0.916
4974,974,500,CC,LITETime,0.0,0.32,0.32
4975,975,500,CC,LITETime,0.122,0.486,0.608
4976,976,500,CC,LITETime,0.030000000000000027,0.434,0.464
4977,977,500,CC,LITETime,0.03600000000000003,0.364,0.4
4978,978,500,CC,LITETime,0.07200000000000001,0.458,0.53
4979,979,500,CC,LITETime,0.07800000000000001,0.264,0.186
4980,980,500,CC,LITETime,0.278,0.71,0.988
4981,981,500,CC,LITETime,0.19199999999999995,0.626,0.818
4982,982,500,CC,LITETime,0.15400000000000003,0.586,0.74
4983,983,500,CC,LITETime,0.018000000000000016,0.45,0.468
4984,984,500,CC,LITETime,0.07600000000000001,0.228,0.152
4985,985,500,CC,LITETime,0.21800000000000008,0.702,0.92
4986,986,500,CC,LITETime,0.014000000000000012,0.326,0.34
4987,987,500,CC,LITETime,0.126,0.176,0.05
4988,988,500,CC,LITETime,0.003999999999999948,0.346,0.342
4989,989,500,CC,LITETime,0.16600000000000004,0.628,0.794
4990,990,500,CC,LITETime,0.12,0.502,0.622
4991,991,500,CC,LITETime,0.14600000000000002,0.604,0.75
4992,992,500,CC,LITETime,0.14800000000000002,0.644,0.792
4993,993,500,CC,LITETime,0.058000000000000024,0.268,0.21
4994,994,500,CC,LITETime,0.21200000000000008,0.71,0.922
4995,995,500,CC,LITETime,0.03799999999999998,0.398,0.436
4996,996,500,CC,LITETime,0.14800000000000002,0.49,0.638
4997,997,500,CC,LITETime,0.126,0.128,0.002
4998,998,500,CC,LITETime,0.26,0.732,0.992
4999,999,500,CC,LITETime,0.00599999999999995,0.286,0.28
5000,1000,500,CC,LITETime,0.10200000000000001,0.164,0.062
5001,1001,500,CC,LITETime,0.01200000000000001,0.446,0.458
5002,1002,500,CC,LITETime,0.10799999999999998,0.236,0.128
5003,1003,500,CC,LITETime,0.07600000000000001,0.228,0.152
5004,1004,500,CC,LITETime,0.11599999999999999,0.516,0.632
5005,1005,500,CC,LITETime,0.026000000000000023,0.366,0.392
5006,1006,500,CC,LITETime,0.238,0.682,0.92
5007,1007,500,CC,LITETime,0.016000000000000014,0.334,0.318
5008,1008,500,CC,LITETime,0.15000000000000002,0.576,0.726
5009,1009,500,CC,LITETime,0.06,0.4,0.46
5010,1010,500,CC,LITETime,0.10999999999999999,0.548,0.658
5011,1011,500,CC,LITETime,0.09599999999999997,0.502,0.598
5012,1012,500,CC,LITETime,0.04199999999999998,0.43,0.472
5013,1013,500,CC,LITETime,0.22599999999999998,0.724,0.95
5014,1014,500,CC,LITETime,0.03199999999999997,0.374,0.342
5015,1015,500,CC,LITETime,0.064,0.24,0.176
5016,1016,500,CC,LITETime,0.15200000000000002,0.526,0.678
5017,1017,500,CC,LITETime,0.20599999999999996,0.64,0.846
5018,1018,500,CC,LITETime,0.124,0.164,0.04
5019,1019,500,CC,LITETime,0.043999999999999984,0.404,0.448
5020,1020,500,CC,LITETime,0.20000000000000007,0.692,0.892
5021,1021,500,CC,LITETime,0.15000000000000002,0.598,0.748
5022,1022,500,CC,LITETime,0.278,0.712,0.99
5023,1023,500,CC,LITETime,0.062,0.468,0.53
5024,1024,500,CC,LITETime,0.124,0.534,0.658
5025,1025,500,CC,LITETime,0.018000000000000016,0.32,0.302
5026,1026,500,CC,LITETime,0.20399999999999996,0.742,0.946
5027,1027,500,CC,LITETime,0.0,0.366,0.366
5028,1028,500,CC,LITETime,0.14400000000000002,0.594,0.738
5029,1029,500,CC,LITETime,0.01200000000000001,0.39,0.402
5030,1030,500,CC,LITETime,0.052000000000000046,0.508,0.56
5031,1031,500,CC,LITETime,0.16199999999999992,0.556,0.718
5032,1032,500,CC,LITETime,0.04799999999999999,0.46,0.508
5033,1033,500,CC,LITETime,0.21800000000000008,0.688,0.906
5034,1034,500,CC,LITETime,0.0040000000000000036,0.414,0.418
5035,1035,500,CC,LITETime,0.11399999999999999,0.532,0.646
5036,1036,500,CC,LITETime,0.013999999999999957,0.356,0.342
5037,1037,500,CC,LITETime,0.0020000000000000018,0.41,0.408
5038,1038,500,CC,LITETime,0.035999999999999976,0.404,0.44
5039,1039,500,CC,LITETime,0.07400000000000001,0.198,0.124
5040,1040,500,CC,LITETime,0.11599999999999999,0.206,0.09
5041,1041,500,CC,LITETime,0.126,0.54,0.666
5042,1042,500,CC,LITETime,0.11599999999999999,0.538,0.654
5043,1043,500,CC,LITETime,0.13,0.532,0.662
5044,1044,500,CC,LITETime,0.112,0.13,0.018
5045,1045,500,CC,LITETime,0.014000000000000012,0.34,0.326
5046,1046,500,CC,LITETime,0.043999999999999984,0.24,0.196
5047,1047,500,CC,LITETime,0.128,0.65,0.778
5048,1048,500,CC,LITETime,0.16800000000000004,0.692,0.86
5049,1049,500,CC,LITETime,0.043999999999999984,0.29,0.246
5050,1050,500,CC,LITETime,0.136,0.53,0.666
5051,1051,500,CC,LITETime,0.08399999999999999,0.212,0.128
5052,1052,500,CC,LITETime,0.025999999999999968,0.3,0.274
5053,1053,500,CC,LITETime,0.09799999999999998,0.236,0.138
5054,1054,500,CC,LITETime,0.014000000000000012,0.296,0.282
5055,1055,500,CC,LITETime,0.12,0.554,0.674
5056,1056,500,CC,LITETime,0.22599999999999998,0.684,0.91
5057,1057,500,CC,LITETime,0.04999999999999999,0.252,0.202
5058,1058,500,CC,LITETime,0.11200000000000004,0.43,0.542
5059,1059,500,CC,LITETime,0.15799999999999992,0.542,0.7
5060,1060,500,CC,LITETime,0.22599999999999998,0.726,0.952
5061,1061,500,CC,LITETime,0.11399999999999999,0.496,0.61
5062,1062,500,CC,LITETime,0.02799999999999997,0.282,0.254
5063,1063,500,CC,LITETime,0.08399999999999996,0.54,0.624
5064,1064,500,CC,LITETime,0.020000000000000018,0.34,0.32
5065,1065,500,CC,LITETime,0.20399999999999996,0.772,0.976
5066,1066,500,CC,LITETime,0.01200000000000001,0.386,0.398
5067,1067,500,CC,LITETime,0.1080000000000001,0.576,0.684
5068,1068,500,CC,LITETime,0.092,0.114,0.022
5069,1069,500,CC,LITETime,0.016000000000000014,0.384,0.4
5070,1070,500,CC,LITETime,0.19599999999999995,0.678,0.874
5071,1071,500,CC,LITETime,0.07399999999999995,0.536,0.61
5072,1072,500,CC,LITETime,0.043999999999999984,0.398,0.442
5073,1073,500,CC,LITETime,0.22000000000000008,0.714,0.934
5074,1074,500,CC,LITETime,0.19799999999999995,0.654,0.852
5075,1075,500,CC,LITETime,0.0020000000000000018,0.32,0.322
5076,1076,500,CC,LITETime,0.08400000000000002,0.46,0.544
5077,1077,500,CC,LITETime,0.05399999999999999,0.434,0.488
5078,1078,500,CC,LITETime,0.10999999999999999,0.522,0.632
5079,1079,500,CC,LITETime,0.01599999999999996,0.35,0.334
5080,1080,500,CC,LITETime,0.03600000000000003,0.28,0.244
5081,1081,500,CC,LITETime,0.2240000000000001,0.688,0.912
5082,1082,500,CC,LITETime,0.2240000000000001,0.698,0.922
5083,1083,500,CC,LITETime,0.16199999999999992,0.68,0.842
5084,1084,500,CC,LITETime,0.22999999999999998,0.748,0.978
5085,1085,500,CC,LITETime,0.15800000000000003,0.586,0.744
5086,1086,500,CC,LITETime,0.15600000000000003,0.608,0.764
5087,1087,500,CC,LITETime,0.14,0.622,0.762
5088,1088,500,CC,LITETime,0.05199999999999999,0.428,0.48
5089,1089,500,CC,LITETime,0.03400000000000003,0.422,0.456
5090,1090,500,CC,LITETime,0.02400000000000002,0.264,0.24
5091,1091,500,CC,LITETime,0.12,0.524,0.644
5092,1092,500,CC,LITETime,0.01200000000000001,0.3,0.288
5093,1093,500,CC,LITETime,0.066,0.322,0.256
5094,1094,500,CC,LITETime,0.08199999999999996,0.502,0.584
5095,1095,500,CC,LITETime,0.02999999999999997,0.378,0.408
5096,1096,500,CC,LITETime,0.04600000000000001,0.264,0.218
5097,1097,500,CC,LITETime,0.20799999999999996,0.608,0.816
5098,1098,500,CC,LITETime,0.19999999999999996,0.66,0.86
5099,1099,500,CC,LITETime,0.088,0.254,0.166
5100,1100,500,CC,LITETime,0.144,0.15,0.006
5101,1101,500,CC,LITETime,0.0040000000000000036,0.34,0.336
5102,1102,500,CC,LITETime,0.20200000000000007,0.594,0.796
5103,1103,500,CC,LITETime,0.17199999999999993,0.666,0.838
5104,1104,500,CC,LITETime,0.055999999999999994,0.194,0.138
5105,1105,500,CC,LITETime,0.15200000000000002,0.622,0.774
5106,1106,500,CC,LITETime,0.059999999999999984,0.174,0.114
5107,1107,500,CC,LITETime,0.020000000000000018,0.37,0.39
5108,1108,500,CC,LITETime,0.266,0.732,0.998
5109,1109,500,CC,LITETime,0.04799999999999999,0.24,0.192
5110,1110,500,CC,LITETime,0.08399999999999999,0.236,0.152
5111,1111,500,CC,LITETime,0.05199999999999999,0.37,0.422
5112,1112,500,CC,LITETime,0.08799999999999997,0.53,0.618
5113,1113,500,CC,LITETime,0.20800000000000007,0.724,0.932
5114,1114,500,CC,LITETime,0.238,0.742,0.98
5115,1115,500,CC,LITETime,0.13,0.198,0.068
5116,1116,500,CC,LITETime,0.092,0.228,0.136
5117,1117,500,CC,LITETime,0.2220000000000001,0.568,0.79
5118,1118,500,CC,LITETime,0.057999999999999996,0.328,0.27
5119,1119,500,CC,LITETime,0.20199999999999996,0.682,0.884
5120,1120,500,CC,LITETime,0.118,0.544,0.662
5121,1121,500,CC,LITETime,0.102,0.212,0.11
5122,1122,500,CC,LITETime,0.17799999999999994,0.654,0.832
5123,1123,500,CC,LITETime,0.07400000000000001,0.25,0.176
5124,1124,500,CC,LITETime,0.008000000000000007,0.414,0.422
5125,1125,500,CC,LITETime,0.07200000000000006,0.48,0.552
5126,1126,500,CC,LITETime,0.04199999999999998,0.458,0.5
5127,1127,500,CC,LITETime,0.1140000000000001,0.572,0.686
5128,1128,500,CC,LITETime,0.15600000000000003,0.496,0.652
5129,1129,500,CC,LITETime,0.256,0.736,0.992
5130,1130,500,CC,LITETime,0.23199999999999998,0.766,0.998
5131,1131,500,CC,LITETime,0.07600000000000001,0.44,0.516
5132,1132,500,CC,LITETime,0.07400000000000001,0.168,0.094
5133,1133,500,CC,LITETime,0.12,0.606,0.726
5134,1134,500,CC,LITETime,0.26,0.716,0.976
5135,1135,500,CC,LITETime,0.018000000000000016,0.336,0.318
5136,1136,500,CC,LITETime,0.03200000000000003,0.428,0.46
5137,1137,500,CC,LITETime,0.01200000000000001,0.412,0.424
5138,1138,500,CC,LITETime,0.12000000000000001,0.17,0.05
5139,1139,500,CC,LITETime,0.13,0.542,0.672
5140,1140,500,CC,LITETime,0.02999999999999997,0.322,0.352
5141,1141,500,CC,LITETime,0.16400000000000003,0.622,0.786
5142,1142,500,CC,LITETime,0.17999999999999994,0.652,0.832
5143,1143,500,CC,LITETime,0.16799999999999993,0.652,0.82
5144,1144,500,CC,LITETime,0.045999999999999985,0.37,0.416
5145,1145,500,CC,LITETime,0.010000000000000009,0.33,0.32
5146,1146,500,CC,LITETime,0.13,0.618,0.748
5147,1147,500,CC,LITETime,0.15600000000000003,0.644,0.8
5148,1148,500,CC,LITETime,0.043999999999999984,0.446,0.49
5149,1149,500,CC,LITETime,0.19600000000000006,0.696,0.892
5150,1150,500,CC,LITETime,0.066,0.208,0.142
5151,1151,500,CC,LITETime,0.18800000000000006,0.69,0.878
5152,1152,500,CC,LITETime,0.094,0.19,0.096
5153,1153,500,CC,LITETime,0.04000000000000001,0.192,0.152
5154,1154,500,CC,LITETime,0.07200000000000001,0.46,0.532
5155,1155,500,CC,LITETime,0.10999999999999999,0.176,0.066
5156,1156,500,CC,LITETime,0.1,0.152,0.052
5157,1157,500,CC,LITETime,0.13,0.13,0.0
5158,1158,500,CC,LITETime,0.03199999999999997,0.404,0.436
5159,1159,500,CC,LITETime,0.16800000000000004,0.606,0.774
5160,1160,500,CC,LITETime,0.118,0.152,0.034
5161,1161,500,CC,LITETime,0.128,0.524,0.652
5162,1162,500,CC,LITETime,0.1499999999999999,0.672,0.822
5163,1163,500,CC,LITETime,0.05199999999999999,0.22,0.168
5164,1164,500,CC,LITETime,0.11800000000000002,0.264,0.146
5165,1165,500,CC,LITETime,0.21799999999999997,0.642,0.86
5166,1166,500,CC,LITETime,0.18599999999999994,0.636,0.822
5167,1167,500,CC,LITETime,0.06800000000000006,0.47,0.538
5168,1168,500,CC,LITETime,0.15399999999999991,0.664,0.818
5169,1169,500,CC,LITETime,0.11199999999999999,0.204,0.092
5170,1170,500,CC,LITETime,0.02200000000000002,0.372,0.394
5171,1171,500,CC,LITETime,0.138,0.598,0.736
5172,1172,500,CC,LITETime,0.03799999999999998,0.294,0.256
5173,1173,500,CC,LITETime,0.15000000000000002,0.602,0.752
5174,1174,500,CC,LITETime,0.05199999999999999,0.452,0.504
5175,1175,500,CC,LITETime,0.15200000000000002,0.598,0.75
5176,1176,500,CC,LITETime,0.05400000000000005,0.41,0.464
5177,1177,500,CC,LITETime,0.01200000000000001,0.378,0.366
5178,1178,500,CC,LITETime,0.034,0.252,0.218
5179,1179,500,CC,LITETime,0.0040000000000000036,0.212,0.208
5180,1180,500,CC,LITETime,0.14,0.61,0.75
5181,1181,500,CC,LITETime,0.096,0.214,0.118
5182,1182,500,CC,LITETime,0.112,0.196,0.084
5183,1183,500,CC,LITETime,0.048000000000000015,0.224,0.176
5184,1184,500,CC,LITETime,0.068,0.242,0.174
5185,1185,500,CC,LITETime,0.17199999999999993,0.65,0.822
5186,1186,500,CC,LITETime,0.04200000000000004,0.356,0.398
5187,1187,500,CC,LITETime,0.22999999999999998,0.76,0.99
5188,1188,500,CC,LITETime,0.06999999999999998,0.206,0.136
5189,1189,500,CC,LITETime,0.11599999999999999,0.536,0.652
5190,1190,500,CC,LITETime,0.068,0.38,0.448
5191,1191,500,CC,LITETime,0.006000000000000005,0.386,0.392
5192,1192,500,CC,LITETime,0.18600000000000005,0.688,0.874
5193,1193,500,CC,LITETime,0.242,0.732,0.974
5194,1194,500,CC,LITETime,0.20199999999999996,0.67,0.872
5195,1195,500,CC,LITETime,0.057999999999999996,0.25,0.192
5196,1196,500,CC,LITETime,0.06799999999999998,0.288,0.22
5197,1197,500,CC,LITETime,0.09599999999999997,0.56,0.656
5198,1198,500,CC,LITETime,0.007999999999999952,0.28,0.288
5199,1199,500,CC,LITETime,0.18399999999999994,0.55,0.734
5200,1200,500,CC,LITETime,0.08799999999999997,0.478,0.566
5201,1201,500,CC,LITETime,0.07400000000000007,0.476,0.55
5202,1202,500,CC,LITETime,0.20399999999999996,0.624,0.828
5203,1203,500,CC,LITETime,0.14600000000000002,0.564,0.71
5204,1204,500,CC,LITETime,0.136,0.162,0.026
5205,1205,500,CC,LITETime,0.102,0.15,0.048
5206,1206,500,CC,LITETime,0.09999999999999998,0.5,0.6
5207,1207,500,CC,LITETime,0.02999999999999997,0.456,0.486
5208,1208,500,CC,LITETime,0.010000000000000009,0.25,0.26
5209,1209,500,CC,LITETime,0.043999999999999984,0.374,0.418
5210,1210,500,CC,LITETime,0.18400000000000005,0.572,0.756
5211,1211,500,CC,LITETime,0.16999999999999993,0.656,0.826
5212,1212,500,CC,LITETime,0.08000000000000007,0.48,0.56
5213,1213,500,CC,LITETime,0.008000000000000007,0.392,0.384
5214,1214,500,CC,LITETime,0.021999999999999964,0.292,0.27
5215,1215,500,CC,LITETime,0.020000000000000018,0.5,0.52
5216,1216,500,CC,LITETime,0.01200000000000001,0.326,0.314
5217,1217,500,CC,LITETime,0.08799999999999997,0.476,0.564
5218,1218,500,CC,LITETime,0.16200000000000003,0.514,0.676
5219,1219,500,CC,LITETime,0.118,0.184,0.066
5220,1220,500,CC,LITETime,0.146,0.146,0.0
5221,1221,500,CC,LITETime,0.06400000000000003,0.276,0.212
5222,1222,500,CC,LITETime,0.18800000000000006,0.706,0.894
5223,1223,500,CC,LITETime,0.11599999999999999,0.53,0.646
5224,1224,500,CC,LITETime,0.07799999999999999,0.248,0.17
5225,1225,500,CC,LITETime,0.18400000000000005,0.706,0.89
5226,1226,500,CC,LITETime,0.028000000000000025,0.44,0.468
5227,1227,500,CC,LITETime,0.045999999999999985,0.43,0.476
5228,1228,500,CC,LITETime,0.254,0.68,0.934
5229,1229,500,CC,LITETime,0.124,0.182,0.058
5230,1230,500,CC,LITETime,0.05000000000000002,0.264,0.214
5231,1231,500,CC,LITETime,0.06799999999999995,0.516,0.584
5232,1232,500,CC,LITETime,0.066,0.26,0.194
5233,1233,500,CC,LITETime,0.13,0.548,0.678
5234,1234,500,CC,LITETime,0.023999999999999994,0.238,0.214
5235,1235,500,CC,LITETime,0.11199999999999999,0.21,0.098
5236,1236,500,CC,LITETime,0.038000000000000006,0.244,0.206
5237,1237,500,CC,LITETime,0.03199999999999997,0.39,0.422
5238,1238,500,CC,LITETime,0.07200000000000001,0.248,0.176
5239,1239,500,CC,LITETime,0.05399999999999999,0.188,0.134
5240,1240,500,CC,LITETime,0.19799999999999995,0.662,0.86
5241,1241,500,CC,LITETime,0.04799999999999999,0.368,0.32
5242,1242,500,CC,LITETime,0.014000000000000012,0.374,0.36
5243,1243,500,CC,LITETime,0.10800000000000001,0.162,0.054
5244,1244,500,CC,LITETime,0.006000000000000005,0.362,0.356
5245,1245,500,CC,LITETime,0.033999999999999975,0.298,0.264
5246,1246,500,CC,LITETime,0.09999999999999998,0.51,0.61
5247,1247,500,CC,LITETime,0.05000000000000002,0.254,0.204
5248,1248,500,CC,LITETime,0.16200000000000003,0.726,0.888
5249,1249,500,CC,LITETime,0.20800000000000007,0.72,0.928
5250,1250,500,CC,LITETime,0.10400000000000001,0.202,0.098
5251,1251,500,CC,LITETime,0.09600000000000002,0.202,0.106
5252,1252,500,CC,LITETime,0.06999999999999999,0.184,0.114
5253,1253,500,CC,LITETime,0.11199999999999999,0.506,0.618
5254,1254,500,CC,LITETime,0.1,0.22,0.12
5255,1255,500,CC,LITETime,0.21399999999999997,0.638,0.852
5256,1256,500,CC,LITETime,0.136,0.618,0.754
5257,1257,500,CC,LITETime,0.17999999999999994,0.638,0.818
5258,1258,500,CC,LITETime,0.057999999999999996,0.468,0.526
5259,1259,500,CC,LITETime,0.246,0.75,0.996
5260,1260,500,CC,LITETime,0.11800000000000001,0.162,0.044
5261,1261,500,CC,LITETime,0.0040000000000000036,0.396,0.4
5262,1262,500,CC,LITETime,0.014000000000000012,0.336,0.322
5263,1263,500,CC,LITETime,0.21599999999999997,0.732,0.948
5264,1264,500,CC,LITETime,0.08199999999999996,0.494,0.576
5265,1265,500,CC,LITETime,0.17800000000000005,0.628,0.806
5266,1266,500,CC,LITETime,0.055999999999999994,0.226,0.17
5267,1267,500,CC,LITETime,0.256,0.722,0.978
5268,1268,500,CC,LITETime,0.043999999999999984,0.454,0.498
5269,1269,500,CC,LITETime,0.08000000000000002,0.412,0.492
5270,1270,500,CC,LITETime,0.22999999999999998,0.74,0.97
5271,1271,500,CC,LITETime,0.020000000000000018,0.36,0.38
5272,1272,500,CC,LITETime,0.04600000000000004,0.35,0.396
5273,1273,500,CC,LITETime,0.11399999999999999,0.47,0.584
5274,1274,500,CC,LITETime,0.06,0.188,0.128
5275,1275,500,CC,LITETime,0.016000000000000014,0.336,0.32
5276,1276,500,CC,LITETime,0.068,0.26,0.192
5277,1277,500,CC,LITETime,0.114,0.216,0.102
5278,1278,500,CC,LITETime,0.18199999999999994,0.684,0.866
5279,1279,500,CC,LITETime,0.11399999999999999,0.474,0.588
5280,1280,500,CC,LITETime,0.01599999999999996,0.342,0.358
5281,1281,500,CC,LITETime,0.04799999999999999,0.36,0.408
5282,1282,500,CC,LITETime,0.035999999999999976,0.394,0.43
5283,1283,500,CC,LITETime,0.132,0.5,0.632
5284,1284,500,CC,LITETime,0.20800000000000007,0.718,0.926
5285,1285,500,CC,LITETime,0.2240000000000001,0.708,0.932
5286,1286,500,CC,LITETime,0.01799999999999996,0.408,0.39
5287,1287,500,CC,LITETime,0.02799999999999997,0.356,0.328
5288,1288,500,CC,LITETime,0.03400000000000003,0.416,0.45
5289,1289,500,CC,LITETime,0.08399999999999996,0.482,0.566
5290,1290,500,CC,LITETime,0.062,0.398,0.46
5291,1291,500,CC,LITETime,0.10599999999999998,0.552,0.658
5292,1292,500,CC,LITETime,0.07600000000000007,0.478,0.554
5293,1293,500,CC,LITETime,0.014000000000000012,0.334,0.32
5294,1294,500,CC,LITETime,0.013999999999999957,0.33,0.344
5295,1295,500,CC,LITETime,0.06,0.318,0.378
5296,1296,500,CC,LITETime,0.10400000000000001,0.198,0.094
5297,1297,500,CC,LITETime,0.066,0.232,0.166
5298,1298,500,CC,LITETime,0.14,0.582,0.722
5299,1299,500,CC,LITETime,0.026000000000000023,0.362,0.388
5300,1300,500,CC,LITETime,0.05400000000000002,0.268,0.214
5301,1301,500,CC,LITETime,0.062000000000000055,0.5,0.562
5302,1302,500,CC,LITETime,0.136,0.618,0.754
5303,1303,500,CC,LITETime,0.02999999999999997,0.286,0.256
5304,1304,500,CC,LITETime,0.19599999999999995,0.63,0.826
5305,1305,500,CC,LITETime,0.2220000000000001,0.704,0.926
5306,1306,500,CC,LITETime,0.10999999999999999,0.486,0.596
5307,1307,500,CC,LITETime,0.126,0.542,0.668
5308,1308,500,CC,LITETime,0.11800000000000002,0.17,0.052
5309,1309,500,CC,LITETime,0.22599999999999998,0.718,0.944
5310,1310,500,CC,LITETime,0.02400000000000002,0.368,0.392
5311,1311,500,CC,LITETime,0.17400000000000004,0.748,0.922
5312,1312,500,CC,LITETime,0.11199999999999993,0.466,0.578
5313,1313,500,CC,LITETime,0.146,0.15,0.004
5314,1314,500,CC,LITETime,0.10599999999999998,0.144,0.038
5315,1315,500,CC,LITETime,0.13,0.55,0.68
5316,1316,500,CC,LITETime,0.05400000000000005,0.508,0.562
5317,1317,500,CC,LITETime,0.12,0.146,0.026
5318,1318,500,CC,LITETime,0.122,0.62,0.742
5319,1319,500,CC,LITETime,0.17799999999999994,0.674,0.852
5320,1320,500,CC,LITETime,0.0040000000000000036,0.492,0.496
5321,1321,500,CC,LITETime,0.062,0.402,0.464
5322,1322,500,CC,LITETime,0.128,0.132,0.004
5323,1323,500,CC,LITETime,0.20400000000000007,0.582,0.786
5324,1324,500,CC,LITETime,0.013999999999999957,0.344,0.33
5325,1325,500,CC,LITETime,0.23399999999999999,0.644,0.878
5326,1326,500,CC,LITETime,0.008000000000000007,0.38,0.372
5327,1327,500,CC,LITETime,0.07199999999999995,0.492,0.564
5328,1328,500,CC,LITETime,0.03199999999999997,0.302,0.27
5329,1329,500,CC,LITETime,0.07799999999999999,0.238,0.16
5330,1330,500,CC,LITETime,0.14600000000000002,0.628,0.774
5331,1331,500,CC,LITETime,0.064,0.432,0.496
5332,1332,500,CC,LITETime,0.062000000000000055,0.474,0.536
5333,1333,500,CC,LITETime,0.19199999999999995,0.772,0.964
5334,1334,500,CC,LITETime,0.252,0.71,0.962
5335,1335,500,CC,LITETime,0.19199999999999995,0.662,0.854
5336,1336,500,CC,LITETime,0.068,0.254,0.186
5337,1337,500,CC,LITETime,0.10599999999999998,0.488,0.594
5338,1338,500,CC,LITETime,0.20399999999999996,0.674,0.878
5339,1339,500,CC,LITETime,0.033999999999999975,0.34,0.374
5340,1340,500,CC,LITETime,0.07599999999999998,0.176,0.1
5341,1341,500,CC,LITETime,0.17000000000000004,0.64,0.81
5342,1342,500,CC,LITETime,0.02799999999999997,0.452,0.48
5343,1343,500,CC,LITETime,0.09799999999999992,0.466,0.564
5344,1344,500,CC,LITETime,0.238,0.744,0.982
5345,1345,500,CC,LITETime,0.08999999999999997,0.516,0.606
5346,1346,500,CC,LITETime,0.025999999999999968,0.398,0.424
5347,1347,500,CC,LITETime,0.02200000000000002,0.346,0.368
5348,1348,500,CC,LITETime,0.03999999999999998,0.376,0.416
5349,1349,500,CC,LITETime,0.098,0.216,0.118
5350,1350,500,CC,LITETime,0.20400000000000007,0.59,0.794
5351,1351,500,CC,LITETime,0.15599999999999992,0.68,0.836
5352,1352,500,CC,LITETime,0.03400000000000003,0.318,0.284
5353,1353,500,CC,LITETime,0.040000000000000036,0.342,0.302
5354,1354,500,CC,LITETime,0.21799999999999997,0.656,0.874
5355,1355,500,CC,LITETime,0.11800000000000002,0.14,0.022
5356,1356,500,CC,LITETime,0.050000000000000044,0.47,0.52
5357,1357,500,CC,LITETime,0.030000000000000027,0.432,0.462
5358,1358,500,CC,LITETime,0.1499999999999999,0.54,0.69
5359,1359,500,CC,LITETime,0.07,0.232,0.162
5360,1360,500,CC,LITETime,0.14,0.528,0.668
5361,1361,500,CC,LITETime,0.006000000000000005,0.382,0.376
5362,1362,500,CC,LITETime,0.136,0.482,0.618
5363,1363,500,CC,LITETime,0.11599999999999999,0.156,0.04
5364,1364,500,CC,LITETime,0.03600000000000003,0.424,0.46
5365,1365,500,CC,LITETime,0.068,0.454,0.522
5366,1366,500,CC,LITETime,0.048000000000000015,0.262,0.214
5367,1367,500,CC,LITETime,0.07599999999999998,0.214,0.138
5368,1368,500,CC,LITETime,0.05399999999999999,0.242,0.188
5369,1369,500,CC,LITETime,0.026000000000000023,0.37,0.344
5370,1370,500,CC,LITETime,0.096,0.192,0.096
5371,1371,500,CC,LITETime,0.21599999999999997,0.73,0.946
5372,1372,500,CC,LITETime,0.06000000000000005,0.344,0.404
5373,1373,500,CC,LITETime,0.18200000000000005,0.626,0.808
5374,1374,500,CC,LITETime,0.20999999999999996,0.764,0.974
5375,1375,500,CC,LITETime,0.102,0.182,0.08
5376,1376,500,CC,LITETime,0.14600000000000002,0.504,0.65
5377,1377,500,CC,LITETime,0.18799999999999994,0.682,0.87
5378,1378,500,CC,LITETime,0.09399999999999997,0.54,0.634
5379,1379,500,CC,LITETime,0.033999999999999975,0.394,0.428
5380,1380,500,CC,LITETime,0.02200000000000002,0.408,0.43
5381,1381,500,CC,LITETime,0.12,0.154,0.034
5382,1382,500,CC,LITETime,0.040000000000000036,0.494,0.534
5383,1383,500,CC,LITETime,0.238,0.754,0.992
5384,1384,500,CC,LITETime,0.24,0.718,0.958
5385,1385,500,CC,LITETime,0.11599999999999999,0.156,0.04
5386,1386,500,CC,LITETime,0.124,0.58,0.704
5387,1387,500,CC,LITETime,0.02400000000000002,0.324,0.3
5388,1388,500,CC,LITETime,0.21799999999999997,0.684,0.902
5389,1389,500,CC,LITETime,0.14800000000000002,0.192,0.044
5390,1390,500,CC,LITETime,0.2280000000000001,0.706,0.934
5391,1391,500,CC,LITETime,0.20999999999999996,0.626,0.836
5392,1392,500,CC,LITETime,0.09999999999999999,0.216,0.116
5393,1393,500,CC,LITETime,0.11599999999999999,0.174,0.058
5394,1394,500,CC,LITETime,0.17799999999999994,0.656,0.834
5395,1395,500,CC,LITETime,0.092,0.246,0.154
5396,1396,500,CC,LITETime,0.08200000000000002,0.452,0.534
5397,1397,500,CC,LITETime,0.18800000000000006,0.726,0.914
5398,1398,500,CC,LITETime,0.07999999999999996,0.486,0.566
5399,1399,500,CC,LITETime,0.02400000000000002,0.372,0.396
5400,1400,500,CC,LITETime,0.03200000000000003,0.412,0.444
5401,1401,500,CC,LITETime,0.1,0.162,0.062
5402,1402,500,CC,LITETime,0.252,0.716,0.968
5403,1403,500,CC,LITETime,0.02400000000000002,0.334,0.31
5404,1404,500,CC,LITETime,0.04799999999999999,0.236,0.188
5405,1405,500,CC,LITETime,0.038000000000000034,0.324,0.286
5406,1406,500,CC,LITETime,0.21599999999999997,0.748,0.964
5407,1407,500,CC,LITETime,0.118,0.212,0.094
5408,1408,500,CC,LITETime,0.19799999999999995,0.668,0.866
5409,1409,500,CC,LITETime,0.124,0.582,0.706
5410,1410,500,CC,LITETime,0.19999999999999996,0.63,0.83
5411,1411,500,CC,LITETime,0.248,0.726,0.974
5412,1412,500,CC,LITETime,0.19799999999999995,0.644,0.842
5413,1413,500,CC,LITETime,0.236,0.706,0.942
5414,1414,500,CC,LITETime,0.10400000000000001,0.23,0.126
5415,1415,500,CC,LITETime,0.16400000000000003,0.63,0.794
5416,1416,500,CC,LITETime,0.07400000000000007,0.47,0.544
5417,1417,500,CC,LITETime,0.09600000000000003,0.446,0.542
5418,1418,500,CC,LITETime,0.20200000000000007,0.696,0.898
5419,1419,500,CC,LITETime,0.21999999999999997,0.75,0.97
5420,1420,500,CC,LITETime,0.10599999999999998,0.598,0.704
5421,1421,500,CC,LITETime,0.04199999999999998,0.44,0.482
5422,1422,500,CC,LITETime,0.06,0.396,0.456
5423,1423,500,CC,LITETime,0.03400000000000003,0.352,0.386
5424,1424,500,CC,LITETime,0.01200000000000001,0.348,0.36
5425,1425,500,CC,LITETime,0.0020000000000000018,0.388,0.39
5426,1426,500,CC,LITETime,0.088,0.176,0.088
5427,1427,500,CC,LITETime,0.104,0.18,0.076
5428,1428,500,CC,LITETime,0.15200000000000002,0.626,0.778
5429,1429,500,CC,LITETime,0.03600000000000003,0.41,0.446
5430,1430,500,CC,LITETime,0.21600000000000008,0.714,0.93
5431,1431,500,CC,LITETime,0.10799999999999998,0.504,0.612
5432,1432,500,CC,LITETime,0.11599999999999999,0.15,0.034
5433,1433,500,CC,LITETime,0.07999999999999999,0.236,0.156
5434,1434,500,CC,LITETime,0.034,0.238,0.204
5435,1435,500,CC,LITETime,0.19799999999999995,0.776,0.974
5436,1436,500,CC,LITETime,0.048000000000000015,0.266,0.218
5437,1437,500,CC,LITETime,0.07400000000000001,0.44,0.514
5438,1438,500,CC,LITETime,0.21800000000000008,0.718,0.936
5439,1439,500,CC,LITETime,0.252,0.724,0.976
5440,1440,500,CC,LITETime,0.05399999999999999,0.29,0.236
5441,1441,500,CC,LITETime,0.09799999999999999,0.146,0.048
5442,1442,500,CC,LITETime,0.055999999999999994,0.208,0.152
5443,1443,500,CC,LITETime,0.146,0.208,0.062
5444,1444,500,CC,LITETime,0.04999999999999999,0.244,0.194
5445,1445,500,CC,LITETime,0.10599999999999993,0.462,0.568
5446,1446,500,CC,LITETime,0.23199999999999998,0.68,0.912
5447,1447,500,CC,LITETime,0.06600000000000006,0.47,0.536
5448,1448,500,CC,LITETime,0.14600000000000002,0.478,0.624
5449,1449,500,CC,LITETime,0.06,0.26,0.2
5450,1450,500,CC,LITETime,0.16800000000000004,0.632,0.8
5451,1451,500,CC,LITETime,0.08799999999999997,0.528,0.616
5452,1452,500,CC,LITETime,0.17200000000000004,0.692,0.864
5453,1453,500,CC,LITETime,0.258,0.69,0.948
5454,1454,500,CC,LITETime,0.009999999999999953,0.336,0.346
5455,1455,500,CC,LITETime,0.07800000000000001,0.168,0.09
5456,1456,500,CC,LITETime,0.05000000000000002,0.274,0.224
5457,1457,500,CC,LITETime,0.02400000000000002,0.412,0.436
5458,1458,500,CC,LITETime,0.24,0.704,0.944
5459,1459,500,CC,LITETime,0.01200000000000001,0.366,0.378
5460,1460,500,CC,LITETime,0.17400000000000004,0.596,0.77
5461,1461,500,CC,LITETime,0.10400000000000004,0.436,0.54
5462,1462,500,CC,LITETime,0.07,0.252,0.182
5463,1463,500,CC,LITETime,0.033999999999999975,0.354,0.32
5464,1464,500,CC,LITETime,0.14,0.512,0.652
5465,1465,500,CC,LITETime,0.14800000000000002,0.524,0.672
5466,1466,500,CC,LITETime,0.035999999999999976,0.398,0.434
5467,1467,500,CC,LITETime,0.06999999999999998,0.298,0.228
5468,1468,500,CC,LITETime,0.134,0.586,0.72
5469,1469,500,CC,LITETime,0.066,0.234,0.168
5470,1470,500,CC,LITETime,0.21400000000000008,0.722,0.936
5471,1471,500,CC,LITETime,0.064,0.25,0.186
5472,1472,500,CC,LITETime,0.08,0.186,0.106
5473,1473,500,CC,LITETime,0.06,0.436,0.496
5474,1474,500,CC,LITETime,0.066,0.452,0.518
5475,1475,500,CC,LITETime,0.043999999999999984,0.464,0.508
5476,1476,500,CC,LITETime,0.02999999999999997,0.406,0.436
5477,1477,500,CC,LITETime,0.266,0.728,0.994
5478,1478,500,CC,LITETime,0.010000000000000009,0.476,0.486
5479,1479,500,CC,LITETime,0.043999999999999984,0.432,0.476
5480,1480,500,CC,LITETime,0.0040000000000000036,0.416,0.42
5481,1481,500,CC,LITETime,0.08199999999999999,0.148,0.066
5482,1482,500,CC,LITETime,0.10799999999999998,0.484,0.592
5483,1483,500,CC,LITETime,0.05400000000000002,0.28,0.226
5484,1484,500,CC,LITETime,0.10999999999999999,0.526,0.636
5485,1485,500,CC,LITETime,0.104,0.154,0.05
5486,1486,500,CC,LITETime,0.22599999999999998,0.754,0.98
5487,1487,500,CC,LITETime,0.05800000000000005,0.41,0.468
5488,1488,500,CC,LITETime,0.20000000000000007,0.696,0.896
5489,1489,500,CC,LITETime,0.03799999999999998,0.436,0.474
5490,1490,500,CC,LITETime,0.10400000000000001,0.164,0.06
5491,1491,500,CC,LITETime,0.17399999999999993,0.648,0.822
5492,1492,500,CC,LITETime,0.11599999999999999,0.532,0.648
5493,1493,500,CC,LITETime,0.17000000000000004,0.61,0.78
5494,1494,500,CC,LITETime,0.021999999999999964,0.406,0.428
5495,1495,500,CC,LITETime,0.10399999999999998,0.532,0.636
5496,1496,500,CC,LITETime,0.21399999999999997,0.642,0.856
5497,1497,500,CC,LITETime,0.08599999999999997,0.544,0.63
5498,1498,500,CC,LITETime,0.00599999999999995,0.34,0.346
5499,1499,500,CC,LITETime,0.10799999999999998,0.554,0.662
5500,1500,500,CC,LITETime,0.11399999999999999,0.556,0.67
5501,1501,500,CC,LITETime,0.21199999999999997,0.748,0.96
5502,1502,500,CC,LITETime,0.014000000000000012,0.356,0.37
5503,1503,500,CC,LITETime,0.021999999999999964,0.402,0.424
5504,1504,500,CC,LITETime,0.14800000000000002,0.664,0.812
5505,1505,500,CC,LITETime,0.04199999999999998,0.462,0.504
5506,1506,500,CC,LITETime,0.13,0.606,0.736
5507,1507,500,CC,LITETime,0.040000000000000036,0.418,0.458
5508,1508,500,CC,LITETime,0.04000000000000001,0.254,0.214
5509,1509,500,CC,LITETime,0.14,0.604,0.744
5510,1510,500,CC,LITETime,0.062,0.192,0.13
5511,1511,500,CC,LITETime,0.08200000000000002,0.28,0.198
5512,1512,500,CC,LITETime,0.11599999999999999,0.51,0.626
5513,1513,500,CC,LITETime,0.138,0.608,0.746
5514,1514,500,CC,LITETime,0.20000000000000007,0.694,0.894
5515,1515,500,CC,LITETime,0.03999999999999998,0.312,0.272
5516,1516,500,CC,LITETime,0.06999999999999999,0.18,0.11
5517,1517,500,CC,LITETime,0.256,0.7,0.956
5518,1518,500,CC,LITETime,0.064,0.218,0.154
5519,1519,500,CC,LITETime,0.036000000000000004,0.232,0.196
5520,1520,500,CC,LITETime,0.018000000000000016,0.308,0.29
5521,1521,500,CC,LITETime,0.062,0.466,0.528
5522,1522,500,CC,LITETime,0.21599999999999997,0.666,0.882
5523,1523,500,CC,LITETime,0.15200000000000002,0.608,0.76
5524,1524,500,CC,LITETime,0.17399999999999993,0.534,0.708
5525,1525,500,CC,LITETime,0.09000000000000002,0.264,0.174
5526,1526,500,CC,LITETime,0.006000000000000005,0.35,0.356
5527,1527,500,CC,LITETime,0.035999999999999976,0.442,0.478
5528,1528,500,CC,LITETime,0.062,0.208,0.146
5529,1529,500,CC,LITETime,0.03799999999999998,0.31,0.272
5530,1530,500,CC,LITETime,0.016000000000000014,0.324,0.308
5531,1531,500,CC,LITETime,0.08399999999999999,0.21,0.126
5532,1532,500,CC,LITETime,0.06400000000000006,0.486,0.55
5533,1533,500,CC,LITETime,0.11399999999999999,0.59,0.704
5534,1534,500,CC,LITETime,0.10999999999999999,0.178,0.068
5535,1535,500,CC,LITETime,0.055999999999999994,0.424,0.48
5536,1536,500,CC,LITETime,0.15800000000000003,0.624,0.782
5537,1537,500,CC,LITETime,0.15400000000000003,0.592,0.746
5538,1538,500,CC,LITETime,0.17599999999999993,0.638,0.814
5539,1539,500,CC,LITETime,0.014000000000000012,0.434,0.448
5540,1540,500,CC,LITETime,0.16799999999999993,0.652,0.82
5541,1541,500,CC,LITETime,0.03400000000000003,0.274,0.24
5542,1542,500,CC,LITETime,0.008000000000000007,0.368,0.36
5543,1543,500,CC,LITETime,0.07200000000000001,0.248,0.176
5544,1544,500,CC,LITETime,0.08600000000000002,0.38,0.466
5545,1545,500,CC,LITETime,0.0,0.392,0.392
5546,1546,500,CC,LITETime,0.062,0.302,0.24
5547,1547,500,CC,LITETime,0.15200000000000002,0.598,0.75
5548,1548,500,CC,LITETime,0.020000000000000018,0.332,0.312
5549,1549,500,CC,LITETime,0.01599999999999996,0.288,0.272
5550,1550,500,CC,LITETime,0.09,0.22,0.13
5551,1551,500,CC,LITETime,0.030000000000000027,0.408,0.438
5552,1552,500,CC,LITETime,0.03400000000000003,0.336,0.302
5553,1553,500,CC,LITETime,0.006000000000000005,0.362,0.368
5554,1554,500,CC,LITETime,0.055999999999999966,0.29,0.234
5555,1555,500,CC,LITETime,0.14,0.622,0.762
5556,1556,500,CC,LITETime,0.20600000000000007,0.724,0.93
5557,1557,500,CC,LITETime,0.062,0.434,0.496
5558,1558,500,CC,LITETime,0.10999999999999999,0.532,0.642
5559,1559,500,CC,LITETime,0.15000000000000002,0.716,0.866
5560,1560,500,CC,LITETime,0.248,0.75,0.998
5561,1561,500,CC,LITETime,0.11199999999999999,0.5,0.612
5562,1562,500,CC,LITETime,0.20599999999999996,0.682,0.888
5563,1563,500,CC,LITETime,0.17000000000000004,0.738,0.908
5564,1564,500,CC,LITETime,0.15800000000000003,0.632,0.79
5565,1565,500,CC,LITETime,0.014000000000000012,0.446,0.46
5566,1566,500,CC,LITETime,0.116,0.196,0.08
5567,1567,500,CC,LITETime,0.148,0.162,0.014
5568,1568,500,CC,LITETime,0.04199999999999998,0.434,0.476
5569,1569,500,CC,LITETime,0.057999999999999996,0.436,0.494
5570,1570,500,CC,LITETime,0.028000000000000025,0.378,0.406
5571,1571,500,CC,LITETime,0.03399999999999992,0.534,0.568
5572,1572,500,CC,LITETime,0.07600000000000007,0.476,0.552
5573,1573,500,CC,LITETime,0.14,0.696,0.836
5574,1574,500,CC,LITETime,0.09999999999999999,0.208,0.108
5575,1575,500,CC,LITETime,0.05999999999999997,0.284,0.224
5576,1576,500,CC,LITETime,0.17200000000000004,0.62,0.792
5577,1577,500,CC,LITETime,0.17999999999999994,0.666,0.846
5578,1578,500,CC,LITETime,0.21999999999999997,0.774,0.994
5579,1579,500,CC,LITETime,0.19999999999999996,0.672,0.872
5580,1580,500,CC,LITETime,0.22199999999999998,0.666,0.888
5581,1581,500,CC,LITETime,0.010000000000000009,0.324,0.314
5582,1582,500,CC,LITETime,0.03400000000000003,0.366,0.4
5583,1583,500,CC,LITETime,0.03199999999999997,0.3,0.268
5584,1584,500,CC,LITETime,0.11199999999999999,0.494,0.606
5585,1585,500,CC,LITETime,0.20199999999999996,0.736,0.938
5586,1586,500,CC,LITETime,0.013999999999999957,0.33,0.344
5587,1587,500,CC,LITETime,0.10600000000000004,0.45,0.556
5588,1588,500,CC,LITETime,0.04200000000000004,0.338,0.296
5589,1589,500,CC,LITETime,0.06999999999999998,0.238,0.168
5590,1590,500,CC,LITETime,0.05399999999999999,0.248,0.194
5591,1591,500,CC,LITETime,0.11400000000000002,0.17,0.056
5592,1592,500,CC,LITETime,0.2659999999999999,0.682,0.948
5593,1593,500,CC,LITETime,0.026000000000000023,0.376,0.402
5594,1594,500,CC,LITETime,0.18399999999999994,0.65,0.834
5595,1595,500,CC,LITETime,0.118,0.562,0.68
5596,1596,500,CC,LITETime,0.055999999999999994,0.246,0.19
5597,1597,500,CC,LITETime,0.064,0.238,0.174
5598,1598,500,CC,LITETime,0.19200000000000006,0.618,0.81
5599,1599,500,CC,LITETime,0.025999999999999968,0.29,0.264
5600,1600,500,CC,LITETime,0.19200000000000006,0.72,0.912
5601,1601,500,CC,LITETime,0.088,0.228,0.14
5602,1602,500,CC,LITETime,0.124,0.552,0.676
5603,1603,500,CC,LITETime,0.15599999999999992,0.658,0.814
5604,1604,500,CC,LITETime,0.038000000000000006,0.272,0.234
5605,1605,500,CC,LITETime,0.033999999999999975,0.31,0.276
5606,1606,500,CC,LITETime,0.262,0.702,0.964
5607,1607,500,CC,LITETime,0.033999999999999975,0.298,0.264
5608,1608,500,CC,LITETime,0.02999999999999997,0.398,0.428
5609,1609,500,CC,LITETime,0.03799999999999998,0.394,0.432
5610,1610,500,CC,LITETime,0.057999999999999996,0.31,0.252
5611,1611,500,CC,LITETime,0.15800000000000003,0.616,0.774
5612,1612,500,CC,LITETime,0.17000000000000004,0.6,0.77
5613,1613,500,CC,LITETime,0.0040000000000000036,0.374,0.378
5614,1614,500,CC,LITETime,0.17599999999999993,0.658,0.834
5615,1615,500,CC,LITETime,0.025999999999999995,0.238,0.212
5616,1616,500,CC,LITETime,0.146,0.15,0.004
5617,1617,500,CC,LITETime,0.06799999999999995,0.502,0.57
5618,1618,500,CC,LITETime,0.25,0.744,0.994
5619,1619,500,CC,LITETime,0.10799999999999998,0.146,0.038
5620,1620,500,CC,LITETime,0.05000000000000002,0.256,0.206
5621,1621,500,CC,LITETime,0.04999999999999999,0.468,0.518
5622,1622,500,CC,LITETime,0.18400000000000005,0.624,0.808
5623,1623,500,CC,LITETime,0.10800000000000001,0.196,0.088
5624,1624,500,CC,LITETime,0.028000000000000025,0.366,0.394
5625,1625,500,CC,LITETime,0.16200000000000003,0.584,0.746
5626,1626,500,CC,LITETime,0.0040000000000000036,0.374,0.37
5627,1627,500,CC,LITETime,0.07400000000000001,0.262,0.188
5628,1628,500,CC,LITETime,0.05399999999999999,0.248,0.194
5629,1629,500,CC,LITETime,0.003999999999999948,0.406,0.41
5630,1630,500,CC,LITETime,0.07,0.408,0.478
5631,1631,500,CC,LITETime,0.18199999999999994,0.678,0.86
5632,1632,500,CC,LITETime,0.09799999999999998,0.544,0.642
5633,1633,500,CC,LITETime,0.1339999999999999,0.556,0.69
5634,1634,500,CC,LITETime,0.25,0.732,0.982
5635,1635,500,CC,LITETime,0.011999999999999955,0.398,0.41
5636,1636,500,CC,LITETime,0.01200000000000001,0.39,0.402
5637,1637,500,CC,LITETime,0.2240000000000001,0.698,0.922
5638,1638,500,CC,LITETime,0.028000000000000025,0.272,0.244
5639,1639,500,CC,LITETime,0.15600000000000003,0.572,0.728
5640,1640,500,CC,LITETime,0.14,0.614,0.754
5641,1641,500,CC,LITETime,0.086,0.182,0.096
5642,1642,500,CC,LITETime,0.07400000000000001,0.394,0.468
5643,1643,500,CC,LITETime,0.07800000000000001,0.278,0.2
5644,1644,500,CC,LITETime,0.04600000000000001,0.23,0.184
5645,1645,500,CC,LITETime,0.040000000000000036,0.422,0.462
5646,1646,500,CC,LITETime,0.04600000000000004,0.334,0.288
5647,1647,500,CC,LITETime,0.15000000000000002,0.646,0.796
5648,1648,500,CC,LITETime,0.246,0.66,0.906
5649,1649,500,CC,LITETime,0.18200000000000005,0.62,0.802
5650,1650,500,CC,LITETime,0.025999999999999968,0.292,0.266
5651,1651,500,CC,LITETime,0.03999999999999998,0.314,0.274
5652,1652,500,CC,LITETime,0.008000000000000007,0.262,0.254
5653,1653,500,CC,LITETime,0.06,0.194,0.134
5654,1654,500,CC,LITETime,0.21599999999999997,0.726,0.942
5655,1655,500,CC,LITETime,0.028000000000000025,0.374,0.402
5656,1656,500,CC,LITETime,0.04600000000000001,0.27,0.224
5657,1657,500,CC,LITETime,0.17999999999999994,0.666,0.846
5658,1658,500,CC,LITETime,0.026000000000000023,0.372,0.398
5659,1659,500,CC,LITETime,0.094,0.128,0.034
5660,1660,500,CC,LITETime,0.07799999999999999,0.238,0.16
5661,1661,500,CC,LITETime,0.10799999999999998,0.53,0.638
5662,1662,500,CC,LITETime,0.16600000000000004,0.616,0.782
5663,1663,500,CC,LITETime,0.036000000000000004,0.246,0.21
5664,1664,500,CC,LITETime,0.18200000000000005,0.734,0.916
5665,1665,500,CC,LITETime,0.16200000000000003,0.688,0.85
5666,1666,500,CC,LITETime,0.20599999999999996,0.642,0.848
5667,1667,500,CC,LITETime,0.048000000000000015,0.274,0.226
5668,1668,500,CC,LITETime,0.106,0.156,0.05
5669,1669,500,CC,LITETime,0.16800000000000004,0.698,0.866
5670,1670,500,CC,LITETime,0.01200000000000001,0.316,0.304
5671,1671,500,CC,LITETime,0.09799999999999998,0.52,0.618
5672,1672,500,CC,LITETime,0.124,0.634,0.758
5673,1673,500,CC,LITETime,0.05399999999999999,0.182,0.128
5674,1674,500,CC,LITETime,0.16200000000000003,0.618,0.78
5675,1675,500,CC,LITETime,0.20599999999999996,0.732,0.938
5676,1676,500,CC,LITETime,0.17399999999999993,0.554,0.728
5677,1677,500,CC,LITETime,0.016000000000000014,0.424,0.44
5678,1678,500,CC,LITETime,0.17000000000000004,0.706,0.876
5679,1679,500,CC,LITETime,0.064,0.462,0.526
5680,1680,500,CC,LITETime,0.14,0.604,0.744
5681,1681,500,CC,LITETime,0.16599999999999993,0.654,0.82
5682,1682,500,CC,LITETime,0.132,0.616,0.748
5683,1683,500,CC,LITETime,0.00599999999999995,0.28,0.286
5684,1684,500,CC,LITETime,0.078,0.194,0.116
5685,1685,500,CC,LITETime,0.03400000000000003,0.272,0.238
5686,1686,500,CC,LITETime,0.07400000000000001,0.428,0.502
5687,1687,500,CC,LITETime,0.030000000000000027,0.474,0.504
5688,1688,500,CC,LITETime,0.10199999999999998,0.48,0.582
5689,1689,500,CC,LITETime,0.0040000000000000036,0.398,0.394
5690,1690,500,CC,LITETime,0.16400000000000003,0.622,0.786
5691,1691,500,CC,LITETime,0.2220000000000001,0.69,0.912
5692,1692,500,CC,LITETime,0.03400000000000003,0.28,0.246
5693,1693,500,CC,LITETime,0.16200000000000003,0.574,0.736
5694,1694,500,CC,LITETime,0.122,0.554,0.676
5695,1695,500,CC,LITETime,0.050000000000000044,0.472,0.522
5696,1696,500,CC,LITETime,0.055999999999999994,0.244,0.188
5697,1697,500,CC,LITETime,0.15000000000000002,0.644,0.794
5698,1698,500,CC,LITETime,0.20799999999999996,0.752,0.96
5699,1699,500,CC,LITETime,0.11199999999999999,0.608,0.72
5700,1700,500,CC,LITETime,0.22999999999999998,0.686,0.916
5701,1701,500,CC,LITETime,0.21999999999999997,0.764,0.984
5702,1702,500,CC,LITETime,0.01599999999999996,0.336,0.352
5703,1703,500,CC,LITETime,0.08199999999999996,0.556,0.638
5704,1704,500,CC,LITETime,0.033999999999999975,0.438,0.472
5705,1705,500,CC,LITETime,0.256,0.73,0.986
5706,1706,500,CC,LITETime,0.10600000000000001,0.198,0.092
5707,1707,500,CC,LITETime,0.01599999999999996,0.396,0.412
5708,1708,500,CC,LITETime,0.18799999999999994,0.686,0.874
5709,1709,500,CC,LITETime,0.03200000000000003,0.316,0.284
5710,1710,500,CC,LITETime,0.20000000000000007,0.586,0.786
5711,1711,500,CC,LITETime,0.008000000000000007,0.39,0.382
5712,1712,500,CC,LITETime,0.22599999999999998,0.752,0.978
5713,1713,500,CC,LITETime,0.20599999999999996,0.676,0.882
5714,1714,500,CC,LITETime,0.0040000000000000036,0.296,0.3
5715,1715,500,CC,LITETime,0.17800000000000005,0.592,0.77
5716,1716,500,CC,LITETime,0.025999999999999968,0.362,0.336
5717,1717,500,CC,LITETime,0.08999999999999997,0.516,0.606
5718,1718,500,CC,LITETime,0.138,0.52,0.658
5719,1719,500,CC,LITETime,0.16599999999999993,0.662,0.828
5720,1720,500,CC,LITETime,0.124,0.148,0.024
5721,1721,500,CC,LITETime,0.05400000000000002,0.274,0.22
5722,1722,500,CC,LITETime,0.13,0.58,0.71
5723,1723,500,CC,LITETime,0.07200000000000006,0.49,0.562
5724,1724,500,CC,LITETime,0.033999999999999975,0.46,0.494
5725,1725,500,CC,LITETime,0.14800000000000002,0.202,0.054
5726,1726,500,CC,LITETime,0.008000000000000007,0.356,0.348
5727,1727,500,CC,LITETime,0.22999999999999998,0.634,0.864
5728,1728,500,CC,LITETime,0.11399999999999999,0.144,0.03
5729,1729,500,CC,LITETime,0.0040000000000000036,0.392,0.396
5730,1730,500,CC,LITETime,0.2759999999999999,0.668,0.944
5731,1731,500,CC,LITETime,0.12199999999999998,0.172,0.05
5732,1732,500,CC,LITETime,0.14600000000000002,0.602,0.748
5733,1733,500,CC,LITETime,0.02799999999999997,0.284,0.256
5734,1734,500,CC,LITETime,0.21399999999999997,0.652,0.866
5735,1735,500,CC,LITETime,0.10999999999999999,0.636,0.746
5736,1736,500,CC,LITETime,0.18200000000000005,0.702,0.884
5737,1737,500,CC,LITETime,0.025999999999999995,0.24,0.214
5738,1738,500,CC,LITETime,0.09400000000000003,0.436,0.53
5739,1739,500,CC,LITETime,0.19400000000000006,0.584,0.778
5740,1740,500,CC,LITETime,0.026000000000000023,0.27,0.244
5741,1741,500,CC,LITETime,0.038000000000000006,0.268,0.23
5742,1742,500,CC,LITETime,0.132,0.158,0.026
5743,1743,500,CC,LITETime,0.22999999999999998,0.728,0.958
5744,1744,500,CC,LITETime,0.118,0.592,0.71
5745,1745,500,CC,LITETime,0.08399999999999996,0.55,0.634
5746,1746,500,CC,LITETime,0.15200000000000002,0.59,0.742
5747,1747,500,CC,LITETime,0.040000000000000036,0.49,0.53
5748,1748,500,CC,LITETime,0.07799999999999996,0.398,0.476
5749,1749,500,CC,LITETime,0.04799999999999999,0.4,0.448
5750,1750,500,CC,LITETime,0.09799999999999998,0.542,0.64
5751,1751,500,CC,LITETime,0.066,0.266,0.2
5752,1752,500,CC,LITETime,0.21399999999999997,0.674,0.888
5753,1753,500,CC,LITETime,0.18400000000000005,0.626,0.81
5754,1754,500,CC,LITETime,0.0040000000000000036,0.344,0.348
5755,1755,500,CC,LITETime,0.09999999999999998,0.478,0.578
5756,1756,500,CC,LITETime,0.06999999999999998,0.21,0.14
5757,1757,500,CC,LITETime,0.21199999999999997,0.76,0.972
5758,1758,500,CC,LITETime,0.20800000000000007,0.694,0.902
5759,1759,500,CC,LITETime,0.2280000000000001,0.692,0.92
5760,1760,500,CC,LITETime,0.01599999999999996,0.348,0.332
5761,1761,500,CC,LITETime,0.04999999999999999,0.218,0.168
5762,1762,500,CC,LITETime,0.04600000000000001,0.256,0.21
5763,1763,500,CC,LITETime,0.088,0.178,0.09
5764,1764,500,CC,LITETime,0.07200000000000001,0.192,0.12
5765,1765,500,CC,LITETime,0.11599999999999999,0.186,0.07
5766,1766,500,CC,LITETime,0.20799999999999996,0.78,0.988
5767,1767,500,CC,LITETime,0.09600000000000002,0.17,0.074
5768,1768,500,CC,LITETime,0.05399999999999999,0.186,0.132
5769,1769,500,CC,LITETime,0.19599999999999995,0.63,0.826
5770,1770,500,CC,LITETime,0.10599999999999998,0.474,0.58
5771,1771,500,CC,LITETime,0.17200000000000004,0.602,0.774
5772,1772,500,CC,LITETime,0.08799999999999997,0.542,0.63
5773,1773,500,CC,LITETime,0.20399999999999996,0.678,0.882
5774,1774,500,CC,LITETime,0.10999999999999999,0.528,0.638
5775,1775,500,CC,LITETime,0.08400000000000002,0.438,0.522
5776,1776,500,CC,LITETime,0.14600000000000002,0.566,0.712
5777,1777,500,CC,LITETime,0.026000000000000023,0.42,0.446
5778,1778,500,CC,LITETime,0.026000000000000023,0.372,0.346
5779,1779,500,CC,LITETime,0.03200000000000003,0.434,0.466
5780,1780,500,CC,LITETime,0.06999999999999998,0.238,0.168
5781,1781,500,CC,LITETime,0.20400000000000007,0.592,0.796
5782,1782,500,CC,LITETime,0.008000000000000007,0.268,0.26
5783,1783,500,CC,LITETime,0.048000000000000015,0.2,0.152
5784,1784,500,CC,LITETime,0.043999999999999984,0.29,0.246
5785,1785,500,CC,LITETime,0.17599999999999993,0.666,0.842
5786,1786,500,CC,LITETime,0.026000000000000023,0.304,0.33
5787,1787,500,CC,LITETime,0.126,0.56,0.686
5788,1788,500,CC,LITETime,0.17399999999999993,0.682,0.856
5789,1789,500,CC,LITETime,0.12200000000000001,0.198,0.076
5790,1790,500,CC,LITETime,0.15800000000000003,0.606,0.764
5791,1791,500,CC,LITETime,0.020000000000000018,0.286,0.306
5792,1792,500,CC,LITETime,0.03,0.246,0.216
5793,1793,500,CC,LITETime,0.1399999999999999,0.548,0.688
5794,1794,500,CC,LITETime,0.22399999999999998,0.684,0.908
5795,1795,500,CC,LITETime,0.01200000000000001,0.306,0.294
5796,1796,500,CC,LITETime,0.09599999999999997,0.472,0.568
5797,1797,500,CC,LITETime,0.03200000000000003,0.32,0.288
5798,1798,500,CC,LITETime,0.07800000000000007,0.476,0.554
5799,1799,500,CC,LITETime,0.11399999999999999,0.506,0.62
5800,1800,500,CC,LITETime,0.138,0.472,0.61
5801,1801,500,CC,LITETime,0.09599999999999997,0.526,0.622
5802,1802,500,CC,LITETime,0.06999999999999998,0.204,0.134
5803,1803,500,CC,LITETime,0.15399999999999991,0.538,0.692
5804,1804,500,CC,LITETime,0.11199999999999999,0.562,0.674
5805,1805,500,CC,LITETime,0.12,0.562,0.682
5806,1806,500,CC,LITETime,0.09999999999999999,0.174,0.074
5807,1807,500,CC,LITETime,0.028000000000000025,0.418,0.446
5808,1808,500,CC,LITETime,0.03199999999999997,0.376,0.408
5809,1809,500,CC,LITETime,0.08400000000000002,0.17,0.086
5810,1810,500,CC,LITETime,0.05200000000000002,0.274,0.222
5811,1811,500,CC,LITETime,0.068,0.372,0.44
5812,1812,500,CC,LITETime,0.13,0.612,0.742
5813,1813,500,CC,LITETime,0.040000000000000036,0.276,0.236
5814,1814,500,CC,LITETime,0.17999999999999994,0.648,0.828
5815,1815,500,CC,LITETime,0.09200000000000003,0.452,0.544
5816,1816,500,CC,LITETime,0.16000000000000003,0.6,0.76
5817,1817,500,CC,LITETime,0.04999999999999999,0.422,0.472
5818,1818,500,CC,LITETime,0.057999999999999996,0.44,0.498
5819,1819,500,CC,LITETime,0.10999999999999999,0.508,0.618
5820,1820,500,CC,LITETime,0.2340000000000001,0.692,0.926
5821,1821,500,CC,LITETime,0.04199999999999998,0.448,0.49
5822,1822,500,CC,LITETime,0.064,0.464,0.528
5823,1823,500,CC,LITETime,0.13799999999999996,0.462,0.6
5824,1824,500,CC,LITETime,0.11599999999999999,0.62,0.736
5825,1825,500,CC,LITETime,0.09,0.16,0.07
5826,1826,500,CC,LITETime,0.026000000000000023,0.488,0.514
5827,1827,500,CC,LITETime,0.021999999999999964,0.458,0.48
5828,1828,500,CC,LITETime,0.20800000000000007,0.712,0.92
5829,1829,500,CC,LITETime,0.066,0.426,0.492
5830,1830,500,CC,LITETime,0.10000000000000003,0.368,0.468
5831,1831,500,CC,LITETime,0.23199999999999998,0.73,0.962
5832,1832,500,CC,LITETime,0.010000000000000009,0.44,0.45
5833,1833,500,CC,LITETime,0.08400000000000002,0.264,0.18
5834,1834,500,CC,LITETime,0.034,0.25,0.216
5835,1835,500,CC,LITETime,0.098,0.192,0.094
5836,1836,500,CC,LITETime,0.12,0.12,0.0
5837,1837,500,CC,LITETime,0.02200000000000002,0.408,0.43
5838,1838,500,CC,LITETime,0.15400000000000003,0.614,0.768
5839,1839,500,CC,LITETime,0.16200000000000003,0.57,0.732
5840,1840,500,CC,LITETime,0.126,0.158,0.032
5841,1841,500,CC,LITETime,0.10799999999999993,0.46,0.568
5842,1842,500,CC,LITETime,0.04999999999999999,0.204,0.154
5843,1843,500,CC,LITETime,0.20199999999999996,0.738,0.94
5844,1844,500,CC,LITETime,0.06999999999999998,0.236,0.166
5845,1845,500,CC,LITETime,0.07599999999999996,0.55,0.626
5846,1846,500,CC,LITETime,0.03600000000000003,0.29,0.326
5847,1847,500,CC,LITETime,0.10799999999999998,0.532,0.64
5848,1848,500,CC,LITETime,0.02799999999999997,0.384,0.412
5849,1849,500,CC,LITETime,0.19000000000000006,0.568,0.758
5850,1850,500,CC,LITETime,0.06599999999999998,0.296,0.23
5851,1851,500,CC,LITETime,0.21999999999999997,0.684,0.904
5852,1852,500,CC,LITETime,0.06,0.44,0.5
5853,1853,500,CC,LITETime,0.134,0.622,0.756
5854,1854,500,CC,LITETime,0.19799999999999995,0.65,0.848
5855,1855,500,CC,LITETime,0.264,0.734,0.998
5856,1856,500,CC,LITETime,0.038000000000000006,0.26,0.222
5857,1857,500,CC,LITETime,0.03400000000000003,0.32,0.286
5858,1858,500,CC,LITETime,0.026000000000000023,0.276,0.25
5859,1859,500,CC,LITETime,0.018000000000000016,0.28,0.262
5860,1860,500,CC,LITETime,0.08799999999999997,0.494,0.582
5861,1861,500,CC,LITETime,0.246,0.746,0.992
5862,1862,500,CC,LITETime,0.24,0.75,0.99
5863,1863,500,CC,LITETime,0.068,0.458,0.526
5864,1864,500,CC,LITETime,0.128,0.51,0.638
5865,1865,500,CC,LITETime,0.20199999999999996,0.656,0.858
5866,1866,500,CC,LITETime,0.256,0.676,0.932
5867,1867,500,CC,LITETime,0.068,0.27,0.202
5868,1868,500,CC,LITETime,0.07400000000000001,0.454,0.528
5869,1869,500,CC,LITETime,0.18599999999999994,0.646,0.832
5870,1870,500,CC,LITETime,0.030000000000000027,0.332,0.302
5871,1871,500,CC,LITETime,0.057999999999999996,0.38,0.438
5872,1872,500,CC,LITETime,0.23199999999999998,0.752,0.984
5873,1873,500,CC,LITETime,0.248,0.736,0.984
5874,1874,500,CC,LITETime,0.21200000000000008,0.694,0.906
5875,1875,500,CC,LITETime,0.14800000000000002,0.65,0.798
5876,1876,500,CC,LITETime,0.06,0.328,0.268
5877,1877,500,CC,LITETime,0.006000000000000005,0.326,0.32
5878,1878,500,CC,LITETime,0.10000000000000003,0.446,0.546
5879,1879,500,CC,LITETime,0.11000000000000004,0.45,0.56
5880,1880,500,CC,LITETime,0.035999999999999976,0.468,0.504
5881,1881,500,CC,LITETime,0.10199999999999998,0.534,0.636
5882,1882,500,CC,LITETime,0.013999999999999957,0.394,0.408
5883,1883,500,CC,LITETime,0.14,0.608,0.748
5884,1884,500,CC,LITETime,0.020000000000000018,0.312,0.332
5885,1885,500,CC,LITETime,0.021999999999999964,0.352,0.33
5886,1886,500,CC,LITETime,0.045999999999999985,0.172,0.126
5887,1887,500,CC,LITETime,0.04200000000000001,0.23,0.188
5888,1888,500,CC,LITETime,0.20199999999999996,0.648,0.85
5889,1889,500,CC,LITETime,0.028000000000000025,0.418,0.446
5890,1890,500,CC,LITETime,0.05200000000000002,0.278,0.226
5891,1891,500,CC,LITETime,0.17200000000000004,0.586,0.758
5892,1892,500,CC,LITETime,0.08200000000000007,0.47,0.552
5893,1893,500,CC,LITETime,0.138,0.158,0.02
5894,1894,500,CC,LITETime,0.02200000000000002,0.338,0.316
5895,1895,500,CC,LITETime,0.08000000000000002,0.256,0.176
5896,1896,500,CC,LITETime,0.138,0.516,0.654
5897,1897,500,CC,LITETime,0.045999999999999985,0.32,0.274
5898,1898,500,CC,LITETime,0.126,0.19,0.064
5899,1899,500,CC,LITETime,0.10200000000000001,0.156,0.054
5900,1900,500,CC,LITETime,0.11199999999999993,0.468,0.58
5901,1901,500,CC,LITETime,0.12199999999999998,0.142,0.02
5902,1902,500,CC,LITETime,0.16599999999999993,0.682,0.848
5903,1903,500,CC,LITETime,0.066,0.22,0.154
5904,1904,500,CC,LITETime,0.10199999999999998,0.504,0.606
5905,1905,500,CC,LITETime,0.062,0.382,0.444
5906,1906,500,CC,LITETime,0.030000000000000027,0.412,0.442
5907,1907,500,CC,LITETime,0.094,0.164,0.07
5908,1908,500,CC,LITETime,0.15800000000000003,0.644,0.802
5909,1909,500,CC,LITETime,0.16200000000000003,0.73,0.892
5910,1910,500,CC,LITETime,0.116,0.126,0.01
5911,1911,500,CC,LITETime,0.048000000000000015,0.226,0.178
5912,1912,500,CC,LITETime,0.22799999999999998,0.674,0.902
5913,1913,500,CC,LITETime,0.05800000000000005,0.49,0.548
5914,1914,500,CC,LITETime,0.086,0.236,0.15
5915,1915,500,CC,LITETime,0.064,0.266,0.202
5916,1916,500,CC,LITETime,0.11599999999999999,0.542,0.658
5917,1917,500,CC,LITETime,0.14400000000000002,0.58,0.724
5918,1918,500,CC,LITETime,0.04999999999999993,0.548,0.598
5919,1919,500,CC,LITETime,0.21999999999999997,0.732,0.952
5920,1920,500,CC,LITETime,0.05199999999999999,0.442,0.494
5921,1921,500,CC,LITETime,0.010000000000000009,0.31,0.3
5922,1922,500,CC,LITETime,0.02999999999999997,0.446,0.476
5923,1923,500,CC,LITETime,0.0040000000000000036,0.362,0.358
5924,1924,500,CC,LITETime,0.034,0.258,0.224
5925,1925,500,CC,LITETime,0.11800000000000001,0.162,0.044
5926,1926,500,CC,LITETime,0.0020000000000000018,0.354,0.352
5927,1927,500,CC,LITETime,0.132,0.578,0.71
5928,1928,500,CC,LITETime,0.108,0.126,0.018
5929,1929,500,CC,LITETime,0.03999999999999998,0.398,0.438
5930,1930,500,CC,LITETime,0.09999999999999998,0.544,0.644
5931,1931,500,CC,LITETime,0.126,0.484,0.61
5932,1932,500,CC,LITETime,0.16600000000000004,0.61,0.776
5933,1933,500,CC,LITETime,0.19000000000000006,0.62,0.81
5934,1934,500,CC,LITETime,0.14,0.57,0.71
5935,1935,500,CC,LITETime,0.10000000000000002,0.202,0.102
5936,1936,500,CC,LITETime,0.06799999999999995,0.406,0.474
5937,1937,500,CC,LITETime,0.10999999999999999,0.492,0.602
5938,1938,500,CC,LITETime,0.020000000000000018,0.264,0.244
5939,1939,500,CC,LITETime,0.11199999999999999,0.154,0.042
5940,1940,500,CC,LITETime,0.04200000000000001,0.264,0.222
5941,1941,500,CC,LITETime,0.026000000000000023,0.428,0.454
5942,1942,500,CC,LITETime,0.02999999999999997,0.382,0.412
5943,1943,500,CC,LITETime,0.04200000000000001,0.218,0.176
5944,1944,500,CC,LITETime,0.18999999999999995,0.634,0.824
5945,1945,500,CC,LITETime,0.21800000000000008,0.706,0.924
5946,1946,500,CC,LITETime,0.04199999999999998,0.242,0.2
5947,1947,500,CC,LITETime,0.18600000000000005,0.742,0.928
5948,1948,500,CC,LITETime,0.13,0.146,0.016
5949,1949,500,CC,LITETime,0.22000000000000008,0.704,0.924
5950,1950,500,CC,LITETime,0.2739999999999999,0.676,0.95
5951,1951,500,CC,LITETime,0.12200000000000001,0.134,0.012
5952,1952,500,CC,LITETime,0.11599999999999999,0.646,0.762
5953,1953,500,CC,LITETime,0.262,0.708,0.97
5954,1954,500,CC,LITETime,0.22799999999999998,0.676,0.904
5955,1955,500,CC,LITETime,0.21399999999999997,0.756,0.97
5956,1956,500,CC,LITETime,0.06000000000000005,0.49,0.55
5957,1957,500,CC,LITETime,0.09599999999999999,0.174,0.078
5958,1958,500,CC,LITETime,0.18599999999999994,0.662,0.848
5959,1959,500,CC,LITETime,0.10399999999999998,0.508,0.612
5960,1960,500,CC,LITETime,0.10399999999999998,0.51,0.614
5961,1961,500,CC,LITETime,0.023999999999999966,0.392,0.416
5962,1962,500,CC,LITETime,0.11199999999999993,0.458,0.57
5963,1963,500,CC,LITETime,0.066,0.218,0.152
5964,1964,500,CC,LITETime,0.11199999999999999,0.626,0.738
5965,1965,500,CC,LITETime,0.09799999999999999,0.172,0.074
5966,1966,500,CC,LITETime,0.16000000000000003,0.568,0.728
5967,1967,500,CC,LITETime,0.15600000000000003,0.692,0.848
5968,1968,500,CC,LITETime,0.07199999999999995,0.4,0.472
5969,1969,500,CC,LITETime,0.08000000000000002,0.428,0.508
5970,1970,500,CC,LITETime,0.03199999999999997,0.344,0.312
5971,1971,500,CC,LITETime,0.252,0.716,0.968
5972,1972,500,CC,LITETime,0.17199999999999993,0.56,0.732
5973,1973,500,CC,LITETime,0.025999999999999968,0.342,0.368
5974,1974,500,CC,LITETime,0.08400000000000002,0.258,0.174
5975,1975,500,CC,LITETime,0.04400000000000001,0.262,0.218
5976,1976,500,CC,LITETime,0.028000000000000025,0.434,0.462
5977,1977,500,CC,LITETime,0.21399999999999997,0.728,0.942
5978,1978,500,CC,LITETime,0.138,0.596,0.734
5979,1979,500,CC,LITETime,0.048000000000000015,0.262,0.214
5980,1980,500,CC,LITETime,0.20399999999999996,0.654,0.858
5981,1981,500,CC,LITETime,0.03799999999999998,0.34,0.378
5982,1982,500,CC,LITETime,0.17199999999999993,0.678,0.85
5983,1983,500,CC,LITETime,0.018000000000000016,0.258,0.24
5984,1984,500,CC,LITETime,0.09999999999999998,0.518,0.618
5985,1985,500,CC,LITETime,0.262,0.664,0.926
5986,1986,500,CC,LITETime,0.043999999999999984,0.3,0.256
5987,1987,500,CC,LITETime,0.11599999999999999,0.576,0.692
5988,1988,500,CC,LITETime,0.242,0.744,0.986
5989,1989,500,CC,LITETime,0.07800000000000001,0.228,0.15
5990,1990,500,CC,LITETime,0.118,0.206,0.088
5991,1991,500,CC,LITETime,0.118,0.556,0.674
5992,1992,500,CC,LITETime,0.019999999999999962,0.358,0.338
5993,1993,500,CC,LITETime,0.08199999999999999,0.152,0.07
5994,1994,500,CC,LITETime,0.04799999999999999,0.426,0.474
5995,1995,500,CC,LITETime,0.16400000000000003,0.588,0.752
5996,1996,500,CC,LITETime,0.02200000000000002,0.306,0.284
5997,1997,500,CC,LITETime,0.014000000000000012,0.32,0.334
5998,1998,500,CC,LITETime,0.18599999999999994,0.658,0.844
5999,1999,500,CC,LITETime,0.10000000000000003,0.42,0.52
