bag_id,bag_size,method,classifier,mae,pred_pos,true_pos
0,100,CC,RF,0.16000000000000003,0.61,0.77
1,100,CC,RF,0.010000000000000009,0.42,0.43
2,100,CC,RF,0.13,0.72,0.85
3,100,CC,RF,0.10999999999999999,0.58,0.69
4,100,CC,RF,0.1,0.19,0.09
5,100,CC,RF,0.19999999999999996,0.77,0.97
6,100,CC,RF,0.17000000000000004,0.59,0.76
7,100,CC,RF,0.10999999999999999,0.67,0.78
8,100,CC,RF,0.04000000000000001,0.16,0.12
9,100,CC,RF,0.020000000000000018,0.43,0.45
10,100,CC,RF,0.06,0.43,0.37
11,100,CC,RF,0.20000000000000007,0.72,0.92
12,100,CC,RF,0.040000000000000036,0.6,0.64
13,100,CC,RF,0.17999999999999994,0.64,0.82
14,100,CC,RF,0.03999999999999998,0.48,0.44
15,100,CC,RF,0.04000000000000001,0.26,0.22
16,100,CC,RF,0.050000000000000044,0.5,0.55
17,100,CC,RF,0.09,0.15,0.06
18,100,CC,RF,0.15999999999999992,0.66,0.82
19,100,CC,RF,0.06999999999999995,0.56,0.63
20,100,CC,RF,0.08999999999999997,0.66,0.75
21,100,CC,RF,0.009999999999999953,0.34,0.35
22,100,CC,RF,0.20999999999999996,0.76,0.97
23,100,CC,RF,0.20999999999999996,0.68,0.89
24,100,CC,RF,0.15000000000000002,0.62,0.77
25,100,CC,RF,0.010000000000000009,0.2,0.19
26,100,CC,RF,0.020000000000000018,0.44,0.46
27,100,CC,RF,0.12,0.16,0.04
28,100,CC,RF,0.08000000000000002,0.23,0.15
29,100,CC,RF,0.14,0.54,0.68
30,100,CC,RF,0.09999999999999998,0.64,0.74
31,100,CC,RF,0.1499999999999999,0.81,0.96
32,100,CC,RF,0.020000000000000018,0.34,0.32
33,100,CC,RF,0.02999999999999997,0.34,0.37
34,100,CC,RF,0.08000000000000002,0.38,0.46
35,100,CC,RF,0.03,0.21,0.18
36,100,CC,RF,0.11000000000000001,0.23,0.12
37,100,CC,RF,0.020000000000000018,0.49,0.47
38,100,CC,RF,0.09,0.31,0.22
39,100,CC,RF,0.08000000000000007,0.58,0.66
40,100,CC,RF,0.0,0.43,0.43
41,100,CC,RF,0.14,0.69,0.83
42,100,CC,RF,0.07999999999999996,0.62,0.7
43,100,CC,RF,0.010000000000000009,0.32,0.31
44,100,CC,RF,0.1499999999999999,0.68,0.83
45,100,CC,RF,0.13,0.67,0.8
46,100,CC,RF,0.02999999999999997,0.41,0.38
47,100,CC,RF,0.03999999999999998,0.32,0.28
48,100,CC,RF,0.1100000000000001,0.57,0.68
49,100,CC,RF,0.04999999999999999,0.18,0.13
50,100,CC,RF,0.01999999999999999,0.21,0.19
51,100,CC,RF,0.13,0.13,0.0
52,100,CC,RF,0.14,0.64,0.78
53,100,CC,RF,0.08000000000000007,0.58,0.66
54,100,CC,RF,0.07999999999999996,0.62,0.7
55,100,CC,RF,0.10999999999999999,0.67,0.78
56,100,CC,RF,0.07,0.38,0.45
57,100,CC,RF,0.10000000000000003,0.46,0.56
58,100,CC,RF,0.07999999999999999,0.21,0.13
59,100,CC,RF,0.039999999999999994,0.15,0.11
60,100,CC,RF,0.050000000000000044,0.61,0.66
61,100,CC,RF,0.030000000000000027,0.5,0.47
62,100,CC,RF,0.06000000000000005,0.5,0.56
63,100,CC,RF,0.19999999999999996,0.56,0.76
64,100,CC,RF,0.06999999999999995,0.56,0.63
65,100,CC,RF,0.11000000000000004,0.44,0.55
66,100,CC,RF,0.08000000000000007,0.47,0.55
67,100,CC,RF,0.030000000000000027,0.33,0.3
68,100,CC,RF,0.13,0.16,0.03
69,100,CC,RF,0.04999999999999999,0.48,0.43
70,100,CC,RF,0.060000000000000026,0.27,0.21
71,100,CC,RF,0.03999999999999998,0.44,0.4
72,100,CC,RF,0.13,0.72,0.85
73,100,CC,RF,0.05999999999999997,0.29,0.23
74,100,CC,RF,0.09000000000000001,0.14,0.05
75,100,CC,RF,0.03999999999999998,0.32,0.28
76,100,CC,RF,0.0,0.29,0.29
77,100,CC,RF,0.08000000000000007,0.58,0.66
78,100,CC,RF,0.06000000000000005,0.49,0.55
79,100,CC,RF,0.08000000000000007,0.7,0.78
80,100,CC,RF,0.08000000000000007,0.58,0.66
81,100,CC,RF,0.009999999999999953,0.41,0.4
82,100,CC,RF,0.1200000000000001,0.69,0.81
83,100,CC,RF,0.06,0.22,0.16
84,100,CC,RF,0.12000000000000001,0.14,0.02
85,100,CC,RF,0.1,0.19,0.09
86,100,CC,RF,0.07999999999999996,0.64,0.72
87,100,CC,RF,0.030000000000000027,0.43,0.46
88,100,CC,RF,0.07,0.23,0.16
89,100,CC,RF,0.08000000000000002,0.42,0.5
90,100,CC,RF,0.08000000000000002,0.23,0.15
91,100,CC,RF,0.12,0.57,0.69
92,100,CC,RF,0.04999999999999999,0.39,0.44
93,100,CC,RF,0.0,0.38,0.38
94,100,CC,RF,0.010000000000000009,0.31,0.3
95,100,CC,RF,0.13,0.5,0.63
96,100,CC,RF,0.010000000000000009,0.35,0.36
97,100,CC,RF,0.06000000000000001,0.14,0.08
98,100,CC,RF,0.09000000000000001,0.2,0.11
99,100,CC,RF,0.1499999999999999,0.81,0.96
100,100,CC,RF,0.19000000000000006,0.71,0.9
101,100,CC,RF,0.07999999999999996,0.61,0.69
102,100,CC,RF,0.04999999999999999,0.31,0.26
103,100,CC,RF,0.13,0.83,0.96
104,100,CC,RF,0.10999999999999999,0.66,0.77
105,100,CC,RF,0.04999999999999993,0.66,0.71
106,100,CC,RF,0.04999999999999999,0.39,0.44
107,100,CC,RF,0.020000000000000018,0.25,0.27
108,100,CC,RF,0.11000000000000001,0.2,0.09
109,100,CC,RF,0.16000000000000003,0.74,0.9
110,100,CC,RF,0.04999999999999999,0.4,0.45
111,100,CC,RF,0.06,0.26,0.2
112,100,CC,RF,0.030000000000000027,0.33,0.3
113,100,CC,RF,0.04999999999999993,0.52,0.57
114,100,CC,RF,0.010000000000000009,0.16,0.17
115,100,CC,RF,0.16999999999999993,0.68,0.85
116,100,CC,RF,0.06999999999999995,0.68,0.75
117,100,CC,RF,0.09999999999999998,0.61,0.71
118,100,CC,RF,0.06,0.37,0.43
119,100,CC,RF,0.05999999999999994,0.56,0.62
120,100,CC,RF,0.05999999999999994,0.52,0.58
121,100,CC,RF,0.07999999999999996,0.56,0.64
122,100,CC,RF,0.13,0.21,0.08
123,100,CC,RF,0.030000000000000027,0.44,0.41
124,100,CC,RF,0.13,0.17,0.04
125,100,CC,RF,0.06,0.43,0.49
126,100,CC,RF,0.03999999999999998,0.36,0.32
127,100,CC,RF,0.16999999999999998,0.31,0.14
128,100,CC,RF,0.09,0.19,0.1
129,100,CC,RF,0.04999999999999993,0.53,0.58
130,100,CC,RF,0.11999999999999997,0.29,0.17
131,100,CC,RF,0.19000000000000006,0.73,0.92
132,100,CC,RF,0.029999999999999916,0.55,0.58
133,100,CC,RF,0.03999999999999998,0.38,0.34
134,100,CC,RF,0.05999999999999994,0.53,0.59
135,100,CC,RF,0.05,0.07,0.02
136,100,CC,RF,0.1399999999999999,0.81,0.95
137,100,CC,RF,0.030000000000000027,0.51,0.48
138,100,CC,RF,0.10999999999999999,0.67,0.78
139,100,CC,RF,0.06000000000000001,0.14,0.08
140,100,CC,RF,0.06,0.42,0.48
141,100,CC,RF,0.04999999999999999,0.44,0.49
142,100,CC,RF,0.15000000000000002,0.78,0.93
143,100,CC,RF,0.05999999999999994,0.51,0.57
144,100,CC,RF,0.02999999999999997,0.44,0.47
145,100,CC,RF,0.02999999999999997,0.29,0.26
146,100,CC,RF,0.04999999999999999,0.38,0.33
147,100,CC,RF,0.020000000000000018,0.5,0.52
148,100,CC,RF,0.020000000000000018,0.45,0.43
149,100,CC,RF,0.12000000000000001,0.14,0.02
150,100,CC,RF,0.09999999999999998,0.72,0.82
151,100,CC,RF,0.16000000000000003,0.73,0.89
152,100,CC,RF,0.03,0.17,0.14
153,100,CC,RF,0.040000000000000036,0.51,0.55
154,100,CC,RF,0.1,0.2,0.1
155,100,CC,RF,0.16000000000000003,0.51,0.67
156,100,CC,RF,0.020000000000000018,0.26,0.28
157,100,CC,RF,0.08000000000000007,0.57,0.65
158,100,CC,RF,0.14,0.58,0.72
159,100,CC,RF,0.14,0.62,0.76
160,100,CC,RF,0.12,0.22,0.1
161,100,CC,RF,0.20000000000000007,0.71,0.91
162,100,CC,RF,0.05999999999999997,0.29,0.23
163,100,CC,RF,0.03,0.06,0.03
164,100,CC,RF,0.12000000000000005,0.43,0.55
165,100,CC,RF,0.02999999999999997,0.34,0.37
166,100,CC,RF,0.19999999999999996,0.62,0.82
167,100,CC,RF,0.14,0.66,0.8
168,100,CC,RF,0.06,0.37,0.31
169,100,CC,RF,0.15999999999999992,0.79,0.95
170,100,CC,RF,0.010000000000000009,0.3,0.29
171,100,CC,RF,0.020000000000000018,0.49,0.51
172,100,CC,RF,0.04999999999999999,0.3,0.25
173,100,CC,RF,0.18000000000000005,0.75,0.93
174,100,CC,RF,0.09,0.25,0.16
175,100,CC,RF,0.16999999999999998,0.21,0.04
176,100,CC,RF,0.020000000000000018,0.45,0.43
177,100,CC,RF,0.20999999999999996,0.78,0.99
178,100,CC,RF,0.17000000000000004,0.72,0.89
179,100,CC,RF,0.08999999999999997,0.65,0.74
180,100,CC,RF,0.17000000000000004,0.72,0.89
181,100,CC,RF,0.14,0.75,0.89
182,100,CC,RF,0.04999999999999999,0.46,0.51
183,100,CC,RF,0.06,0.37,0.31
184,100,CC,RF,0.13,0.64,0.77
185,100,CC,RF,0.15000000000000002,0.51,0.66
186,100,CC,RF,0.0,0.37,0.37
187,100,CC,RF,0.08000000000000002,0.17,0.09
188,100,CC,RF,0.15000000000000002,0.59,0.74
189,100,CC,RF,0.04000000000000001,0.22,0.26
190,100,CC,RF,0.15000000000000002,0.78,0.93
191,100,CC,RF,0.0,0.24,0.24
192,100,CC,RF,0.06,0.18,0.12
193,100,CC,RF,0.15999999999999992,0.67,0.83
194,100,CC,RF,0.07,0.22,0.15
195,100,CC,RF,0.09,0.26,0.17
196,100,CC,RF,0.05999999999999994,0.53,0.59
197,100,CC,RF,0.09999999999999998,0.77,0.87
198,100,CC,RF,0.06,0.25,0.19
199,100,CC,RF,0.030000000000000027,0.34,0.31
200,100,CC,RF,0.08000000000000007,0.69,0.77
201,100,CC,RF,0.16999999999999993,0.8,0.97
202,100,CC,RF,0.03999999999999998,0.46,0.5
203,100,CC,RF,0.09999999999999998,0.24,0.14
204,100,CC,RF,0.11,0.12,0.01
205,100,CC,RF,0.03,0.25,0.22
206,100,CC,RF,0.04999999999999999,0.18,0.13
207,100,CC,RF,0.08000000000000007,0.59,0.67
208,100,CC,RF,0.09,0.21,0.12
209,100,CC,RF,0.03999999999999998,0.46,0.5
210,100,CC,RF,0.1399999999999999,0.55,0.69
211,100,CC,RF,0.04999999999999993,0.53,0.58
212,100,CC,RF,0.09999999999999998,0.29,0.19
213,100,CC,RF,0.12,0.68,0.8
214,100,CC,RF,0.08999999999999997,0.62,0.71
215,100,CC,RF,0.07999999999999996,0.65,0.73
216,100,CC,RF,0.07999999999999999,0.21,0.13
217,100,CC,RF,0.11000000000000001,0.23,0.12
218,100,CC,RF,0.17000000000000004,0.75,0.92
219,100,CC,RF,0.0,0.39,0.39
220,100,CC,RF,0.019999999999999962,0.28,0.3
221,100,CC,RF,0.04999999999999999,0.43,0.48
222,100,CC,RF,0.10999999999999999,0.55,0.66
223,100,CC,RF,0.12,0.83,0.95
224,100,CC,RF,0.0,0.28,0.28
225,100,CC,RF,0.24,0.68,0.92
226,100,CC,RF,0.11,0.13,0.02
227,100,CC,RF,0.050000000000000044,0.5,0.55
228,100,CC,RF,0.12,0.51,0.63
229,100,CC,RF,0.12,0.22,0.1
230,100,CC,RF,0.06,0.2,0.14
231,100,CC,RF,0.030000000000000027,0.44,0.41
232,100,CC,RF,0.16999999999999993,0.79,0.96
233,100,CC,RF,0.029999999999999916,0.56,0.59
234,100,CC,RF,0.29000000000000004,0.64,0.93
235,100,CC,RF,0.1100000000000001,0.69,0.8
236,100,CC,RF,0.019999999999999962,0.48,0.46
237,100,CC,RF,0.17000000000000004,0.61,0.78
238,100,CC,RF,0.13999999999999999,0.15,0.01
239,100,CC,RF,0.07,0.17,0.1
240,100,CC,RF,0.1399999999999999,0.68,0.82
241,100,CC,RF,0.10000000000000009,0.69,0.79
242,100,CC,RF,0.04000000000000001,0.27,0.23
243,100,CC,RF,0.07,0.46,0.53
244,100,CC,RF,0.039999999999999925,0.56,0.6
245,100,CC,RF,0.17999999999999994,0.68,0.86
246,100,CC,RF,0.07999999999999996,0.52,0.6
247,100,CC,RF,0.020000000000000018,0.43,0.41
248,100,CC,RF,0.0,0.37,0.37
249,100,CC,RF,0.03999999999999998,0.38,0.42
250,100,CC,RF,0.09999999999999998,0.55,0.65
251,100,CC,RF,0.17000000000000004,0.69,0.86
252,100,CC,RF,0.040000000000000036,0.41,0.45
253,100,CC,RF,0.040000000000000036,0.28,0.24
254,100,CC,RF,0.09,0.32,0.23
255,100,CC,RF,0.17000000000000004,0.57,0.74
256,100,CC,RF,0.09000000000000008,0.72,0.81
257,100,CC,RF,0.06,0.16,0.1
258,100,CC,RF,0.11000000000000001,0.17,0.06
259,100,CC,RF,0.10999999999999999,0.48,0.59
260,100,CC,RF,0.07999999999999999,0.22,0.14
261,100,CC,RF,0.13,0.69,0.82
262,100,CC,RF,0.010000000000000009,0.3,0.31
263,100,CC,RF,0.09,0.23,0.14
264,100,CC,RF,0.20000000000000007,0.72,0.92
265,100,CC,RF,0.07999999999999999,0.24,0.16
266,100,CC,RF,0.009999999999999953,0.29,0.28
267,100,CC,RF,0.08000000000000002,0.23,0.15
268,100,CC,RF,0.09999999999999999,0.21,0.11
269,100,CC,RF,0.08,0.1,0.02
270,100,CC,RF,0.09999999999999999,0.15,0.05
271,100,CC,RF,0.03,0.2,0.17
272,100,CC,RF,0.12000000000000001,0.17,0.05
273,100,CC,RF,0.12999999999999995,0.46,0.59
274,100,CC,RF,0.07000000000000006,0.61,0.68
275,100,CC,RF,0.0,0.39,0.39
276,100,CC,RF,0.03999999999999998,0.35,0.31
277,100,CC,RF,0.03999999999999998,0.46,0.5
278,100,CC,RF,0.10999999999999999,0.76,0.87
279,100,CC,RF,0.16999999999999993,0.68,0.85
280,100,CC,RF,0.09,0.13,0.04
281,100,CC,RF,0.09000000000000002,0.27,0.18
282,100,CC,RF,0.04000000000000001,0.27,0.23
283,100,CC,RF,0.09000000000000002,0.33,0.24
284,100,CC,RF,0.05999999999999994,0.51,0.57
285,100,CC,RF,0.009999999999999953,0.4,0.41
286,100,CC,RF,0.1,0.14,0.04
287,100,CC,RF,0.03999999999999998,0.41,0.37
288,100,CC,RF,0.08000000000000002,0.44,0.52
289,100,CC,RF,0.07,0.17,0.1
290,100,CC,RF,0.09999999999999998,0.73,0.83
291,100,CC,RF,0.15000000000000002,0.2,0.05
292,100,CC,RF,0.13,0.79,0.92
293,100,CC,RF,0.06,0.15,0.09
294,100,CC,RF,0.04999999999999993,0.79,0.84
295,100,CC,RF,0.14,0.76,0.9
296,100,CC,RF,0.12,0.85,0.97
297,100,CC,RF,0.18000000000000005,0.62,0.8
298,100,CC,RF,0.13,0.64,0.77
299,100,CC,RF,0.10999999999999999,0.53,0.64
300,100,CC,RF,0.13,0.64,0.77
301,100,CC,RF,0.06,0.19,0.13
302,100,CC,RF,0.050000000000000044,0.48,0.53
303,100,CC,RF,0.010000000000000009,0.5,0.51
304,100,CC,RF,0.14,0.71,0.85
305,100,CC,RF,0.009999999999999953,0.47,0.46
306,100,CC,RF,0.010000000000000009,0.37,0.38
307,100,CC,RF,0.07999999999999996,0.55,0.63
308,100,CC,RF,0.08000000000000002,0.34,0.26
309,100,CC,RF,0.03,0.16,0.13
310,100,CC,RF,0.03999999999999998,0.43,0.47
311,100,CC,RF,0.030000000000000027,0.44,0.41
312,100,CC,RF,0.03,0.26,0.23
313,100,CC,RF,0.020000000000000018,0.38,0.36
314,100,CC,RF,0.0,0.36,0.36
315,100,CC,RF,0.010000000000000009,0.31,0.32
316,100,CC,RF,0.03999999999999998,0.41,0.37
317,100,CC,RF,0.12,0.56,0.68
318,100,CC,RF,0.030000000000000027,0.32,0.29
319,100,CC,RF,0.17999999999999994,0.76,0.94
320,100,CC,RF,0.17000000000000004,0.74,0.91
321,100,CC,RF,0.030000000000000027,0.51,0.48
322,100,CC,RF,0.020000000000000018,0.34,0.32
323,100,CC,RF,0.08000000000000002,0.45,0.53
324,100,CC,RF,0.12,0.72,0.84
325,100,CC,RF,0.06000000000000005,0.59,0.65
326,100,CC,RF,0.10000000000000009,0.7,0.8
327,100,CC,RF,0.06000000000000005,0.47,0.53
328,100,CC,RF,0.030000000000000027,0.6,0.63
329,100,CC,RF,0.02999999999999997,0.31,0.28
330,100,CC,RF,0.12,0.61,0.73
331,100,CC,RF,0.07,0.27,0.2
332,100,CC,RF,0.12,0.57,0.69
333,100,CC,RF,0.12,0.74,0.86
334,100,CC,RF,0.04000000000000001,0.17,0.13
335,100,CC,RF,0.10999999999999999,0.5,0.61
336,100,CC,RF,0.16,0.25,0.09
337,100,CC,RF,0.13,0.59,0.72
338,100,CC,RF,0.05,0.13,0.08
339,100,CC,RF,0.2300000000000001,0.7,0.93
340,100,CC,RF,0.12,0.25,0.13
341,100,CC,RF,0.22999999999999998,0.72,0.95
342,100,CC,RF,0.14,0.66,0.8
343,100,CC,RF,0.020000000000000018,0.57,0.59
344,100,CC,RF,0.16000000000000003,0.62,0.78
345,100,CC,RF,0.09000000000000008,0.7,0.79
346,100,CC,RF,0.24,0.7,0.94
347,100,CC,RF,0.030000000000000027,0.28,0.25
348,100,CC,RF,0.13999999999999996,0.45,0.59
349,100,CC,RF,0.11000000000000001,0.2,0.09
350,100,CC,RF,0.020000000000000018,0.59,0.61
351,100,CC,RF,0.12999999999999998,0.3,0.17
352,100,CC,RF,0.040000000000000036,0.52,0.56
353,100,CC,RF,0.10999999999999993,0.46,0.57
354,100,CC,RF,0.040000000000000036,0.42,0.46
355,100,CC,RF,0.030000000000000027,0.49,0.52
356,100,CC,RF,0.16000000000000003,0.6,0.76
357,100,CC,RF,0.030000000000000027,0.76,0.79
358,100,CC,RF,0.06,0.43,0.49
359,100,CC,RF,0.06999999999999995,0.52,0.59
360,100,CC,RF,0.15000000000000002,0.78,0.93
361,100,CC,RF,0.030000000000000013,0.14,0.11
362,100,CC,RF,0.06999999999999999,0.18,0.11
363,100,CC,RF,0.11,0.19,0.08
364,100,CC,RF,0.12,0.53,0.65
365,100,CC,RF,0.019999999999999962,0.39,0.41
366,100,CC,RF,0.13,0.64,0.77
367,100,CC,RF,0.06000000000000005,0.61,0.67
368,100,CC,RF,0.020000000000000018,0.31,0.33
369,100,CC,RF,0.19000000000000006,0.7,0.89
370,100,CC,RF,0.12,0.64,0.76
371,100,CC,RF,0.08999999999999997,0.36,0.27
372,100,CC,RF,0.0,0.36,0.36
373,100,CC,RF,0.020000000000000018,0.29,0.31
374,100,CC,RF,0.06,0.21,0.15
375,100,CC,RF,0.09999999999999998,0.24,0.14
376,100,CC,RF,0.26,0.67,0.93
377,100,CC,RF,0.010000000000000009,0.44,0.43
378,100,CC,RF,0.02999999999999997,0.41,0.38
379,100,CC,RF,0.07999999999999996,0.64,0.72
380,100,CC,RF,0.020000000000000018,0.53,0.55
381,100,CC,RF,0.14,0.79,0.93
382,100,CC,RF,0.12,0.66,0.78
383,100,CC,RF,0.009999999999999953,0.46,0.47
384,100,CC,RF,0.03999999999999998,0.41,0.37
385,100,CC,RF,0.16999999999999993,0.81,0.98
386,100,CC,RF,0.07999999999999996,0.63,0.71
387,100,CC,RF,0.25,0.7,0.95
388,100,CC,RF,0.06999999999999999,0.18,0.11
389,100,CC,RF,0.19999999999999996,0.65,0.85
390,100,CC,RF,0.15000000000000002,0.48,0.63
391,100,CC,RF,0.08000000000000002,0.2,0.12
392,100,CC,RF,0.12999999999999995,0.45,0.58
393,100,CC,RF,0.08000000000000007,0.6,0.68
394,100,CC,RF,0.1,0.11,0.01
395,100,CC,RF,0.04999999999999999,0.4,0.45
396,100,CC,RF,0.13,0.69,0.82
397,100,CC,RF,0.009999999999999953,0.28,0.29
398,100,CC,RF,0.010000000000000009,0.44,0.45
399,100,CC,RF,0.09000000000000002,0.35,0.44
400,100,CC,RF,0.020000000000000018,0.32,0.3
401,100,CC,RF,0.20000000000000007,0.71,0.91
402,100,CC,RF,0.10999999999999999,0.67,0.78
403,100,CC,RF,0.09000000000000001,0.2,0.11
404,100,CC,RF,0.26,0.73,0.99
405,100,CC,RF,0.22999999999999998,0.64,0.87
406,100,CC,RF,0.020000000000000018,0.26,0.28
407,100,CC,RF,0.18999999999999995,0.64,0.83
408,100,CC,RF,0.17,0.27,0.1
409,100,CC,RF,0.15000000000000002,0.84,0.99
410,100,CC,RF,0.14,0.52,0.66
411,100,CC,RF,0.030000000000000027,0.68,0.65
412,100,CC,RF,0.19000000000000003,0.28,0.09
413,100,CC,RF,0.19000000000000006,0.7,0.89
414,100,CC,RF,0.12000000000000001,0.14,0.02
415,100,CC,RF,0.09000000000000002,0.33,0.24
416,100,CC,RF,0.03999999999999998,0.18,0.14
417,100,CC,RF,0.18000000000000005,0.59,0.77
418,100,CC,RF,0.04000000000000001,0.23,0.19
419,100,CC,RF,0.12,0.79,0.91
420,100,CC,RF,0.08000000000000007,0.57,0.65
421,100,CC,RF,0.12,0.15,0.03
422,100,CC,RF,0.12,0.12,0.0
423,100,CC,RF,0.06,0.11,0.05
424,100,CC,RF,0.12,0.48,0.6
425,100,CC,RF,0.16000000000000003,0.64,0.8
426,100,CC,RF,0.09,0.32,0.23
427,100,CC,RF,0.08999999999999997,0.75,0.84
428,100,CC,RF,0.06,0.11,0.05
429,100,CC,RF,0.12,0.68,0.8
430,100,CC,RF,0.21000000000000008,0.71,0.92
431,100,CC,RF,0.09999999999999998,0.67,0.77
432,100,CC,RF,0.1399999999999999,0.55,0.69
433,100,CC,RF,0.07999999999999996,0.75,0.83
434,100,CC,RF,0.12,0.16,0.04
435,100,CC,RF,0.009999999999999981,0.21,0.2
436,100,CC,RF,0.06,0.18,0.12
437,100,CC,RF,0.030000000000000027,0.47,0.5
438,100,CC,RF,0.15000000000000002,0.59,0.74
439,100,CC,RF,0.06000000000000005,0.57,0.63
440,100,CC,RF,0.12,0.73,0.85
441,100,CC,RF,0.07,0.22,0.15
442,100,CC,RF,0.10999999999999999,0.62,0.73
443,100,CC,RF,0.0,0.19,0.19
444,100,CC,RF,0.019999999999999962,0.29,0.27
445,100,CC,RF,0.13,0.57,0.7
446,100,CC,RF,0.22999999999999998,0.75,0.98
447,100,CC,RF,0.09999999999999998,0.51,0.61
448,100,CC,RF,0.05,0.1,0.05
449,100,CC,RF,0.010000000000000009,0.6,0.61
450,100,CC,RF,0.13,0.17,0.04
451,100,CC,RF,0.15000000000000002,0.73,0.88
452,100,CC,RF,0.19999999999999996,0.5,0.7
453,100,CC,RF,0.01999999999999999,0.19,0.17
454,100,CC,RF,0.11000000000000001,0.2,0.09
455,100,CC,RF,0.04000000000000001,0.22,0.18
456,100,CC,RF,0.14,0.84,0.98
457,100,CC,RF,0.040000000000000036,0.41,0.45
458,100,CC,RF,0.18000000000000005,0.6,0.78
459,100,CC,RF,0.10999999999999999,0.52,0.63
460,100,CC,RF,0.029999999999999916,0.54,0.57
461,100,CC,RF,0.14,0.28,0.14
462,100,CC,RF,0.21999999999999997,0.72,0.94
463,100,CC,RF,0.030000000000000027,0.33,0.3
464,100,CC,RF,0.12999999999999995,0.44,0.57
465,100,CC,RF,0.009999999999999898,0.68,0.69
466,100,CC,RF,0.040000000000000036,0.6,0.64
467,100,CC,RF,0.17999999999999994,0.76,0.94
468,100,CC,RF,0.03999999999999998,0.18,0.14
469,100,CC,RF,0.0,0.5,0.5
470,100,CC,RF,0.010000000000000009,0.39,0.4
471,100,CC,RF,0.050000000000000044,0.52,0.47
472,100,CC,RF,0.08,0.19,0.11
473,100,CC,RF,0.09,0.22,0.13
474,100,CC,RF,0.02999999999999997,0.3,0.27
475,100,CC,RF,0.020000000000000018,0.32,0.3
476,100,CC,RF,0.020000000000000018,0.44,0.42
477,100,CC,RF,0.13,0.48,0.61
478,100,CC,RF,0.06000000000000005,0.57,0.63
479,100,CC,RF,0.0,0.41,0.41
480,100,CC,RF,0.009999999999999953,0.41,0.4
481,100,CC,RF,0.009999999999999981,0.2,0.21
482,100,CC,RF,0.04999999999999993,0.53,0.58
483,100,CC,RF,0.030000000000000027,0.34,0.31
484,100,CC,RF,0.06,0.09,0.03
485,100,CC,RF,0.030000000000000027,0.44,0.41
486,100,CC,RF,0.020000000000000018,0.49,0.47
487,100,CC,RF,0.13999999999999999,0.36,0.22
488,100,CC,RF,0.05999999999999994,0.51,0.57
489,100,CC,RF,0.050000000000000044,0.51,0.56
490,100,CC,RF,0.1399999999999999,0.56,0.7
491,100,CC,RF,0.09999999999999998,0.54,0.64
492,100,CC,RF,0.050000000000000044,0.6,0.65
493,100,CC,RF,0.020000000000000018,0.33,0.31
494,100,CC,RF,0.08000000000000007,0.7,0.78
495,100,CC,RF,0.050000000000000044,0.49,0.54
496,100,CC,RF,0.020000000000000018,0.45,0.43
497,100,CC,RF,0.13,0.49,0.62
498,100,CC,RF,0.10999999999999999,0.47,0.36
499,100,CC,RF,0.06,0.45,0.51
500,100,CC,RF,0.10999999999999999,0.62,0.73
501,100,CC,RF,0.20999999999999996,0.67,0.88
502,100,CC,RF,0.15000000000000002,0.77,0.92
503,100,CC,RF,0.010000000000000009,0.51,0.5
504,100,CC,RF,0.030000000000000027,0.49,0.52
505,100,CC,RF,0.10999999999999999,0.68,0.79
506,100,CC,RF,0.010000000000000009,0.32,0.31
507,100,CC,RF,0.1499999999999999,0.68,0.83
508,100,CC,RF,0.02999999999999997,0.46,0.49
509,100,CC,RF,0.09000000000000001,0.2,0.11
510,100,CC,RF,0.12,0.19,0.07
511,100,CC,RF,0.08999999999999997,0.75,0.84
512,100,CC,RF,0.14,0.19,0.05
513,100,CC,RF,0.0,0.28,0.28
514,100,CC,RF,0.0,0.33,0.33
515,100,CC,RF,0.06999999999999998,0.24,0.17
516,100,CC,RF,0.03999999999999998,0.35,0.31
517,100,CC,RF,0.07999999999999996,0.66,0.74
518,100,CC,RF,0.11,0.12,0.01
519,100,CC,RF,0.1499999999999999,0.67,0.82
520,100,CC,RF,0.15000000000000002,0.7,0.85
521,100,CC,RF,0.06,0.43,0.37
522,100,CC,RF,0.010000000000000009,0.16,0.15
523,100,CC,RF,0.030000000000000027,0.57,0.6
524,100,CC,RF,0.12000000000000001,0.23,0.11
525,100,CC,RF,0.03999999999999998,0.32,0.36
526,100,CC,RF,0.19999999999999996,0.75,0.95
527,100,CC,RF,0.21999999999999997,0.77,0.99
528,100,CC,RF,0.08999999999999997,0.68,0.77
529,100,CC,RF,0.08000000000000002,0.39,0.31
530,100,CC,RF,0.13,0.55,0.68
531,100,CC,RF,0.10999999999999999,0.59,0.7
532,100,CC,RF,0.0,0.38,0.38
533,100,CC,RF,0.010000000000000009,0.63,0.64
534,100,CC,RF,0.13999999999999999,0.15,0.01
535,100,CC,RF,0.01999999999999999,0.22,0.2
536,100,CC,RF,0.020000000000000018,0.5,0.52
537,100,CC,RF,0.04999999999999999,0.21,0.16
538,100,CC,RF,0.04999999999999999,0.21,0.16
539,100,CC,RF,0.20999999999999996,0.62,0.83
540,100,CC,RF,0.22999999999999998,0.75,0.98
541,100,CC,RF,0.06000000000000005,0.49,0.55
542,100,CC,RF,0.13,0.7,0.83
543,100,CC,RF,0.20999999999999996,0.78,0.99
544,100,CC,RF,0.09999999999999998,0.24,0.14
545,100,CC,RF,0.030000000000000027,0.41,0.44
546,100,CC,RF,0.019999999999999962,0.41,0.39
547,100,CC,RF,0.13,0.21,0.08
548,100,CC,RF,0.12,0.63,0.75
549,100,CC,RF,0.030000000000000027,0.46,0.43
550,100,CC,RF,0.010000000000000009,0.45,0.46
551,100,CC,RF,0.06,0.21,0.15
552,100,CC,RF,0.0,0.18,0.18
553,100,CC,RF,0.20000000000000007,0.7,0.9
554,100,CC,RF,0.09,0.13,0.04
555,100,CC,RF,0.03,0.26,0.23
556,100,CC,RF,0.06,0.35,0.29
557,100,CC,RF,0.15999999999999998,0.33,0.49
558,100,CC,RF,0.12999999999999995,0.45,0.58
559,100,CC,RF,0.03999999999999998,0.45,0.49
560,100,CC,RF,0.08,0.16,0.08
561,100,CC,RF,0.04999999999999999,0.29,0.24
562,100,CC,RF,0.10999999999999999,0.73,0.84
563,100,CC,RF,0.13,0.5,0.63
564,100,CC,RF,0.13,0.51,0.64
565,100,CC,RF,0.050000000000000044,0.62,0.67
566,100,CC,RF,0.10999999999999999,0.65,0.76
567,100,CC,RF,0.12000000000000001,0.17,0.05
568,100,CC,RF,0.0,0.36,0.36
569,100,CC,RF,0.030000000000000027,0.56,0.53
570,100,CC,RF,0.07,0.4,0.33
571,100,CC,RF,0.12,0.72,0.84
572,100,CC,RF,0.10999999999999999,0.37,0.48
573,100,CC,RF,0.08999999999999997,0.67,0.76
574,100,CC,RF,0.15000000000000002,0.7,0.85
575,100,CC,RF,0.08000000000000002,0.42,0.5
576,100,CC,RF,0.18000000000000005,0.72,0.9
577,100,CC,RF,0.010000000000000009,0.57,0.58
578,100,CC,RF,0.16999999999999993,0.68,0.85
579,100,CC,RF,0.040000000000000036,0.3,0.34
580,100,CC,RF,0.09999999999999998,0.39,0.49
581,100,CC,RF,0.010000000000000009,0.54,0.53
582,100,CC,RF,0.07999999999999999,0.18,0.1
583,100,CC,RF,0.06,0.33,0.39
584,100,CC,RF,0.18000000000000005,0.73,0.91
585,100,CC,RF,0.06999999999999995,0.56,0.63
586,100,CC,RF,0.06999999999999998,0.24,0.17
587,100,CC,RF,0.010000000000000009,0.34,0.33
588,100,CC,RF,0.06,0.25,0.19
589,100,CC,RF,0.17,0.19,0.02
590,100,CC,RF,0.19000000000000006,0.73,0.92
591,100,CC,RF,0.02999999999999997,0.47,0.44
592,100,CC,RF,0.06,0.36,0.3
593,100,CC,RF,0.14999999999999997,0.44,0.59
594,100,CC,RF,0.16,0.16,0.0
595,100,CC,RF,0.010000000000000009,0.28,0.27
596,100,CC,RF,0.10999999999999999,0.59,0.7
597,100,CC,RF,0.030000000000000027,0.6,0.63
598,100,CC,RF,0.25,0.73,0.98
599,100,CC,RF,0.08999999999999997,0.53,0.62
600,100,CC,RF,0.009999999999999953,0.46,0.47
601,100,CC,RF,0.050000000000000044,0.71,0.76
602,100,CC,RF,0.21999999999999997,0.68,0.9
603,100,CC,RF,0.09999999999999998,0.62,0.72
604,100,CC,RF,0.14,0.82,0.96
605,100,CC,RF,0.13,0.65,0.78
606,100,CC,RF,0.17000000000000004,0.69,0.86
607,100,CC,RF,0.06000000000000001,0.17,0.11
608,100,CC,RF,0.09999999999999998,0.63,0.73
609,100,CC,RF,0.020000000000000018,0.46,0.44
610,100,CC,RF,0.040000000000000036,0.51,0.55
611,100,CC,RF,0.12,0.53,0.65
612,100,CC,RF,0.25,0.71,0.96
613,100,CC,RF,0.13,0.85,0.98
614,100,CC,RF,0.06,0.34,0.28
615,100,CC,RF,0.08999999999999997,0.64,0.73
616,100,CC,RF,0.09999999999999998,0.64,0.74
617,100,CC,RF,0.019999999999999962,0.36,0.34
618,100,CC,RF,0.06,0.18,0.12
619,100,CC,RF,0.07,0.11,0.04
620,100,CC,RF,0.040000000000000036,0.73,0.77
621,100,CC,RF,0.02999999999999997,0.45,0.48
622,100,CC,RF,0.20999999999999996,0.77,0.98
623,100,CC,RF,0.0,0.46,0.46
624,100,CC,RF,0.20999999999999996,0.76,0.97
625,100,CC,RF,0.03999999999999998,0.37,0.41
626,100,CC,RF,0.10999999999999999,0.68,0.79
627,100,CC,RF,0.13,0.21,0.08
628,100,CC,RF,0.07000000000000006,0.48,0.55
629,100,CC,RF,0.1100000000000001,0.69,0.8
630,100,CC,RF,0.15000000000000002,0.77,0.92
631,100,CC,RF,0.13,0.69,0.82
632,100,CC,RF,0.16,0.19,0.03
633,100,CC,RF,0.04999999999999999,0.32,0.37
634,100,CC,RF,0.07999999999999999,0.12,0.04
635,100,CC,RF,0.07999999999999999,0.18,0.1
636,100,CC,RF,0.050000000000000044,0.62,0.67
637,100,CC,RF,0.13,0.58,0.71
638,100,CC,RF,0.08999999999999997,0.68,0.77
639,100,CC,RF,0.17000000000000004,0.69,0.86
640,100,CC,RF,0.04999999999999993,0.68,0.73
641,100,CC,RF,0.07000000000000006,0.73,0.8
642,100,CC,RF,0.060000000000000005,0.1,0.04
643,100,CC,RF,0.11999999999999997,0.35,0.23
644,100,CC,RF,0.030000000000000027,0.59,0.62
645,100,CC,RF,0.10999999999999999,0.74,0.85
646,100,CC,RF,0.15,0.15,0.0
647,100,CC,RF,0.08000000000000002,0.43,0.51
648,100,CC,RF,0.09000000000000008,0.58,0.67
649,100,CC,RF,0.13,0.15,0.02
650,100,CC,RF,0.050000000000000044,0.35,0.4
651,100,CC,RF,0.22999999999999998,0.66,0.89
652,100,CC,RF,0.13,0.54,0.67
653,100,CC,RF,0.04000000000000001,0.27,0.23
654,100,CC,RF,0.04999999999999993,0.8,0.85
655,100,CC,RF,0.06,0.28,0.34
656,100,CC,RF,0.24,0.61,0.85
657,100,CC,RF,0.009999999999999953,0.28,0.29
658,100,CC,RF,0.04999999999999993,0.54,0.59
659,100,CC,RF,0.04999999999999999,0.34,0.39
660,100,CC,RF,0.0,0.27,0.27
661,100,CC,RF,0.16000000000000003,0.72,0.88
662,100,CC,RF,0.020000000000000018,0.2,0.18
663,100,CC,RF,0.06999999999999999,0.15,0.08
664,100,CC,RF,0.06,0.28,0.34
665,100,CC,RF,0.1499999999999999,0.56,0.71
666,100,CC,RF,0.16000000000000003,0.64,0.8
667,100,CC,RF,0.15000000000000002,0.84,0.99
668,100,CC,RF,0.040000000000000036,0.33,0.29
669,100,CC,RF,0.030000000000000027,0.37,0.4
670,100,CC,RF,0.06,0.19,0.13
671,100,CC,RF,0.06999999999999995,0.5,0.57
672,100,CC,RF,0.18999999999999995,0.8,0.99
673,100,CC,RF,0.04999999999999993,0.65,0.7
674,100,CC,RF,0.05999999999999994,0.53,0.59
675,100,CC,RF,0.04999999999999999,0.44,0.39
676,100,CC,RF,0.22999999999999998,0.68,0.91
677,100,CC,RF,0.03999999999999998,0.45,0.49
678,100,CC,RF,0.04999999999999999,0.18,0.13
679,100,CC,RF,0.010000000000000009,0.35,0.36
680,100,CC,RF,0.13,0.19,0.06
681,100,CC,RF,0.06,0.26,0.2
682,100,CC,RF,0.16999999999999998,0.18,0.01
683,100,CC,RF,0.03999999999999998,0.49,0.45
684,100,CC,RF,0.12,0.51,0.63
685,100,CC,RF,0.019999999999999962,0.36,0.34
686,100,CC,RF,0.06,0.36,0.42
687,100,CC,RF,0.17999999999999994,0.77,0.95
688,100,CC,RF,0.16000000000000003,0.59,0.75
689,100,CC,RF,0.040000000000000036,0.5,0.54
690,100,CC,RF,0.030000000000000027,0.25,0.28
691,100,CC,RF,0.17000000000000004,0.72,0.89
692,100,CC,RF,0.009999999999999981,0.24,0.23
693,100,CC,RF,0.07,0.39,0.32
694,100,CC,RF,0.14,0.76,0.9
695,100,CC,RF,0.08000000000000002,0.44,0.52
696,100,CC,RF,0.10999999999999999,0.63,0.74
697,100,CC,RF,0.029999999999999916,0.56,0.59
698,100,CC,RF,0.10999999999999999,0.54,0.65
699,100,CC,RF,0.010000000000000009,0.3,0.29
700,100,CC,RF,0.04999999999999999,0.29,0.24
701,100,CC,RF,0.010000000000000009,0.31,0.32
702,100,CC,RF,0.08000000000000002,0.23,0.15
703,100,CC,RF,0.16000000000000003,0.71,0.87
704,100,CC,RF,0.02999999999999997,0.31,0.28
705,100,CC,RF,0.06000000000000005,0.5,0.56
706,100,CC,RF,0.06000000000000005,0.73,0.79
707,100,CC,RF,0.08000000000000007,0.7,0.78
708,100,CC,RF,0.010000000000000009,0.42,0.43
709,100,CC,RF,0.04999999999999999,0.42,0.47
710,100,CC,RF,0.17999999999999994,0.81,0.99
711,100,CC,RF,0.10000000000000009,0.57,0.67
712,100,CC,RF,0.20000000000000007,0.61,0.81
713,100,CC,RF,0.16000000000000003,0.74,0.9
714,100,CC,RF,0.07000000000000006,0.71,0.78
715,100,CC,RF,0.020000000000000018,0.2,0.18
716,100,CC,RF,0.12000000000000005,0.44,0.56
717,100,CC,RF,0.15,0.25,0.1
718,100,CC,RF,0.16000000000000003,0.49,0.65
719,100,CC,RF,0.18999999999999995,0.76,0.95
720,100,CC,RF,0.06,0.45,0.51
721,100,CC,RF,0.010000000000000009,0.44,0.43
722,100,CC,RF,0.1,0.13,0.03
723,100,CC,RF,0.17999999999999994,0.77,0.95
724,100,CC,RF,0.07999999999999999,0.18,0.1
725,100,CC,RF,0.1,0.14,0.04
726,100,CC,RF,0.06,0.3,0.24
727,100,CC,RF,0.04000000000000001,0.1,0.06
728,100,CC,RF,0.13,0.32,0.45
729,100,CC,RF,0.040000000000000036,0.47,0.51
730,100,CC,RF,0.020000000000000018,0.29,0.31
731,100,CC,RF,0.16999999999999998,0.22,0.05
732,100,CC,RF,0.030000000000000013,0.14,0.11
733,100,CC,RF,0.06,0.32,0.38
734,100,CC,RF,0.07,0.13,0.06
735,100,CC,RF,0.09999999999999998,0.59,0.69
736,100,CC,RF,0.04999999999999999,0.25,0.2
737,100,CC,RF,0.020000000000000018,0.32,0.3
738,100,CC,RF,0.0,0.39,0.39
739,100,CC,RF,0.009999999999999953,0.4,0.41
740,100,CC,RF,0.06,0.06,0.0
741,100,CC,RF,0.06000000000000001,0.17,0.11
742,100,CC,RF,0.21999999999999997,0.64,0.86
743,100,CC,RF,0.12,0.12,0.0
744,100,CC,RF,0.04999999999999999,0.45,0.5
745,100,CC,RF,0.07999999999999996,0.4,0.48
746,100,CC,RF,0.030000000000000027,0.3,0.33
747,100,CC,RF,0.010000000000000009,0.42,0.43
748,100,CC,RF,0.08000000000000007,0.7,0.78
749,100,CC,RF,0.13,0.71,0.84
750,100,CC,RF,0.03,0.23,0.26
751,100,CC,RF,0.06,0.38,0.32
752,100,CC,RF,0.030000000000000027,0.27,0.24
753,100,CC,RF,0.06,0.41,0.47
754,100,CC,RF,0.12,0.56,0.68
755,100,CC,RF,0.03,0.25,0.22
756,100,CC,RF,0.020000000000000018,0.31,0.33
757,100,CC,RF,0.21000000000000008,0.72,0.93
758,100,CC,RF,0.15,0.19,0.04
759,100,CC,RF,0.08000000000000002,0.38,0.46
760,100,CC,RF,0.09999999999999998,0.61,0.71
761,100,CC,RF,0.11000000000000001,0.26,0.15
762,100,CC,RF,0.049999999999999996,0.09,0.04
763,100,CC,RF,0.09,0.22,0.13
764,100,CC,RF,0.17000000000000004,0.74,0.91
765,100,CC,RF,0.12,0.12,0.0
766,100,CC,RF,0.07,0.25,0.18
767,100,CC,RF,0.17,0.2,0.03
768,100,CC,RF,0.08,0.19,0.11
769,100,CC,RF,0.12,0.5,0.62
770,100,CC,RF,0.030000000000000027,0.27,0.24
771,100,CC,RF,0.050000000000000044,0.51,0.56
772,100,CC,RF,0.05999999999999994,0.53,0.59
773,100,CC,RF,0.18999999999999995,0.65,0.84
774,100,CC,RF,0.08,0.08,0.0
775,100,CC,RF,0.04999999999999993,0.8,0.85
776,100,CC,RF,0.040000000000000036,0.57,0.61
777,100,CC,RF,0.03,0.19,0.16
778,100,CC,RF,0.14,0.63,0.77
779,100,CC,RF,0.12,0.73,0.85
780,100,CC,RF,0.04999999999999999,0.3,0.25
781,100,CC,RF,0.24,0.67,0.91
782,100,CC,RF,0.010000000000000009,0.44,0.45
783,100,CC,RF,0.07999999999999996,0.52,0.6
784,100,CC,RF,0.18999999999999995,0.79,0.98
785,100,CC,RF,0.010000000000000009,0.37,0.36
786,100,CC,RF,0.1200000000000001,0.69,0.81
787,100,CC,RF,0.03999999999999998,0.27,0.31
788,100,CC,RF,0.17000000000000004,0.62,0.79
789,100,CC,RF,0.10999999999999999,0.49,0.6
790,100,CC,RF,0.020000000000000018,0.23,0.21
791,100,CC,RF,0.0,0.41,0.41
792,100,CC,RF,0.010000000000000009,0.3,0.31
793,100,CC,RF,0.13999999999999999,0.21,0.07
794,100,CC,RF,0.09,0.11,0.02
795,100,CC,RF,0.040000000000000036,0.3,0.34
796,100,CC,RF,0.060000000000000005,0.07,0.01
797,100,CC,RF,0.04000000000000001,0.2,0.16
798,100,CC,RF,0.16999999999999993,0.55,0.72
799,100,CC,RF,0.07999999999999996,0.62,0.7
800,100,CC,RF,0.09999999999999998,0.63,0.73
801,100,CC,RF,0.020000000000000018,0.33,0.31
802,100,CC,RF,0.12,0.77,0.89
803,100,CC,RF,0.039999999999999925,0.55,0.59
804,100,CC,RF,0.11000000000000001,0.23,0.12
805,100,CC,RF,0.01999999999999999,0.16,0.14
806,100,CC,RF,0.09999999999999998,0.59,0.69
807,100,CC,RF,0.09,0.26,0.17
808,100,CC,RF,0.0,0.5,0.5
809,100,CC,RF,0.17999999999999994,0.81,0.99
810,100,CC,RF,0.1,0.1,0.0
811,100,CC,RF,0.049999999999999996,0.06,0.01
812,100,CC,RF,0.17000000000000004,0.82,0.99
813,100,CC,RF,0.07999999999999996,0.5,0.58
814,100,CC,RF,0.03,0.15,0.12
815,100,CC,RF,0.14,0.75,0.89
816,100,CC,RF,0.21999999999999997,0.66,0.88
817,100,CC,RF,0.020000000000000018,0.51,0.53
818,100,CC,RF,0.050000000000000044,0.57,0.62
819,100,CC,RF,0.02999999999999997,0.3,0.27
820,100,CC,RF,0.12000000000000001,0.17,0.05
821,100,CC,RF,0.029999999999999916,0.56,0.59
822,100,CC,RF,0.0,0.29,0.29
823,100,CC,RF,0.14,0.52,0.66
824,100,CC,RF,0.16999999999999993,0.66,0.83
825,100,CC,RF,0.11,0.12,0.01
826,100,CC,RF,0.04999999999999993,0.54,0.59
827,100,CC,RF,0.1,0.33,0.23
828,100,CC,RF,0.18000000000000005,0.69,0.87
829,100,CC,RF,0.04999999999999999,0.3,0.25
830,100,CC,RF,0.08999999999999997,0.52,0.61
831,100,CC,RF,0.050000000000000044,0.5,0.55
832,100,CC,RF,0.07,0.46,0.39
833,100,CC,RF,0.08000000000000007,0.59,0.67
834,100,CC,RF,0.06999999999999995,0.65,0.72
835,100,CC,RF,0.040000000000000036,0.52,0.56
836,100,CC,RF,0.12,0.63,0.75
837,100,CC,RF,0.16999999999999993,0.81,0.98
838,100,CC,RF,0.03999999999999998,0.37,0.41
839,100,CC,RF,0.040000000000000036,0.47,0.51
840,100,CC,RF,0.13,0.14,0.01
841,100,CC,RF,0.10999999999999999,0.68,0.79
842,100,CC,RF,0.10000000000000003,0.42,0.52
843,100,CC,RF,0.03999999999999998,0.44,0.4
844,100,CC,RF,0.09,0.18,0.09
845,100,CC,RF,0.07999999999999996,0.8,0.88
846,100,CC,RF,0.03999999999999998,0.43,0.39
847,100,CC,RF,0.10000000000000009,0.58,0.68
848,100,CC,RF,0.12,0.26,0.14
849,100,CC,RF,0.20999999999999996,0.75,0.96
850,100,CC,RF,0.07999999999999999,0.25,0.17
851,100,CC,RF,0.0,0.19,0.19
852,100,CC,RF,0.13,0.72,0.85
853,100,CC,RF,0.22999999999999998,0.68,0.91
854,100,CC,RF,0.009999999999999981,0.2,0.21
855,100,CC,RF,0.030000000000000027,0.43,0.46
856,100,CC,RF,0.020000000000000018,0.71,0.73
857,100,CC,RF,0.14,0.73,0.87
858,100,CC,RF,0.03999999999999998,0.41,0.37
859,100,CC,RF,0.06,0.45,0.51
860,100,CC,RF,0.14,0.6,0.74
861,100,CC,RF,0.08999999999999997,0.64,0.73
862,100,CC,RF,0.17000000000000004,0.61,0.78
863,100,CC,RF,0.040000000000000036,0.52,0.56
864,100,CC,RF,0.07,0.17,0.1
865,100,CC,RF,0.28,0.62,0.9
866,100,CC,RF,0.12,0.74,0.86
867,100,CC,RF,0.10999999999999999,0.68,0.79
868,100,CC,RF,0.08000000000000002,0.17,0.09
869,100,CC,RF,0.03999999999999998,0.24,0.2
870,100,CC,RF,0.15000000000000002,0.59,0.74
871,100,CC,RF,0.12000000000000001,0.14,0.02
872,100,CC,RF,0.13,0.84,0.97
873,100,CC,RF,0.04999999999999999,0.42,0.37
874,100,CC,RF,0.05999999999999994,0.65,0.71
875,100,CC,RF,0.16000000000000003,0.72,0.88
876,100,CC,RF,0.03999999999999998,0.43,0.39
877,100,CC,RF,0.010000000000000009,0.32,0.31
878,100,CC,RF,0.08999999999999997,0.51,0.6
879,100,CC,RF,0.08999999999999997,0.49,0.58
880,100,CC,RF,0.02999999999999997,0.43,0.4
881,100,CC,RF,0.08999999999999997,0.51,0.6
882,100,CC,RF,0.29000000000000004,0.64,0.93
883,100,CC,RF,0.050000000000000044,0.41,0.46
884,100,CC,RF,0.03,0.22,0.19
885,100,CC,RF,0.03999999999999998,0.41,0.37
886,100,CC,RF,0.03999999999999998,0.43,0.39
887,100,CC,RF,0.09,0.22,0.13
888,100,CC,RF,0.07999999999999999,0.24,0.16
889,100,CC,RF,0.08000000000000007,0.6,0.68
890,100,CC,RF,0.020000000000000018,0.31,0.33
891,100,CC,RF,0.15999999999999992,0.79,0.95
892,100,CC,RF,0.010000000000000009,0.25,0.24
893,100,CC,RF,0.11000000000000001,0.2,0.09
894,100,CC,RF,0.040000000000000036,0.71,0.75
895,100,CC,RF,0.24,0.64,0.88
896,100,CC,RF,0.0,0.27,0.27
897,100,CC,RF,0.10999999999999999,0.31,0.2
898,100,CC,RF,0.07,0.25,0.18
899,100,CC,RF,0.06,0.46,0.52
900,100,CC,RF,0.0,0.46,0.46
901,100,CC,RF,0.03,0.22,0.25
902,100,CC,RF,0.060000000000000005,0.1,0.04
903,100,CC,RF,0.02999999999999997,0.45,0.48
904,100,CC,RF,0.13,0.82,0.95
905,100,CC,RF,0.08999999999999997,0.56,0.65
906,100,CC,RF,0.04999999999999999,0.44,0.49
907,100,CC,RF,0.09000000000000001,0.2,0.11
908,100,CC,RF,0.020000000000000018,0.27,0.25
909,100,CC,RF,0.009999999999999953,0.28,0.29
910,100,CC,RF,0.15000000000000002,0.61,0.76
911,100,CC,RF,0.10999999999999999,0.76,0.87
912,100,CC,RF,0.19000000000000006,0.71,0.9
913,100,CC,RF,0.22999999999999998,0.75,0.98
914,100,CC,RF,0.12,0.86,0.98
915,100,CC,RF,0.19999999999999996,0.75,0.95
916,100,CC,RF,0.07999999999999999,0.15,0.07
917,100,CC,RF,0.13,0.26,0.13
918,100,CC,RF,0.019999999999999962,0.28,0.3
919,100,CC,RF,0.050000000000000044,0.5,0.55
920,100,CC,RF,0.11000000000000001,0.2,0.09
921,100,CC,RF,0.10999999999999999,0.73,0.84
922,100,CC,RF,0.08999999999999997,0.52,0.61
923,100,CC,RF,0.0,0.54,0.54
924,100,CC,RF,0.04000000000000001,0.2,0.16
925,100,CC,RF,0.07,0.32,0.25
926,100,CC,RF,0.07999999999999999,0.24,0.16
927,100,CC,RF,0.08999999999999997,0.76,0.85
928,100,CC,RF,0.11999999999999994,0.46,0.58
929,100,CC,RF,0.09999999999999998,0.63,0.73
930,100,CC,RF,0.0,0.29,0.29
931,100,CC,RF,0.020000000000000018,0.39,0.37
932,100,CC,RF,0.009999999999999953,0.41,0.4
933,100,CC,RF,0.10999999999999999,0.65,0.76
934,100,CC,RF,0.12,0.65,0.77
935,100,CC,RF,0.01999999999999999,0.22,0.2
936,100,CC,RF,0.18999999999999995,0.75,0.94
937,100,CC,RF,0.08000000000000002,0.2,0.12
938,100,CC,RF,0.20999999999999996,0.68,0.89
939,100,CC,RF,0.06,0.16,0.1
940,100,CC,RF,0.020000000000000018,0.28,0.26
941,100,CC,RF,0.16999999999999993,0.67,0.84
942,100,CC,RF,0.04999999999999999,0.22,0.17
943,100,CC,RF,0.020000000000000018,0.43,0.41
944,100,CC,RF,0.020000000000000018,0.42,0.44
945,100,CC,RF,0.01999999999999999,0.22,0.24
946,100,CC,RF,0.10999999999999999,0.6,0.71
947,100,CC,RF,0.19999999999999996,0.65,0.85
948,100,CC,RF,0.16000000000000003,0.71,0.87
949,100,CC,RF,0.019999999999999962,0.35,0.33
950,100,CC,RF,0.04999999999999993,0.58,0.53
951,100,CC,RF,0.030000000000000027,0.27,0.24
952,100,CC,RF,0.040000000000000036,0.28,0.24
953,100,CC,RF,0.010000000000000009,0.17,0.16
954,100,CC,RF,0.19999999999999996,0.74,0.94
955,100,CC,RF,0.12,0.76,0.88
956,100,CC,RF,0.06000000000000005,0.71,0.77
957,100,CC,RF,0.0,0.51,0.51
958,100,CC,RF,0.0,0.49,0.49
959,100,CC,RF,0.040000000000000036,0.48,0.52
960,100,CC,RF,0.050000000000000044,0.48,0.53
961,100,CC,RF,0.020000000000000018,0.41,0.43
962,100,CC,RF,0.06,0.19,0.13
963,100,CC,RF,0.09,0.21,0.12
964,100,CC,RF,0.24,0.71,0.95
965,100,CC,RF,0.03999999999999998,0.44,0.48
966,100,CC,RF,0.19999999999999996,0.75,0.95
967,100,CC,RF,0.09,0.25,0.16
968,100,CC,RF,0.020000000000000018,0.53,0.55
969,100,CC,RF,0.03,0.23,0.2
970,100,CC,RF,0.020000000000000018,0.27,0.25
971,100,CC,RF,0.09,0.12,0.03
972,100,CC,RF,0.12000000000000001,0.23,0.11
973,100,CC,RF,0.13,0.78,0.91
974,100,CC,RF,0.010000000000000009,0.33,0.32
975,100,CC,RF,0.039999999999999925,0.56,0.6
976,100,CC,RF,0.030000000000000027,0.43,0.46
977,100,CC,RF,0.04999999999999999,0.45,0.4
978,100,CC,RF,0.07,0.46,0.53
979,100,CC,RF,0.14,0.32,0.18
980,100,CC,RF,0.17999999999999994,0.8,0.98
981,100,CC,RF,0.1200000000000001,0.69,0.81
982,100,CC,RF,0.12,0.62,0.74
983,100,CC,RF,0.030000000000000027,0.43,0.46
984,100,CC,RF,0.03,0.18,0.15
985,100,CC,RF,0.10000000000000009,0.82,0.92
986,100,CC,RF,0.020000000000000018,0.32,0.34
987,100,CC,RF,0.14,0.19,0.05
988,100,CC,RF,0.040000000000000036,0.3,0.34
989,100,CC,RF,0.22999999999999998,0.56,0.79
990,100,CC,RF,0.10999999999999999,0.51,0.62
991,100,CC,RF,0.08999999999999997,0.66,0.75
992,100,CC,RF,0.18000000000000005,0.61,0.79
993,100,CC,RF,0.060000000000000026,0.27,0.21
994,100,CC,RF,0.16000000000000003,0.76,0.92
995,100,CC,RF,0.0,0.43,0.43
996,100,CC,RF,0.09999999999999998,0.53,0.63
997,100,CC,RF,0.09,0.09,0.0
998,100,CC,RF,0.18999999999999995,0.8,0.99
999,100,CC,RF,0.010000000000000009,0.27,0.28
1000,100,CC,RF,0.13,0.19,0.06
1001,100,CC,RF,0.07,0.38,0.45
1002,100,CC,RF,0.05000000000000002,0.17,0.12
1003,100,CC,RF,0.06,0.21,0.15
1004,100,CC,RF,0.12,0.51,0.63
1005,100,CC,RF,0.010000000000000009,0.4,0.39
1006,100,CC,RF,0.17000000000000004,0.75,0.92
1007,100,CC,RF,0.02999999999999997,0.28,0.31
1008,100,CC,RF,0.06999999999999995,0.65,0.72
1009,100,CC,RF,0.020000000000000018,0.44,0.46
1010,100,CC,RF,0.06000000000000005,0.59,0.65
1011,100,CC,RF,0.04999999999999993,0.54,0.59
1012,100,CC,RF,0.02999999999999997,0.44,0.47
1013,100,CC,RF,0.1399999999999999,0.81,0.95
1014,100,CC,RF,0.030000000000000027,0.31,0.34
1015,100,CC,RF,0.13999999999999999,0.31,0.17
1016,100,CC,RF,0.13,0.54,0.67
1017,100,CC,RF,0.19999999999999996,0.64,0.84
1018,100,CC,RF,0.13,0.17,0.04
1019,100,CC,RF,0.020000000000000018,0.42,0.44
1020,100,CC,RF,0.20999999999999996,0.68,0.89
1021,100,CC,RF,0.12,0.62,0.74
1022,100,CC,RF,0.24,0.75,0.99
1023,100,CC,RF,0.10000000000000003,0.43,0.53
1024,100,CC,RF,0.08000000000000007,0.57,0.65
1025,100,CC,RF,0.040000000000000036,0.34,0.3
1026,100,CC,RF,0.1499999999999999,0.79,0.94
1027,100,CC,RF,0.010000000000000009,0.37,0.36
1028,100,CC,RF,0.16000000000000003,0.57,0.73
1029,100,CC,RF,0.06,0.34,0.4
1030,100,CC,RF,0.09000000000000008,0.47,0.56
1031,100,CC,RF,0.08999999999999997,0.62,0.71
1032,100,CC,RF,0.030000000000000027,0.47,0.5
1033,100,CC,RF,0.10999999999999999,0.79,0.9
1034,100,CC,RF,0.009999999999999953,0.4,0.41
1035,100,CC,RF,0.050000000000000044,0.59,0.64
1036,100,CC,RF,0.06999999999999995,0.41,0.34
1037,100,CC,RF,0.03999999999999998,0.44,0.4
1038,100,CC,RF,0.04999999999999999,0.39,0.44
1039,100,CC,RF,0.010000000000000009,0.13,0.12
1040,100,CC,RF,0.08000000000000002,0.17,0.09
1041,100,CC,RF,0.040000000000000036,0.62,0.66
1042,100,CC,RF,0.09999999999999998,0.55,0.65
1043,100,CC,RF,0.13,0.53,0.66
1044,100,CC,RF,0.1,0.11,0.01
1045,100,CC,RF,0.07,0.39,0.32
1046,100,CC,RF,0.09999999999999998,0.29,0.19
1047,100,CC,RF,0.14,0.63,0.77
1048,100,CC,RF,0.19999999999999996,0.66,0.86
1049,100,CC,RF,0.030000000000000027,0.27,0.24
1050,100,CC,RF,0.14,0.52,0.66
1051,100,CC,RF,0.04000000000000001,0.16,0.12
1052,100,CC,RF,0.03999999999999998,0.31,0.27
1053,100,CC,RF,0.10999999999999999,0.24,0.13
1054,100,CC,RF,0.019999999999999962,0.3,0.28
1055,100,CC,RF,0.06000000000000005,0.61,0.67
1056,100,CC,RF,0.14,0.77,0.91
1057,100,CC,RF,0.07,0.27,0.2
1058,100,CC,RF,0.10000000000000003,0.44,0.54
1059,100,CC,RF,0.12,0.58,0.7
1060,100,CC,RF,0.20999999999999996,0.74,0.95
1061,100,CC,RF,0.05999999999999994,0.55,0.61
1062,100,CC,RF,0.06,0.31,0.25
1063,100,CC,RF,0.050000000000000044,0.57,0.62
1064,100,CC,RF,0.020000000000000018,0.34,0.32
1065,100,CC,RF,0.09999999999999998,0.87,0.97
1066,100,CC,RF,0.06,0.33,0.39
1067,100,CC,RF,0.18000000000000005,0.5,0.68
1068,100,CC,RF,0.11,0.13,0.02
1069,100,CC,RF,0.0,0.4,0.4
1070,100,CC,RF,0.07999999999999996,0.79,0.87
1071,100,CC,RF,0.06999999999999995,0.54,0.61
1072,100,CC,RF,0.03999999999999998,0.4,0.44
1073,100,CC,RF,0.12,0.81,0.93
1074,100,CC,RF,0.16999999999999993,0.68,0.85
1075,100,CC,RF,0.0,0.32,0.32
1076,100,CC,RF,0.11000000000000004,0.43,0.54
1077,100,CC,RF,0.019999999999999962,0.46,0.48
1078,100,CC,RF,0.13,0.5,0.63
1079,100,CC,RF,0.02999999999999997,0.36,0.33
1080,100,CC,RF,0.020000000000000018,0.26,0.24
1081,100,CC,RF,0.17000000000000004,0.74,0.91
1082,100,CC,RF,0.18000000000000005,0.74,0.92
1083,100,CC,RF,0.18999999999999995,0.65,0.84
1084,100,CC,RF,0.24,0.73,0.97
1085,100,CC,RF,0.17999999999999994,0.56,0.74
1086,100,CC,RF,0.08999999999999997,0.67,0.76
1087,100,CC,RF,0.15000000000000002,0.61,0.76
1088,100,CC,RF,0.019999999999999962,0.46,0.48
1089,100,CC,RF,0.030000000000000027,0.42,0.45
1090,100,CC,RF,0.10000000000000003,0.34,0.24
1091,100,CC,RF,0.08999999999999997,0.55,0.64
1092,100,CC,RF,0.03999999999999998,0.32,0.28
1093,100,CC,RF,0.08000000000000002,0.33,0.25
1094,100,CC,RF,0.05999999999999994,0.52,0.58
1095,100,CC,RF,0.020000000000000018,0.38,0.4
1096,100,CC,RF,0.04000000000000001,0.25,0.21
1097,100,CC,RF,0.14,0.67,0.81
1098,100,CC,RF,0.16000000000000003,0.7,0.86
1099,100,CC,RF,0.04999999999999999,0.21,0.16
1100,100,CC,RF,0.11,0.11,0.0
1101,100,CC,RF,0.010000000000000009,0.34,0.33
1102,100,CC,RF,0.14,0.65,0.79
1103,100,CC,RF,0.13,0.7,0.83
1104,100,CC,RF,0.1,0.23,0.13
1105,100,CC,RF,0.12,0.65,0.77
1106,100,CC,RF,0.09000000000000001,0.2,0.11
1107,100,CC,RF,0.03999999999999998,0.43,0.39
1108,100,CC,RF,0.24,0.75,0.99
1109,100,CC,RF,0.07,0.26,0.19
1110,100,CC,RF,0.020000000000000018,0.17,0.15
1111,100,CC,RF,0.04999999999999999,0.37,0.42
1112,100,CC,RF,0.020000000000000018,0.59,0.61
1113,100,CC,RF,0.1100000000000001,0.82,0.93
1114,100,CC,RF,0.22999999999999998,0.75,0.98
1115,100,CC,RF,0.1,0.16,0.06
1116,100,CC,RF,0.1,0.23,0.13
1117,100,CC,RF,0.13,0.66,0.79
1118,100,CC,RF,0.02999999999999997,0.3,0.27
1119,100,CC,RF,0.14,0.74,0.88
1120,100,CC,RF,0.17000000000000004,0.49,0.66
1121,100,CC,RF,0.09000000000000001,0.2,0.11
1122,100,CC,RF,0.14,0.69,0.83
1123,100,CC,RF,0.06999999999999998,0.24,0.17
1124,100,CC,RF,0.010000000000000009,0.41,0.42
1125,100,CC,RF,0.08000000000000007,0.47,0.55
1126,100,CC,RF,0.07,0.43,0.5
1127,100,CC,RF,0.030000000000000027,0.65,0.68
1128,100,CC,RF,0.06000000000000005,0.59,0.65
1129,100,CC,RF,0.20999999999999996,0.78,0.99
1130,100,CC,RF,0.14,0.85,0.99
1131,100,CC,RF,0.04999999999999999,0.46,0.51
1132,100,CC,RF,0.07,0.16,0.09
1133,100,CC,RF,0.08999999999999997,0.63,0.72
1134,100,CC,RF,0.19999999999999996,0.77,0.97
1135,100,CC,RF,0.010000000000000009,0.32,0.31
1136,100,CC,RF,0.02999999999999997,0.49,0.46
1137,100,CC,RF,0.04999999999999999,0.47,0.42
1138,100,CC,RF,0.06999999999999999,0.12,0.05
1139,100,CC,RF,0.040000000000000036,0.63,0.67
1140,100,CC,RF,0.009999999999999953,0.34,0.35
1141,100,CC,RF,0.19000000000000006,0.59,0.78
1142,100,CC,RF,0.09999999999999998,0.73,0.83
1143,100,CC,RF,0.16999999999999993,0.65,0.82
1144,100,CC,RF,0.009999999999999953,0.4,0.41
1145,100,CC,RF,0.0,0.32,0.32
1146,100,CC,RF,0.06999999999999995,0.67,0.74
1147,100,CC,RF,0.07000000000000006,0.73,0.8
1148,100,CC,RF,0.0,0.49,0.49
1149,100,CC,RF,0.18000000000000005,0.71,0.89
1150,100,CC,RF,0.09,0.23,0.14
1151,100,CC,RF,0.15000000000000002,0.72,0.87
1152,100,CC,RF,0.09,0.18,0.09
1153,100,CC,RF,0.09,0.24,0.15
1154,100,CC,RF,0.08000000000000002,0.45,0.53
1155,100,CC,RF,0.15,0.21,0.06
1156,100,CC,RF,0.06999999999999999,0.12,0.05
1157,100,CC,RF,0.19,0.19,0.0
1158,100,CC,RF,0.03999999999999998,0.39,0.43
1159,100,CC,RF,0.12,0.65,0.77
1160,100,CC,RF,0.11000000000000001,0.14,0.03
1161,100,CC,RF,0.09999999999999998,0.55,0.65
1162,100,CC,RF,0.1499999999999999,0.67,0.82
1163,100,CC,RF,0.1,0.26,0.16
1164,100,CC,RF,0.07999999999999999,0.22,0.14
1165,100,CC,RF,0.13,0.73,0.86
1166,100,CC,RF,0.17999999999999994,0.64,0.82
1167,100,CC,RF,0.0,0.53,0.53
1168,100,CC,RF,0.15000000000000002,0.66,0.81
1169,100,CC,RF,0.07,0.16,0.09
1170,100,CC,RF,0.03999999999999998,0.43,0.39
1171,100,CC,RF,0.08999999999999997,0.64,0.73
1172,100,CC,RF,0.06,0.31,0.25
1173,100,CC,RF,0.15000000000000002,0.6,0.75
1174,100,CC,RF,0.03999999999999998,0.46,0.5
1175,100,CC,RF,0.12,0.63,0.75
1176,100,CC,RF,0.02999999999999997,0.49,0.46
1177,100,CC,RF,0.09000000000000002,0.45,0.36
1178,100,CC,RF,0.05000000000000002,0.26,0.21
1179,100,CC,RF,0.07,0.27,0.2
1180,100,CC,RF,0.14,0.61,0.75
1181,100,CC,RF,0.09000000000000001,0.2,0.11
1182,100,CC,RF,0.19,0.27,0.08
1183,100,CC,RF,0.11000000000000001,0.28,0.17
1184,100,CC,RF,0.03,0.2,0.17
1185,100,CC,RF,0.04999999999999993,0.77,0.82
1186,100,CC,RF,0.040000000000000036,0.35,0.39
1187,100,CC,RF,0.12,0.87,0.99
1188,100,CC,RF,0.07999999999999999,0.21,0.13
1189,100,CC,RF,0.07000000000000006,0.58,0.65
1190,100,CC,RF,0.03999999999999998,0.48,0.44
1191,100,CC,RF,0.040000000000000036,0.35,0.39
1192,100,CC,RF,0.20999999999999996,0.66,0.87
1193,100,CC,RF,0.18999999999999995,0.78,0.97
1194,100,CC,RF,0.18999999999999995,0.68,0.87
1195,100,CC,RF,0.09000000000000002,0.28,0.19
1196,100,CC,RF,0.13999999999999999,0.36,0.22
1197,100,CC,RF,0.010000000000000009,0.66,0.65
1198,100,CC,RF,0.06,0.34,0.28
1199,100,CC,RF,0.05999999999999994,0.67,0.73
1200,100,CC,RF,0.08000000000000007,0.48,0.56
1201,100,CC,RF,0.12000000000000005,0.43,0.55
1202,100,CC,RF,0.039999999999999925,0.78,0.82
1203,100,CC,RF,0.1499999999999999,0.56,0.71
1204,100,CC,RF,0.11,0.13,0.02
1205,100,CC,RF,0.10999999999999999,0.15,0.04
1206,100,CC,RF,0.08999999999999997,0.51,0.6
1207,100,CC,RF,0.06000000000000005,0.54,0.48
1208,100,CC,RF,0.04999999999999999,0.31,0.26
1209,100,CC,RF,0.06,0.47,0.41
1210,100,CC,RF,0.18000000000000005,0.57,0.75
1211,100,CC,RF,0.10999999999999999,0.71,0.82
1212,100,CC,RF,0.050000000000000044,0.51,0.56
1213,100,CC,RF,0.020000000000000018,0.36,0.38
1214,100,CC,RF,0.010000000000000009,0.28,0.27
1215,100,CC,RF,0.010000000000000009,0.51,0.52
1216,100,CC,RF,0.020000000000000018,0.29,0.31
1217,100,CC,RF,0.06000000000000005,0.5,0.56
1218,100,CC,RF,0.0,0.67,0.67
1219,100,CC,RF,0.1,0.16,0.06
1220,100,CC,RF,0.15,0.15,0.0
1221,100,CC,RF,0.11000000000000001,0.32,0.21
1222,100,CC,RF,0.16000000000000003,0.73,0.89
1223,100,CC,RF,0.07999999999999996,0.56,0.64
1224,100,CC,RF,0.03999999999999998,0.21,0.17
1225,100,CC,RF,0.15000000000000002,0.74,0.89
1226,100,CC,RF,0.019999999999999962,0.48,0.46
1227,100,CC,RF,0.0,0.47,0.47
1228,100,CC,RF,0.18000000000000005,0.75,0.93
1229,100,CC,RF,0.06,0.11,0.05
1230,100,CC,RF,0.09,0.3,0.21
1231,100,CC,RF,0.08999999999999997,0.49,0.58
1232,100,CC,RF,0.04000000000000001,0.23,0.19
1233,100,CC,RF,0.020000000000000018,0.65,0.67
1234,100,CC,RF,0.05000000000000002,0.26,0.21
1235,100,CC,RF,0.07,0.16,0.09
1236,100,CC,RF,0.08000000000000002,0.28,0.2
1237,100,CC,RF,0.019999999999999962,0.4,0.42
1238,100,CC,RF,0.07999999999999999,0.25,0.17
1239,100,CC,RF,0.09,0.22,0.13
1240,100,CC,RF,0.10999999999999999,0.75,0.86
1241,100,CC,RF,0.010000000000000009,0.33,0.32
1242,100,CC,RF,0.0,0.36,0.36
1243,100,CC,RF,0.09999999999999999,0.15,0.05
1244,100,CC,RF,0.030000000000000027,0.38,0.35
1245,100,CC,RF,0.03999999999999998,0.3,0.26
1246,100,CC,RF,0.14999999999999997,0.46,0.61
1247,100,CC,RF,0.03,0.17,0.2
1248,100,CC,RF,0.14,0.74,0.88
1249,100,CC,RF,0.18000000000000005,0.74,0.92
1250,100,CC,RF,0.11000000000000001,0.2,0.09
1251,100,CC,RF,0.09,0.19,0.1
1252,100,CC,RF,0.06999999999999999,0.18,0.11
1253,100,CC,RF,0.09999999999999998,0.51,0.61
1254,100,CC,RF,0.07,0.19,0.12
1255,100,CC,RF,0.20999999999999996,0.64,0.85
1256,100,CC,RF,0.06999999999999995,0.68,0.75
1257,100,CC,RF,0.09000000000000008,0.72,0.81
1258,100,CC,RF,0.030000000000000027,0.49,0.52
1259,100,CC,RF,0.19999999999999996,0.79,0.99
1260,100,CC,RF,0.13999999999999999,0.18,0.04
1261,100,CC,RF,0.019999999999999962,0.42,0.4
1262,100,CC,RF,0.010000000000000009,0.33,0.32
1263,100,CC,RF,0.25,0.69,0.94
1264,100,CC,RF,0.10999999999999993,0.46,0.57
1265,100,CC,RF,0.10000000000000009,0.7,0.8
1266,100,CC,RF,0.06,0.23,0.17
1267,100,CC,RF,0.22999999999999998,0.74,0.97
1268,100,CC,RF,0.08999999999999997,0.4,0.49
1269,100,CC,RF,0.020000000000000018,0.47,0.49
1270,100,CC,RF,0.17999999999999994,0.79,0.97
1271,100,CC,RF,0.020000000000000018,0.4,0.38
1272,100,CC,RF,0.07999999999999996,0.47,0.39
1273,100,CC,RF,0.11999999999999994,0.46,0.58
1274,100,CC,RF,0.08000000000000002,0.2,0.12
1275,100,CC,RF,0.03999999999999998,0.36,0.32
1276,100,CC,RF,0.09999999999999998,0.29,0.19
1277,100,CC,RF,0.10999999999999999,0.21,0.1
1278,100,CC,RF,0.13,0.73,0.86
1279,100,CC,RF,0.04999999999999993,0.53,0.58
1280,100,CC,RF,0.050000000000000044,0.4,0.35
1281,100,CC,RF,0.04999999999999999,0.45,0.4
1282,100,CC,RF,0.0,0.43,0.43
1283,100,CC,RF,0.10999999999999999,0.52,0.63
1284,100,CC,RF,0.13,0.79,0.92
1285,100,CC,RF,0.16000000000000003,0.77,0.93
1286,100,CC,RF,0.010000000000000009,0.38,0.39
1287,100,CC,RF,0.010000000000000009,0.31,0.32
1288,100,CC,RF,0.03999999999999998,0.49,0.45
1289,100,CC,RF,0.050000000000000044,0.51,0.56
1290,100,CC,RF,0.009999999999999953,0.47,0.46
1291,100,CC,RF,0.09999999999999998,0.55,0.65
1292,100,CC,RF,0.07000000000000006,0.48,0.55
1293,100,CC,RF,0.08000000000000002,0.4,0.32
1294,100,CC,RF,0.019999999999999962,0.36,0.34
1295,100,CC,RF,0.02999999999999997,0.34,0.37
1296,100,CC,RF,0.06,0.15,0.09
1297,100,CC,RF,0.04999999999999999,0.21,0.16
1298,100,CC,RF,0.08999999999999997,0.63,0.72
1299,100,CC,RF,0.010000000000000009,0.39,0.38
1300,100,CC,RF,0.09,0.3,0.21
1301,100,CC,RF,0.14000000000000007,0.42,0.56
1302,100,CC,RF,0.10999999999999999,0.64,0.75
1303,100,CC,RF,0.03999999999999998,0.29,0.25
1304,100,CC,RF,0.15999999999999992,0.66,0.82
1305,100,CC,RF,0.17000000000000004,0.75,0.92
1306,100,CC,RF,0.10999999999999999,0.48,0.59
1307,100,CC,RF,0.09999999999999998,0.56,0.66
1308,100,CC,RF,0.06,0.11,0.05
1309,100,CC,RF,0.19999999999999996,0.74,0.94
1310,100,CC,RF,0.02999999999999997,0.42,0.39
1311,100,CC,RF,0.19000000000000006,0.73,0.92
1312,100,CC,RF,0.05999999999999994,0.51,0.57
1313,100,CC,RF,0.12,0.12,0.0
1314,100,CC,RF,0.06,0.09,0.03
1315,100,CC,RF,0.1100000000000001,0.57,0.68
1316,100,CC,RF,0.030000000000000027,0.53,0.56
1317,100,CC,RF,0.11,0.13,0.02
1318,100,CC,RF,0.15000000000000002,0.59,0.74
1319,100,CC,RF,0.13,0.72,0.85
1320,100,CC,RF,0.020000000000000018,0.51,0.49
1321,100,CC,RF,0.03999999999999998,0.5,0.46
1322,100,CC,RF,0.12,0.12,0.0
1323,100,CC,RF,0.15000000000000002,0.63,0.78
1324,100,CC,RF,0.0,0.33,0.33
1325,100,CC,RF,0.10999999999999999,0.76,0.87
1326,100,CC,RF,0.010000000000000009,0.38,0.37
1327,100,CC,RF,0.06000000000000005,0.5,0.56
1328,100,CC,RF,0.04999999999999999,0.32,0.27
1329,100,CC,RF,0.06,0.22,0.16
1330,100,CC,RF,0.14,0.63,0.77
1331,100,CC,RF,0.010000000000000009,0.48,0.49
1332,100,CC,RF,0.020000000000000018,0.51,0.53
1333,100,CC,RF,0.16999999999999993,0.79,0.96
1334,100,CC,RF,0.1499999999999999,0.81,0.96
1335,100,CC,RF,0.18999999999999995,0.66,0.85
1336,100,CC,RF,0.08000000000000002,0.26,0.18
1337,100,CC,RF,0.13999999999999996,0.45,0.59
1338,100,CC,RF,0.19999999999999996,0.67,0.87
1339,100,CC,RF,0.04999999999999999,0.42,0.37
1340,100,CC,RF,0.07999999999999999,0.18,0.1
1341,100,CC,RF,0.09000000000000008,0.72,0.81
1342,100,CC,RF,0.06,0.42,0.48
1343,100,CC,RF,0.07000000000000006,0.49,0.56
1344,100,CC,RF,0.17999999999999994,0.8,0.98
1345,100,CC,RF,0.09999999999999998,0.5,0.6
1346,100,CC,RF,0.02999999999999997,0.39,0.42
1347,100,CC,RF,0.010000000000000009,0.37,0.36
1348,100,CC,RF,0.009999999999999953,0.4,0.41
1349,100,CC,RF,0.05,0.16,0.11
1350,100,CC,RF,0.18000000000000005,0.61,0.79
1351,100,CC,RF,0.17999999999999994,0.65,0.83
1352,100,CC,RF,0.02999999999999997,0.31,0.28
1353,100,CC,RF,0.02999999999999997,0.27,0.3
1354,100,CC,RF,0.17000000000000004,0.7,0.87
1355,100,CC,RF,0.12000000000000001,0.14,0.02
1356,100,CC,RF,0.07,0.45,0.52
1357,100,CC,RF,0.040000000000000036,0.42,0.46
1358,100,CC,RF,0.09999999999999998,0.59,0.69
1359,100,CC,RF,0.04999999999999999,0.21,0.16
1360,100,CC,RF,0.09999999999999998,0.56,0.66
1361,100,CC,RF,0.010000000000000009,0.36,0.37
1362,100,CC,RF,0.05999999999999994,0.55,0.61
1363,100,CC,RF,0.07999999999999999,0.12,0.04
1364,100,CC,RF,0.020000000000000018,0.44,0.46
1365,100,CC,RF,0.06,0.46,0.52
1366,100,CC,RF,0.07000000000000003,0.28,0.21
1367,100,CC,RF,0.07999999999999999,0.21,0.13
1368,100,CC,RF,0.08000000000000002,0.26,0.18
1369,100,CC,RF,0.0,0.34,0.34
1370,100,CC,RF,0.09,0.18,0.09
1371,100,CC,RF,0.19999999999999996,0.74,0.94
1372,100,CC,RF,0.06,0.34,0.4
1373,100,CC,RF,0.17000000000000004,0.63,0.8
1374,100,CC,RF,0.18999999999999995,0.78,0.97
1375,100,CC,RF,0.15000000000000002,0.23,0.08
1376,100,CC,RF,0.0,0.65,0.65
1377,100,CC,RF,0.15000000000000002,0.72,0.87
1378,100,CC,RF,0.12,0.51,0.63
1379,100,CC,RF,0.019999999999999962,0.4,0.42
1380,100,CC,RF,0.07,0.36,0.43
1381,100,CC,RF,0.12,0.15,0.03
1382,100,CC,RF,0.040000000000000036,0.49,0.53
1383,100,CC,RF,0.18999999999999995,0.8,0.99
1384,100,CC,RF,0.16999999999999993,0.78,0.95
1385,100,CC,RF,0.13999999999999999,0.18,0.04
1386,100,CC,RF,0.13,0.57,0.7
1387,100,CC,RF,0.010000000000000009,0.29,0.3
1388,100,CC,RF,0.20000000000000007,0.7,0.9
1389,100,CC,RF,0.13999999999999999,0.18,0.04
1390,100,CC,RF,0.16000000000000003,0.77,0.93
1391,100,CC,RF,0.17999999999999994,0.65,0.83
1392,100,CC,RF,0.13,0.24,0.11
1393,100,CC,RF,0.06999999999999999,0.12,0.05
1394,100,CC,RF,0.12,0.71,0.83
1395,100,CC,RF,0.1,0.25,0.15
1396,100,CC,RF,0.07,0.46,0.53
1397,100,CC,RF,0.22999999999999998,0.68,0.91
1398,100,CC,RF,0.06000000000000005,0.5,0.56
1399,100,CC,RF,0.010000000000000009,0.4,0.39
1400,100,CC,RF,0.030000000000000027,0.41,0.44
1401,100,CC,RF,0.09,0.15,0.06
1402,100,CC,RF,0.1499999999999999,0.81,0.96
1403,100,CC,RF,0.02999999999999997,0.28,0.31
1404,100,CC,RF,0.10000000000000003,0.28,0.18
1405,100,CC,RF,0.009999999999999953,0.29,0.28
1406,100,CC,RF,0.20999999999999996,0.75,0.96
1407,100,CC,RF,0.06,0.15,0.09
1408,100,CC,RF,0.17999999999999994,0.68,0.86
1409,100,CC,RF,0.07999999999999996,0.62,0.7
1410,100,CC,RF,0.10999999999999999,0.72,0.83
1411,100,CC,RF,0.18999999999999995,0.78,0.97
1412,100,CC,RF,0.15999999999999992,0.68,0.84
1413,100,CC,RF,0.2599999999999999,0.68,0.94
1414,100,CC,RF,0.09,0.21,0.12
1415,100,CC,RF,0.21000000000000008,0.58,0.79
1416,100,CC,RF,0.06000000000000005,0.48,0.54
1417,100,CC,RF,0.050000000000000044,0.49,0.54
1418,100,CC,RF,0.19000000000000006,0.7,0.89
1419,100,CC,RF,0.19999999999999996,0.77,0.97
1420,100,CC,RF,0.10999999999999999,0.59,0.7
1421,100,CC,RF,0.030000000000000027,0.51,0.48
1422,100,CC,RF,0.010000000000000009,0.46,0.45
1423,100,CC,RF,0.010000000000000009,0.37,0.38
1424,100,CC,RF,0.0,0.36,0.36
1425,100,CC,RF,0.010000000000000009,0.4,0.39
1426,100,CC,RF,0.11,0.19,0.08
1427,100,CC,RF,0.12,0.19,0.07
1428,100,CC,RF,0.14,0.63,0.77
1429,100,CC,RF,0.010000000000000009,0.43,0.44
1430,100,CC,RF,0.21000000000000008,0.72,0.93
1431,100,CC,RF,0.07999999999999996,0.53,0.61
1432,100,CC,RF,0.1,0.13,0.03
1433,100,CC,RF,0.1,0.25,0.15
1434,100,CC,RF,0.03,0.23,0.2
1435,100,CC,RF,0.15999999999999992,0.81,0.97
1436,100,CC,RF,0.0,0.21,0.21
1437,100,CC,RF,0.06,0.45,0.51
1438,100,CC,RF,0.15000000000000002,0.78,0.93
1439,100,CC,RF,0.20999999999999996,0.76,0.97
1440,100,CC,RF,0.04000000000000001,0.27,0.23
1441,100,CC,RF,0.16,0.2,0.04
1442,100,CC,RF,0.020000000000000018,0.17,0.15
1443,100,CC,RF,0.09,0.15,0.06
1444,100,CC,RF,0.09000000000000002,0.28,0.19
1445,100,CC,RF,0.08000000000000007,0.48,0.56
1446,100,CC,RF,0.22000000000000008,0.69,0.91
1447,100,CC,RF,0.020000000000000018,0.51,0.53
1448,100,CC,RF,0.06999999999999995,0.55,0.62
1449,100,CC,RF,0.08999999999999997,0.29,0.2
1450,100,CC,RF,0.21000000000000008,0.59,0.8
1451,100,CC,RF,0.06999999999999995,0.54,0.61
1452,100,CC,RF,0.21999999999999997,0.64,0.86
1453,100,CC,RF,0.19999999999999996,0.74,0.94
1454,100,CC,RF,0.03999999999999998,0.38,0.34
1455,100,CC,RF,0.07,0.16,0.09
1456,100,CC,RF,0.060000000000000026,0.28,0.22
1457,100,CC,RF,0.030000000000000027,0.46,0.43
1458,100,CC,RF,0.25,0.69,0.94
1459,100,CC,RF,0.02999999999999997,0.34,0.37
1460,100,CC,RF,0.13,0.64,0.77
1461,100,CC,RF,0.07000000000000006,0.47,0.54
1462,100,CC,RF,0.10999999999999999,0.29,0.18
1463,100,CC,RF,0.07,0.39,0.32
1464,100,CC,RF,0.08000000000000007,0.57,0.65
1465,100,CC,RF,0.020000000000000018,0.65,0.67
1466,100,CC,RF,0.07,0.36,0.43
1467,100,CC,RF,0.04000000000000001,0.26,0.22
1468,100,CC,RF,0.10999999999999999,0.61,0.72
1469,100,CC,RF,0.09,0.25,0.16
1470,100,CC,RF,0.18000000000000005,0.75,0.93
1471,100,CC,RF,0.08000000000000002,0.26,0.18
1472,100,CC,RF,0.12,0.22,0.1
1473,100,CC,RF,0.09999999999999998,0.39,0.49
1474,100,CC,RF,0.0,0.51,0.51
1475,100,CC,RF,0.03999999999999998,0.46,0.5
1476,100,CC,RF,0.010000000000000009,0.42,0.43
1477,100,CC,RF,0.12,0.87,0.99
1478,100,CC,RF,0.04999999999999999,0.43,0.48
1479,100,CC,RF,0.009999999999999953,0.46,0.47
1480,100,CC,RF,0.07999999999999996,0.34,0.42
1481,100,CC,RF,0.11000000000000001,0.17,0.06
1482,100,CC,RF,0.05999999999999994,0.53,0.59
1483,100,CC,RF,0.01999999999999999,0.24,0.22
1484,100,CC,RF,0.09999999999999998,0.53,0.63
1485,100,CC,RF,0.08,0.13,0.05
1486,100,CC,RF,0.32999999999999996,0.65,0.98
1487,100,CC,RF,0.040000000000000036,0.42,0.46
1488,100,CC,RF,0.16000000000000003,0.73,0.89
1489,100,CC,RF,0.0,0.47,0.47
1490,100,CC,RF,0.14,0.2,0.06
1491,100,CC,RF,0.10999999999999999,0.71,0.82
1492,100,CC,RF,0.040000000000000036,0.6,0.64
1493,100,CC,RF,0.19000000000000006,0.59,0.78
1494,100,CC,RF,0.010000000000000009,0.43,0.42
1495,100,CC,RF,0.09999999999999998,0.53,0.63
1496,100,CC,RF,0.15000000000000002,0.7,0.85
1497,100,CC,RF,0.020000000000000018,0.61,0.63
1498,100,CC,RF,0.020000000000000018,0.32,0.34
1499,100,CC,RF,0.08000000000000007,0.58,0.66
1500,100,CC,RF,0.10999999999999999,0.56,0.67
1501,100,CC,RF,0.22999999999999998,0.73,0.96
1502,100,CC,RF,0.010000000000000009,0.38,0.37
1503,100,CC,RF,0.04999999999999999,0.47,0.42
1504,100,CC,RF,0.25,0.56,0.81
1505,100,CC,RF,0.020000000000000018,0.48,0.5
1506,100,CC,RF,0.13,0.6,0.73
1507,100,CC,RF,0.019999999999999962,0.47,0.45
1508,100,CC,RF,0.04000000000000001,0.25,0.21
1509,100,CC,RF,0.10999999999999999,0.63,0.74
1510,100,CC,RF,0.04999999999999999,0.18,0.13
1511,100,CC,RF,0.03,0.22,0.19
1512,100,CC,RF,0.010000000000000009,0.61,0.62
1513,100,CC,RF,0.10999999999999999,0.63,0.74
1514,100,CC,RF,0.17000000000000004,0.72,0.89
1515,100,CC,RF,0.02999999999999997,0.3,0.27
1516,100,CC,RF,0.11,0.22,0.11
1517,100,CC,RF,0.20999999999999996,0.74,0.95
1518,100,CC,RF,0.0,0.15,0.15
1519,100,CC,RF,0.04000000000000001,0.23,0.19
1520,100,CC,RF,0.050000000000000044,0.34,0.29
1521,100,CC,RF,0.020000000000000018,0.5,0.52
1522,100,CC,RF,0.16000000000000003,0.72,0.88
1523,100,CC,RF,0.10999999999999999,0.65,0.76
1524,100,CC,RF,0.1399999999999999,0.56,0.7
1525,100,CC,RF,0.03999999999999998,0.21,0.17
1526,100,CC,RF,0.030000000000000027,0.38,0.35
1527,100,CC,RF,0.03999999999999998,0.43,0.47
1528,100,CC,RF,0.06999999999999998,0.21,0.14
1529,100,CC,RF,0.04999999999999999,0.32,0.27
1530,100,CC,RF,0.07,0.37,0.3
1531,100,CC,RF,0.09,0.21,0.12
1532,100,CC,RF,0.050000000000000044,0.5,0.55
1533,100,CC,RF,0.04999999999999993,0.65,0.7
1534,100,CC,RF,0.04000000000000001,0.1,0.06
1535,100,CC,RF,0.07999999999999996,0.4,0.48
1536,100,CC,RF,0.15000000000000002,0.63,0.78
1537,100,CC,RF,0.12,0.62,0.74
1538,100,CC,RF,0.19000000000000006,0.62,0.81
1539,100,CC,RF,0.06,0.5,0.44
1540,100,CC,RF,0.19999999999999996,0.62,0.82
1541,100,CC,RF,0.06,0.3,0.24
1542,100,CC,RF,0.02999999999999997,0.33,0.36
1543,100,CC,RF,0.09,0.26,0.17
1544,100,CC,RF,0.030000000000000027,0.43,0.46
1545,100,CC,RF,0.040000000000000036,0.35,0.39
1546,100,CC,RF,0.09000000000000002,0.33,0.24
1547,100,CC,RF,0.15000000000000002,0.6,0.75
1548,100,CC,RF,0.010000000000000009,0.32,0.31
1549,100,CC,RF,0.019999999999999962,0.29,0.27
1550,100,CC,RF,0.07,0.2,0.13
1551,100,CC,RF,0.010000000000000009,0.44,0.43
1552,100,CC,RF,0.030000000000000027,0.33,0.3
1553,100,CC,RF,0.030000000000000027,0.39,0.36
1554,100,CC,RF,0.05000000000000002,0.28,0.23
1555,100,CC,RF,0.17000000000000004,0.59,0.76
1556,100,CC,RF,0.21000000000000008,0.72,0.93
1557,100,CC,RF,0.02999999999999997,0.46,0.49
1558,100,CC,RF,0.15000000000000002,0.49,0.64
1559,100,CC,RF,0.14,0.72,0.86
1560,100,CC,RF,0.19999999999999996,0.79,0.99
1561,100,CC,RF,0.06999999999999995,0.54,0.61
1562,100,CC,RF,0.20999999999999996,0.67,0.88
1563,100,CC,RF,0.20000000000000007,0.7,0.9
1564,100,CC,RF,0.10000000000000009,0.69,0.79
1565,100,CC,RF,0.030000000000000027,0.43,0.46
1566,100,CC,RF,0.13,0.21,0.08
1567,100,CC,RF,0.16,0.17,0.01
1568,100,CC,RF,0.009999999999999953,0.46,0.47
1569,100,CC,RF,0.06,0.43,0.49
1570,100,CC,RF,0.030000000000000027,0.37,0.4
1571,100,CC,RF,0.07000000000000006,0.49,0.56
1572,100,CC,RF,0.010000000000000009,0.54,0.55
1573,100,CC,RF,0.05999999999999994,0.77,0.83
1574,100,CC,RF,0.03,0.13,0.1
1575,100,CC,RF,0.04000000000000001,0.26,0.22
1576,100,CC,RF,0.13,0.66,0.79
1577,100,CC,RF,0.09999999999999998,0.74,0.84
1578,100,CC,RF,0.20999999999999996,0.78,0.99
1579,100,CC,RF,0.18999999999999995,0.68,0.87
1580,100,CC,RF,0.17000000000000004,0.71,0.88
1581,100,CC,RF,0.03999999999999998,0.35,0.31
1582,100,CC,RF,0.06999999999999995,0.47,0.4
1583,100,CC,RF,0.010000000000000009,0.25,0.26
1584,100,CC,RF,0.09999999999999998,0.5,0.6
1585,100,CC,RF,0.10000000000000009,0.83,0.93
1586,100,CC,RF,0.019999999999999962,0.36,0.34
1587,100,CC,RF,0.10000000000000003,0.45,0.55
1588,100,CC,RF,0.030000000000000027,0.32,0.29
1589,100,CC,RF,0.0,0.16,0.16
1590,100,CC,RF,0.01999999999999999,0.21,0.19
1591,100,CC,RF,0.15999999999999998,0.21,0.05
1592,100,CC,RF,0.15999999999999992,0.78,0.94
1593,100,CC,RF,0.07999999999999996,0.48,0.4
1594,100,CC,RF,0.14,0.69,0.83
1595,100,CC,RF,0.040000000000000036,0.64,0.68
1596,100,CC,RF,0.06,0.25,0.19
1597,100,CC,RF,0.06,0.23,0.17
1598,100,CC,RF,0.10000000000000009,0.71,0.81
1599,100,CC,RF,0.020000000000000018,0.28,0.26
1600,100,CC,RF,0.18000000000000005,0.73,0.91
1601,100,CC,RF,0.04999999999999999,0.19,0.14
1602,100,CC,RF,0.07000000000000006,0.6,0.67
1603,100,CC,RF,0.18000000000000005,0.63,0.81
1604,100,CC,RF,0.04000000000000001,0.27,0.23
1605,100,CC,RF,0.04999999999999999,0.32,0.27
1606,100,CC,RF,0.20999999999999996,0.75,0.96
1607,100,CC,RF,0.06,0.32,0.26
1608,100,CC,RF,0.03999999999999998,0.38,0.42
1609,100,CC,RF,0.010000000000000009,0.42,0.43
1610,100,CC,RF,0.07,0.32,0.25
1611,100,CC,RF,0.12,0.65,0.77
1612,100,CC,RF,0.17000000000000004,0.6,0.77
1613,100,CC,RF,0.010000000000000009,0.38,0.37
1614,100,CC,RF,0.08999999999999997,0.74,0.83
1615,100,CC,RF,0.03,0.24,0.21
1616,100,CC,RF,0.14,0.14,0.0
1617,100,CC,RF,0.039999999999999925,0.53,0.57
1618,100,CC,RF,0.14,0.85,0.99
1619,100,CC,RF,0.08,0.11,0.03
1620,100,CC,RF,0.04999999999999999,0.25,0.2
1621,100,CC,RF,0.040000000000000036,0.47,0.51
1622,100,CC,RF,0.17000000000000004,0.63,0.8
1623,100,CC,RF,0.06999999999999999,0.15,0.08
1624,100,CC,RF,0.019999999999999962,0.41,0.39
1625,100,CC,RF,0.13,0.61,0.74
1626,100,CC,RF,0.010000000000000009,0.36,0.37
1627,100,CC,RF,0.04000000000000001,0.22,0.18
1628,100,CC,RF,0.06,0.25,0.19
1629,100,CC,RF,0.04999999999999999,0.36,0.41
1630,100,CC,RF,0.06,0.41,0.47
1631,100,CC,RF,0.21999999999999997,0.64,0.86
1632,100,CC,RF,0.13,0.51,0.64
1633,100,CC,RF,0.10999999999999999,0.58,0.69
1634,100,CC,RF,0.18999999999999995,0.79,0.98
1635,100,CC,RF,0.0,0.41,0.41
1636,100,CC,RF,0.040000000000000036,0.36,0.4
1637,100,CC,RF,0.19000000000000006,0.73,0.92
1638,100,CC,RF,0.020000000000000018,0.26,0.24
1639,100,CC,RF,0.07999999999999996,0.64,0.72
1640,100,CC,RF,0.10999999999999999,0.64,0.75
1641,100,CC,RF,0.13,0.22,0.09
1642,100,CC,RF,0.040000000000000036,0.42,0.46
1643,100,CC,RF,0.03999999999999998,0.24,0.2
1644,100,CC,RF,0.04000000000000001,0.22,0.18
1645,100,CC,RF,0.040000000000000036,0.42,0.46
1646,100,CC,RF,0.010000000000000009,0.27,0.28
1647,100,CC,RF,0.10999999999999999,0.68,0.79
1648,100,CC,RF,0.14,0.76,0.9
1649,100,CC,RF,0.12,0.68,0.8
1650,100,CC,RF,0.06,0.32,0.26
1651,100,CC,RF,0.019999999999999962,0.29,0.27
1652,100,CC,RF,0.0,0.25,0.25
1653,100,CC,RF,0.01999999999999999,0.15,0.13
1654,100,CC,RF,0.19999999999999996,0.74,0.94
1655,100,CC,RF,0.050000000000000044,0.35,0.4
1656,100,CC,RF,0.03,0.25,0.22
1657,100,CC,RF,0.18999999999999995,0.65,0.84
1658,100,CC,RF,0.0,0.39,0.39
1659,100,CC,RF,0.04000000000000001,0.07,0.03
1660,100,CC,RF,0.01999999999999999,0.18,0.16
1661,100,CC,RF,0.12,0.51,0.63
1662,100,CC,RF,0.10999999999999999,0.67,0.78
1663,100,CC,RF,0.07000000000000003,0.28,0.21
1664,100,CC,RF,0.10999999999999999,0.8,0.91
1665,100,CC,RF,0.15000000000000002,0.7,0.85
1666,100,CC,RF,0.14,0.7,0.84
1667,100,CC,RF,0.11000000000000001,0.33,0.22
1668,100,CC,RF,0.15000000000000002,0.2,0.05
1669,100,CC,RF,0.18999999999999995,0.67,0.86
1670,100,CC,RF,0.07,0.37,0.3
1671,100,CC,RF,0.040000000000000036,0.57,0.61
1672,100,CC,RF,0.09999999999999998,0.65,0.75
1673,100,CC,RF,0.1,0.22,0.12
1674,100,CC,RF,0.09999999999999998,0.68,0.78
1675,100,CC,RF,0.17000000000000004,0.76,0.93
1676,100,CC,RF,0.08999999999999997,0.63,0.72
1677,100,CC,RF,0.010000000000000009,0.43,0.44
1678,100,CC,RF,0.18000000000000005,0.69,0.87
1679,100,CC,RF,0.07,0.45,0.52
1680,100,CC,RF,0.10999999999999999,0.63,0.74
1681,100,CC,RF,0.12,0.7,0.82
1682,100,CC,RF,0.07999999999999996,0.66,0.74
1683,100,CC,RF,0.0,0.28,0.28
1684,100,CC,RF,0.12000000000000001,0.23,0.11
1685,100,CC,RF,0.0,0.23,0.23
1686,100,CC,RF,0.030000000000000027,0.53,0.5
1687,100,CC,RF,0.04999999999999999,0.45,0.5
1688,100,CC,RF,0.09999999999999998,0.48,0.58
1689,100,CC,RF,0.020000000000000018,0.37,0.39
1690,100,CC,RF,0.06000000000000005,0.72,0.78
1691,100,CC,RF,0.18000000000000005,0.73,0.91
1692,100,CC,RF,0.010000000000000009,0.25,0.24
1693,100,CC,RF,0.07999999999999996,0.65,0.73
1694,100,CC,RF,0.10000000000000009,0.57,0.67
1695,100,CC,RF,0.06,0.46,0.52
1696,100,CC,RF,0.04000000000000001,0.22,0.18
1697,100,CC,RF,0.17000000000000004,0.62,0.79
1698,100,CC,RF,0.20999999999999996,0.75,0.96
1699,100,CC,RF,0.14,0.58,0.72
1700,100,CC,RF,0.16000000000000003,0.75,0.91
1701,100,CC,RF,0.17999999999999994,0.8,0.98
1702,100,CC,RF,0.02999999999999997,0.32,0.35
1703,100,CC,RF,0.09999999999999998,0.53,0.63
1704,100,CC,RF,0.050000000000000044,0.52,0.47
1705,100,CC,RF,0.16999999999999993,0.81,0.98
1706,100,CC,RF,0.09,0.18,0.09
1707,100,CC,RF,0.040000000000000036,0.45,0.41
1708,100,CC,RF,0.14,0.73,0.87
1709,100,CC,RF,0.02999999999999997,0.31,0.28
1710,100,CC,RF,0.13,0.65,0.78
1711,100,CC,RF,0.02999999999999997,0.41,0.38
1712,100,CC,RF,0.20999999999999996,0.76,0.97
1713,100,CC,RF,0.21999999999999997,0.66,0.88
1714,100,CC,RF,0.04999999999999999,0.35,0.3
1715,100,CC,RF,0.17000000000000004,0.6,0.77
1716,100,CC,RF,0.010000000000000009,0.32,0.33
1717,100,CC,RF,0.030000000000000027,0.57,0.6
1718,100,CC,RF,0.10999999999999999,0.54,0.65
1719,100,CC,RF,0.10999999999999999,0.71,0.82
1720,100,CC,RF,0.09999999999999999,0.12,0.02
1721,100,CC,RF,0.11000000000000001,0.33,0.22
1722,100,CC,RF,0.15999999999999992,0.55,0.71
1723,100,CC,RF,0.10000000000000003,0.46,0.56
1724,100,CC,RF,0.03999999999999998,0.45,0.49
1725,100,CC,RF,0.11,0.16,0.05
1726,100,CC,RF,0.02999999999999997,0.37,0.34
1727,100,CC,RF,0.17999999999999994,0.68,0.86
1728,100,CC,RF,0.11000000000000001,0.14,0.03
1729,100,CC,RF,0.03999999999999998,0.43,0.39
1730,100,CC,RF,0.22999999999999998,0.71,0.94
1731,100,CC,RF,0.11,0.16,0.05
1732,100,CC,RF,0.13,0.61,0.74
1733,100,CC,RF,0.08000000000000002,0.33,0.25
1734,100,CC,RF,0.15000000000000002,0.71,0.86
1735,100,CC,RF,0.15000000000000002,0.59,0.74
1736,100,CC,RF,0.15000000000000002,0.73,0.88
1737,100,CC,RF,0.1,0.31,0.21
1738,100,CC,RF,0.09000000000000002,0.44,0.53
1739,100,CC,RF,0.09999999999999998,0.67,0.77
1740,100,CC,RF,0.07,0.31,0.24
1741,100,CC,RF,0.04000000000000001,0.27,0.23
1742,100,CC,RF,0.14,0.16,0.02
1743,100,CC,RF,0.16999999999999993,0.78,0.95
1744,100,CC,RF,0.06999999999999995,0.64,0.71
1745,100,CC,RF,0.09999999999999998,0.53,0.63
1746,100,CC,RF,0.14,0.6,0.74
1747,100,CC,RF,0.09000000000000002,0.44,0.53
1748,100,CC,RF,0.02999999999999997,0.44,0.47
1749,100,CC,RF,0.04999999999999999,0.39,0.44
1750,100,CC,RF,0.06000000000000005,0.58,0.64
1751,100,CC,RF,0.009999999999999981,0.21,0.2
1752,100,CC,RF,0.13,0.75,0.88
1753,100,CC,RF,0.1200000000000001,0.69,0.81
1754,100,CC,RF,0.019999999999999962,0.36,0.34
1755,100,CC,RF,0.039999999999999925,0.53,0.57
1756,100,CC,RF,0.06,0.2,0.14
1757,100,CC,RF,0.19999999999999996,0.77,0.97
1758,100,CC,RF,0.12,0.78,0.9
1759,100,CC,RF,0.19000000000000006,0.73,0.92
1760,100,CC,RF,0.010000000000000009,0.32,0.33
1761,100,CC,RF,0.06,0.22,0.16
1762,100,CC,RF,0.020000000000000018,0.23,0.21
1763,100,CC,RF,0.12,0.21,0.09
1764,100,CC,RF,0.08000000000000002,0.2,0.12
1765,100,CC,RF,0.07999999999999999,0.15,0.07
1766,100,CC,RF,0.16999999999999993,0.81,0.98
1767,100,CC,RF,0.1,0.17,0.07
1768,100,CC,RF,0.07999999999999999,0.21,0.13
1769,100,CC,RF,0.15999999999999992,0.66,0.82
1770,100,CC,RF,0.09999999999999998,0.48,0.58
1771,100,CC,RF,0.13,0.64,0.77
1772,100,CC,RF,0.08999999999999997,0.54,0.63
1773,100,CC,RF,0.14,0.74,0.88
1774,100,CC,RF,0.020000000000000018,0.61,0.63
1775,100,CC,RF,0.050000000000000044,0.47,0.52
1776,100,CC,RF,0.04999999999999993,0.66,0.71
1777,100,CC,RF,0.04999999999999999,0.49,0.44
1778,100,CC,RF,0.020000000000000018,0.32,0.34
1779,100,CC,RF,0.040000000000000036,0.42,0.46
1780,100,CC,RF,0.1,0.26,0.16
1781,100,CC,RF,0.09000000000000008,0.7,0.79
1782,100,CC,RF,0.0,0.26,0.26
1783,100,CC,RF,0.07,0.22,0.15
1784,100,CC,RF,0.020000000000000018,0.26,0.24
1785,100,CC,RF,0.15000000000000002,0.69,0.84
1786,100,CC,RF,0.04999999999999999,0.38,0.33
1787,100,CC,RF,0.16000000000000003,0.52,0.68
1788,100,CC,RF,0.20999999999999996,0.64,0.85
1789,100,CC,RF,0.15,0.22,0.07
1790,100,CC,RF,0.07999999999999996,0.68,0.76
1791,100,CC,RF,0.030000000000000027,0.33,0.3
1792,100,CC,RF,0.03,0.24,0.21
1793,100,CC,RF,0.1100000000000001,0.57,0.68
1794,100,CC,RF,0.19000000000000006,0.71,0.9
1795,100,CC,RF,0.020000000000000018,0.31,0.29
1796,100,CC,RF,0.07000000000000006,0.49,0.56
1797,100,CC,RF,0.0,0.28,0.28
1798,100,CC,RF,0.07000000000000006,0.48,0.55
1799,100,CC,RF,0.08999999999999997,0.53,0.62
1800,100,CC,RF,0.05999999999999994,0.55,0.61
1801,100,CC,RF,0.050000000000000044,0.57,0.62
1802,100,CC,RF,0.10999999999999999,0.24,0.13
1803,100,CC,RF,0.07999999999999996,0.61,0.69
1804,100,CC,RF,0.19000000000000006,0.48,0.67
1805,100,CC,RF,0.1100000000000001,0.57,0.68
1806,100,CC,RF,0.12,0.19,0.07
1807,100,CC,RF,0.030000000000000027,0.41,0.44
1808,100,CC,RF,0.030000000000000027,0.37,0.4
1809,100,CC,RF,0.05,0.13,0.08
1810,100,CC,RF,0.04000000000000001,0.26,0.22
1811,100,CC,RF,0.030000000000000027,0.41,0.44
1812,100,CC,RF,0.09999999999999998,0.64,0.74
1813,100,CC,RF,0.010000000000000009,0.22,0.23
1814,100,CC,RF,0.16999999999999993,0.65,0.82
1815,100,CC,RF,0.06000000000000005,0.48,0.54
1816,100,CC,RF,0.06000000000000005,0.7,0.76
1817,100,CC,RF,0.009999999999999953,0.46,0.47
1818,100,CC,RF,0.0,0.49,0.49
1819,100,CC,RF,0.14999999999999997,0.46,0.61
1820,100,CC,RF,0.17000000000000004,0.75,0.92
1821,100,CC,RF,0.04999999999999999,0.44,0.49
1822,100,CC,RF,0.08000000000000002,0.44,0.52
1823,100,CC,RF,0.10999999999999999,0.49,0.6
1824,100,CC,RF,0.13,0.6,0.73
1825,100,CC,RF,0.12,0.19,0.07
1826,100,CC,RF,0.08000000000000002,0.43,0.51
1827,100,CC,RF,0.019999999999999962,0.46,0.48
1828,100,CC,RF,0.17000000000000004,0.75,0.92
1829,100,CC,RF,0.02999999999999997,0.46,0.49
1830,100,CC,RF,0.009999999999999953,0.47,0.46
1831,100,CC,RF,0.15999999999999992,0.8,0.96
1832,100,CC,RF,0.010000000000000009,0.44,0.45
1833,100,CC,RF,0.06,0.24,0.18
1834,100,CC,RF,0.009999999999999981,0.2,0.21
1835,100,CC,RF,0.08000000000000002,0.17,0.09
1836,100,CC,RF,0.15,0.15,0.0
1837,100,CC,RF,0.010000000000000009,0.42,0.43
1838,100,CC,RF,0.15000000000000002,0.61,0.76
1839,100,CC,RF,0.16999999999999993,0.56,0.73
1840,100,CC,RF,0.12,0.15,0.03
1841,100,CC,RF,0.040000000000000036,0.52,0.56
1842,100,CC,RF,0.03,0.18,0.15
1843,100,CC,RF,0.1499999999999999,0.79,0.94
1844,100,CC,RF,0.01999999999999999,0.18,0.16
1845,100,CC,RF,0.15999999999999998,0.46,0.62
1846,100,CC,RF,0.02999999999999997,0.35,0.32
1847,100,CC,RF,0.07000000000000006,0.57,0.64
1848,100,CC,RF,0.03999999999999998,0.37,0.41
1849,100,CC,RF,0.13,0.62,0.75
1850,100,CC,RF,0.009999999999999981,0.24,0.23
1851,100,CC,RF,0.19000000000000006,0.71,0.9
1852,100,CC,RF,0.010000000000000009,0.51,0.5
1853,100,CC,RF,0.16000000000000003,0.59,0.75
1854,100,CC,RF,0.25,0.59,0.84
1855,100,CC,RF,0.24,0.75,0.99
1856,100,CC,RF,0.04000000000000001,0.26,0.22
1857,100,CC,RF,0.02999999999999997,0.31,0.28
1858,100,CC,RF,0.010000000000000009,0.26,0.25
1859,100,CC,RF,0.02999999999999997,0.29,0.26
1860,100,CC,RF,0.06999999999999995,0.51,0.58
1861,100,CC,RF,0.18999999999999995,0.8,0.99
1862,100,CC,RF,0.18999999999999995,0.8,0.99
1863,100,CC,RF,0.06,0.46,0.52
1864,100,CC,RF,0.020000000000000018,0.61,0.63
1865,100,CC,RF,0.15000000000000002,0.7,0.85
1866,100,CC,RF,0.16000000000000003,0.77,0.93
1867,100,CC,RF,0.06,0.26,0.2
1868,100,CC,RF,0.08000000000000002,0.44,0.52
1869,100,CC,RF,0.12,0.71,0.83
1870,100,CC,RF,0.010000000000000009,0.29,0.3
1871,100,CC,RF,0.03999999999999998,0.39,0.43
1872,100,CC,RF,0.21999999999999997,0.76,0.98
1873,100,CC,RF,0.22999999999999998,0.75,0.98
1874,100,CC,RF,0.18000000000000005,0.72,0.9
1875,100,CC,RF,0.10999999999999999,0.68,0.79
1876,100,CC,RF,0.010000000000000009,0.25,0.26
1877,100,CC,RF,0.030000000000000027,0.29,0.32
1878,100,CC,RF,0.040000000000000036,0.5,0.54
1879,100,CC,RF,0.12000000000000005,0.44,0.56
1880,100,CC,RF,0.020000000000000018,0.52,0.5
1881,100,CC,RF,0.08999999999999997,0.54,0.63
1882,100,CC,RF,0.07,0.33,0.4
1883,100,CC,RF,0.10999999999999999,0.63,0.74
1884,100,CC,RF,0.019999999999999962,0.35,0.33
1885,100,CC,RF,0.010000000000000009,0.32,0.33
1886,100,CC,RF,0.08000000000000002,0.2,0.12
1887,100,CC,RF,0.04000000000000001,0.22,0.18
1888,100,CC,RF,0.16000000000000003,0.69,0.85
1889,100,CC,RF,0.07,0.37,0.44
1890,100,CC,RF,0.06999999999999998,0.29,0.22
1891,100,CC,RF,0.10999999999999999,0.64,0.75
1892,100,CC,RF,0.07000000000000006,0.48,0.55
1893,100,CC,RF,0.19,0.21,0.02
1894,100,CC,RF,0.09999999999999998,0.41,0.31
1895,100,CC,RF,0.07999999999999999,0.25,0.17
1896,100,CC,RF,0.06000000000000005,0.59,0.65
1897,100,CC,RF,0.07,0.34,0.27
1898,100,CC,RF,0.06,0.12,0.06
1899,100,CC,RF,0.09999999999999999,0.15,0.05
1900,100,CC,RF,0.09999999999999998,0.48,0.58
1901,100,CC,RF,0.15000000000000002,0.17,0.02
1902,100,CC,RF,0.14,0.7,0.84
1903,100,CC,RF,0.09,0.24,0.15
1904,100,CC,RF,0.010000000000000009,0.59,0.6
1905,100,CC,RF,0.010000000000000009,0.45,0.44
1906,100,CC,RF,0.02999999999999997,0.47,0.44
1907,100,CC,RF,0.06,0.13,0.07
1908,100,CC,RF,0.12,0.68,0.8
1909,100,CC,RF,0.14,0.75,0.89
1910,100,CC,RF,0.09000000000000001,0.1,0.01
1911,100,CC,RF,0.04000000000000001,0.13,0.17
1912,100,CC,RF,0.14,0.76,0.9
1913,100,CC,RF,0.030000000000000027,0.51,0.54
1914,100,CC,RF,0.010000000000000009,0.16,0.15
1915,100,CC,RF,0.03999999999999998,0.24,0.2
1916,100,CC,RF,0.09999999999999998,0.55,0.65
1917,100,CC,RF,0.13,0.59,0.72
1918,100,CC,RF,0.029999999999999916,0.56,0.59
1919,100,CC,RF,0.21999999999999997,0.73,0.95
1920,100,CC,RF,0.06,0.43,0.49
1921,100,CC,RF,0.040000000000000036,0.34,0.3
1922,100,CC,RF,0.010000000000000009,0.48,0.47
1923,100,CC,RF,0.010000000000000009,0.36,0.35
1924,100,CC,RF,0.0,0.22,0.22
1925,100,CC,RF,0.12,0.16,0.04
1926,100,CC,RF,0.07,0.42,0.35
1927,100,CC,RF,0.15999999999999992,0.55,0.71
1928,100,CC,RF,0.1,0.11,0.01
1929,100,CC,RF,0.020000000000000018,0.41,0.43
1930,100,CC,RF,0.08999999999999997,0.55,0.64
1931,100,CC,RF,0.06999999999999995,0.54,0.61
1932,100,CC,RF,0.08999999999999997,0.68,0.77
1933,100,CC,RF,0.2300000000000001,0.58,0.81
1934,100,CC,RF,0.04999999999999993,0.66,0.71
1935,100,CC,RF,0.07999999999999999,0.18,0.1
1936,100,CC,RF,0.06,0.41,0.47
1937,100,CC,RF,0.12,0.48,0.6
1938,100,CC,RF,0.040000000000000036,0.28,0.24
1939,100,CC,RF,0.13,0.17,0.04
1940,100,CC,RF,0.04000000000000001,0.18,0.22
1941,100,CC,RF,0.020000000000000018,0.43,0.45
1942,100,CC,RF,0.06999999999999995,0.34,0.41
1943,100,CC,RF,0.04999999999999999,0.22,0.17
1944,100,CC,RF,0.05999999999999994,0.76,0.82
1945,100,CC,RF,0.21000000000000008,0.71,0.92
1946,100,CC,RF,0.03999999999999998,0.24,0.2
1947,100,CC,RF,0.16000000000000003,0.76,0.92
1948,100,CC,RF,0.13,0.14,0.01
1949,100,CC,RF,0.13,0.79,0.92
1950,100,CC,RF,0.18999999999999995,0.76,0.95
1951,100,CC,RF,0.09000000000000001,0.1,0.01
1952,100,CC,RF,0.14,0.62,0.76
1953,100,CC,RF,0.19999999999999996,0.77,0.97
1954,100,CC,RF,0.17000000000000004,0.73,0.9
1955,100,CC,RF,0.24,0.73,0.97
1956,100,CC,RF,0.07000000000000006,0.48,0.55
1957,100,CC,RF,0.10999999999999999,0.18,0.07
1958,100,CC,RF,0.20999999999999996,0.63,0.84
1959,100,CC,RF,0.04999999999999993,0.56,0.61
1960,100,CC,RF,0.13,0.48,0.61
1961,100,CC,RF,0.009999999999999953,0.4,0.41
1962,100,CC,RF,0.039999999999999925,0.53,0.57
1963,100,CC,RF,0.09,0.24,0.15
1964,100,CC,RF,0.08999999999999997,0.64,0.73
1965,100,CC,RF,0.10999999999999999,0.18,0.07
1966,100,CC,RF,0.15999999999999992,0.56,0.72
1967,100,CC,RF,0.15999999999999992,0.68,0.84
1968,100,CC,RF,0.04999999999999999,0.42,0.47
1969,100,CC,RF,0.020000000000000018,0.52,0.5
1970,100,CC,RF,0.0,0.31,0.31
1971,100,CC,RF,0.16999999999999993,0.79,0.96
1972,100,CC,RF,0.10999999999999999,0.62,0.73
1973,100,CC,RF,0.030000000000000027,0.39,0.36
1974,100,CC,RF,0.1,0.27,0.17
1975,100,CC,RF,0.05000000000000002,0.26,0.21
1976,100,CC,RF,0.020000000000000018,0.44,0.46
1977,100,CC,RF,0.19999999999999996,0.74,0.94
1978,100,CC,RF,0.09999999999999998,0.63,0.73
1979,100,CC,RF,0.12000000000000002,0.33,0.21
1980,100,CC,RF,0.14,0.71,0.85
1981,100,CC,RF,0.010000000000000009,0.36,0.37
1982,100,CC,RF,0.13,0.72,0.85
1983,100,CC,RF,0.03999999999999998,0.2,0.24
1984,100,CC,RF,0.020000000000000018,0.59,0.61
1985,100,CC,RF,0.14,0.78,0.92
1986,100,CC,RF,0.03999999999999998,0.29,0.25
1987,100,CC,RF,0.06999999999999995,0.62,0.69
1988,100,CC,RF,0.21999999999999997,0.76,0.98
1989,100,CC,RF,0.1,0.25,0.15
1990,100,CC,RF,0.09999999999999999,0.18,0.08
1991,100,CC,RF,0.09000000000000008,0.58,0.67
1992,100,CC,RF,0.07,0.4,0.33
1993,100,CC,RF,0.10999999999999999,0.18,0.07
1994,100,CC,RF,0.0,0.47,0.47
1995,100,CC,RF,0.07999999999999996,0.67,0.75
1996,100,CC,RF,0.019999999999999962,0.3,0.28
1997,100,CC,RF,0.06,0.39,0.33
1998,100,CC,RF,0.14,0.7,0.84
1999,100,CC,RF,0.0,0.52,0.52
0,200,CC,RF,0.17000000000000004,0.6,0.77
1,200,CC,RF,0.0050000000000000044,0.44,0.435
2,200,CC,RF,0.14,0.715,0.855
3,200,CC,RF,0.10499999999999998,0.59,0.695
4,200,CC,RF,0.08499999999999999,0.175,0.09
5,200,CC,RF,0.21499999999999997,0.76,0.975
6,200,CC,RF,0.07499999999999996,0.685,0.76
7,200,CC,RF,0.12,0.665,0.785
8,200,CC,RF,0.08499999999999999,0.21,0.125
9,200,CC,RF,0.040000000000000036,0.41,0.45
10,200,CC,RF,0.020000000000000018,0.39,0.37
11,200,CC,RF,0.19000000000000006,0.735,0.925
12,200,CC,RF,0.07500000000000007,0.565,0.64
13,200,CC,RF,0.125,0.695,0.82
14,200,CC,RF,0.020000000000000018,0.42,0.44
15,200,CC,RF,0.06499999999999997,0.29,0.225
16,200,CC,RF,0.05500000000000005,0.495,0.55
17,200,CC,RF,0.09,0.15,0.06
18,200,CC,RF,0.1449999999999999,0.68,0.825
19,200,CC,RF,0.08999999999999997,0.54,0.63
20,200,CC,RF,0.125,0.63,0.755
21,200,CC,RF,0.010000000000000009,0.36,0.35
22,200,CC,RF,0.20999999999999996,0.76,0.97
23,200,CC,RF,0.16500000000000004,0.725,0.89
24,200,CC,RF,0.125,0.65,0.775
25,200,CC,RF,0.065,0.255,0.19
26,200,CC,RF,0.025000000000000022,0.44,0.465
27,200,CC,RF,0.08499999999999999,0.125,0.04
28,200,CC,RF,0.05499999999999999,0.205,0.15
29,200,CC,RF,0.1100000000000001,0.57,0.68
30,200,CC,RF,0.08999999999999997,0.65,0.74
31,200,CC,RF,0.21999999999999997,0.745,0.965
32,200,CC,RF,0.015000000000000013,0.31,0.325
33,200,CC,RF,0.04999999999999999,0.42,0.37
34,200,CC,RF,0.009999999999999953,0.475,0.465
35,200,CC,RF,0.08000000000000002,0.265,0.185
36,200,CC,RF,0.07,0.195,0.125
37,200,CC,RF,0.04999999999999999,0.425,0.475
38,200,CC,RF,0.07499999999999998,0.3,0.225
39,200,CC,RF,0.07500000000000007,0.59,0.665
40,200,CC,RF,0.020000000000000018,0.455,0.435
41,200,CC,RF,0.16999999999999993,0.66,0.83
42,200,CC,RF,0.1449999999999999,0.555,0.7
43,200,CC,RF,0.0,0.31,0.31
44,200,CC,RF,0.16999999999999993,0.66,0.83
45,200,CC,RF,0.125,0.675,0.8
46,200,CC,RF,0.05499999999999999,0.44,0.385
47,200,CC,RF,0.015000000000000013,0.3,0.285
48,200,CC,RF,0.08000000000000007,0.6,0.68
49,200,CC,RF,0.07499999999999998,0.21,0.135
50,200,CC,RF,0.08000000000000002,0.275,0.195
51,200,CC,RF,0.16,0.165,0.005
52,200,CC,RF,0.11499999999999999,0.67,0.785
53,200,CC,RF,0.06500000000000006,0.595,0.66
54,200,CC,RF,0.11499999999999999,0.59,0.705
55,200,CC,RF,0.12,0.66,0.78
56,200,CC,RF,0.07500000000000001,0.38,0.455
57,200,CC,RF,0.0,0.565,0.565
58,200,CC,RF,0.014999999999999986,0.15,0.135
59,200,CC,RF,0.05,0.16,0.11
60,200,CC,RF,0.15000000000000002,0.515,0.665
61,200,CC,RF,0.0,0.47,0.47
62,200,CC,RF,0.04499999999999993,0.52,0.565
63,200,CC,RF,0.07000000000000006,0.69,0.76
64,200,CC,RF,0.14,0.49,0.63
65,200,CC,RF,0.020000000000000018,0.53,0.55
66,200,CC,RF,0.09000000000000002,0.465,0.555
67,200,CC,RF,0.05499999999999999,0.355,0.3
68,200,CC,RF,0.11499999999999999,0.145,0.03
69,200,CC,RF,0.034999999999999976,0.4,0.435
70,200,CC,RF,0.04000000000000001,0.25,0.21
71,200,CC,RF,0.019999999999999962,0.425,0.405
72,200,CC,RF,0.16000000000000003,0.69,0.85
73,200,CC,RF,0.07499999999999998,0.305,0.23
74,200,CC,RF,0.12,0.175,0.055
75,200,CC,RF,0.04999999999999999,0.33,0.28
76,200,CC,RF,0.020000000000000018,0.31,0.29
77,200,CC,RF,0.06000000000000005,0.6,0.66
78,200,CC,RF,0.03500000000000003,0.52,0.555
79,200,CC,RF,0.16000000000000003,0.62,0.78
80,200,CC,RF,0.10999999999999999,0.55,0.66
81,200,CC,RF,0.009999999999999953,0.415,0.405
82,200,CC,RF,0.125,0.685,0.81
83,200,CC,RF,0.11500000000000002,0.28,0.165
84,200,CC,RF,0.13,0.15,0.02
85,200,CC,RF,0.13,0.22,0.09
86,200,CC,RF,0.12,0.6,0.72
87,200,CC,RF,0.020000000000000018,0.44,0.46
88,200,CC,RF,0.09,0.25,0.16
89,200,CC,RF,0.034999999999999976,0.465,0.5
90,200,CC,RF,0.07500000000000001,0.225,0.15
91,200,CC,RF,0.1349999999999999,0.56,0.695
92,200,CC,RF,0.010000000000000009,0.455,0.445
93,200,CC,RF,0.015000000000000013,0.365,0.38
94,200,CC,RF,0.0,0.3,0.3
95,200,CC,RF,0.09499999999999997,0.535,0.63
96,200,CC,RF,0.010000000000000009,0.37,0.36
97,200,CC,RF,0.12499999999999999,0.21,0.085
98,200,CC,RF,0.059999999999999984,0.175,0.115
99,200,CC,RF,0.20999999999999996,0.75,0.96
100,200,CC,RF,0.19500000000000006,0.71,0.905
101,200,CC,RF,0.08499999999999996,0.61,0.695
102,200,CC,RF,0.07999999999999996,0.345,0.265
103,200,CC,RF,0.16999999999999993,0.795,0.965
104,200,CC,RF,0.09999999999999998,0.675,0.775
105,200,CC,RF,0.12,0.595,0.715
106,200,CC,RF,0.0050000000000000044,0.44,0.445
107,200,CC,RF,0.065,0.335,0.27
108,200,CC,RF,0.07999999999999999,0.175,0.095
109,200,CC,RF,0.15500000000000003,0.745,0.9
110,200,CC,RF,0.015000000000000013,0.44,0.455
111,200,CC,RF,0.05499999999999999,0.255,0.2
112,200,CC,RF,0.015000000000000013,0.32,0.305
113,200,CC,RF,0.05499999999999994,0.52,0.575
114,200,CC,RF,0.10000000000000003,0.275,0.175
115,200,CC,RF,0.135,0.72,0.855
116,200,CC,RF,0.09999999999999998,0.655,0.755
117,200,CC,RF,0.09499999999999997,0.62,0.715
118,200,CC,RF,0.0050000000000000044,0.425,0.43
119,200,CC,RF,0.09499999999999997,0.53,0.625
120,200,CC,RF,0.039999999999999925,0.54,0.58
121,200,CC,RF,0.06500000000000006,0.58,0.645
122,200,CC,RF,0.06499999999999999,0.145,0.08
123,200,CC,RF,0.02999999999999997,0.385,0.415
124,200,CC,RF,0.12,0.16,0.04
125,200,CC,RF,0.034999999999999976,0.455,0.49
126,200,CC,RF,0.06,0.385,0.325
127,200,CC,RF,0.08499999999999999,0.225,0.14
128,200,CC,RF,0.065,0.165,0.1
129,200,CC,RF,0.04999999999999993,0.535,0.585
130,200,CC,RF,0.06,0.23,0.17
131,200,CC,RF,0.16500000000000004,0.76,0.925
132,200,CC,RF,0.05999999999999994,0.52,0.58
133,200,CC,RF,0.004999999999999949,0.34,0.345
134,200,CC,RF,0.05999999999999994,0.53,0.59
135,200,CC,RF,0.11,0.13,0.02
136,200,CC,RF,0.17499999999999993,0.78,0.955
137,200,CC,RF,0.010000000000000009,0.49,0.48
138,200,CC,RF,0.16000000000000003,0.62,0.78
139,200,CC,RF,0.09499999999999999,0.175,0.08
140,200,CC,RF,0.07999999999999996,0.405,0.485
141,200,CC,RF,0.05499999999999999,0.435,0.49
142,200,CC,RF,0.17000000000000004,0.765,0.935
143,200,CC,RF,0.08499999999999996,0.485,0.57
144,200,CC,RF,0.06,0.41,0.47
145,200,CC,RF,0.034999999999999976,0.3,0.265
146,200,CC,RF,0.024999999999999967,0.355,0.33
147,200,CC,RF,0.09500000000000003,0.425,0.52
148,200,CC,RF,0.03999999999999998,0.395,0.435
149,200,CC,RF,0.09999999999999999,0.12,0.02
150,200,CC,RF,0.1399999999999999,0.685,0.825
151,200,CC,RF,0.13,0.765,0.895
152,200,CC,RF,0.09499999999999997,0.235,0.14
153,200,CC,RF,0.07000000000000006,0.48,0.55
154,200,CC,RF,0.06500000000000002,0.17,0.105
155,200,CC,RF,0.13,0.54,0.67
156,200,CC,RF,0.04999999999999999,0.33,0.28
157,200,CC,RF,0.135,0.52,0.655
158,200,CC,RF,0.14,0.585,0.725
159,200,CC,RF,0.09999999999999998,0.665,0.765
160,200,CC,RF,0.06999999999999999,0.175,0.105
161,200,CC,RF,0.20000000000000007,0.715,0.915
162,200,CC,RF,0.05999999999999997,0.29,0.23
163,200,CC,RF,0.125,0.16,0.035
164,200,CC,RF,0.050000000000000044,0.5,0.55
165,200,CC,RF,0.015000000000000013,0.355,0.37
166,200,CC,RF,0.125,0.7,0.825
167,200,CC,RF,0.12,0.685,0.805
168,200,CC,RF,0.044999999999999984,0.36,0.315
169,200,CC,RF,0.19999999999999996,0.75,0.95
170,200,CC,RF,0.04500000000000004,0.335,0.29
171,200,CC,RF,0.07,0.445,0.515
172,200,CC,RF,0.03999999999999998,0.295,0.255
173,200,CC,RF,0.2250000000000001,0.71,0.935
174,200,CC,RF,0.10500000000000001,0.265,0.16
175,200,CC,RF,0.07999999999999999,0.12,0.04
176,200,CC,RF,0.034999999999999976,0.4,0.435
177,200,CC,RF,0.16500000000000004,0.825,0.99
178,200,CC,RF,0.17000000000000004,0.72,0.89
179,200,CC,RF,0.05999999999999994,0.685,0.745
180,200,CC,RF,0.135,0.755,0.89
181,200,CC,RF,0.18000000000000005,0.71,0.89
182,200,CC,RF,0.040000000000000036,0.475,0.515
183,200,CC,RF,0.025000000000000022,0.34,0.315
184,200,CC,RF,0.08999999999999997,0.68,0.77
185,200,CC,RF,0.08500000000000008,0.575,0.66
186,200,CC,RF,0.025000000000000022,0.345,0.37
187,200,CC,RF,0.07500000000000001,0.165,0.09
188,200,CC,RF,0.07499999999999996,0.67,0.745
189,200,CC,RF,0.020000000000000018,0.28,0.26
190,200,CC,RF,0.16000000000000003,0.775,0.935
191,200,CC,RF,0.05499999999999999,0.295,0.24
192,200,CC,RF,0.09,0.21,0.12
193,200,CC,RF,0.13,0.7,0.83
194,200,CC,RF,0.10500000000000001,0.255,0.15
195,200,CC,RF,0.07500000000000001,0.25,0.175
196,200,CC,RF,0.11499999999999999,0.48,0.595
197,200,CC,RF,0.22999999999999998,0.64,0.87
198,200,CC,RF,0.035,0.23,0.195
199,200,CC,RF,0.0050000000000000044,0.305,0.31
200,200,CC,RF,0.17500000000000004,0.6,0.775
201,200,CC,RF,0.22999999999999998,0.74,0.97
202,200,CC,RF,0.07,0.43,0.5
203,200,CC,RF,0.06,0.2,0.14
204,200,CC,RF,0.12000000000000001,0.13,0.01
205,200,CC,RF,0.024999999999999994,0.25,0.225
206,200,CC,RF,0.09,0.22,0.13
207,200,CC,RF,0.11499999999999999,0.56,0.675
208,200,CC,RF,0.07500000000000001,0.195,0.12
209,200,CC,RF,0.065,0.44,0.505
210,200,CC,RF,0.1399999999999999,0.55,0.69
211,200,CC,RF,0.04999999999999993,0.53,0.58
212,200,CC,RF,0.03999999999999998,0.235,0.195
213,200,CC,RF,0.07000000000000006,0.73,0.8
214,200,CC,RF,0.06999999999999995,0.645,0.715
215,200,CC,RF,0.11499999999999999,0.62,0.735
216,200,CC,RF,0.095,0.225,0.13
217,200,CC,RF,0.05499999999999999,0.175,0.12
218,200,CC,RF,0.18000000000000005,0.745,0.925
219,200,CC,RF,0.0050000000000000044,0.39,0.395
220,200,CC,RF,0.030000000000000027,0.33,0.3
221,200,CC,RF,0.03999999999999998,0.445,0.485
222,200,CC,RF,0.13,0.53,0.66
223,200,CC,RF,0.24,0.715,0.955
224,200,CC,RF,0.010000000000000009,0.295,0.285
225,200,CC,RF,0.20500000000000007,0.715,0.92
226,200,CC,RF,0.11,0.13,0.02
227,200,CC,RF,0.09000000000000002,0.465,0.555
228,200,CC,RF,0.06000000000000005,0.57,0.63
229,200,CC,RF,0.11,0.215,0.105
230,200,CC,RF,0.11499999999999999,0.255,0.14
231,200,CC,RF,0.019999999999999962,0.395,0.415
232,200,CC,RF,0.20999999999999996,0.755,0.965
233,200,CC,RF,0.010000000000000009,0.585,0.595
234,200,CC,RF,0.17000000000000004,0.76,0.93
235,200,CC,RF,0.11499999999999999,0.685,0.8
236,200,CC,RF,0.07500000000000001,0.39,0.465
237,200,CC,RF,0.14500000000000002,0.635,0.78
238,200,CC,RF,0.095,0.11,0.015
239,200,CC,RF,0.075,0.18,0.105
240,200,CC,RF,0.135,0.69,0.825
241,200,CC,RF,0.17000000000000004,0.625,0.795
242,200,CC,RF,0.06999999999999998,0.3,0.23
243,200,CC,RF,0.09500000000000003,0.435,0.53
244,200,CC,RF,0.07499999999999996,0.53,0.605
245,200,CC,RF,0.17000000000000004,0.695,0.865
246,200,CC,RF,0.08499999999999996,0.515,0.6
247,200,CC,RF,0.009999999999999953,0.4,0.41
248,200,CC,RF,0.0050000000000000044,0.375,0.37
249,200,CC,RF,0.0050000000000000044,0.42,0.425
250,200,CC,RF,0.07500000000000007,0.575,0.65
251,200,CC,RF,0.15500000000000003,0.71,0.865
252,200,CC,RF,0.044999999999999984,0.405,0.45
253,200,CC,RF,0.01999999999999999,0.225,0.245
254,200,CC,RF,0.040000000000000036,0.275,0.235
255,200,CC,RF,0.07999999999999996,0.665,0.745
256,200,CC,RF,0.1299999999999999,0.685,0.815
257,200,CC,RF,0.05,0.155,0.105
258,200,CC,RF,0.08499999999999999,0.15,0.065
259,200,CC,RF,0.04999999999999993,0.54,0.59
260,200,CC,RF,0.08500000000000002,0.23,0.145
261,200,CC,RF,0.11499999999999999,0.705,0.82
262,200,CC,RF,0.015000000000000013,0.295,0.31
263,200,CC,RF,0.10999999999999999,0.25,0.14
264,200,CC,RF,0.15000000000000002,0.77,0.92
265,200,CC,RF,0.07999999999999999,0.245,0.165
266,200,CC,RF,0.044999999999999984,0.325,0.28
267,200,CC,RF,0.1,0.25,0.15
268,200,CC,RF,0.09999999999999999,0.215,0.115
269,200,CC,RF,0.12000000000000001,0.14,0.02
270,200,CC,RF,0.14500000000000002,0.2,0.055
271,200,CC,RF,0.044999999999999984,0.215,0.17
272,200,CC,RF,0.075,0.125,0.05
273,200,CC,RF,0.07499999999999996,0.515,0.59
274,200,CC,RF,0.14,0.54,0.68
275,200,CC,RF,0.015000000000000013,0.375,0.39
276,200,CC,RF,0.010000000000000009,0.305,0.315
277,200,CC,RF,0.08500000000000002,0.415,0.5
278,200,CC,RF,0.14,0.735,0.875
279,200,CC,RF,0.18999999999999995,0.66,0.85
280,200,CC,RF,0.10999999999999999,0.15,0.04
281,200,CC,RF,0.05000000000000002,0.23,0.18
282,200,CC,RF,0.020000000000000018,0.255,0.235
283,200,CC,RF,0.025000000000000022,0.27,0.245
284,200,CC,RF,0.09499999999999997,0.475,0.57
285,200,CC,RF,0.044999999999999984,0.37,0.415
286,200,CC,RF,0.09000000000000001,0.135,0.045
287,200,CC,RF,0.025000000000000022,0.395,0.37
288,200,CC,RF,0.03500000000000003,0.485,0.52
289,200,CC,RF,0.09,0.19,0.1
290,200,CC,RF,0.14,0.69,0.83
291,200,CC,RF,0.135,0.185,0.05
292,200,CC,RF,0.15000000000000002,0.77,0.92
293,200,CC,RF,0.07500000000000001,0.17,0.095
294,200,CC,RF,0.10999999999999999,0.73,0.84
295,200,CC,RF,0.18000000000000005,0.72,0.9
296,200,CC,RF,0.255,0.72,0.975
297,200,CC,RF,0.14500000000000002,0.655,0.8
298,200,CC,RF,0.14,0.635,0.775
299,200,CC,RF,0.09999999999999998,0.54,0.64
300,200,CC,RF,0.125,0.65,0.775
301,200,CC,RF,0.08499999999999999,0.215,0.13
302,200,CC,RF,0.06000000000000005,0.475,0.535
303,200,CC,RF,0.065,0.445,0.51
304,200,CC,RF,0.10999999999999999,0.745,0.855
305,200,CC,RF,0.040000000000000036,0.42,0.46
306,200,CC,RF,0.020000000000000018,0.365,0.385
307,200,CC,RF,0.09499999999999997,0.54,0.635
308,200,CC,RF,0.034999999999999976,0.3,0.265
309,200,CC,RF,0.06999999999999998,0.205,0.135
310,200,CC,RF,0.034999999999999976,0.44,0.475
311,200,CC,RF,0.0050000000000000044,0.41,0.415
312,200,CC,RF,0.05999999999999997,0.29,0.23
313,200,CC,RF,0.020000000000000018,0.345,0.365
314,200,CC,RF,0.0050000000000000044,0.37,0.365
315,200,CC,RF,0.034999999999999976,0.36,0.325
316,200,CC,RF,0.0,0.375,0.375
317,200,CC,RF,0.08500000000000008,0.6,0.685
318,200,CC,RF,0.09000000000000002,0.385,0.295
319,200,CC,RF,0.15499999999999992,0.79,0.945
320,200,CC,RF,0.19000000000000006,0.725,0.915
321,200,CC,RF,0.0050000000000000044,0.475,0.48
322,200,CC,RF,0.0,0.325,0.325
323,200,CC,RF,0.06000000000000005,0.475,0.535
324,200,CC,RF,0.15999999999999992,0.685,0.845
325,200,CC,RF,0.11499999999999999,0.535,0.65
326,200,CC,RF,0.12,0.68,0.8
327,200,CC,RF,0.07500000000000001,0.455,0.53
328,200,CC,RF,0.08999999999999997,0.54,0.63
329,200,CC,RF,0.020000000000000018,0.305,0.285
330,200,CC,RF,0.08499999999999996,0.645,0.73
331,200,CC,RF,0.07500000000000001,0.275,0.2
332,200,CC,RF,0.09999999999999998,0.59,0.69
333,200,CC,RF,0.09499999999999997,0.765,0.86
334,200,CC,RF,0.095,0.225,0.13
335,200,CC,RF,0.10999999999999999,0.5,0.61
336,200,CC,RF,0.1,0.195,0.095
337,200,CC,RF,0.09999999999999998,0.625,0.725
338,200,CC,RF,0.12499999999999999,0.205,0.08
339,200,CC,RF,0.18000000000000005,0.755,0.935
340,200,CC,RF,0.06999999999999998,0.205,0.135
341,200,CC,RF,0.22999999999999998,0.725,0.955
342,200,CC,RF,0.17000000000000004,0.63,0.8
343,200,CC,RF,0.06999999999999995,0.52,0.59
344,200,CC,RF,0.135,0.645,0.78
345,200,CC,RF,0.135,0.66,0.795
346,200,CC,RF,0.15999999999999992,0.785,0.945
347,200,CC,RF,0.044999999999999984,0.295,0.25
348,200,CC,RF,0.07499999999999996,0.515,0.59
349,200,CC,RF,0.13,0.225,0.095
350,200,CC,RF,0.050000000000000044,0.565,0.615
351,200,CC,RF,0.07499999999999998,0.245,0.17
352,200,CC,RF,0.11000000000000004,0.45,0.56
353,200,CC,RF,0.03499999999999992,0.535,0.57
354,200,CC,RF,0.07,0.395,0.465
355,200,CC,RF,0.07,0.45,0.52
356,200,CC,RF,0.12,0.64,0.76
357,200,CC,RF,0.10999999999999999,0.685,0.795
358,200,CC,RF,0.010000000000000009,0.48,0.49
359,200,CC,RF,0.06499999999999995,0.53,0.595
360,200,CC,RF,0.18500000000000005,0.745,0.93
361,200,CC,RF,0.085,0.2,0.115
362,200,CC,RF,0.075,0.19,0.115
363,200,CC,RF,0.08,0.165,0.085
364,200,CC,RF,0.09000000000000008,0.565,0.655
365,200,CC,RF,0.024999999999999967,0.39,0.415
366,200,CC,RF,0.14,0.63,0.77
367,200,CC,RF,0.1050000000000001,0.565,0.67
368,200,CC,RF,0.03999999999999998,0.37,0.33
369,200,CC,RF,0.20500000000000007,0.69,0.895
370,200,CC,RF,0.09999999999999998,0.66,0.76
371,200,CC,RF,0.03999999999999998,0.31,0.27
372,200,CC,RF,0.030000000000000027,0.39,0.36
373,200,CC,RF,0.015000000000000013,0.295,0.31
374,200,CC,RF,0.06,0.215,0.155
375,200,CC,RF,0.095,0.24,0.145
376,200,CC,RF,0.14,0.795,0.935
377,200,CC,RF,0.0050000000000000044,0.43,0.435
378,200,CC,RF,0.0,0.38,0.38
379,200,CC,RF,0.12,0.605,0.725
380,200,CC,RF,0.08500000000000002,0.465,0.55
381,200,CC,RF,0.1100000000000001,0.825,0.935
382,200,CC,RF,0.20000000000000007,0.58,0.78
383,200,CC,RF,0.009999999999999953,0.465,0.475
384,200,CC,RF,0.010000000000000009,0.365,0.375
385,200,CC,RF,0.18999999999999995,0.795,0.985
386,200,CC,RF,0.15499999999999992,0.56,0.715
387,200,CC,RF,0.1499999999999999,0.8,0.95
388,200,CC,RF,0.075,0.19,0.115
389,200,CC,RF,0.14,0.71,0.85
390,200,CC,RF,0.11499999999999999,0.52,0.635
391,200,CC,RF,0.10500000000000001,0.225,0.12
392,200,CC,RF,0.04999999999999993,0.535,0.585
393,200,CC,RF,0.13,0.555,0.685
394,200,CC,RF,0.115,0.125,0.01
395,200,CC,RF,0.0050000000000000044,0.455,0.45
396,200,CC,RF,0.1499999999999999,0.675,0.825
397,200,CC,RF,0.025000000000000022,0.32,0.295
398,200,CC,RF,0.04500000000000004,0.41,0.455
399,200,CC,RF,0.025000000000000022,0.465,0.44
400,200,CC,RF,0.030000000000000027,0.33,0.3
401,200,CC,RF,0.18500000000000005,0.73,0.915
402,200,CC,RF,0.135,0.645,0.78
403,200,CC,RF,0.075,0.185,0.11
404,200,CC,RF,0.17500000000000004,0.82,0.995
405,200,CC,RF,0.09999999999999998,0.775,0.875
406,200,CC,RF,0.034999999999999976,0.315,0.28
407,200,CC,RF,0.20499999999999996,0.63,0.835
408,200,CC,RF,0.09999999999999999,0.205,0.105
409,200,CC,RF,0.20999999999999996,0.785,0.995
410,200,CC,RF,0.10000000000000009,0.565,0.665
411,200,CC,RF,0.08999999999999997,0.56,0.65
412,200,CC,RF,0.11000000000000001,0.2,0.09
413,200,CC,RF,0.14,0.755,0.895
414,200,CC,RF,0.135,0.16,0.025
415,200,CC,RF,0.03999999999999998,0.2,0.24
416,200,CC,RF,0.11499999999999999,0.255,0.14
417,200,CC,RF,0.09499999999999997,0.68,0.775
418,200,CC,RF,0.024999999999999994,0.22,0.195
419,200,CC,RF,0.16000000000000003,0.75,0.91
420,200,CC,RF,0.050000000000000044,0.605,0.655
421,200,CC,RF,0.095,0.13,0.035
422,200,CC,RF,0.075,0.08,0.005
423,200,CC,RF,0.13,0.18,0.05
424,200,CC,RF,0.08999999999999997,0.515,0.605
425,200,CC,RF,0.15000000000000002,0.65,0.8
426,200,CC,RF,0.065,0.3,0.235
427,200,CC,RF,0.11499999999999999,0.73,0.845
428,200,CC,RF,0.095,0.15,0.055
429,200,CC,RF,0.16000000000000003,0.64,0.8
430,200,CC,RF,0.21500000000000008,0.71,0.925
431,200,CC,RF,0.18000000000000005,0.59,0.77
432,200,CC,RF,0.10999999999999999,0.585,0.695
433,200,CC,RF,0.11499999999999999,0.72,0.835
434,200,CC,RF,0.10499999999999998,0.145,0.04
435,200,CC,RF,0.06,0.26,0.2
436,200,CC,RF,0.065,0.185,0.12
437,200,CC,RF,0.04999999999999999,0.45,0.5
438,200,CC,RF,0.11499999999999999,0.63,0.745
439,200,CC,RF,0.050000000000000044,0.58,0.63
440,200,CC,RF,0.10999999999999999,0.74,0.85
441,200,CC,RF,0.04999999999999999,0.205,0.155
442,200,CC,RF,0.13,0.6,0.73
443,200,CC,RF,0.09499999999999997,0.285,0.19
444,200,CC,RF,0.02999999999999997,0.3,0.27
445,200,CC,RF,0.11499999999999999,0.59,0.705
446,200,CC,RF,0.21999999999999997,0.76,0.98
447,200,CC,RF,0.05999999999999994,0.55,0.61
448,200,CC,RF,0.05,0.1,0.05
449,200,CC,RF,0.10999999999999999,0.505,0.615
450,200,CC,RF,0.10999999999999999,0.15,0.04
451,200,CC,RF,0.20999999999999996,0.67,0.88
452,200,CC,RF,0.09499999999999997,0.61,0.705
453,200,CC,RF,0.044999999999999984,0.215,0.17
454,200,CC,RF,0.08000000000000002,0.17,0.09
455,200,CC,RF,0.09500000000000003,0.275,0.18
456,200,CC,RF,0.22499999999999998,0.755,0.98
457,200,CC,RF,0.04999999999999999,0.405,0.455
458,200,CC,RF,0.08500000000000008,0.695,0.78
459,200,CC,RF,0.050000000000000044,0.585,0.635
460,200,CC,RF,0.04499999999999993,0.525,0.57
461,200,CC,RF,0.08500000000000002,0.23,0.145
462,200,CC,RF,0.17999999999999994,0.765,0.945
463,200,CC,RF,0.015000000000000013,0.285,0.3
464,200,CC,RF,0.09999999999999998,0.475,0.575
465,200,CC,RF,0.125,0.57,0.695
466,200,CC,RF,0.08000000000000007,0.565,0.645
467,200,CC,RF,0.235,0.705,0.94
468,200,CC,RF,0.04500000000000001,0.19,0.145
469,200,CC,RF,0.09500000000000003,0.41,0.505
470,200,CC,RF,0.030000000000000027,0.37,0.4
471,200,CC,RF,0.09499999999999997,0.375,0.47
472,200,CC,RF,0.075,0.19,0.115
473,200,CC,RF,0.1,0.23,0.13
474,200,CC,RF,0.07499999999999996,0.35,0.275
475,200,CC,RF,0.06,0.36,0.3
476,200,CC,RF,0.024999999999999967,0.4,0.425
477,200,CC,RF,0.06999999999999995,0.54,0.61
478,200,CC,RF,0.06500000000000006,0.565,0.63
479,200,CC,RF,0.044999999999999984,0.365,0.41
480,200,CC,RF,0.025000000000000022,0.38,0.405
481,200,CC,RF,0.05500000000000002,0.27,0.215
482,200,CC,RF,0.05999999999999994,0.525,0.585
483,200,CC,RF,0.03999999999999998,0.355,0.315
484,200,CC,RF,0.13999999999999999,0.175,0.035
485,200,CC,RF,0.02999999999999997,0.385,0.415
486,200,CC,RF,0.009999999999999953,0.46,0.47
487,200,CC,RF,0.05999999999999997,0.285,0.225
488,200,CC,RF,0.07999999999999996,0.49,0.57
489,200,CC,RF,0.08499999999999996,0.48,0.565
490,200,CC,RF,0.10499999999999998,0.595,0.7
491,200,CC,RF,0.09499999999999997,0.55,0.645
492,200,CC,RF,0.07500000000000007,0.575,0.65
493,200,CC,RF,0.05499999999999999,0.37,0.315
494,200,CC,RF,0.08000000000000007,0.705,0.785
495,200,CC,RF,0.050000000000000044,0.495,0.545
496,200,CC,RF,0.03999999999999998,0.47,0.43
497,200,CC,RF,0.050000000000000044,0.575,0.625
498,200,CC,RF,0.0050000000000000044,0.365,0.36
499,200,CC,RF,0.03500000000000003,0.475,0.51
500,200,CC,RF,0.14,0.595,0.735
501,200,CC,RF,0.19000000000000006,0.695,0.885
502,200,CC,RF,0.18000000000000005,0.74,0.92
503,200,CC,RF,0.05499999999999999,0.445,0.5
504,200,CC,RF,0.04500000000000004,0.475,0.52
505,200,CC,RF,0.15500000000000003,0.64,0.795
506,200,CC,RF,0.03999999999999998,0.35,0.31
507,200,CC,RF,0.14,0.695,0.835
508,200,CC,RF,0.0,0.49,0.49
509,200,CC,RF,0.075,0.19,0.115
510,200,CC,RF,0.13,0.2,0.07
511,200,CC,RF,0.19999999999999996,0.64,0.84
512,200,CC,RF,0.14500000000000002,0.2,0.055
513,200,CC,RF,0.02999999999999997,0.31,0.28
514,200,CC,RF,0.019999999999999962,0.35,0.33
515,200,CC,RF,0.03999999999999998,0.21,0.17
516,200,CC,RF,0.044999999999999984,0.355,0.31
517,200,CC,RF,0.050000000000000044,0.69,0.74
518,200,CC,RF,0.12000000000000001,0.13,0.01
519,200,CC,RF,0.15499999999999992,0.67,0.825
520,200,CC,RF,0.18499999999999994,0.67,0.855
521,200,CC,RF,0.044999999999999984,0.325,0.37
522,200,CC,RF,0.07500000000000001,0.225,0.15
523,200,CC,RF,0.07499999999999996,0.525,0.6
524,200,CC,RF,0.08999999999999998,0.205,0.115
525,200,CC,RF,0.015000000000000013,0.345,0.36
526,200,CC,RF,0.235,0.72,0.955
527,200,CC,RF,0.24,0.755,0.995
528,200,CC,RF,0.09499999999999997,0.675,0.77
529,200,CC,RF,0.025000000000000022,0.335,0.31
530,200,CC,RF,0.1100000000000001,0.575,0.685
531,200,CC,RF,0.10999999999999999,0.595,0.705
532,200,CC,RF,0.015000000000000013,0.4,0.385
533,200,CC,RF,0.11499999999999999,0.525,0.64
534,200,CC,RF,0.085,0.095,0.01
535,200,CC,RF,0.12000000000000002,0.325,0.205
536,200,CC,RF,0.065,0.46,0.525
537,200,CC,RF,0.07,0.23,0.16
538,200,CC,RF,0.035,0.2,0.165
539,200,CC,RF,0.10499999999999998,0.73,0.835
540,200,CC,RF,0.19999999999999996,0.785,0.985
541,200,CC,RF,0.05500000000000005,0.5,0.555
542,200,CC,RF,0.19499999999999995,0.64,0.835
543,200,CC,RF,0.17999999999999994,0.81,0.99
544,200,CC,RF,0.09,0.23,0.14
545,200,CC,RF,0.0050000000000000044,0.44,0.445
546,200,CC,RF,0.0,0.39,0.39
547,200,CC,RF,0.09499999999999999,0.175,0.08
548,200,CC,RF,0.14500000000000002,0.61,0.755
549,200,CC,RF,0.010000000000000009,0.42,0.43
550,200,CC,RF,0.014999999999999958,0.48,0.465
551,200,CC,RF,0.08499999999999999,0.235,0.15
552,200,CC,RF,0.03,0.21,0.18
553,200,CC,RF,0.15500000000000003,0.75,0.905
554,200,CC,RF,0.125,0.165,0.04
555,200,CC,RF,0.054999999999999966,0.285,0.23
556,200,CC,RF,0.0050000000000000044,0.285,0.29
557,200,CC,RF,0.020000000000000018,0.47,0.49
558,200,CC,RF,0.07999999999999996,0.505,0.585
559,200,CC,RF,0.020000000000000018,0.47,0.49
560,200,CC,RF,0.09000000000000001,0.17,0.08
561,200,CC,RF,0.07500000000000001,0.315,0.24
562,200,CC,RF,0.16999999999999993,0.67,0.84
563,200,CC,RF,0.06500000000000006,0.57,0.635
564,200,CC,RF,0.08999999999999997,0.555,0.645
565,200,CC,RF,0.09500000000000008,0.575,0.67
566,200,CC,RF,0.15000000000000002,0.61,0.76
567,200,CC,RF,0.09,0.145,0.055
568,200,CC,RF,0.010000000000000009,0.355,0.365
569,200,CC,RF,0.05500000000000005,0.48,0.535
570,200,CC,RF,0.014999999999999958,0.35,0.335
571,200,CC,RF,0.15000000000000002,0.69,0.84
572,200,CC,RF,0.0050000000000000044,0.475,0.48
573,200,CC,RF,0.10499999999999998,0.66,0.765
574,200,CC,RF,0.16499999999999992,0.685,0.85
575,200,CC,RF,0.044999999999999984,0.455,0.5
576,200,CC,RF,0.15000000000000002,0.755,0.905
577,200,CC,RF,0.0050000000000000044,0.58,0.585
578,200,CC,RF,0.12,0.73,0.85
579,200,CC,RF,0.02999999999999997,0.37,0.34
580,200,CC,RF,0.07500000000000001,0.42,0.495
581,200,CC,RF,0.03500000000000003,0.495,0.53
582,200,CC,RF,0.11499999999999999,0.215,0.1
583,200,CC,RF,0.034999999999999976,0.43,0.395
584,200,CC,RF,0.14500000000000002,0.77,0.915
585,200,CC,RF,0.06000000000000005,0.57,0.63
586,200,CC,RF,0.08500000000000002,0.26,0.175
587,200,CC,RF,0.02999999999999997,0.365,0.335
588,200,CC,RF,0.065,0.255,0.19
589,200,CC,RF,0.09,0.11,0.02
590,200,CC,RF,0.15500000000000003,0.77,0.925
591,200,CC,RF,0.015000000000000013,0.43,0.445
592,200,CC,RF,0.07,0.375,0.305
593,200,CC,RF,0.04499999999999993,0.55,0.595
594,200,CC,RF,0.08499999999999999,0.09,0.005
595,200,CC,RF,0.014999999999999958,0.29,0.275
596,200,CC,RF,0.10499999999999998,0.595,0.7
597,200,CC,RF,0.050000000000000044,0.58,0.63
598,200,CC,RF,0.16500000000000004,0.815,0.98
599,200,CC,RF,0.06499999999999995,0.555,0.62
600,200,CC,RF,0.034999999999999976,0.44,0.475
601,200,CC,RF,0.09499999999999997,0.665,0.76
602,200,CC,RF,0.135,0.765,0.9
603,200,CC,RF,0.08999999999999997,0.63,0.72
604,200,CC,RF,0.20999999999999996,0.75,0.96
605,200,CC,RF,0.10999999999999999,0.67,0.78
606,200,CC,RF,0.16500000000000004,0.7,0.865
607,200,CC,RF,0.09999999999999999,0.21,0.11
608,200,CC,RF,0.11499999999999999,0.615,0.73
609,200,CC,RF,0.044999999999999984,0.395,0.44
610,200,CC,RF,0.06500000000000006,0.485,0.55
611,200,CC,RF,0.07500000000000007,0.575,0.65
612,200,CC,RF,0.135,0.83,0.965
613,200,CC,RF,0.16999999999999993,0.81,0.98
614,200,CC,RF,0.08500000000000002,0.37,0.285
615,200,CC,RF,0.125,0.605,0.73
616,200,CC,RF,0.09499999999999997,0.65,0.745
617,200,CC,RF,0.05500000000000005,0.4,0.345
618,200,CC,RF,0.08499999999999999,0.205,0.12
619,200,CC,RF,0.12,0.16,0.04
620,200,CC,RF,0.135,0.64,0.775
621,200,CC,RF,0.044999999999999984,0.44,0.485
622,200,CC,RF,0.21999999999999997,0.765,0.985
623,200,CC,RF,0.02999999999999997,0.49,0.46
624,200,CC,RF,0.17999999999999994,0.795,0.975
625,200,CC,RF,0.024999999999999967,0.385,0.41
626,200,CC,RF,0.14,0.65,0.79
627,200,CC,RF,0.075,0.155,0.08
628,200,CC,RF,0.040000000000000036,0.515,0.555
629,200,CC,RF,0.125,0.675,0.8
630,200,CC,RF,0.18500000000000005,0.735,0.92
631,200,CC,RF,0.09999999999999998,0.72,0.82
632,200,CC,RF,0.11499999999999999,0.15,0.035
633,200,CC,RF,0.030000000000000027,0.4,0.37
634,200,CC,RF,0.09000000000000001,0.135,0.045
635,200,CC,RF,0.085,0.19,0.105
636,200,CC,RF,0.09000000000000008,0.585,0.675
637,200,CC,RF,0.12,0.59,0.71
638,200,CC,RF,0.08999999999999997,0.68,0.77
639,200,CC,RF,0.135,0.73,0.865
640,200,CC,RF,0.16500000000000004,0.57,0.735
641,200,CC,RF,0.125,0.675,0.8
642,200,CC,RF,0.08,0.125,0.045
643,200,CC,RF,0.07999999999999999,0.31,0.23
644,200,CC,RF,0.11499999999999999,0.505,0.62
645,200,CC,RF,0.18999999999999995,0.665,0.855
646,200,CC,RF,0.09,0.09,0.0
647,200,CC,RF,0.020000000000000018,0.49,0.51
648,200,CC,RF,0.125,0.55,0.675
649,200,CC,RF,0.12,0.145,0.025
650,200,CC,RF,0.020000000000000018,0.38,0.4
651,200,CC,RF,0.17000000000000004,0.725,0.895
652,200,CC,RF,0.135,0.535,0.67
653,200,CC,RF,0.04999999999999999,0.285,0.235
654,200,CC,RF,0.135,0.715,0.85
655,200,CC,RF,0.0,0.345,0.345
656,200,CC,RF,0.17999999999999994,0.67,0.85
657,200,CC,RF,0.08000000000000002,0.375,0.295
658,200,CC,RF,0.08999999999999997,0.5,0.59
659,200,CC,RF,0.014999999999999958,0.41,0.395
660,200,CC,RF,0.07499999999999996,0.345,0.27
661,200,CC,RF,0.14500000000000002,0.74,0.885
662,200,CC,RF,0.09999999999999998,0.285,0.185
663,200,CC,RF,0.09499999999999999,0.175,0.08
664,200,CC,RF,0.06,0.4,0.34
665,200,CC,RF,0.08499999999999996,0.63,0.715
666,200,CC,RF,0.12,0.685,0.805
667,200,CC,RF,0.18999999999999995,0.805,0.995
668,200,CC,RF,0.010000000000000009,0.305,0.295
669,200,CC,RF,0.020000000000000018,0.385,0.405
670,200,CC,RF,0.09,0.225,0.135
671,200,CC,RF,0.05499999999999994,0.515,0.57
672,200,CC,RF,0.21499999999999997,0.78,0.995
673,200,CC,RF,0.07999999999999996,0.62,0.7
674,200,CC,RF,0.07999999999999996,0.515,0.595
675,200,CC,RF,0.010000000000000009,0.4,0.39
676,200,CC,RF,0.19000000000000006,0.725,0.915
677,200,CC,RF,0.020000000000000018,0.475,0.495
678,200,CC,RF,0.09,0.22,0.13
679,200,CC,RF,0.024999999999999967,0.34,0.365
680,200,CC,RF,0.13,0.195,0.065
681,200,CC,RF,0.04999999999999999,0.25,0.2
682,200,CC,RF,0.12000000000000001,0.135,0.015
683,200,CC,RF,0.025000000000000022,0.425,0.45
684,200,CC,RF,0.07499999999999996,0.555,0.63
685,200,CC,RF,0.044999999999999984,0.385,0.34
686,200,CC,RF,0.02999999999999997,0.39,0.42
687,200,CC,RF,0.18999999999999995,0.765,0.955
688,200,CC,RF,0.09999999999999998,0.65,0.75
689,200,CC,RF,0.07500000000000001,0.465,0.54
690,200,CC,RF,0.03999999999999998,0.32,0.28
691,200,CC,RF,0.18500000000000005,0.71,0.895
692,200,CC,RF,0.04999999999999999,0.285,0.235
693,200,CC,RF,0.02999999999999997,0.355,0.325
694,200,CC,RF,0.17000000000000004,0.735,0.905
695,200,CC,RF,0.0050000000000000044,0.52,0.525
696,200,CC,RF,0.10499999999999998,0.635,0.74
697,200,CC,RF,0.039999999999999925,0.55,0.59
698,200,CC,RF,0.07500000000000007,0.575,0.65
699,200,CC,RF,0.010000000000000009,0.305,0.295
700,200,CC,RF,0.08000000000000002,0.32,0.24
701,200,CC,RF,0.05499999999999999,0.375,0.32
702,200,CC,RF,0.12000000000000002,0.275,0.155
703,200,CC,RF,0.135,0.735,0.87
704,200,CC,RF,0.009999999999999953,0.29,0.28
705,200,CC,RF,0.07000000000000006,0.49,0.56
706,200,CC,RF,0.11499999999999999,0.675,0.79
707,200,CC,RF,0.09999999999999998,0.68,0.78
708,200,CC,RF,0.065,0.37,0.435
709,200,CC,RF,0.014999999999999958,0.46,0.475
710,200,CC,RF,0.22999999999999998,0.76,0.99
711,200,CC,RF,0.07500000000000007,0.595,0.67
712,200,CC,RF,0.15000000000000002,0.66,0.81
713,200,CC,RF,0.19000000000000006,0.71,0.9
714,200,CC,RF,0.09999999999999998,0.685,0.785
715,200,CC,RF,0.04999999999999999,0.235,0.185
716,200,CC,RF,0.040000000000000036,0.52,0.56
717,200,CC,RF,0.07499999999999998,0.175,0.1
718,200,CC,RF,0.10999999999999999,0.54,0.65
719,200,CC,RF,0.15999999999999992,0.795,0.955
720,200,CC,RF,0.044999999999999984,0.465,0.51
721,200,CC,RF,0.04999999999999999,0.38,0.43
722,200,CC,RF,0.08499999999999999,0.12,0.035
723,200,CC,RF,0.19999999999999996,0.755,0.955
724,200,CC,RF,0.07,0.17,0.1
725,200,CC,RF,0.10999999999999999,0.15,0.04
726,200,CC,RF,0.0050000000000000044,0.24,0.245
727,200,CC,RF,0.08499999999999999,0.15,0.065
728,200,CC,RF,0.034999999999999976,0.49,0.455
729,200,CC,RF,0.020000000000000018,0.495,0.515
730,200,CC,RF,0.015000000000000013,0.325,0.31
731,200,CC,RF,0.085,0.135,0.05
732,200,CC,RF,0.06499999999999999,0.175,0.11
733,200,CC,RF,0.0050000000000000044,0.375,0.38
734,200,CC,RF,0.065,0.125,0.06
735,200,CC,RF,0.12,0.575,0.695
736,200,CC,RF,0.035,0.24,0.205
737,200,CC,RF,0.06,0.36,0.3
738,200,CC,RF,0.0050000000000000044,0.395,0.39
739,200,CC,RF,0.025000000000000022,0.44,0.415
740,200,CC,RF,0.1,0.1,0.0
741,200,CC,RF,0.09000000000000001,0.2,0.11
742,200,CC,RF,0.15000000000000002,0.71,0.86
743,200,CC,RF,0.155,0.155,0.0
744,200,CC,RF,0.044999999999999984,0.46,0.505
745,200,CC,RF,0.024999999999999967,0.46,0.485
746,200,CC,RF,0.025000000000000022,0.305,0.33
747,200,CC,RF,0.015000000000000013,0.415,0.43
748,200,CC,RF,0.11499999999999999,0.665,0.78
749,200,CC,RF,0.12,0.72,0.84
750,200,CC,RF,0.0050000000000000044,0.265,0.26
751,200,CC,RF,0.010000000000000009,0.33,0.32
752,200,CC,RF,0.03500000000000003,0.275,0.24
753,200,CC,RF,0.03999999999999998,0.435,0.475
754,200,CC,RF,0.12,0.56,0.68
755,200,CC,RF,0.014999999999999986,0.24,0.225
756,200,CC,RF,0.0050000000000000044,0.325,0.33
757,200,CC,RF,0.19000000000000006,0.74,0.93
758,200,CC,RF,0.11,0.155,0.045
759,200,CC,RF,0.010000000000000009,0.45,0.46
760,200,CC,RF,0.08999999999999997,0.62,0.71
761,200,CC,RF,0.09,0.24,0.15
762,200,CC,RF,0.06,0.105,0.045
763,200,CC,RF,0.08499999999999999,0.22,0.135
764,200,CC,RF,0.16000000000000003,0.755,0.915
765,200,CC,RF,0.09999999999999999,0.105,0.005
766,200,CC,RF,0.03,0.215,0.185
767,200,CC,RF,0.12,0.15,0.03
768,200,CC,RF,0.020000000000000004,0.13,0.11
769,200,CC,RF,0.09999999999999998,0.52,0.62
770,200,CC,RF,0.030000000000000027,0.27,0.24
771,200,CC,RF,0.10499999999999993,0.46,0.565
772,200,CC,RF,0.08999999999999997,0.5,0.59
773,200,CC,RF,0.19999999999999996,0.645,0.845
774,200,CC,RF,0.115,0.115,0.0
775,200,CC,RF,0.22499999999999998,0.625,0.85
776,200,CC,RF,0.08499999999999996,0.53,0.615
777,200,CC,RF,0.07499999999999998,0.235,0.16
778,200,CC,RF,0.08499999999999996,0.685,0.77
779,200,CC,RF,0.14,0.715,0.855
780,200,CC,RF,0.020000000000000018,0.27,0.25
781,200,CC,RF,0.21500000000000008,0.7,0.915
782,200,CC,RF,0.015000000000000013,0.435,0.45
783,200,CC,RF,0.06499999999999995,0.535,0.6
784,200,CC,RF,0.14,0.84,0.98
785,200,CC,RF,0.040000000000000036,0.4,0.36
786,200,CC,RF,0.14,0.67,0.81
787,200,CC,RF,0.07500000000000001,0.39,0.315
788,200,CC,RF,0.09000000000000008,0.705,0.795
789,200,CC,RF,0.025000000000000022,0.575,0.6
790,200,CC,RF,0.04000000000000001,0.255,0.215
791,200,CC,RF,0.065,0.345,0.41
792,200,CC,RF,0.015000000000000013,0.33,0.315
793,200,CC,RF,0.06999999999999999,0.145,0.075
794,200,CC,RF,0.11500000000000002,0.14,0.025
795,200,CC,RF,0.0,0.345,0.345
796,200,CC,RF,0.13,0.145,0.015
797,200,CC,RF,0.03999999999999998,0.205,0.165
798,200,CC,RF,0.14500000000000002,0.58,0.725
799,200,CC,RF,0.05999999999999994,0.645,0.705
800,200,CC,RF,0.07999999999999996,0.655,0.735
801,200,CC,RF,0.0050000000000000044,0.31,0.315
802,200,CC,RF,0.17000000000000004,0.72,0.89
803,200,CC,RF,0.05999999999999994,0.53,0.59
804,200,CC,RF,0.1,0.225,0.125
805,200,CC,RF,0.06499999999999997,0.205,0.14
806,200,CC,RF,0.10999999999999999,0.58,0.69
807,200,CC,RF,0.05499999999999999,0.225,0.17
808,200,CC,RF,0.03500000000000003,0.47,0.505
809,200,CC,RF,0.21499999999999997,0.775,0.99
810,200,CC,RF,0.115,0.115,0.0
811,200,CC,RF,0.13,0.145,0.015
812,200,CC,RF,0.16500000000000004,0.825,0.99
813,200,CC,RF,0.039999999999999925,0.54,0.58
814,200,CC,RF,0.095,0.22,0.125
815,200,CC,RF,0.10999999999999999,0.785,0.895
816,200,CC,RF,0.11499999999999999,0.765,0.88
817,200,CC,RF,0.04500000000000004,0.49,0.535
818,200,CC,RF,0.07999999999999996,0.54,0.62
819,200,CC,RF,0.02999999999999997,0.3,0.27
820,200,CC,RF,0.075,0.125,0.05
821,200,CC,RF,0.05499999999999994,0.535,0.59
822,200,CC,RF,0.050000000000000044,0.34,0.29
823,200,CC,RF,0.05500000000000005,0.605,0.66
824,200,CC,RF,0.11499999999999999,0.72,0.835
825,200,CC,RF,0.085,0.1,0.015
826,200,CC,RF,0.06999999999999995,0.525,0.595
827,200,CC,RF,0.04500000000000001,0.275,0.23
828,200,CC,RF,0.17500000000000004,0.695,0.87
829,200,CC,RF,0.03999999999999998,0.29,0.25
830,200,CC,RF,0.08499999999999996,0.525,0.61
831,200,CC,RF,0.025000000000000022,0.525,0.55
832,200,CC,RF,0.034999999999999976,0.43,0.395
833,200,CC,RF,0.1100000000000001,0.565,0.675
834,200,CC,RF,0.10999999999999999,0.615,0.725
835,200,CC,RF,0.06499999999999995,0.5,0.565
836,200,CC,RF,0.07999999999999996,0.675,0.755
837,200,CC,RF,0.19499999999999995,0.785,0.98
838,200,CC,RF,0.009999999999999953,0.405,0.415
839,200,CC,RF,0.044999999999999984,0.465,0.51
840,200,CC,RF,0.12000000000000001,0.13,0.01
841,200,CC,RF,0.1050000000000001,0.69,0.795
842,200,CC,RF,0.03500000000000003,0.485,0.52
843,200,CC,RF,0.009999999999999953,0.415,0.405
844,200,CC,RF,0.09,0.18,0.09
845,200,CC,RF,0.14500000000000002,0.74,0.885
846,200,CC,RF,0.015000000000000013,0.38,0.395
847,200,CC,RF,0.09000000000000008,0.59,0.68
848,200,CC,RF,0.09,0.235,0.145
849,200,CC,RF,0.18999999999999995,0.77,0.96
850,200,CC,RF,0.065,0.24,0.175
851,200,CC,RF,0.044999999999999984,0.24,0.195
852,200,CC,RF,0.20499999999999996,0.65,0.855
853,200,CC,RF,0.135,0.775,0.91
854,200,CC,RF,0.05500000000000002,0.265,0.21
855,200,CC,RF,0.050000000000000044,0.415,0.465
856,200,CC,RF,0.135,0.595,0.73
857,200,CC,RF,0.15000000000000002,0.725,0.875
858,200,CC,RF,0.010000000000000009,0.385,0.375
859,200,CC,RF,0.04500000000000004,0.47,0.515
860,200,CC,RF,0.12,0.62,0.74
861,200,CC,RF,0.08499999999999996,0.645,0.73
862,200,CC,RF,0.10999999999999999,0.67,0.78
863,200,CC,RF,0.03499999999999992,0.53,0.565
864,200,CC,RF,0.05499999999999999,0.155,0.1
865,200,CC,RF,0.18500000000000005,0.715,0.9
866,200,CC,RF,0.16000000000000003,0.705,0.865
867,200,CC,RF,0.12,0.675,0.795
868,200,CC,RF,0.04000000000000001,0.135,0.095
869,200,CC,RF,0.03,0.23,0.2
870,200,CC,RF,0.05999999999999994,0.68,0.74
871,200,CC,RF,0.11,0.13,0.02
872,200,CC,RF,0.235,0.74,0.975
873,200,CC,RF,0.05499999999999999,0.32,0.375
874,200,CC,RF,0.07499999999999996,0.64,0.715
875,200,CC,RF,0.18000000000000005,0.705,0.885
876,200,CC,RF,0.0,0.39,0.39
877,200,CC,RF,0.04999999999999999,0.365,0.315
878,200,CC,RF,0.06999999999999995,0.535,0.605
879,200,CC,RF,0.06999999999999995,0.51,0.58
880,200,CC,RF,0.0050000000000000044,0.4,0.405
881,200,CC,RF,0.039999999999999925,0.56,0.6
882,200,CC,RF,0.14,0.795,0.935
883,200,CC,RF,0.03500000000000003,0.43,0.465
884,200,CC,RF,0.07500000000000001,0.27,0.195
885,200,CC,RF,0.034999999999999976,0.34,0.375
886,200,CC,RF,0.015000000000000013,0.405,0.39
887,200,CC,RF,0.04999999999999999,0.18,0.13
888,200,CC,RF,0.12000000000000002,0.28,0.16
889,200,CC,RF,0.1100000000000001,0.57,0.68
890,200,CC,RF,0.034999999999999976,0.37,0.335
891,200,CC,RF,0.17999999999999994,0.77,0.95
892,200,CC,RF,0.044999999999999984,0.285,0.24
893,200,CC,RF,0.10500000000000001,0.2,0.095
894,200,CC,RF,0.08499999999999996,0.665,0.75
895,200,CC,RF,0.17500000000000004,0.705,0.88
896,200,CC,RF,0.0,0.275,0.275
897,200,CC,RF,0.07500000000000001,0.275,0.2
898,200,CC,RF,0.07500000000000001,0.26,0.185
899,200,CC,RF,0.06,0.46,0.52
900,200,CC,RF,0.0050000000000000044,0.46,0.465
901,200,CC,RF,0.044999999999999984,0.3,0.255
902,200,CC,RF,0.06,0.105,0.045
903,200,CC,RF,0.04999999999999999,0.43,0.48
904,200,CC,RF,0.13,0.825,0.955
905,200,CC,RF,0.08500000000000008,0.565,0.65
906,200,CC,RF,0.02999999999999997,0.465,0.495
907,200,CC,RF,0.06999999999999999,0.18,0.11
908,200,CC,RF,0.04999999999999999,0.3,0.25
909,200,CC,RF,0.0050000000000000044,0.295,0.29
910,200,CC,RF,0.135,0.625,0.76
911,200,CC,RF,0.15500000000000003,0.72,0.875
912,200,CC,RF,0.18000000000000005,0.72,0.9
913,200,CC,RF,0.20499999999999996,0.775,0.98
914,200,CC,RF,0.17999999999999994,0.8,0.98
915,200,CC,RF,0.15999999999999992,0.79,0.95
916,200,CC,RF,0.039999999999999994,0.11,0.07
917,200,CC,RF,0.04999999999999999,0.185,0.135
918,200,CC,RF,0.10999999999999999,0.41,0.3
919,200,CC,RF,0.0,0.55,0.55
920,200,CC,RF,0.07999999999999999,0.175,0.095
921,200,CC,RF,0.15500000000000003,0.69,0.845
922,200,CC,RF,0.05499999999999994,0.56,0.615
923,200,CC,RF,0.030000000000000027,0.51,0.54
924,200,CC,RF,0.03999999999999998,0.205,0.165
925,200,CC,RF,0.04999999999999999,0.3,0.25
926,200,CC,RF,0.1,0.26,0.16
927,200,CC,RF,0.16999999999999993,0.68,0.85
928,200,CC,RF,0.02499999999999991,0.555,0.58
929,200,CC,RF,0.11499999999999999,0.62,0.735
930,200,CC,RF,0.025000000000000022,0.32,0.295
931,200,CC,RF,0.010000000000000009,0.36,0.37
932,200,CC,RF,0.0,0.4,0.4
933,200,CC,RF,0.135,0.625,0.76
934,200,CC,RF,0.08499999999999996,0.685,0.77
935,200,CC,RF,0.04000000000000001,0.245,0.205
936,200,CC,RF,0.1499999999999999,0.79,0.94
937,200,CC,RF,0.10500000000000001,0.225,0.12
938,200,CC,RF,0.16500000000000004,0.73,0.895
939,200,CC,RF,0.08499999999999999,0.185,0.1
940,200,CC,RF,0.044999999999999984,0.305,0.26
941,200,CC,RF,0.24,0.605,0.845
942,200,CC,RF,0.04000000000000001,0.215,0.175
943,200,CC,RF,0.024999999999999967,0.385,0.41
944,200,CC,RF,0.030000000000000027,0.415,0.445
945,200,CC,RF,0.08500000000000002,0.33,0.245
946,200,CC,RF,0.09499999999999997,0.615,0.71
947,200,CC,RF,0.16000000000000003,0.69,0.85
948,200,CC,RF,0.20999999999999996,0.66,0.87
949,200,CC,RF,0.009999999999999953,0.345,0.335
950,200,CC,RF,0.07,0.46,0.53
951,200,CC,RF,0.065,0.31,0.245
952,200,CC,RF,0.065,0.305,0.24
953,200,CC,RF,0.06,0.22,0.16
954,200,CC,RF,0.18499999999999994,0.755,0.94
955,200,CC,RF,0.15000000000000002,0.735,0.885
956,200,CC,RF,0.13,0.645,0.775
957,200,CC,RF,0.040000000000000036,0.475,0.515
958,200,CC,RF,0.020000000000000018,0.47,0.49
959,200,CC,RF,0.025000000000000022,0.5,0.525
960,200,CC,RF,0.04500000000000004,0.49,0.535
961,200,CC,RF,0.04999999999999999,0.38,0.43
962,200,CC,RF,0.04999999999999999,0.18,0.13
963,200,CC,RF,0.07999999999999999,0.205,0.125
964,200,CC,RF,0.20499999999999996,0.745,0.95
965,200,CC,RF,0.04999999999999999,0.43,0.48
966,200,CC,RF,0.17999999999999994,0.77,0.95
967,200,CC,RF,0.065,0.225,0.16
968,200,CC,RF,0.06000000000000005,0.49,0.55
969,200,CC,RF,0.04500000000000001,0.25,0.205
970,200,CC,RF,0.010000000000000009,0.24,0.25
971,200,CC,RF,0.1,0.13,0.03
972,200,CC,RF,0.075,0.19,0.115
973,200,CC,RF,0.17500000000000004,0.74,0.915
974,200,CC,RF,0.0050000000000000044,0.315,0.32
975,200,CC,RF,0.09999999999999998,0.505,0.605
976,200,CC,RF,0.030000000000000027,0.435,0.465
977,200,CC,RF,0.010000000000000009,0.39,0.4
978,200,CC,RF,0.04500000000000004,0.485,0.53
979,200,CC,RF,0.06,0.245,0.185
980,200,CC,RF,0.18999999999999995,0.795,0.985
981,200,CC,RF,0.09999999999999998,0.715,0.815
982,200,CC,RF,0.10999999999999999,0.63,0.74
983,200,CC,RF,0.010000000000000009,0.455,0.465
984,200,CC,RF,0.07,0.22,0.15
985,200,CC,RF,0.20000000000000007,0.72,0.92
986,200,CC,RF,0.044999999999999984,0.385,0.34
987,200,CC,RF,0.09499999999999999,0.145,0.05
988,200,CC,RF,0.004999999999999949,0.345,0.34
989,200,CC,RF,0.10999999999999999,0.68,0.79
990,200,CC,RF,0.10499999999999998,0.515,0.62
991,200,CC,RF,0.125,0.625,0.75
992,200,CC,RF,0.12,0.67,0.79
993,200,CC,RF,0.06500000000000003,0.275,0.21
994,200,CC,RF,0.18500000000000005,0.735,0.92
995,200,CC,RF,0.03999999999999998,0.475,0.435
996,200,CC,RF,0.04500000000000004,0.59,0.635
997,200,CC,RF,0.155,0.155,0.0
998,200,CC,RF,0.21999999999999997,0.77,0.99
999,200,CC,RF,0.034999999999999976,0.315,0.28
1000,200,CC,RF,0.10500000000000001,0.165,0.06
1001,200,CC,RF,0.025000000000000022,0.43,0.455
1002,200,CC,RF,0.06,0.185,0.125
1003,200,CC,RF,0.10500000000000001,0.255,0.15
1004,200,CC,RF,0.07999999999999996,0.55,0.63
1005,200,CC,RF,0.015000000000000013,0.375,0.39
1006,200,CC,RF,0.15500000000000003,0.765,0.92
1007,200,CC,RF,0.08500000000000002,0.4,0.315
1008,200,CC,RF,0.07499999999999996,0.65,0.725
1009,200,CC,RF,0.030000000000000027,0.43,0.46
1010,200,CC,RF,0.050000000000000044,0.605,0.655
1011,200,CC,RF,0.04499999999999993,0.55,0.595
1012,200,CC,RF,0.04999999999999999,0.42,0.47
1013,200,CC,RF,0.20499999999999996,0.745,0.95
1014,200,CC,RF,0.02999999999999997,0.37,0.34
1015,200,CC,RF,0.08500000000000002,0.26,0.175
1016,200,CC,RF,0.15500000000000003,0.52,0.675
1017,200,CC,RF,0.17999999999999994,0.665,0.845
1018,200,CC,RF,0.10999999999999999,0.15,0.04
1019,200,CC,RF,0.030000000000000027,0.415,0.445
1020,200,CC,RF,0.125,0.765,0.89
1021,200,CC,RF,0.10999999999999999,0.635,0.745
1022,200,CC,RF,0.20999999999999996,0.78,0.99
1023,200,CC,RF,0.065,0.465,0.53
1024,200,CC,RF,0.06500000000000006,0.59,0.655
1025,200,CC,RF,0.05499999999999999,0.355,0.3
1026,200,CC,RF,0.15499999999999992,0.79,0.945
1027,200,CC,RF,0.020000000000000018,0.345,0.365
1028,200,CC,RF,0.07999999999999996,0.655,0.735
1029,200,CC,RF,0.010000000000000009,0.39,0.4
1030,200,CC,RF,0.09000000000000008,0.47,0.56
1031,200,CC,RF,0.16999999999999993,0.545,0.715
1032,200,CC,RF,0.015000000000000013,0.52,0.505
1033,200,CC,RF,0.16000000000000003,0.745,0.905
1034,200,CC,RF,0.03999999999999998,0.375,0.415
1035,200,CC,RF,0.08499999999999996,0.56,0.645
1036,200,CC,RF,0.0,0.34,0.34
1037,200,CC,RF,0.004999999999999949,0.41,0.405
1038,200,CC,RF,0.04999999999999999,0.39,0.44
1039,200,CC,RF,0.05499999999999999,0.18,0.125
1040,200,CC,RF,0.11000000000000001,0.2,0.09
1041,200,CC,RF,0.08500000000000008,0.58,0.665
1042,200,CC,RF,0.04500000000000004,0.61,0.655
1043,200,CC,RF,0.09999999999999998,0.56,0.66
1044,200,CC,RF,0.1,0.115,0.015
1045,200,CC,RF,0.015000000000000013,0.34,0.325
1046,200,CC,RF,0.044999999999999984,0.24,0.195
1047,200,CC,RF,0.15000000000000002,0.625,0.775
1048,200,CC,RF,0.13,0.73,0.86
1049,200,CC,RF,0.044999999999999984,0.29,0.245
1050,200,CC,RF,0.10499999999999998,0.56,0.665
1051,200,CC,RF,0.10999999999999999,0.235,0.125
1052,200,CC,RF,0.044999999999999984,0.32,0.275
1053,200,CC,RF,0.07999999999999999,0.215,0.135
1054,200,CC,RF,0.024999999999999967,0.305,0.28
1055,200,CC,RF,0.040000000000000036,0.63,0.67
1056,200,CC,RF,0.16000000000000003,0.75,0.91
1057,200,CC,RF,0.01999999999999999,0.22,0.2
1058,200,CC,RF,0.020000000000000018,0.52,0.54
1059,200,CC,RF,0.09499999999999997,0.605,0.7
1060,200,CC,RF,0.1399999999999999,0.81,0.95
1061,200,CC,RF,0.025000000000000022,0.585,0.61
1062,200,CC,RF,0.010000000000000009,0.265,0.255
1063,200,CC,RF,0.07999999999999996,0.545,0.625
1064,200,CC,RF,0.02999999999999997,0.35,0.32
1065,200,CC,RF,0.20499999999999996,0.77,0.975
1066,200,CC,RF,0.010000000000000009,0.385,0.395
1067,200,CC,RF,0.050000000000000044,0.635,0.685
1068,200,CC,RF,0.17,0.19,0.02
1069,200,CC,RF,0.019999999999999962,0.42,0.4
1070,200,CC,RF,0.10999999999999999,0.765,0.875
1071,200,CC,RF,0.07999999999999996,0.53,0.61
1072,200,CC,RF,0.030000000000000027,0.41,0.44
1073,200,CC,RF,0.16000000000000003,0.775,0.935
1074,200,CC,RF,0.15500000000000003,0.695,0.85
1075,200,CC,RF,0.02999999999999997,0.35,0.32
1076,200,CC,RF,0.050000000000000044,0.49,0.54
1077,200,CC,RF,0.05499999999999999,0.43,0.485
1078,200,CC,RF,0.05500000000000005,0.575,0.63
1079,200,CC,RF,0.044999999999999984,0.375,0.33
1080,200,CC,RF,0.0050000000000000044,0.235,0.24
1081,200,CC,RF,0.15000000000000002,0.76,0.91
1082,200,CC,RF,0.16500000000000004,0.755,0.92
1083,200,CC,RF,0.14,0.7,0.84
1084,200,CC,RF,0.22499999999999998,0.75,0.975
1085,200,CC,RF,0.09999999999999998,0.64,0.74
1086,200,CC,RF,0.10999999999999999,0.65,0.76
1087,200,CC,RF,0.09499999999999997,0.665,0.76
1088,200,CC,RF,0.014999999999999958,0.465,0.48
1089,200,CC,RF,0.015000000000000013,0.44,0.455
1090,200,CC,RF,0.065,0.305,0.24
1091,200,CC,RF,0.07000000000000006,0.57,0.64
1092,200,CC,RF,0.030000000000000027,0.315,0.285
1093,200,CC,RF,0.04999999999999999,0.305,0.255
1094,200,CC,RF,0.07499999999999996,0.51,0.585
1095,200,CC,RF,0.015000000000000013,0.39,0.405
1096,200,CC,RF,0.01999999999999999,0.235,0.215
1097,200,CC,RF,0.11499999999999999,0.7,0.815
1098,200,CC,RF,0.19499999999999995,0.665,0.86
1099,200,CC,RF,0.01999999999999999,0.185,0.165
1100,200,CC,RF,0.135,0.14,0.005
1101,200,CC,RF,0.015000000000000013,0.32,0.335
1102,200,CC,RF,0.19500000000000006,0.6,0.795
1103,200,CC,RF,0.17499999999999993,0.66,0.835
1104,200,CC,RF,0.08499999999999999,0.22,0.135
1105,200,CC,RF,0.08499999999999996,0.685,0.77
1106,200,CC,RF,0.12499999999999999,0.24,0.115
1107,200,CC,RF,0.02999999999999997,0.42,0.39
1108,200,CC,RF,0.19499999999999995,0.8,0.995
1109,200,CC,RF,0.03,0.22,0.19
1110,200,CC,RF,0.12500000000000003,0.275,0.15
1111,200,CC,RF,0.010000000000000009,0.43,0.42
1112,200,CC,RF,0.09499999999999997,0.52,0.615
1113,200,CC,RF,0.20500000000000007,0.725,0.93
1114,200,CC,RF,0.18999999999999995,0.79,0.98
1115,200,CC,RF,0.10500000000000001,0.17,0.065
1116,200,CC,RF,0.06,0.195,0.135
1117,200,CC,RF,0.09000000000000008,0.7,0.79
1118,200,CC,RF,0.03999999999999998,0.31,0.27
1119,200,CC,RF,0.17000000000000004,0.71,0.88
1120,200,CC,RF,0.08500000000000008,0.575,0.66
1121,200,CC,RF,0.06499999999999999,0.175,0.11
1122,200,CC,RF,0.18499999999999994,0.645,0.83
1123,200,CC,RF,0.065,0.24,0.175
1124,200,CC,RF,0.015000000000000013,0.435,0.42
1125,200,CC,RF,0.015000000000000013,0.535,0.55
1126,200,CC,RF,0.065,0.435,0.5
1127,200,CC,RF,0.08500000000000008,0.6,0.685
1128,200,CC,RF,0.09499999999999997,0.555,0.65
1129,200,CC,RF,0.18999999999999995,0.8,0.99
1130,200,CC,RF,0.20999999999999996,0.785,0.995
1131,200,CC,RF,0.04500000000000004,0.47,0.515
1132,200,CC,RF,0.11499999999999999,0.21,0.095
1133,200,CC,RF,0.07999999999999996,0.645,0.725
1134,200,CC,RF,0.16999999999999993,0.805,0.975
1135,200,CC,RF,0.015000000000000013,0.33,0.315
1136,200,CC,RF,0.030000000000000027,0.43,0.46
1137,200,CC,RF,0.019999999999999962,0.4,0.42
1138,200,CC,RF,0.075,0.125,0.05
1139,200,CC,RF,0.135,0.535,0.67
1140,200,CC,RF,0.02999999999999997,0.32,0.35
1141,200,CC,RF,0.14500000000000002,0.64,0.785
1142,200,CC,RF,0.12,0.71,0.83
1143,200,CC,RF,0.10999999999999999,0.71,0.82
1144,200,CC,RF,0.024999999999999967,0.39,0.415
1145,200,CC,RF,0.010000000000000009,0.31,0.32
1146,200,CC,RF,0.08999999999999997,0.655,0.745
1147,200,CC,RF,0.125,0.675,0.8
1148,200,CC,RF,0.02999999999999997,0.46,0.49
1149,200,CC,RF,0.16500000000000004,0.725,0.89
1150,200,CC,RF,0.13,0.27,0.14
1151,200,CC,RF,0.14500000000000002,0.73,0.875
1152,200,CC,RF,0.07999999999999999,0.175,0.095
1153,200,CC,RF,0.08000000000000002,0.23,0.15
1154,200,CC,RF,0.03500000000000003,0.495,0.53
1155,200,CC,RF,0.10500000000000001,0.17,0.065
1156,200,CC,RF,0.09499999999999999,0.145,0.05
1157,200,CC,RF,0.12,0.12,0.0
1158,200,CC,RF,0.020000000000000018,0.415,0.435
1159,200,CC,RF,0.10999999999999999,0.66,0.77
1160,200,CC,RF,0.12,0.15,0.03
1161,200,CC,RF,0.07500000000000007,0.575,0.65
1162,200,CC,RF,0.16999999999999993,0.65,0.82
1163,200,CC,RF,0.09,0.255,0.165
1164,200,CC,RF,0.035,0.18,0.145
1165,200,CC,RF,0.16500000000000004,0.695,0.86
1166,200,CC,RF,0.17999999999999994,0.64,0.82
1167,200,CC,RF,0.06000000000000005,0.475,0.535
1168,200,CC,RF,0.1349999999999999,0.68,0.815
1169,200,CC,RF,0.16,0.25,0.09
1170,200,CC,RF,0.0050000000000000044,0.385,0.39
1171,200,CC,RF,0.125,0.61,0.735
1172,200,CC,RF,0.010000000000000009,0.265,0.255
1173,200,CC,RF,0.10999999999999999,0.64,0.75
1174,200,CC,RF,0.065,0.435,0.5
1175,200,CC,RF,0.135,0.615,0.75
1176,200,CC,RF,0.015000000000000013,0.445,0.46
1177,200,CC,RF,0.034999999999999976,0.33,0.365
1178,200,CC,RF,0.04500000000000001,0.26,0.215
1179,200,CC,RF,0.04000000000000001,0.245,0.205
1180,200,CC,RF,0.08499999999999996,0.665,0.75
1181,200,CC,RF,0.085,0.2,0.115
1182,200,CC,RF,0.09999999999999999,0.185,0.085
1183,200,CC,RF,0.025000000000000022,0.2,0.175
1184,200,CC,RF,0.010000000000000009,0.185,0.175
1185,200,CC,RF,0.1449999999999999,0.675,0.82
1186,200,CC,RF,0.015000000000000013,0.38,0.395
1187,200,CC,RF,0.18499999999999994,0.805,0.99
1188,200,CC,RF,0.06,0.195,0.135
1189,200,CC,RF,0.125,0.525,0.65
1190,200,CC,RF,0.020000000000000018,0.425,0.445
1191,200,CC,RF,0.044999999999999984,0.435,0.39
1192,200,CC,RF,0.16000000000000003,0.715,0.875
1193,200,CC,RF,0.20999999999999996,0.765,0.975
1194,200,CC,RF,0.125,0.745,0.87
1195,200,CC,RF,0.08000000000000002,0.27,0.19
1196,200,CC,RF,0.035,0.255,0.22
1197,200,CC,RF,0.07000000000000006,0.585,0.655
1198,200,CC,RF,0.050000000000000044,0.335,0.285
1199,200,CC,RF,0.09499999999999997,0.635,0.73
1200,200,CC,RF,0.07499999999999996,0.49,0.565
1201,200,CC,RF,0.015000000000000013,0.535,0.55
1202,200,CC,RF,0.135,0.69,0.825
1203,200,CC,RF,0.09999999999999998,0.61,0.71
1204,200,CC,RF,0.12,0.145,0.025
1205,200,CC,RF,0.09000000000000001,0.135,0.045
1206,200,CC,RF,0.020000000000000018,0.58,0.6
1207,200,CC,RF,0.034999999999999976,0.45,0.485
1208,200,CC,RF,0.044999999999999984,0.305,0.26
1209,200,CC,RF,0.010000000000000009,0.425,0.415
1210,200,CC,RF,0.135,0.62,0.755
1211,200,CC,RF,0.135,0.69,0.825
1212,200,CC,RF,0.040000000000000036,0.52,0.56
1213,200,CC,RF,0.03500000000000003,0.35,0.385
1214,200,CC,RF,0.04999999999999999,0.32,0.27
1215,200,CC,RF,0.08500000000000002,0.435,0.52
1216,200,CC,RF,0.034999999999999976,0.345,0.31
1217,200,CC,RF,0.12000000000000005,0.44,0.56
1218,200,CC,RF,0.08000000000000007,0.595,0.675
1219,200,CC,RF,0.12,0.185,0.065
1220,200,CC,RF,0.105,0.105,0.0
1221,200,CC,RF,0.05500000000000002,0.265,0.21
1222,200,CC,RF,0.18500000000000005,0.705,0.89
1223,200,CC,RF,0.09999999999999998,0.545,0.645
1224,200,CC,RF,0.09,0.26,0.17
1225,200,CC,RF,0.17500000000000004,0.715,0.89
1226,200,CC,RF,0.030000000000000027,0.435,0.465
1227,200,CC,RF,0.024999999999999967,0.45,0.475
1228,200,CC,RF,0.17000000000000004,0.765,0.935
1229,200,CC,RF,0.11500000000000002,0.17,0.055
1230,200,CC,RF,0.06999999999999998,0.285,0.215
1231,200,CC,RF,0.08999999999999997,0.495,0.585
1232,200,CC,RF,0.06,0.255,0.195
1233,200,CC,RF,0.09000000000000008,0.585,0.675
1234,200,CC,RF,0.035,0.245,0.21
1235,200,CC,RF,0.04999999999999999,0.145,0.095
1236,200,CC,RF,0.06500000000000003,0.27,0.205
1237,200,CC,RF,0.02999999999999997,0.39,0.42
1238,200,CC,RF,0.035,0.21,0.175
1239,200,CC,RF,0.10499999999999998,0.235,0.13
1240,200,CC,RF,0.125,0.735,0.86
1241,200,CC,RF,0.065,0.385,0.32
1242,200,CC,RF,0.0050000000000000044,0.355,0.36
1243,200,CC,RF,0.095,0.15,0.055
1244,200,CC,RF,0.0050000000000000044,0.35,0.355
1245,200,CC,RF,0.03999999999999998,0.3,0.26
1246,200,CC,RF,0.12,0.49,0.61
1247,200,CC,RF,0.05500000000000002,0.26,0.205
1248,200,CC,RF,0.18500000000000005,0.7,0.885
1249,200,CC,RF,0.16500000000000004,0.76,0.925
1250,200,CC,RF,0.08499999999999999,0.18,0.095
1251,200,CC,RF,0.06500000000000002,0.17,0.105
1252,200,CC,RF,0.06499999999999999,0.18,0.115
1253,200,CC,RF,0.07499999999999996,0.54,0.615
1254,200,CC,RF,0.15000000000000002,0.27,0.12
1255,200,CC,RF,0.17999999999999994,0.67,0.85
1256,200,CC,RF,0.11499999999999999,0.635,0.75
1257,200,CC,RF,0.1449999999999999,0.67,0.815
1258,200,CC,RF,0.04500000000000004,0.48,0.525
1259,200,CC,RF,0.16500000000000004,0.83,0.995
1260,200,CC,RF,0.08499999999999999,0.125,0.04
1261,200,CC,RF,0.065,0.335,0.4
1262,200,CC,RF,0.044999999999999984,0.365,0.32
1263,200,CC,RF,0.19999999999999996,0.745,0.945
1264,200,CC,RF,0.04499999999999993,0.53,0.575
1265,200,CC,RF,0.15500000000000003,0.65,0.805
1266,200,CC,RF,0.08499999999999999,0.255,0.17
1267,200,CC,RF,0.16499999999999992,0.81,0.975
1268,200,CC,RF,0.025000000000000022,0.47,0.495
1269,200,CC,RF,0.04999999999999999,0.44,0.49
1270,200,CC,RF,0.17499999999999993,0.795,0.97
1271,200,CC,RF,0.020000000000000018,0.36,0.38
1272,200,CC,RF,0.0,0.395,0.395
1273,200,CC,RF,0.06499999999999995,0.515,0.58
1274,200,CC,RF,0.09,0.215,0.125
1275,200,CC,RF,0.015000000000000013,0.305,0.32
1276,200,CC,RF,0.04999999999999999,0.24,0.19
1277,200,CC,RF,0.10499999999999998,0.205,0.1
1278,200,CC,RF,0.14,0.725,0.865
1279,200,CC,RF,0.06499999999999995,0.52,0.585
1280,200,CC,RF,0.0050000000000000044,0.36,0.355
1281,200,CC,RF,0.02999999999999997,0.435,0.405
1282,200,CC,RF,0.010000000000000009,0.44,0.43
1283,200,CC,RF,0.135,0.495,0.63
1284,200,CC,RF,0.17500000000000004,0.75,0.925
1285,200,CC,RF,0.19500000000000006,0.735,0.93
1286,200,CC,RF,0.030000000000000027,0.36,0.39
1287,200,CC,RF,0.034999999999999976,0.36,0.325
1288,200,CC,RF,0.030000000000000027,0.42,0.45
1289,200,CC,RF,0.07499999999999996,0.49,0.565
1290,200,CC,RF,0.0050000000000000044,0.455,0.46
1291,200,CC,RF,0.13,0.525,0.655
1292,200,CC,RF,0.07500000000000007,0.475,0.55
1293,200,CC,RF,0.010000000000000009,0.31,0.32
1294,200,CC,RF,0.015000000000000013,0.36,0.345
1295,200,CC,RF,0.025000000000000022,0.35,0.375
1296,200,CC,RF,0.095,0.185,0.09
1297,200,CC,RF,0.04999999999999999,0.215,0.165
1298,200,CC,RF,0.14,0.58,0.72
1299,200,CC,RF,0.015000000000000013,0.37,0.385
1300,200,CC,RF,0.095,0.305,0.21
1301,200,CC,RF,0.06500000000000006,0.495,0.56
1302,200,CC,RF,0.15500000000000003,0.6,0.755
1303,200,CC,RF,0.065,0.32,0.255
1304,200,CC,RF,0.10999999999999999,0.715,0.825
1305,200,CC,RF,0.19500000000000006,0.73,0.925
1306,200,CC,RF,0.09999999999999998,0.495,0.595
1307,200,CC,RF,0.07500000000000007,0.59,0.665
1308,200,CC,RF,0.09499999999999999,0.145,0.05
1309,200,CC,RF,0.15999999999999992,0.785,0.945
1310,200,CC,RF,0.05499999999999999,0.445,0.39
1311,200,CC,RF,0.19000000000000006,0.73,0.92
1312,200,CC,RF,0.029999999999999916,0.545,0.575
1313,200,CC,RF,0.11,0.11,0.0
1314,200,CC,RF,0.13,0.165,0.035
1315,200,CC,RF,0.09500000000000008,0.585,0.68
1316,200,CC,RF,0.10500000000000004,0.455,0.56
1317,200,CC,RF,0.125,0.15,0.025
1318,200,CC,RF,0.135,0.605,0.74
1319,200,CC,RF,0.13,0.72,0.85
1320,200,CC,RF,0.03999999999999998,0.455,0.495
1321,200,CC,RF,0.0050000000000000044,0.46,0.465
1322,200,CC,RF,0.135,0.14,0.005
1323,200,CC,RF,0.11499999999999999,0.67,0.785
1324,200,CC,RF,0.02999999999999997,0.36,0.33
1325,200,CC,RF,0.09499999999999997,0.78,0.875
1326,200,CC,RF,0.0,0.37,0.37
1327,200,CC,RF,0.07499999999999996,0.49,0.565
1328,200,CC,RF,0.034999999999999976,0.305,0.27
1329,200,CC,RF,0.11000000000000001,0.27,0.16
1330,200,CC,RF,0.16000000000000003,0.61,0.77
1331,200,CC,RF,0.03999999999999998,0.455,0.495
1332,200,CC,RF,0.03500000000000003,0.5,0.535
1333,200,CC,RF,0.18499999999999994,0.78,0.965
1334,200,CC,RF,0.17999999999999994,0.78,0.96
1335,200,CC,RF,0.11499999999999999,0.74,0.855
1336,200,CC,RF,0.08500000000000002,0.27,0.185
1337,200,CC,RF,0.039999999999999925,0.55,0.59
1338,200,CC,RF,0.15000000000000002,0.725,0.875
1339,200,CC,RF,0.020000000000000018,0.35,0.37
1340,200,CC,RF,0.125,0.225,0.1
1341,200,CC,RF,0.14500000000000002,0.665,0.81
1342,200,CC,RF,0.08999999999999997,0.39,0.48
1343,200,CC,RF,0.050000000000000044,0.51,0.56
1344,200,CC,RF,0.16500000000000004,0.815,0.98
1345,200,CC,RF,0.08999999999999997,0.515,0.605
1346,200,CC,RF,0.05499999999999999,0.475,0.42
1347,200,CC,RF,0.030000000000000027,0.395,0.365
1348,200,CC,RF,0.065,0.35,0.415
1349,200,CC,RF,0.09499999999999999,0.21,0.115
1350,200,CC,RF,0.14,0.65,0.79
1351,200,CC,RF,0.18499999999999994,0.65,0.835
1352,200,CC,RF,0.06499999999999995,0.345,0.28
1353,200,CC,RF,0.010000000000000009,0.31,0.3
1354,200,CC,RF,0.19499999999999995,0.675,0.87
1355,200,CC,RF,0.095,0.115,0.02
1356,200,CC,RF,0.05499999999999999,0.465,0.52
1357,200,CC,RF,0.010000000000000009,0.45,0.46
1358,200,CC,RF,0.08999999999999997,0.6,0.69
1359,200,CC,RF,0.065,0.225,0.16
1360,200,CC,RF,0.125,0.54,0.665
1361,200,CC,RF,0.020000000000000018,0.355,0.375
1362,200,CC,RF,0.06499999999999995,0.55,0.615
1363,200,CC,RF,0.125,0.165,0.04
1364,200,CC,RF,0.025000000000000022,0.435,0.46
1365,200,CC,RF,0.10000000000000003,0.42,0.52
1366,200,CC,RF,0.06500000000000003,0.275,0.21
1367,200,CC,RF,0.08499999999999999,0.22,0.135
1368,200,CC,RF,0.065,0.25,0.185
1369,200,CC,RF,0.025000000000000022,0.315,0.34
1370,200,CC,RF,0.10999999999999999,0.205,0.095
1371,200,CC,RF,0.17999999999999994,0.765,0.945
1372,200,CC,RF,0.010000000000000009,0.39,0.4
1373,200,CC,RF,0.09000000000000008,0.715,0.805
1374,200,CC,RF,0.17999999999999994,0.79,0.97
1375,200,CC,RF,0.085,0.165,0.08
1376,200,CC,RF,0.05500000000000005,0.595,0.65
1377,200,CC,RF,0.18000000000000005,0.69,0.87
1378,200,CC,RF,0.07999999999999996,0.55,0.63
1379,200,CC,RF,0.02999999999999997,0.395,0.425
1380,200,CC,RF,0.015000000000000013,0.445,0.43
1381,200,CC,RF,0.06999999999999999,0.105,0.035
1382,200,CC,RF,0.10000000000000003,0.43,0.53
1383,200,CC,RF,0.17999999999999994,0.81,0.99
1384,200,CC,RF,0.18499999999999994,0.77,0.955
1385,200,CC,RF,0.145,0.185,0.04
1386,200,CC,RF,0.12,0.585,0.705
1387,200,CC,RF,0.04999999999999999,0.35,0.3
1388,200,CC,RF,0.19500000000000006,0.705,0.9
1389,200,CC,RF,0.135,0.18,0.045
1390,200,CC,RF,0.2250000000000001,0.71,0.935
1391,200,CC,RF,0.14,0.695,0.835
1392,200,CC,RF,0.06499999999999999,0.18,0.115
1393,200,CC,RF,0.11500000000000002,0.17,0.055
1394,200,CC,RF,0.13,0.7,0.83
1395,200,CC,RF,0.07,0.225,0.155
1396,200,CC,RF,0.015000000000000013,0.515,0.53
1397,200,CC,RF,0.17000000000000004,0.745,0.915
1398,200,CC,RF,0.05999999999999994,0.505,0.565
1399,200,CC,RF,0.0050000000000000044,0.39,0.395
1400,200,CC,RF,0.015000000000000013,0.43,0.445
1401,200,CC,RF,0.11000000000000001,0.17,0.06
1402,200,CC,RF,0.125,0.84,0.965
1403,200,CC,RF,0.034999999999999976,0.345,0.31
1404,200,CC,RF,0.03,0.215,0.185
1405,200,CC,RF,0.065,0.35,0.285
1406,200,CC,RF,0.245,0.715,0.96
1407,200,CC,RF,0.07,0.16,0.09
1408,200,CC,RF,0.16000000000000003,0.705,0.865
1409,200,CC,RF,0.09999999999999998,0.605,0.705
1410,200,CC,RF,0.16999999999999993,0.66,0.83
1411,200,CC,RF,0.16000000000000003,0.815,0.975
1412,200,CC,RF,0.125,0.715,0.84
1413,200,CC,RF,0.19499999999999995,0.745,0.94
1414,200,CC,RF,0.065,0.19,0.125
1415,200,CC,RF,0.12,0.675,0.795
1416,200,CC,RF,0.08500000000000002,0.46,0.545
1417,200,CC,RF,0.07000000000000006,0.47,0.54
1418,200,CC,RF,0.15500000000000003,0.74,0.895
1419,200,CC,RF,0.20499999999999996,0.765,0.97
1420,200,CC,RF,0.12,0.58,0.7
1421,200,CC,RF,0.03999999999999998,0.44,0.48
1422,200,CC,RF,0.08000000000000002,0.375,0.455
1423,200,CC,RF,0.025000000000000022,0.36,0.385
1424,200,CC,RF,0.04999999999999999,0.31,0.36
1425,200,CC,RF,0.030000000000000027,0.36,0.39
1426,200,CC,RF,0.075,0.16,0.085
1427,200,CC,RF,0.09500000000000001,0.17,0.075
1428,200,CC,RF,0.11499999999999999,0.66,0.775
1429,200,CC,RF,0.030000000000000027,0.415,0.445
1430,200,CC,RF,0.15000000000000002,0.78,0.93
1431,200,CC,RF,0.09999999999999998,0.51,0.61
1432,200,CC,RF,0.125,0.16,0.035
1433,200,CC,RF,0.095,0.25,0.155
1434,200,CC,RF,0.05000000000000002,0.255,0.205
1435,200,CC,RF,0.16999999999999993,0.805,0.975
1436,200,CC,RF,0.05000000000000002,0.265,0.215
1437,200,CC,RF,0.04999999999999999,0.465,0.515
1438,200,CC,RF,0.1200000000000001,0.815,0.935
1439,200,CC,RF,0.18499999999999994,0.79,0.975
1440,200,CC,RF,0.015000000000000013,0.25,0.235
1441,200,CC,RF,0.115,0.16,0.045
1442,200,CC,RF,0.07500000000000001,0.225,0.15
1443,200,CC,RF,0.1,0.16,0.06
1444,200,CC,RF,0.08000000000000002,0.275,0.195
1445,200,CC,RF,0.04999999999999993,0.515,0.565
1446,200,CC,RF,0.15500000000000003,0.755,0.91
1447,200,CC,RF,0.030000000000000027,0.505,0.535
1448,200,CC,RF,0.07499999999999996,0.55,0.625
1449,200,CC,RF,0.07,0.27,0.2
1450,200,CC,RF,0.08500000000000008,0.715,0.8
1451,200,CC,RF,0.05499999999999994,0.56,0.615
1452,200,CC,RF,0.15500000000000003,0.705,0.86
1453,200,CC,RF,0.17499999999999993,0.77,0.945
1454,200,CC,RF,0.04500000000000004,0.39,0.345
1455,200,CC,RF,0.05499999999999999,0.145,0.09
1456,200,CC,RF,0.05000000000000002,0.275,0.225
1457,200,CC,RF,0.03999999999999998,0.395,0.435
1458,200,CC,RF,0.18999999999999995,0.755,0.945
1459,200,CC,RF,0.030000000000000027,0.345,0.375
1460,200,CC,RF,0.135,0.635,0.77
1461,200,CC,RF,0.03500000000000003,0.505,0.54
1462,200,CC,RF,0.125,0.305,0.18
1463,200,CC,RF,0.024999999999999967,0.345,0.32
1464,200,CC,RF,0.08000000000000007,0.57,0.65
1465,200,CC,RF,0.1050000000000001,0.565,0.67
1466,200,CC,RF,0.03999999999999998,0.47,0.43
1467,200,CC,RF,0.035,0.26,0.225
1468,200,CC,RF,0.08999999999999997,0.63,0.72
1469,200,CC,RF,0.03,0.195,0.165
1470,200,CC,RF,0.19000000000000006,0.745,0.935
1471,200,CC,RF,0.03,0.215,0.185
1472,200,CC,RF,0.12000000000000001,0.225,0.105
1473,200,CC,RF,0.04999999999999999,0.445,0.495
1474,200,CC,RF,0.065,0.45,0.515
1475,200,CC,RF,0.0,0.505,0.505
1476,200,CC,RF,0.020000000000000018,0.455,0.435
1477,200,CC,RF,0.24,0.75,0.99
1478,200,CC,RF,0.034999999999999976,0.45,0.485
1479,200,CC,RF,0.009999999999999953,0.465,0.475
1480,200,CC,RF,0.07,0.35,0.42
1481,200,CC,RF,0.08499999999999999,0.15,0.065
1482,200,CC,RF,0.09999999999999998,0.49,0.59
1483,200,CC,RF,0.06499999999999997,0.29,0.225
1484,200,CC,RF,0.09999999999999998,0.535,0.635
1485,200,CC,RF,0.09000000000000001,0.14,0.05
1486,200,CC,RF,0.19499999999999995,0.785,0.98
1487,200,CC,RF,0.04500000000000004,0.42,0.465
1488,200,CC,RF,0.135,0.76,0.895
1489,200,CC,RF,0.030000000000000027,0.505,0.475
1490,200,CC,RF,0.11499999999999999,0.175,0.06
1491,200,CC,RF,0.1449999999999999,0.675,0.82
1492,200,CC,RF,0.09999999999999998,0.545,0.645
1493,200,CC,RF,0.20000000000000007,0.58,0.78
1494,200,CC,RF,0.024999999999999967,0.4,0.425
1495,200,CC,RF,0.07499999999999996,0.56,0.635
1496,200,CC,RF,0.16000000000000003,0.695,0.855
1497,200,CC,RF,0.08499999999999996,0.545,0.63
1498,200,CC,RF,0.015000000000000013,0.36,0.345
1499,200,CC,RF,0.12,0.54,0.66
1500,200,CC,RF,0.12,0.55,0.67
1501,200,CC,RF,0.19499999999999995,0.765,0.96
1502,200,CC,RF,0.015000000000000013,0.355,0.37
1503,200,CC,RF,0.015000000000000013,0.41,0.425
1504,200,CC,RF,0.18500000000000005,0.625,0.81
1505,200,CC,RF,0.065,0.44,0.505
1506,200,CC,RF,0.12,0.615,0.735
1507,200,CC,RF,0.010000000000000009,0.445,0.455
1508,200,CC,RF,0.08499999999999999,0.3,0.215
1509,200,CC,RF,0.10999999999999999,0.635,0.745
1510,200,CC,RF,0.07499999999999998,0.205,0.13
1511,200,CC,RF,0.07500000000000001,0.27,0.195
1512,200,CC,RF,0.05500000000000005,0.57,0.625
1513,200,CC,RF,0.14,0.605,0.745
1514,200,CC,RF,0.17500000000000004,0.715,0.89
1515,200,CC,RF,0.010000000000000009,0.28,0.27
1516,200,CC,RF,0.075,0.185,0.11
1517,200,CC,RF,0.16499999999999992,0.79,0.955
1518,200,CC,RF,0.05499999999999999,0.205,0.15
1519,200,CC,RF,0.014999999999999986,0.21,0.195
1520,200,CC,RF,0.065,0.355,0.29
1521,200,CC,RF,0.0,0.525,0.525
1522,200,CC,RF,0.18000000000000005,0.7,0.88
1523,200,CC,RF,0.125,0.635,0.76
1524,200,CC,RF,0.125,0.58,0.705
1525,200,CC,RF,0.04500000000000001,0.22,0.175
1526,200,CC,RF,0.014999999999999958,0.34,0.355
1527,200,CC,RF,0.014999999999999958,0.46,0.475
1528,200,CC,RF,0.08500000000000002,0.23,0.145
1529,200,CC,RF,0.04999999999999999,0.32,0.27
1530,200,CC,RF,0.03999999999999998,0.345,0.305
1531,200,CC,RF,0.11499999999999999,0.24,0.125
1532,200,CC,RF,0.11000000000000004,0.44,0.55
1533,200,CC,RF,0.11499999999999999,0.59,0.705
1534,200,CC,RF,0.10500000000000001,0.17,0.065
1535,200,CC,RF,0.04999999999999999,0.43,0.48
1536,200,CC,RF,0.13,0.65,0.78
1537,200,CC,RF,0.09999999999999998,0.645,0.745
1538,200,CC,RF,0.1299999999999999,0.685,0.815
1539,200,CC,RF,0.0050000000000000044,0.45,0.445
1540,200,CC,RF,0.15499999999999992,0.665,0.82
1541,200,CC,RF,0.030000000000000027,0.27,0.24
1542,200,CC,RF,0.0,0.36,0.36
1543,200,CC,RF,0.05500000000000002,0.23,0.175
1544,200,CC,RF,0.025000000000000022,0.44,0.465
1545,200,CC,RF,0.025000000000000022,0.365,0.39
1546,200,CC,RF,0.04999999999999999,0.29,0.24
1547,200,CC,RF,0.07999999999999996,0.67,0.75
1548,200,CC,RF,0.0050000000000000044,0.315,0.31
1549,200,CC,RF,0.06,0.33,0.27
1550,200,CC,RF,0.07,0.2,0.13
1551,200,CC,RF,0.020000000000000018,0.415,0.435
1552,200,CC,RF,0.044999999999999984,0.345,0.3
1553,200,CC,RF,0.010000000000000009,0.355,0.365
1554,200,CC,RF,0.06,0.295,0.235
1555,200,CC,RF,0.11499999999999999,0.645,0.76
1556,200,CC,RF,0.14500000000000002,0.785,0.93
1557,200,CC,RF,0.02999999999999997,0.465,0.495
1558,200,CC,RF,0.025000000000000022,0.615,0.64
1559,200,CC,RF,0.17999999999999994,0.685,0.865
1560,200,CC,RF,0.22999999999999998,0.765,0.995
1561,200,CC,RF,0.08499999999999996,0.525,0.61
1562,200,CC,RF,0.17000000000000004,0.715,0.885
1563,200,CC,RF,0.19000000000000006,0.715,0.905
1564,200,CC,RF,0.18500000000000005,0.605,0.79
1565,200,CC,RF,0.030000000000000027,0.43,0.46
1566,200,CC,RF,0.09000000000000001,0.17,0.08
1567,200,CC,RF,0.115,0.13,0.015
1568,200,CC,RF,0.05499999999999999,0.42,0.475
1569,200,CC,RF,0.024999999999999967,0.465,0.49
1570,200,CC,RF,0.0,0.405,0.405
1571,200,CC,RF,0.08499999999999996,0.48,0.565
1572,200,CC,RF,0.050000000000000044,0.5,0.55
1573,200,CC,RF,0.16999999999999993,0.665,0.835
1574,200,CC,RF,0.105,0.21,0.105
1575,200,CC,RF,0.05999999999999997,0.285,0.225
1576,200,CC,RF,0.135,0.655,0.79
1577,200,CC,RF,0.15000000000000002,0.695,0.845
1578,200,CC,RF,0.14500000000000002,0.845,0.99
1579,200,CC,RF,0.16500000000000004,0.705,0.87
1580,200,CC,RF,0.19500000000000006,0.69,0.885
1581,200,CC,RF,0.0,0.31,0.31
1582,200,CC,RF,0.020000000000000018,0.38,0.4
1583,200,CC,RF,0.044999999999999984,0.31,0.265
1584,200,CC,RF,0.05499999999999994,0.55,0.605
1585,200,CC,RF,0.18500000000000005,0.75,0.935
1586,200,CC,RF,0.0,0.34,0.34
1587,200,CC,RF,0.09000000000000002,0.465,0.555
1588,200,CC,RF,0.014999999999999958,0.28,0.295
1589,200,CC,RF,0.08499999999999999,0.25,0.165
1590,200,CC,RF,0.07500000000000001,0.27,0.195
1591,200,CC,RF,0.09,0.145,0.055
1592,200,CC,RF,0.1499999999999999,0.795,0.945
1593,200,CC,RF,0.050000000000000044,0.35,0.4
1594,200,CC,RF,0.19499999999999995,0.635,0.83
1595,200,CC,RF,0.07000000000000006,0.61,0.68
1596,200,CC,RF,0.09999999999999998,0.29,0.19
1597,200,CC,RF,0.0050000000000000044,0.18,0.175
1598,200,CC,RF,0.1150000000000001,0.695,0.81
1599,200,CC,RF,0.08499999999999996,0.345,0.26
1600,200,CC,RF,0.12,0.79,0.91
1601,200,CC,RF,0.06,0.2,0.14
1602,200,CC,RF,0.09500000000000008,0.58,0.675
1603,200,CC,RF,0.15500000000000003,0.655,0.81
1604,200,CC,RF,0.06,0.295,0.235
1605,200,CC,RF,0.02999999999999997,0.305,0.275
1606,200,CC,RF,0.20499999999999996,0.755,0.96
1607,200,CC,RF,0.03999999999999998,0.3,0.26
1608,200,CC,RF,0.03999999999999998,0.385,0.425
1609,200,CC,RF,0.03999999999999998,0.39,0.43
1610,200,CC,RF,0.09499999999999997,0.345,0.25
1611,200,CC,RF,0.13,0.645,0.775
1612,200,CC,RF,0.12,0.65,0.77
1613,200,CC,RF,0.015000000000000013,0.39,0.375
1614,200,CC,RF,0.13,0.705,0.835
1615,200,CC,RF,0.07499999999999998,0.285,0.21
1616,200,CC,RF,0.13,0.13,0.0
1617,200,CC,RF,0.07999999999999996,0.49,0.57
1618,200,CC,RF,0.18499999999999994,0.805,0.99
1619,200,CC,RF,0.10500000000000001,0.14,0.035
1620,200,CC,RF,0.04000000000000001,0.245,0.205
1621,200,CC,RF,0.05499999999999999,0.46,0.515
1622,200,CC,RF,0.09500000000000008,0.71,0.805
1623,200,CC,RF,0.11,0.195,0.085
1624,200,CC,RF,0.044999999999999984,0.44,0.395
1625,200,CC,RF,0.16500000000000004,0.58,0.745
1626,200,CC,RF,0.0050000000000000044,0.375,0.37
1627,200,CC,RF,0.04999999999999999,0.235,0.185
1628,200,CC,RF,0.03,0.225,0.195
1629,200,CC,RF,0.019999999999999962,0.39,0.41
1630,200,CC,RF,0.02999999999999997,0.445,0.475
1631,200,CC,RF,0.135,0.725,0.86
1632,200,CC,RF,0.08999999999999997,0.55,0.64
1633,200,CC,RF,0.11499999999999999,0.575,0.69
1634,200,CC,RF,0.18499999999999994,0.795,0.98
1635,200,CC,RF,0.0050000000000000044,0.415,0.41
1636,200,CC,RF,0.0050000000000000044,0.395,0.4
1637,200,CC,RF,0.18500000000000005,0.735,0.92
1638,200,CC,RF,0.015000000000000013,0.26,0.245
1639,200,CC,RF,0.10999999999999999,0.615,0.725
1640,200,CC,RF,0.08499999999999996,0.665,0.75
1641,200,CC,RF,0.11499999999999999,0.21,0.095
1642,200,CC,RF,0.010000000000000009,0.455,0.465
1643,200,CC,RF,0.044999999999999984,0.245,0.2
1644,200,CC,RF,0.08000000000000002,0.265,0.185
1645,200,CC,RF,0.040000000000000036,0.42,0.46
1646,200,CC,RF,0.010000000000000009,0.295,0.285
1647,200,CC,RF,0.06500000000000006,0.73,0.795
1648,200,CC,RF,0.18500000000000005,0.72,0.905
1649,200,CC,RF,0.10000000000000009,0.7,0.8
1650,200,CC,RF,0.0050000000000000044,0.27,0.265
1651,200,CC,RF,0.03999999999999998,0.31,0.27
1652,200,CC,RF,0.05499999999999999,0.305,0.25
1653,200,CC,RF,0.06,0.195,0.135
1654,200,CC,RF,0.16999999999999993,0.77,0.94
1655,200,CC,RF,0.05500000000000005,0.345,0.4
1656,200,CC,RF,0.06999999999999998,0.29,0.22
1657,200,CC,RF,0.17499999999999993,0.67,0.845
1658,200,CC,RF,0.0,0.395,0.395
1659,200,CC,RF,0.10999999999999999,0.145,0.035
1660,200,CC,RF,0.1,0.26,0.16
1661,200,CC,RF,0.025000000000000022,0.61,0.635
1662,200,CC,RF,0.125,0.655,0.78
1663,200,CC,RF,0.05000000000000002,0.26,0.21
1664,200,CC,RF,0.16500000000000004,0.75,0.915
1665,200,CC,RF,0.15500000000000003,0.695,0.85
1666,200,CC,RF,0.16499999999999992,0.68,0.845
1667,200,CC,RF,0.04500000000000001,0.27,0.225
1668,200,CC,RF,0.12499999999999999,0.175,0.05
1669,200,CC,RF,0.17999999999999994,0.685,0.865
1670,200,CC,RF,0.0050000000000000044,0.31,0.305
1671,200,CC,RF,0.09999999999999998,0.515,0.615
1672,200,CC,RF,0.08499999999999996,0.67,0.755
1673,200,CC,RF,0.05499999999999999,0.18,0.125
1674,200,CC,RF,0.15500000000000003,0.625,0.78
1675,200,CC,RF,0.2400000000000001,0.695,0.935
1676,200,CC,RF,0.08999999999999997,0.635,0.725
1677,200,CC,RF,0.0050000000000000044,0.445,0.44
1678,200,CC,RF,0.09499999999999997,0.78,0.875
1679,200,CC,RF,0.010000000000000009,0.515,0.525
1680,200,CC,RF,0.14500000000000002,0.595,0.74
1681,200,CC,RF,0.125,0.695,0.82
1682,200,CC,RF,0.14500000000000002,0.6,0.745
1683,200,CC,RF,0.06,0.345,0.285
1684,200,CC,RF,0.06999999999999999,0.185,0.115
1685,200,CC,RF,0.020000000000000018,0.255,0.235
1686,200,CC,RF,0.015000000000000013,0.485,0.5
1687,200,CC,RF,0.03999999999999998,0.465,0.505
1688,200,CC,RF,0.06999999999999995,0.51,0.58
1689,200,CC,RF,0.020000000000000018,0.375,0.395
1690,200,CC,RF,0.10999999999999999,0.675,0.785
1691,200,CC,RF,0.16500000000000004,0.745,0.91
1692,200,CC,RF,0.0050000000000000044,0.24,0.245
1693,200,CC,RF,0.08499999999999996,0.65,0.735
1694,200,CC,RF,0.07500000000000007,0.6,0.675
1695,200,CC,RF,0.03500000000000003,0.485,0.52
1696,200,CC,RF,0.05499999999999999,0.24,0.185
1697,200,CC,RF,0.12,0.675,0.795
1698,200,CC,RF,0.22999999999999998,0.73,0.96
1699,200,CC,RF,0.10999999999999999,0.61,0.72
1700,200,CC,RF,0.16000000000000003,0.755,0.915
1701,200,CC,RF,0.16999999999999993,0.81,0.98
1702,200,CC,RF,0.025000000000000022,0.375,0.35
1703,200,CC,RF,0.040000000000000036,0.595,0.635
1704,200,CC,RF,0.06,0.41,0.47
1705,200,CC,RF,0.15000000000000002,0.835,0.985
1706,200,CC,RF,0.065,0.155,0.09
1707,200,CC,RF,0.034999999999999976,0.375,0.41
1708,200,CC,RF,0.15000000000000002,0.725,0.875
1709,200,CC,RF,0.010000000000000009,0.27,0.28
1710,200,CC,RF,0.16000000000000003,0.625,0.785
1711,200,CC,RF,0.0050000000000000044,0.375,0.38
1712,200,CC,RF,0.16000000000000003,0.815,0.975
1713,200,CC,RF,0.14500000000000002,0.735,0.88
1714,200,CC,RF,0.07500000000000001,0.375,0.3
1715,200,CC,RF,0.14500000000000002,0.625,0.77
1716,200,CC,RF,0.015000000000000013,0.32,0.335
1717,200,CC,RF,0.06499999999999995,0.54,0.605
1718,200,CC,RF,0.08500000000000008,0.57,0.655
1719,200,CC,RF,0.15999999999999992,0.665,0.825
1720,200,CC,RF,0.13,0.15,0.02
1721,200,CC,RF,0.07499999999999998,0.295,0.22
1722,200,CC,RF,0.07999999999999996,0.63,0.71
1723,200,CC,RF,0.03500000000000003,0.525,0.56
1724,200,CC,RF,0.034999999999999976,0.46,0.495
1725,200,CC,RF,0.1,0.155,0.055
1726,200,CC,RF,0.050000000000000044,0.395,0.345
1727,200,CC,RF,0.18999999999999995,0.675,0.865
1728,200,CC,RF,0.075,0.105,0.03
1729,200,CC,RF,0.0,0.395,0.395
1730,200,CC,RF,0.18999999999999995,0.755,0.945
1731,200,CC,RF,0.075,0.125,0.05
1732,200,CC,RF,0.08999999999999997,0.655,0.745
1733,200,CC,RF,0.03999999999999998,0.295,0.255
1734,200,CC,RF,0.16500000000000004,0.7,0.865
1735,200,CC,RF,0.12,0.625,0.745
1736,200,CC,RF,0.20499999999999996,0.68,0.885
1737,200,CC,RF,0.060000000000000026,0.275,0.215
1738,200,CC,RF,0.07500000000000001,0.455,0.53
1739,200,CC,RF,0.15500000000000003,0.62,0.775
1740,200,CC,RF,0.0050000000000000044,0.24,0.245
1741,200,CC,RF,0.03,0.26,0.23
1742,200,CC,RF,0.11500000000000002,0.14,0.025
1743,200,CC,RF,0.14,0.815,0.955
1744,200,CC,RF,0.10499999999999998,0.605,0.71
1745,200,CC,RF,0.07499999999999996,0.56,0.635
1746,200,CC,RF,0.08999999999999997,0.65,0.74
1747,200,CC,RF,0.0,0.53,0.53
1748,200,CC,RF,0.024999999999999967,0.45,0.475
1749,200,CC,RF,0.030000000000000027,0.415,0.445
1750,200,CC,RF,0.09999999999999998,0.54,0.64
1751,200,CC,RF,0.08499999999999996,0.285,0.2
1752,200,CC,RF,0.10999999999999999,0.775,0.885
1753,200,CC,RF,0.16000000000000003,0.65,0.81
1754,200,CC,RF,0.004999999999999949,0.34,0.345
1755,200,CC,RF,0.04999999999999993,0.525,0.575
1756,200,CC,RF,0.09,0.23,0.14
1757,200,CC,RF,0.18499999999999994,0.785,0.97
1758,200,CC,RF,0.20000000000000007,0.7,0.9
1759,200,CC,RF,0.15000000000000002,0.77,0.92
1760,200,CC,RF,0.015000000000000013,0.315,0.33
1761,200,CC,RF,0.04999999999999999,0.215,0.165
1762,200,CC,RF,0.035,0.245,0.21
1763,200,CC,RF,0.04500000000000001,0.135,0.09
1764,200,CC,RF,0.08499999999999999,0.205,0.12
1765,200,CC,RF,0.175,0.245,0.07
1766,200,CC,RF,0.14500000000000002,0.84,0.985
1767,200,CC,RF,0.10999999999999999,0.18,0.07
1768,200,CC,RF,0.05499999999999999,0.185,0.13
1769,200,CC,RF,0.16499999999999992,0.66,0.825
1770,200,CC,RF,0.04999999999999993,0.53,0.58
1771,200,CC,RF,0.07000000000000006,0.7,0.77
1772,200,CC,RF,0.07499999999999996,0.555,0.63
1773,200,CC,RF,0.14,0.74,0.88
1774,200,CC,RF,0.06500000000000006,0.57,0.635
1775,200,CC,RF,0.07,0.45,0.52
1776,200,CC,RF,0.07999999999999996,0.63,0.71
1777,200,CC,RF,0.04999999999999999,0.395,0.445
1778,200,CC,RF,0.03500000000000003,0.38,0.345
1779,200,CC,RF,0.03500000000000003,0.43,0.465
1780,200,CC,RF,0.13499999999999998,0.3,0.165
1781,200,CC,RF,0.135,0.66,0.795
1782,200,CC,RF,0.024999999999999967,0.285,0.26
1783,200,CC,RF,0.09,0.24,0.15
1784,200,CC,RF,0.03999999999999998,0.285,0.245
1785,200,CC,RF,0.15499999999999992,0.685,0.84
1786,200,CC,RF,0.010000000000000009,0.32,0.33
1787,200,CC,RF,0.09000000000000008,0.595,0.685
1788,200,CC,RF,0.17999999999999994,0.675,0.855
1789,200,CC,RF,0.115,0.19,0.075
1790,200,CC,RF,0.11499999999999999,0.65,0.765
1791,200,CC,RF,0.025000000000000022,0.33,0.305
1792,200,CC,RF,0.04500000000000001,0.26,0.215
1793,200,CC,RF,0.125,0.56,0.685
1794,200,CC,RF,0.17000000000000004,0.735,0.905
1795,200,CC,RF,0.0050000000000000044,0.29,0.295
1796,200,CC,RF,0.07499999999999996,0.49,0.565
1797,200,CC,RF,0.030000000000000027,0.315,0.285
1798,200,CC,RF,0.050000000000000044,0.5,0.55
1799,200,CC,RF,0.050000000000000044,0.57,0.62
1800,200,CC,RF,0.07999999999999996,0.53,0.61
1801,200,CC,RF,0.08499999999999996,0.535,0.62
1802,200,CC,RF,0.04999999999999999,0.185,0.135
1803,200,CC,RF,0.10499999999999998,0.585,0.69
1804,200,CC,RF,0.07000000000000006,0.6,0.67
1805,200,CC,RF,0.08500000000000008,0.595,0.68
1806,200,CC,RF,0.07,0.14,0.07
1807,200,CC,RF,0.04999999999999999,0.395,0.445
1808,200,CC,RF,0.030000000000000027,0.375,0.405
1809,200,CC,RF,0.059999999999999984,0.145,0.085
1810,200,CC,RF,0.060000000000000026,0.28,0.22
1811,200,CC,RF,0.030000000000000027,0.41,0.44
1812,200,CC,RF,0.12,0.62,0.74
1813,200,CC,RF,0.065,0.3,0.235
1814,200,CC,RF,0.17499999999999993,0.65,0.825
1815,200,CC,RF,0.06500000000000006,0.48,0.545
1816,200,CC,RF,0.12,0.64,0.76
1817,200,CC,RF,0.06499999999999995,0.405,0.47
1818,200,CC,RF,0.0,0.495,0.495
1819,200,CC,RF,0.09499999999999997,0.52,0.615
1820,200,CC,RF,0.20000000000000007,0.725,0.925
1821,200,CC,RF,0.034999999999999976,0.455,0.49
1822,200,CC,RF,0.09500000000000003,0.43,0.525
1823,200,CC,RF,0.08999999999999997,0.51,0.6
1824,200,CC,RF,0.09999999999999998,0.635,0.735
1825,200,CC,RF,0.039999999999999994,0.11,0.07
1826,200,CC,RF,0.030000000000000027,0.485,0.515
1827,200,CC,RF,0.024999999999999967,0.455,0.48
1828,200,CC,RF,0.15500000000000003,0.765,0.92
1829,200,CC,RF,0.020000000000000018,0.47,0.49
1830,200,CC,RF,0.010000000000000009,0.455,0.465
1831,200,CC,RF,0.17999999999999994,0.78,0.96
1832,200,CC,RF,0.0050000000000000044,0.455,0.45
1833,200,CC,RF,0.10999999999999999,0.29,0.18
1834,200,CC,RF,0.0050000000000000044,0.22,0.215
1835,200,CC,RF,0.07999999999999999,0.175,0.095
1836,200,CC,RF,0.14,0.14,0.0
1837,200,CC,RF,0.0,0.43,0.43
1838,200,CC,RF,0.08999999999999997,0.675,0.765
1839,200,CC,RF,0.09499999999999997,0.635,0.73
1840,200,CC,RF,0.09,0.12,0.03
1841,200,CC,RF,0.08499999999999996,0.48,0.565
1842,200,CC,RF,0.09,0.24,0.15
1843,200,CC,RF,0.17999999999999994,0.76,0.94
1844,200,CC,RF,0.06999999999999998,0.235,0.165
1845,200,CC,RF,0.050000000000000044,0.575,0.625
1846,200,CC,RF,0.02999999999999997,0.355,0.325
1847,200,CC,RF,0.09499999999999997,0.545,0.64
1848,200,CC,RF,0.0050000000000000044,0.415,0.41
1849,200,CC,RF,0.12,0.635,0.755
1850,200,CC,RF,0.06499999999999997,0.295,0.23
1851,200,CC,RF,0.13,0.775,0.905
1852,200,CC,RF,0.044999999999999984,0.455,0.5
1853,200,CC,RF,0.14500000000000002,0.61,0.755
1854,200,CC,RF,0.19999999999999996,0.645,0.845
1855,200,CC,RF,0.18499999999999994,0.81,0.995
1856,200,CC,RF,0.095,0.315,0.22
1857,200,CC,RF,0.0,0.285,0.285
1858,200,CC,RF,0.065,0.315,0.25
1859,200,CC,RF,0.03999999999999998,0.3,0.26
1860,200,CC,RF,0.07999999999999996,0.5,0.58
1861,200,CC,RF,0.22999999999999998,0.76,0.99
1862,200,CC,RF,0.135,0.855,0.99
1863,200,CC,RF,0.07500000000000001,0.45,0.525
1864,200,CC,RF,0.12,0.515,0.635
1865,200,CC,RF,0.17499999999999993,0.68,0.855
1866,200,CC,RF,0.19000000000000006,0.74,0.93
1867,200,CC,RF,0.07,0.27,0.2
1868,200,CC,RF,0.06,0.465,0.525
1869,200,CC,RF,0.13,0.7,0.83
1870,200,CC,RF,0.010000000000000009,0.31,0.3
1871,200,CC,RF,0.010000000000000009,0.425,0.435
1872,200,CC,RF,0.17499999999999993,0.81,0.985
1873,200,CC,RF,0.16500000000000004,0.82,0.985
1874,200,CC,RF,0.15000000000000002,0.755,0.905
1875,200,CC,RF,0.1050000000000001,0.69,0.795
1876,200,CC,RF,0.0050000000000000044,0.27,0.265
1877,200,CC,RF,0.020000000000000018,0.34,0.32
1878,200,CC,RF,0.05500000000000005,0.49,0.545
1879,200,CC,RF,0.015000000000000013,0.545,0.56
1880,200,CC,RF,0.07500000000000001,0.43,0.505
1881,200,CC,RF,0.10499999999999998,0.53,0.635
1882,200,CC,RF,0.05500000000000005,0.35,0.405
1883,200,CC,RF,0.10999999999999999,0.635,0.745
1884,200,CC,RF,0.0050000000000000044,0.335,0.33
1885,200,CC,RF,0.05499999999999999,0.385,0.33
1886,200,CC,RF,0.09,0.215,0.125
1887,200,CC,RF,0.024999999999999994,0.21,0.185
1888,200,CC,RF,0.20499999999999996,0.645,0.85
1889,200,CC,RF,0.04999999999999999,0.395,0.445
1890,200,CC,RF,0.06999999999999998,0.295,0.225
1891,200,CC,RF,0.10499999999999998,0.65,0.755
1892,200,CC,RF,0.03500000000000003,0.515,0.55
1893,200,CC,RF,0.11,0.13,0.02
1894,200,CC,RF,0.015000000000000013,0.33,0.315
1895,200,CC,RF,0.025000000000000022,0.2,0.175
1896,200,CC,RF,0.08500000000000008,0.57,0.655
1897,200,CC,RF,0.03999999999999998,0.315,0.275
1898,200,CC,RF,0.10500000000000001,0.165,0.06
1899,200,CC,RF,0.115,0.165,0.05
1900,200,CC,RF,0.05999999999999994,0.52,0.58
1901,200,CC,RF,0.095,0.115,0.02
1902,200,CC,RF,0.15000000000000002,0.695,0.845
1903,200,CC,RF,0.09,0.245,0.155
1904,200,CC,RF,0.03500000000000003,0.57,0.605
1905,200,CC,RF,0.044999999999999984,0.395,0.44
1906,200,CC,RF,0.010000000000000009,0.45,0.44
1907,200,CC,RF,0.095,0.165,0.07
1908,200,CC,RF,0.13,0.67,0.8
1909,200,CC,RF,0.19000000000000006,0.7,0.89
1910,200,CC,RF,0.095,0.105,0.01
1911,200,CC,RF,0.07500000000000001,0.25,0.175
1912,200,CC,RF,0.14500000000000002,0.755,0.9
1913,200,CC,RF,0.05500000000000005,0.49,0.545
1914,200,CC,RF,0.04000000000000001,0.19,0.15
1915,200,CC,RF,0.04999999999999999,0.25,0.2
1916,200,CC,RF,0.07000000000000006,0.585,0.655
1917,200,CC,RF,0.125,0.595,0.72
1918,200,CC,RF,0.10499999999999998,0.49,0.595
1919,200,CC,RF,0.22499999999999998,0.725,0.95
1920,200,CC,RF,0.0,0.49,0.49
1921,200,CC,RF,0.015000000000000013,0.315,0.3
1922,200,CC,RF,0.024999999999999967,0.45,0.475
1923,200,CC,RF,0.020000000000000018,0.375,0.355
1924,200,CC,RF,0.095,0.315,0.22
1925,200,CC,RF,0.115,0.16,0.045
1926,200,CC,RF,0.0,0.35,0.35
1927,200,CC,RF,0.04499999999999993,0.665,0.71
1928,200,CC,RF,0.15500000000000003,0.17,0.015
1929,200,CC,RF,0.015000000000000013,0.45,0.435
1930,200,CC,RF,0.12,0.52,0.64
1931,200,CC,RF,0.05499999999999994,0.555,0.61
1932,200,CC,RF,0.135,0.64,0.775
1933,200,CC,RF,0.13,0.68,0.81
1934,200,CC,RF,0.09499999999999997,0.615,0.71
1935,200,CC,RF,0.13,0.23,0.1
1936,200,CC,RF,0.014999999999999958,0.46,0.475
1937,200,CC,RF,0.06999999999999995,0.53,0.6
1938,200,CC,RF,0.020000000000000018,0.265,0.245
1939,200,CC,RF,0.13999999999999999,0.18,0.04
1940,200,CC,RF,0.05000000000000002,0.27,0.22
1941,200,CC,RF,0.020000000000000018,0.43,0.45
1942,200,CC,RF,0.009999999999999953,0.4,0.41
1943,200,CC,RF,0.035,0.21,0.175
1944,200,CC,RF,0.09499999999999997,0.725,0.82
1945,200,CC,RF,0.16000000000000003,0.765,0.925
1946,200,CC,RF,0.01999999999999999,0.22,0.2
1947,200,CC,RF,0.135,0.79,0.925
1948,200,CC,RF,0.15999999999999998,0.175,0.015
1949,200,CC,RF,0.21000000000000008,0.71,0.92
1950,200,CC,RF,0.15499999999999992,0.795,0.95
1951,200,CC,RF,0.1,0.11,0.01
1952,200,CC,RF,0.12,0.64,0.76
1953,200,CC,RF,0.15999999999999992,0.81,0.97
1954,200,CC,RF,0.17500000000000004,0.73,0.905
1955,200,CC,RF,0.18499999999999994,0.785,0.97
1956,200,CC,RF,0.09500000000000003,0.455,0.55
1957,200,CC,RF,0.125,0.2,0.075
1958,200,CC,RF,0.17499999999999993,0.67,0.845
1959,200,CC,RF,0.08999999999999997,0.52,0.61
1960,200,CC,RF,0.08999999999999997,0.52,0.61
1961,200,CC,RF,0.019999999999999962,0.395,0.415
1962,200,CC,RF,0.07999999999999996,0.49,0.57
1963,200,CC,RF,0.1,0.25,0.15
1964,200,CC,RF,0.09499999999999997,0.64,0.735
1965,200,CC,RF,0.09000000000000001,0.165,0.075
1966,200,CC,RF,0.09499999999999997,0.63,0.725
1967,200,CC,RF,0.13,0.715,0.845
1968,200,CC,RF,0.02999999999999997,0.44,0.47
1969,200,CC,RF,0.04999999999999999,0.455,0.505
1970,200,CC,RF,0.030000000000000027,0.34,0.31
1971,200,CC,RF,0.13,0.835,0.965
1972,200,CC,RF,0.09999999999999998,0.63,0.73
1973,200,CC,RF,0.025000000000000022,0.39,0.365
1974,200,CC,RF,0.04999999999999999,0.22,0.17
1975,200,CC,RF,0.06999999999999998,0.285,0.215
1976,200,CC,RF,0.04500000000000004,0.415,0.46
1977,200,CC,RF,0.17499999999999993,0.765,0.94
1978,200,CC,RF,0.10999999999999999,0.62,0.73
1979,200,CC,RF,0.060000000000000026,0.275,0.215
1980,200,CC,RF,0.11499999999999999,0.74,0.855
1981,200,CC,RF,0.0,0.375,0.375
1982,200,CC,RF,0.135,0.715,0.85
1983,200,CC,RF,0.025000000000000022,0.265,0.24
1984,200,CC,RF,0.05999999999999994,0.555,0.615
1985,200,CC,RF,0.18000000000000005,0.745,0.925
1986,200,CC,RF,0.06,0.315,0.255
1987,200,CC,RF,0.1299999999999999,0.56,0.69
1988,200,CC,RF,0.21999999999999997,0.765,0.985
1989,200,CC,RF,0.03,0.18,0.15
1990,200,CC,RF,0.085,0.17,0.085
1991,200,CC,RF,0.10999999999999999,0.56,0.67
1992,200,CC,RF,0.015000000000000013,0.32,0.335
1993,200,CC,RF,0.1,0.17,0.07
1994,200,CC,RF,0.0050000000000000044,0.47,0.475
1995,200,CC,RF,0.10499999999999998,0.645,0.75
1996,200,CC,RF,0.050000000000000044,0.335,0.285
1997,200,CC,RF,0.019999999999999962,0.355,0.335
1998,200,CC,RF,0.16499999999999992,0.68,0.845
1999,200,CC,RF,0.04500000000000004,0.475,0.52
0,500,CC,RF,0.136,0.636,0.772
1,500,CC,RF,0.016000000000000014,0.422,0.438
2,500,CC,RF,0.17000000000000004,0.688,0.858
3,500,CC,RF,0.122,0.574,0.696
4,500,CC,RF,0.092,0.186,0.094
5,500,CC,RF,0.16599999999999993,0.808,0.974
6,500,CC,RF,0.09199999999999997,0.668,0.76
7,500,CC,RF,0.15200000000000002,0.634,0.786
8,500,CC,RF,0.07599999999999998,0.204,0.128
9,500,CC,RF,0.03600000000000003,0.414,0.45
10,500,CC,RF,0.006000000000000005,0.376,0.37
11,500,CC,RF,0.18000000000000005,0.746,0.926
12,500,CC,RF,0.07400000000000007,0.568,0.642
13,500,CC,RF,0.126,0.696,0.822
14,500,CC,RF,0.02200000000000002,0.42,0.442
15,500,CC,RF,0.034,0.26,0.226
16,500,CC,RF,0.02400000000000002,0.53,0.554
17,500,CC,RF,0.10400000000000001,0.166,0.062
18,500,CC,RF,0.15799999999999992,0.668,0.826
19,500,CC,RF,0.08599999999999997,0.544,0.63
20,500,CC,RF,0.13,0.628,0.758
21,500,CC,RF,0.04200000000000004,0.396,0.354
22,500,CC,RF,0.19199999999999995,0.778,0.97
23,500,CC,RF,0.18800000000000006,0.704,0.892
24,500,CC,RF,0.138,0.64,0.778
25,500,CC,RF,0.08999999999999997,0.284,0.194
26,500,CC,RF,0.0020000000000000018,0.464,0.466
27,500,CC,RF,0.10199999999999998,0.144,0.042
28,500,CC,RF,0.04400000000000001,0.198,0.154
29,500,CC,RF,0.08600000000000008,0.596,0.682
30,500,CC,RF,0.13,0.614,0.744
31,500,CC,RF,0.20999999999999996,0.756,0.966
32,500,CC,RF,0.033999999999999975,0.358,0.324
33,500,CC,RF,0.0020000000000000018,0.372,0.37
34,500,CC,RF,0.03200000000000003,0.436,0.468
35,500,CC,RF,0.07,0.258,0.188
36,500,CC,RF,0.12,0.248,0.128
37,500,CC,RF,0.019999999999999962,0.454,0.474
38,500,CC,RF,0.025999999999999995,0.252,0.226
39,500,CC,RF,0.10200000000000009,0.566,0.668
40,500,CC,RF,0.020000000000000018,0.416,0.436
41,500,CC,RF,0.17399999999999993,0.658,0.832
42,500,CC,RF,0.10999999999999999,0.59,0.7
43,500,CC,RF,0.008000000000000007,0.32,0.312
44,500,CC,RF,0.16199999999999992,0.67,0.832
45,500,CC,RF,0.08600000000000008,0.718,0.804
46,500,CC,RF,0.0040000000000000036,0.39,0.386
47,500,CC,RF,0.03600000000000003,0.324,0.288
48,500,CC,RF,0.07800000000000007,0.604,0.682
49,500,CC,RF,0.09799999999999998,0.236,0.138
50,500,CC,RF,0.07,0.268,0.198
51,500,CC,RF,0.12,0.126,0.006
52,500,CC,RF,0.132,0.654,0.786
53,500,CC,RF,0.08200000000000007,0.582,0.664
54,500,CC,RF,0.10799999999999998,0.596,0.704
55,500,CC,RF,0.14800000000000002,0.632,0.78
56,500,CC,RF,0.006000000000000005,0.452,0.458
57,500,CC,RF,0.04599999999999993,0.522,0.568
58,500,CC,RF,0.07399999999999998,0.212,0.138
59,500,CC,RF,0.08800000000000001,0.202,0.114
60,500,CC,RF,0.13,0.538,0.668
61,500,CC,RF,0.033999999999999975,0.436,0.47
62,500,CC,RF,0.08199999999999996,0.482,0.564
63,500,CC,RF,0.14200000000000002,0.622,0.764
64,500,CC,RF,0.09999999999999998,0.534,0.634
65,500,CC,RF,0.040000000000000036,0.512,0.552
66,500,CC,RF,0.03400000000000003,0.524,0.558
67,500,CC,RF,0.02200000000000002,0.324,0.302
68,500,CC,RF,0.118,0.148,0.03
69,500,CC,RF,0.03199999999999997,0.404,0.436
70,500,CC,RF,0.04600000000000001,0.26,0.214
71,500,CC,RF,0.009999999999999953,0.398,0.408
72,500,CC,RF,0.134,0.718,0.852
73,500,CC,RF,0.055999999999999966,0.288,0.232
74,500,CC,RF,0.096,0.154,0.058
75,500,CC,RF,0.05399999999999999,0.334,0.28
76,500,CC,RF,0.014000000000000012,0.306,0.292
77,500,CC,RF,0.07400000000000007,0.586,0.66
78,500,CC,RF,0.07400000000000007,0.482,0.556
79,500,CC,RF,0.122,0.66,0.782
80,500,CC,RF,0.10599999999999998,0.558,0.664
81,500,CC,RF,0.02200000000000002,0.384,0.406
82,500,CC,RF,0.1379999999999999,0.676,0.814
83,500,CC,RF,0.10400000000000001,0.27,0.166
84,500,CC,RF,0.09,0.112,0.022
85,500,CC,RF,0.088,0.178,0.09
86,500,CC,RF,0.06399999999999995,0.658,0.722
87,500,CC,RF,0.0020000000000000018,0.458,0.46
88,500,CC,RF,0.05399999999999999,0.214,0.16
89,500,CC,RF,0.0,0.5,0.5
90,500,CC,RF,0.07,0.222,0.152
91,500,CC,RF,0.1359999999999999,0.56,0.696
92,500,CC,RF,0.04199999999999998,0.404,0.446
93,500,CC,RF,0.02200000000000002,0.402,0.38
94,500,CC,RF,0.043999999999999984,0.344,0.3
95,500,CC,RF,0.04600000000000004,0.584,0.63
96,500,CC,RF,0.018000000000000016,0.378,0.36
97,500,CC,RF,0.09,0.176,0.086
98,500,CC,RF,0.11000000000000001,0.228,0.118
99,500,CC,RF,0.19399999999999995,0.766,0.96
100,500,CC,RF,0.18400000000000005,0.724,0.908
101,500,CC,RF,0.11399999999999999,0.584,0.698
102,500,CC,RF,0.043999999999999984,0.308,0.264
103,500,CC,RF,0.19599999999999995,0.772,0.968
104,500,CC,RF,0.08200000000000007,0.696,0.778
105,500,CC,RF,0.10999999999999999,0.606,0.716
106,500,CC,RF,0.020000000000000018,0.428,0.448
107,500,CC,RF,0.04799999999999999,0.32,0.272
108,500,CC,RF,0.055999999999999994,0.152,0.096
109,500,CC,RF,0.18400000000000005,0.718,0.902
110,500,CC,RF,0.03400000000000003,0.42,0.454
111,500,CC,RF,0.057999999999999996,0.26,0.202
112,500,CC,RF,0.008000000000000007,0.312,0.304
113,500,CC,RF,0.09799999999999998,0.48,0.578
114,500,CC,RF,0.068,0.244,0.176
115,500,CC,RF,0.126,0.73,0.856
116,500,CC,RF,0.14600000000000002,0.612,0.758
117,500,CC,RF,0.08599999999999997,0.632,0.718
118,500,CC,RF,0.035999999999999976,0.396,0.432
119,500,CC,RF,0.05400000000000005,0.572,0.626
120,500,CC,RF,0.06599999999999995,0.518,0.584
121,500,CC,RF,0.05800000000000005,0.59,0.648
122,500,CC,RF,0.08999999999999998,0.174,0.084
123,500,CC,RF,0.008000000000000007,0.422,0.414
124,500,CC,RF,0.09,0.13,0.04
125,500,CC,RF,0.04999999999999999,0.442,0.492
126,500,CC,RF,0.0040000000000000036,0.324,0.328
127,500,CC,RF,0.05400000000000002,0.198,0.144
128,500,CC,RF,0.09000000000000001,0.192,0.102
129,500,CC,RF,0.07399999999999995,0.512,0.586
130,500,CC,RF,0.07199999999999998,0.242,0.17
131,500,CC,RF,0.18200000000000005,0.742,0.924
132,500,CC,RF,0.05999999999999994,0.52,0.58
133,500,CC,RF,0.003999999999999948,0.342,0.346
134,500,CC,RF,0.09199999999999997,0.498,0.59
135,500,CC,RF,0.11600000000000002,0.138,0.022
136,500,CC,RF,0.19599999999999995,0.762,0.958
137,500,CC,RF,0.025999999999999968,0.456,0.482
138,500,CC,RF,0.10799999999999998,0.674,0.782
139,500,CC,RF,0.082,0.164,0.082
140,500,CC,RF,0.04999999999999999,0.436,0.486
141,500,CC,RF,0.04999999999999999,0.44,0.49
142,500,CC,RF,0.19400000000000006,0.742,0.936
143,500,CC,RF,0.03799999999999992,0.532,0.57
144,500,CC,RF,0.03999999999999998,0.432,0.472
145,500,CC,RF,0.023999999999999966,0.29,0.266
146,500,CC,RF,0.04199999999999998,0.372,0.33
147,500,CC,RF,0.064,0.456,0.52
148,500,CC,RF,0.043999999999999984,0.394,0.438
149,500,CC,RF,0.102,0.122,0.02
150,500,CC,RF,0.11599999999999999,0.71,0.826
151,500,CC,RF,0.138,0.758,0.896
152,500,CC,RF,0.04199999999999998,0.182,0.14
153,500,CC,RF,0.06800000000000006,0.486,0.554
154,500,CC,RF,0.06200000000000001,0.17,0.108
155,500,CC,RF,0.1060000000000001,0.566,0.672
156,500,CC,RF,0.01599999999999996,0.296,0.28
157,500,CC,RF,0.11199999999999999,0.546,0.658
158,500,CC,RF,0.09799999999999998,0.628,0.726
159,500,CC,RF,0.15600000000000003,0.612,0.768
160,500,CC,RF,0.084,0.19,0.106
161,500,CC,RF,0.15800000000000003,0.758,0.916
162,500,CC,RF,0.06399999999999997,0.294,0.23
163,500,CC,RF,0.10400000000000001,0.14,0.036
164,500,CC,RF,0.08000000000000007,0.474,0.554
165,500,CC,RF,0.018000000000000016,0.388,0.37
166,500,CC,RF,0.16999999999999993,0.658,0.828
167,500,CC,RF,0.16400000000000003,0.644,0.808
168,500,CC,RF,0.04799999999999999,0.364,0.316
169,500,CC,RF,0.17999999999999994,0.772,0.952
170,500,CC,RF,0.052000000000000046,0.342,0.29
171,500,CC,RF,0.020000000000000018,0.494,0.514
172,500,CC,RF,0.026000000000000023,0.28,0.254
173,500,CC,RF,0.19800000000000006,0.738,0.936
174,500,CC,RF,0.07,0.234,0.164
175,500,CC,RF,0.09600000000000002,0.14,0.044
176,500,CC,RF,0.014000000000000012,0.448,0.434
177,500,CC,RF,0.19999999999999996,0.792,0.992
178,500,CC,RF,0.23199999999999998,0.658,0.89
179,500,CC,RF,0.10399999999999998,0.644,0.748
180,500,CC,RF,0.15200000000000002,0.738,0.89
181,500,CC,RF,0.17800000000000005,0.714,0.892
182,500,CC,RF,0.055999999999999994,0.462,0.518
183,500,CC,RF,0.0020000000000000018,0.312,0.314
184,500,CC,RF,0.136,0.636,0.772
185,500,CC,RF,0.10199999999999998,0.558,0.66
186,500,CC,RF,0.0040000000000000036,0.376,0.372
187,500,CC,RF,0.066,0.16,0.094
188,500,CC,RF,0.128,0.618,0.746
189,500,CC,RF,0.045999999999999985,0.308,0.262
190,500,CC,RF,0.14,0.796,0.936
191,500,CC,RF,0.06,0.3,0.24
192,500,CC,RF,0.08000000000000002,0.202,0.122
193,500,CC,RF,0.11199999999999999,0.718,0.83
194,500,CC,RF,0.08200000000000002,0.234,0.152
195,500,CC,RF,0.057999999999999996,0.236,0.178
196,500,CC,RF,0.06999999999999995,0.528,0.598
197,500,CC,RF,0.124,0.75,0.874
198,500,CC,RF,0.045999999999999985,0.242,0.196
199,500,CC,RF,0.010000000000000009,0.32,0.31
200,500,CC,RF,0.124,0.652,0.776
201,500,CC,RF,0.20599999999999996,0.764,0.97
202,500,CC,RF,0.030000000000000027,0.47,0.5
203,500,CC,RF,0.07400000000000001,0.216,0.142
204,500,CC,RF,0.1,0.112,0.012
205,500,CC,RF,0.05000000000000002,0.278,0.228
206,500,CC,RF,0.086,0.216,0.13
207,500,CC,RF,0.07600000000000007,0.6,0.676
208,500,CC,RF,0.07200000000000001,0.192,0.12
209,500,CC,RF,0.03799999999999998,0.468,0.506
210,500,CC,RF,0.11599999999999999,0.578,0.694
211,500,CC,RF,0.039999999999999925,0.54,0.58
212,500,CC,RF,0.025999999999999995,0.224,0.198
213,500,CC,RF,0.124,0.68,0.804
214,500,CC,RF,0.11199999999999999,0.602,0.714
215,500,CC,RF,0.10599999999999998,0.632,0.738
216,500,CC,RF,0.098,0.228,0.13
217,500,CC,RF,0.086,0.208,0.122
218,500,CC,RF,0.21800000000000008,0.708,0.926
219,500,CC,RF,0.016000000000000014,0.38,0.396
220,500,CC,RF,0.020000000000000018,0.32,0.3
221,500,CC,RF,0.05199999999999999,0.436,0.488
222,500,CC,RF,0.08200000000000007,0.58,0.662
223,500,CC,RF,0.18599999999999994,0.768,0.954
224,500,CC,RF,0.02200000000000002,0.308,0.286
225,500,CC,RF,0.16600000000000004,0.758,0.924
226,500,CC,RF,0.11200000000000002,0.136,0.024
227,500,CC,RF,0.06600000000000006,0.488,0.554
228,500,CC,RF,0.09399999999999997,0.538,0.632
229,500,CC,RF,0.078,0.182,0.104
230,500,CC,RF,0.086,0.226,0.14
231,500,CC,RF,0.01799999999999996,0.4,0.418
232,500,CC,RF,0.21599999999999997,0.75,0.966
233,500,CC,RF,0.05999999999999994,0.536,0.596
234,500,CC,RF,0.14600000000000002,0.786,0.932
235,500,CC,RF,0.132,0.672,0.804
236,500,CC,RF,0.01200000000000001,0.454,0.466
237,500,CC,RF,0.138,0.646,0.784
238,500,CC,RF,0.11800000000000001,0.134,0.016
239,500,CC,RF,0.078,0.186,0.108
240,500,CC,RF,0.128,0.7,0.828
241,500,CC,RF,0.15000000000000002,0.646,0.796
242,500,CC,RF,0.048000000000000015,0.28,0.232
243,500,CC,RF,0.068,0.462,0.53
244,500,CC,RF,0.05399999999999994,0.552,0.606
245,500,CC,RF,0.14400000000000002,0.722,0.866
246,500,CC,RF,0.06599999999999995,0.536,0.602
247,500,CC,RF,0.0040000000000000036,0.408,0.412
248,500,CC,RF,0.0040000000000000036,0.378,0.374
249,500,CC,RF,0.0020000000000000018,0.426,0.424
250,500,CC,RF,0.06800000000000006,0.582,0.65
251,500,CC,RF,0.16800000000000004,0.698,0.866
252,500,CC,RF,0.0,0.452,0.452
253,500,CC,RF,0.04199999999999998,0.288,0.246
254,500,CC,RF,0.03600000000000003,0.272,0.236
255,500,CC,RF,0.128,0.618,0.746
256,500,CC,RF,0.15399999999999991,0.662,0.816
257,500,CC,RF,0.08800000000000001,0.192,0.104
258,500,CC,RF,0.10999999999999999,0.176,0.066
259,500,CC,RF,0.08599999999999997,0.508,0.594
260,500,CC,RF,0.06,0.206,0.146
261,500,CC,RF,0.15399999999999991,0.67,0.824
262,500,CC,RF,0.014000000000000012,0.324,0.31
263,500,CC,RF,0.11200000000000002,0.254,0.142
264,500,CC,RF,0.17800000000000005,0.742,0.92
265,500,CC,RF,0.07199999999999998,0.236,0.164
266,500,CC,RF,0.006000000000000005,0.29,0.284
267,500,CC,RF,0.08200000000000002,0.234,0.152
268,500,CC,RF,0.08,0.194,0.114
269,500,CC,RF,0.12000000000000001,0.14,0.02
270,500,CC,RF,0.08600000000000002,0.14,0.054
271,500,CC,RF,0.08200000000000002,0.256,0.174
272,500,CC,RF,0.11200000000000002,0.164,0.052
273,500,CC,RF,0.04999999999999993,0.54,0.59
274,500,CC,RF,0.09400000000000008,0.586,0.68
275,500,CC,RF,0.0040000000000000036,0.396,0.392
276,500,CC,RF,0.03199999999999997,0.348,0.316
277,500,CC,RF,0.06,0.444,0.504
278,500,CC,RF,0.14200000000000002,0.732,0.874
279,500,CC,RF,0.136,0.714,0.85
280,500,CC,RF,0.10999999999999999,0.152,0.042
281,500,CC,RF,0.057999999999999996,0.238,0.18
282,500,CC,RF,0.05399999999999999,0.29,0.236
283,500,CC,RF,0.066,0.314,0.248
284,500,CC,RF,0.07199999999999995,0.498,0.57
285,500,CC,RF,0.006000000000000005,0.41,0.416
286,500,CC,RF,0.12200000000000001,0.17,0.048
287,500,CC,RF,0.020000000000000018,0.392,0.372
288,500,CC,RF,0.028000000000000025,0.494,0.522
289,500,CC,RF,0.09,0.19,0.1
290,500,CC,RF,0.1479999999999999,0.684,0.832
291,500,CC,RF,0.11800000000000001,0.168,0.05
292,500,CC,RF,0.19000000000000006,0.734,0.924
293,500,CC,RF,0.08399999999999999,0.182,0.098
294,500,CC,RF,0.138,0.704,0.842
295,500,CC,RF,0.19400000000000006,0.708,0.902
296,500,CC,RF,0.18399999999999994,0.794,0.978
297,500,CC,RF,0.126,0.676,0.802
298,500,CC,RF,0.11599999999999999,0.662,0.778
299,500,CC,RF,0.07800000000000007,0.564,0.642
300,500,CC,RF,0.09799999999999998,0.68,0.778
301,500,CC,RF,0.08399999999999999,0.218,0.134
302,500,CC,RF,0.008000000000000007,0.528,0.536
303,500,CC,RF,0.018000000000000016,0.496,0.514
304,500,CC,RF,0.15400000000000003,0.702,0.856
305,500,CC,RF,0.03600000000000003,0.426,0.462
306,500,CC,RF,0.0020000000000000018,0.386,0.384
307,500,CC,RF,0.09599999999999997,0.542,0.638
308,500,CC,RF,0.01799999999999996,0.284,0.266
309,500,CC,RF,0.10399999999999998,0.242,0.138
310,500,CC,RF,0.023999999999999966,0.452,0.476
311,500,CC,RF,0.0020000000000000018,0.418,0.416
312,500,CC,RF,0.04200000000000001,0.274,0.232
313,500,CC,RF,0.016000000000000014,0.35,0.366
314,500,CC,RF,0.018000000000000016,0.348,0.366
315,500,CC,RF,0.016000000000000014,0.342,0.326
316,500,CC,RF,0.006000000000000005,0.372,0.378
317,500,CC,RF,0.09400000000000008,0.59,0.684
318,500,CC,RF,0.018000000000000016,0.314,0.296
319,500,CC,RF,0.19599999999999995,0.752,0.948
320,500,CC,RF,0.17600000000000005,0.74,0.916
321,500,CC,RF,0.033999999999999975,0.446,0.48
322,500,CC,RF,0.043999999999999984,0.372,0.328
323,500,CC,RF,0.08000000000000002,0.454,0.534
324,500,CC,RF,0.14,0.708,0.848
325,500,CC,RF,0.07400000000000007,0.578,0.652
326,500,CC,RF,0.136,0.668,0.804
327,500,CC,RF,0.04200000000000004,0.49,0.532
328,500,CC,RF,0.07999999999999996,0.552,0.632
329,500,CC,RF,0.02400000000000002,0.312,0.288
330,500,CC,RF,0.136,0.598,0.734
331,500,CC,RF,0.045999999999999985,0.248,0.202
332,500,CC,RF,0.08599999999999997,0.608,0.694
333,500,CC,RF,0.134,0.726,0.86
334,500,CC,RF,0.086,0.218,0.132
335,500,CC,RF,0.07799999999999996,0.536,0.614
336,500,CC,RF,0.10400000000000001,0.198,0.094
337,500,CC,RF,0.09399999999999997,0.63,0.724
338,500,CC,RF,0.106,0.19,0.084
339,500,CC,RF,0.19600000000000006,0.738,0.934
340,500,CC,RF,0.05199999999999999,0.188,0.136
341,500,CC,RF,0.17799999999999994,0.78,0.958
342,500,CC,RF,0.122,0.678,0.8
343,500,CC,RF,0.05999999999999994,0.532,0.592
344,500,CC,RF,0.12,0.662,0.782
345,500,CC,RF,0.118,0.676,0.794
346,500,CC,RF,0.19799999999999995,0.748,0.946
347,500,CC,RF,0.043999999999999984,0.296,0.252
348,500,CC,RF,0.07799999999999996,0.512,0.59
349,500,CC,RF,0.088,0.182,0.094
350,500,CC,RF,0.10199999999999998,0.514,0.616
351,500,CC,RF,0.062,0.232,0.17
352,500,CC,RF,0.04599999999999993,0.518,0.564
353,500,CC,RF,0.04999999999999993,0.522,0.572
354,500,CC,RF,0.04600000000000004,0.418,0.464
355,500,CC,RF,0.064,0.458,0.522
356,500,CC,RF,0.11599999999999999,0.646,0.762
357,500,CC,RF,0.1060000000000001,0.692,0.798
358,500,CC,RF,0.055999999999999994,0.436,0.492
359,500,CC,RF,0.07799999999999996,0.52,0.598
360,500,CC,RF,0.15000000000000002,0.78,0.93
361,500,CC,RF,0.098,0.216,0.118
362,500,CC,RF,0.08600000000000001,0.202,0.116
363,500,CC,RF,0.10400000000000001,0.19,0.086
364,500,CC,RF,0.09399999999999997,0.562,0.656
365,500,CC,RF,0.019999999999999962,0.398,0.418
366,500,CC,RF,0.16800000000000004,0.606,0.774
367,500,CC,RF,0.10400000000000009,0.566,0.67
368,500,CC,RF,0.02999999999999997,0.362,0.332
369,500,CC,RF,0.16400000000000003,0.734,0.898
370,500,CC,RF,0.11199999999999999,0.65,0.762
371,500,CC,RF,0.03999999999999998,0.31,0.27
372,500,CC,RF,0.0020000000000000018,0.366,0.364
373,500,CC,RF,0.018000000000000016,0.332,0.314
374,500,CC,RF,0.062,0.218,0.156
375,500,CC,RF,0.092,0.238,0.146
376,500,CC,RF,0.18800000000000006,0.748,0.936
377,500,CC,RF,0.008000000000000007,0.428,0.436
378,500,CC,RF,0.01200000000000001,0.394,0.382
379,500,CC,RF,0.10599999999999998,0.622,0.728
380,500,CC,RF,0.052000000000000046,0.5,0.552
381,500,CC,RF,0.16800000000000004,0.768,0.936
382,500,CC,RF,0.132,0.648,0.78
383,500,CC,RF,0.02999999999999997,0.448,0.478
384,500,CC,RF,0.0040000000000000036,0.372,0.376
385,500,CC,RF,0.19999999999999996,0.786,0.986
386,500,CC,RF,0.09799999999999998,0.618,0.716
387,500,CC,RF,0.19599999999999995,0.754,0.95
388,500,CC,RF,0.086,0.204,0.118
389,500,CC,RF,0.14400000000000002,0.706,0.85
390,500,CC,RF,0.03600000000000003,0.6,0.636
391,500,CC,RF,0.08200000000000002,0.202,0.12
392,500,CC,RF,0.05799999999999994,0.53,0.588
393,500,CC,RF,0.1100000000000001,0.576,0.686
394,500,CC,RF,0.08,0.092,0.012
395,500,CC,RF,0.038000000000000034,0.416,0.454
396,500,CC,RF,0.17599999999999993,0.648,0.824
397,500,CC,RF,0.02200000000000002,0.316,0.294
398,500,CC,RF,0.04200000000000004,0.416,0.458
399,500,CC,RF,0.0020000000000000018,0.444,0.442
400,500,CC,RF,0.03200000000000003,0.332,0.3
401,500,CC,RF,0.15800000000000003,0.76,0.918
402,500,CC,RF,0.15000000000000002,0.63,0.78
403,500,CC,RF,0.08,0.19,0.11
404,500,CC,RF,0.20399999999999996,0.792,0.996
405,500,CC,RF,0.16400000000000003,0.714,0.878
406,500,CC,RF,0.006000000000000005,0.288,0.282
407,500,CC,RF,0.13,0.706,0.836
408,500,CC,RF,0.078,0.184,0.106
409,500,CC,RF,0.20799999999999996,0.79,0.998
410,500,CC,RF,0.07800000000000007,0.586,0.664
411,500,CC,RF,0.09999999999999998,0.55,0.65
412,500,CC,RF,0.10200000000000001,0.192,0.09
413,500,CC,RF,0.132,0.764,0.896
414,500,CC,RF,0.122,0.15,0.028
415,500,CC,RF,0.020000000000000018,0.26,0.24
416,500,CC,RF,0.08400000000000002,0.226,0.142
417,500,CC,RF,0.11599999999999999,0.66,0.776
418,500,CC,RF,0.045999999999999985,0.244,0.198
419,500,CC,RF,0.16400000000000003,0.746,0.91
420,500,CC,RF,0.07400000000000007,0.582,0.656
421,500,CC,RF,0.10200000000000001,0.138,0.036
422,500,CC,RF,0.124,0.128,0.004
423,500,CC,RF,0.12000000000000001,0.17,0.05
424,500,CC,RF,0.09599999999999997,0.508,0.604
425,500,CC,RF,0.08600000000000008,0.714,0.8
426,500,CC,RF,0.04200000000000004,0.28,0.238
427,500,CC,RF,0.17399999999999993,0.674,0.848
428,500,CC,RF,0.098,0.154,0.056
429,500,CC,RF,0.124,0.676,0.8
430,500,CC,RF,0.19200000000000006,0.734,0.926
431,500,CC,RF,0.10999999999999999,0.662,0.772
432,500,CC,RF,0.13,0.568,0.698
433,500,CC,RF,0.14400000000000002,0.692,0.836
434,500,CC,RF,0.11599999999999999,0.156,0.04
435,500,CC,RF,0.062,0.262,0.2
436,500,CC,RF,0.11599999999999999,0.24,0.124
437,500,CC,RF,0.043999999999999984,0.46,0.504
438,500,CC,RF,0.12,0.624,0.744
439,500,CC,RF,0.06000000000000005,0.57,0.63
440,500,CC,RF,0.15800000000000003,0.692,0.85
441,500,CC,RF,0.07,0.224,0.154
442,500,CC,RF,0.10399999999999998,0.63,0.734
443,500,CC,RF,0.05199999999999999,0.244,0.192
444,500,CC,RF,0.03799999999999998,0.308,0.27
445,500,CC,RF,0.10999999999999999,0.598,0.708
446,500,CC,RF,0.17199999999999993,0.808,0.98
447,500,CC,RF,0.09399999999999997,0.516,0.61
448,500,CC,RF,0.10200000000000001,0.156,0.054
449,500,CC,RF,0.061999999999999944,0.554,0.616
450,500,CC,RF,0.096,0.138,0.042
451,500,CC,RF,0.15200000000000002,0.732,0.884
452,500,CC,RF,0.10399999999999998,0.604,0.708
453,500,CC,RF,0.068,0.24,0.172
454,500,CC,RF,0.10600000000000001,0.196,0.09
455,500,CC,RF,0.05200000000000002,0.234,0.182
456,500,CC,RF,0.17599999999999993,0.804,0.98
457,500,CC,RF,0.026000000000000023,0.432,0.458
458,500,CC,RF,0.134,0.65,0.784
459,500,CC,RF,0.06800000000000006,0.568,0.636
460,500,CC,RF,0.05599999999999994,0.516,0.572
461,500,CC,RF,0.092,0.236,0.144
462,500,CC,RF,0.18799999999999994,0.758,0.946
463,500,CC,RF,0.028000000000000025,0.328,0.3
464,500,CC,RF,0.07999999999999996,0.498,0.578
465,500,CC,RF,0.1359999999999999,0.562,0.698
466,500,CC,RF,0.08999999999999997,0.558,0.648
467,500,CC,RF,0.16999999999999993,0.77,0.94
468,500,CC,RF,0.064,0.212,0.148
469,500,CC,RF,0.04199999999999998,0.466,0.508
470,500,CC,RF,0.02999999999999997,0.434,0.404
471,500,CC,RF,0.025999999999999968,0.448,0.474
472,500,CC,RF,0.094,0.212,0.118
473,500,CC,RF,0.10599999999999998,0.24,0.134
474,500,CC,RF,0.02799999999999997,0.306,0.278
475,500,CC,RF,0.016000000000000014,0.32,0.304
476,500,CC,RF,0.020000000000000018,0.446,0.426
477,500,CC,RF,0.07799999999999996,0.532,0.61
478,500,CC,RF,0.07199999999999995,0.562,0.634
479,500,CC,RF,0.025999999999999968,0.384,0.41
480,500,CC,RF,0.008000000000000007,0.416,0.408
481,500,CC,RF,0.04600000000000001,0.262,0.216
482,500,CC,RF,0.03399999999999992,0.554,0.588
483,500,CC,RF,0.020000000000000018,0.336,0.316
484,500,CC,RF,0.10599999999999998,0.142,0.036
485,500,CC,RF,0.05199999999999999,0.366,0.418
486,500,CC,RF,0.013999999999999957,0.46,0.474
487,500,CC,RF,0.04600000000000001,0.27,0.224
488,500,CC,RF,0.03199999999999992,0.54,0.572
489,500,CC,RF,0.041999999999999926,0.522,0.564
490,500,CC,RF,0.09799999999999998,0.604,0.702
491,500,CC,RF,0.09399999999999997,0.552,0.646
492,500,CC,RF,0.08600000000000008,0.566,0.652
493,500,CC,RF,0.016000000000000014,0.332,0.316
494,500,CC,RF,0.10399999999999998,0.682,0.786
495,500,CC,RF,0.04200000000000004,0.506,0.548
496,500,CC,RF,0.010000000000000009,0.44,0.43
497,500,CC,RF,0.06999999999999995,0.556,0.626
498,500,CC,RF,0.030000000000000027,0.39,0.36
499,500,CC,RF,0.057999999999999996,0.454,0.512
500,500,CC,RF,0.09599999999999997,0.64,0.736
501,500,CC,RF,0.15400000000000003,0.732,0.886
502,500,CC,RF,0.17000000000000004,0.75,0.92
503,500,CC,RF,0.066,0.436,0.502
504,500,CC,RF,0.05399999999999999,0.466,0.52
505,500,CC,RF,0.134,0.664,0.798
506,500,CC,RF,0.006000000000000005,0.32,0.314
507,500,CC,RF,0.10599999999999998,0.73,0.836
508,500,CC,RF,0.018000000000000016,0.476,0.494
509,500,CC,RF,0.061999999999999986,0.176,0.114
510,500,CC,RF,0.09999999999999999,0.172,0.072
511,500,CC,RF,0.15799999999999992,0.682,0.84
512,500,CC,RF,0.11600000000000002,0.17,0.054
513,500,CC,RF,0.025999999999999968,0.306,0.28
514,500,CC,RF,0.01799999999999996,0.352,0.334
515,500,CC,RF,0.04600000000000001,0.218,0.172
516,500,CC,RF,0.01200000000000001,0.324,0.312
517,500,CC,RF,0.136,0.606,0.742
518,500,CC,RF,0.12200000000000001,0.136,0.014
519,500,CC,RF,0.1439999999999999,0.682,0.826
520,500,CC,RF,0.16000000000000003,0.696,0.856
521,500,CC,RF,0.0040000000000000036,0.376,0.372
522,500,CC,RF,0.055999999999999994,0.208,0.152
523,500,CC,RF,0.08199999999999996,0.518,0.6
524,500,CC,RF,0.08200000000000002,0.2,0.118
525,500,CC,RF,0.020000000000000018,0.384,0.364
526,500,CC,RF,0.16999999999999993,0.788,0.958
527,500,CC,RF,0.20799999999999996,0.786,0.994
528,500,CC,RF,0.10799999999999998,0.664,0.772
529,500,CC,RF,0.03799999999999998,0.348,0.31
530,500,CC,RF,0.07600000000000007,0.61,0.686
531,500,CC,RF,0.124,0.58,0.704
532,500,CC,RF,0.02200000000000002,0.364,0.386
533,500,CC,RF,0.06800000000000006,0.572,0.64
534,500,CC,RF,0.112,0.122,0.01
535,500,CC,RF,0.07599999999999998,0.284,0.208
536,500,CC,RF,0.055999999999999994,0.468,0.524
537,500,CC,RF,0.07799999999999999,0.24,0.162
538,500,CC,RF,0.06,0.224,0.164
539,500,CC,RF,0.14600000000000002,0.69,0.836
540,500,CC,RF,0.19799999999999995,0.79,0.988
541,500,CC,RF,0.06400000000000006,0.49,0.554
542,500,CC,RF,0.14400000000000002,0.694,0.838
543,500,CC,RF,0.17400000000000004,0.816,0.99
544,500,CC,RF,0.086,0.226,0.14
545,500,CC,RF,0.03400000000000003,0.414,0.448
546,500,CC,RF,0.008000000000000007,0.4,0.392
547,500,CC,RF,0.09799999999999999,0.178,0.08
548,500,CC,RF,0.10399999999999998,0.65,0.754
549,500,CC,RF,0.02999999999999997,0.402,0.432
550,500,CC,RF,0.028000000000000025,0.44,0.468
551,500,CC,RF,0.06,0.21,0.15
552,500,CC,RF,0.066,0.246,0.18
553,500,CC,RF,0.17200000000000004,0.734,0.906
554,500,CC,RF,0.104,0.148,0.044
555,500,CC,RF,0.036000000000000004,0.268,0.232
556,500,CC,RF,0.0040000000000000036,0.296,0.292
557,500,CC,RF,0.02799999999999997,0.462,0.49
558,500,CC,RF,0.07599999999999996,0.51,0.586
559,500,CC,RF,0.04999999999999999,0.442,0.492
560,500,CC,RF,0.09599999999999999,0.18,0.084
561,500,CC,RF,0.010000000000000009,0.252,0.242
562,500,CC,RF,0.14400000000000002,0.698,0.842
563,500,CC,RF,0.06600000000000006,0.57,0.636
564,500,CC,RF,0.09999999999999998,0.548,0.648
565,500,CC,RF,0.12,0.55,0.67
566,500,CC,RF,0.14600000000000002,0.616,0.762
567,500,CC,RF,0.10400000000000001,0.162,0.058
568,500,CC,RF,0.0040000000000000036,0.362,0.366
569,500,CC,RF,0.052000000000000046,0.486,0.538
570,500,CC,RF,0.011999999999999955,0.35,0.338
571,500,CC,RF,0.15000000000000002,0.694,0.844
572,500,CC,RF,0.055999999999999994,0.426,0.482
573,500,CC,RF,0.09599999999999997,0.672,0.768
574,500,CC,RF,0.132,0.72,0.852
575,500,CC,RF,0.026000000000000023,0.478,0.504
576,500,CC,RF,0.17600000000000005,0.732,0.908
577,500,CC,RF,0.08999999999999997,0.496,0.586
578,500,CC,RF,0.16999999999999993,0.68,0.85
579,500,CC,RF,0.016000000000000014,0.324,0.34
580,500,CC,RF,0.06,0.438,0.498
581,500,CC,RF,0.08800000000000002,0.442,0.53
582,500,CC,RF,0.072,0.176,0.104
583,500,CC,RF,0.013999999999999957,0.412,0.398
584,500,CC,RF,0.17800000000000005,0.738,0.916
585,500,CC,RF,0.11399999999999999,0.516,0.63
586,500,CC,RF,0.062,0.238,0.176
587,500,CC,RF,0.0040000000000000036,0.334,0.338
588,500,CC,RF,0.057999999999999996,0.248,0.19
589,500,CC,RF,0.098,0.122,0.024
590,500,CC,RF,0.18600000000000005,0.74,0.926
591,500,CC,RF,0.03600000000000003,0.412,0.448
592,500,CC,RF,0.03400000000000003,0.34,0.306
593,500,CC,RF,0.06799999999999995,0.53,0.598
594,500,CC,RF,0.146,0.152,0.006
595,500,CC,RF,0.03199999999999997,0.31,0.278
596,500,CC,RF,0.10999999999999999,0.592,0.702
597,500,CC,RF,0.08599999999999997,0.546,0.632
598,500,CC,RF,0.15600000000000003,0.824,0.98
599,500,CC,RF,0.09599999999999997,0.524,0.62
600,500,CC,RF,0.023999999999999966,0.452,0.476
601,500,CC,RF,0.126,0.634,0.76
602,500,CC,RF,0.15200000000000002,0.75,0.902
603,500,CC,RF,0.08799999999999997,0.632,0.72
604,500,CC,RF,0.15999999999999992,0.802,0.962
605,500,CC,RF,0.138,0.644,0.782
606,500,CC,RF,0.17200000000000004,0.694,0.866
607,500,CC,RF,0.084,0.198,0.114
608,500,CC,RF,0.11399999999999999,0.618,0.732
609,500,CC,RF,0.0020000000000000018,0.438,0.44
610,500,CC,RF,0.05600000000000005,0.496,0.552
611,500,CC,RF,0.09000000000000008,0.564,0.654
612,500,CC,RF,0.19799999999999995,0.77,0.968
613,500,CC,RF,0.19799999999999995,0.786,0.984
614,500,CC,RF,0.04800000000000004,0.336,0.288
615,500,CC,RF,0.122,0.61,0.732
616,500,CC,RF,0.11199999999999999,0.636,0.748
617,500,CC,RF,0.030000000000000027,0.376,0.346
618,500,CC,RF,0.07,0.192,0.122
619,500,CC,RF,0.092,0.132,0.04
620,500,CC,RF,0.122,0.654,0.776
621,500,CC,RF,0.07800000000000001,0.41,0.488
622,500,CC,RF,0.23199999999999998,0.752,0.984
623,500,CC,RF,0.04600000000000004,0.418,0.464
624,500,CC,RF,0.15600000000000003,0.82,0.976
625,500,CC,RF,0.01799999999999996,0.392,0.41
626,500,CC,RF,0.132,0.66,0.792
627,500,CC,RF,0.108,0.192,0.084
628,500,CC,RF,0.05400000000000005,0.5,0.554
629,500,CC,RF,0.09600000000000009,0.706,0.802
630,500,CC,RF,0.15800000000000003,0.766,0.924
631,500,CC,RF,0.1379999999999999,0.684,0.822
632,500,CC,RF,0.11599999999999999,0.152,0.036
633,500,CC,RF,0.030000000000000027,0.402,0.372
634,500,CC,RF,0.11,0.158,0.048
635,500,CC,RF,0.08,0.188,0.108
636,500,CC,RF,0.07800000000000007,0.596,0.674
637,500,CC,RF,0.10199999999999998,0.61,0.712
638,500,CC,RF,0.134,0.638,0.772
639,500,CC,RF,0.17000000000000004,0.694,0.864
640,500,CC,RF,0.14200000000000002,0.596,0.738
641,500,CC,RF,0.124,0.676,0.8
642,500,CC,RF,0.12000000000000001,0.168,0.048
643,500,CC,RF,0.036000000000000004,0.27,0.234
644,500,CC,RF,0.06399999999999995,0.556,0.62
645,500,CC,RF,0.15600000000000003,0.702,0.858
646,500,CC,RF,0.13,0.134,0.004
647,500,CC,RF,0.04400000000000004,0.47,0.514
648,500,CC,RF,0.08800000000000008,0.588,0.676
649,500,CC,RF,0.084,0.112,0.028
650,500,CC,RF,0.01200000000000001,0.388,0.4
651,500,CC,RF,0.17600000000000005,0.718,0.894
652,500,CC,RF,0.09000000000000008,0.58,0.67
653,500,CC,RF,0.030000000000000027,0.266,0.236
654,500,CC,RF,0.09399999999999997,0.758,0.852
655,500,CC,RF,0.010000000000000009,0.358,0.348
656,500,CC,RF,0.14,0.712,0.852
657,500,CC,RF,0.020000000000000018,0.318,0.298
658,500,CC,RF,0.04399999999999993,0.546,0.59
659,500,CC,RF,0.01200000000000001,0.384,0.396
660,500,CC,RF,0.033999999999999975,0.308,0.274
661,500,CC,RF,0.15600000000000003,0.73,0.886
662,500,CC,RF,0.038000000000000006,0.224,0.186
663,500,CC,RF,0.08999999999999998,0.174,0.084
664,500,CC,RF,0.025999999999999968,0.366,0.34
665,500,CC,RF,0.08399999999999996,0.632,0.716
666,500,CC,RF,0.134,0.672,0.806
667,500,CC,RF,0.19599999999999995,0.802,0.998
668,500,CC,RF,0.026000000000000023,0.322,0.296
669,500,CC,RF,0.018000000000000016,0.388,0.406
670,500,CC,RF,0.07799999999999999,0.214,0.136
671,500,CC,RF,0.05599999999999994,0.518,0.574
672,500,CC,RF,0.22599999999999998,0.77,0.996
673,500,CC,RF,0.07599999999999996,0.624,0.7
674,500,CC,RF,0.061999999999999944,0.532,0.594
675,500,CC,RF,0.0,0.392,0.392
676,500,CC,RF,0.17400000000000004,0.74,0.914
677,500,CC,RF,0.04799999999999999,0.448,0.496
678,500,CC,RF,0.064,0.198,0.134
679,500,CC,RF,0.014000000000000012,0.35,0.364
680,500,CC,RF,0.098,0.164,0.066
681,500,CC,RF,0.04799999999999999,0.248,0.2
682,500,CC,RF,0.132,0.148,0.016
683,500,CC,RF,0.03400000000000003,0.418,0.452
684,500,CC,RF,0.04600000000000004,0.588,0.634
685,500,CC,RF,0.035999999999999976,0.378,0.342
686,500,CC,RF,0.01200000000000001,0.432,0.42
687,500,CC,RF,0.17399999999999993,0.784,0.958
688,500,CC,RF,0.16200000000000003,0.588,0.75
689,500,CC,RF,0.05600000000000005,0.484,0.54
690,500,CC,RF,0.026000000000000023,0.31,0.284
691,500,CC,RF,0.17000000000000004,0.726,0.896
692,500,CC,RF,0.088,0.322,0.234
693,500,CC,RF,0.01200000000000001,0.336,0.324
694,500,CC,RF,0.21200000000000008,0.696,0.908
695,500,CC,RF,0.04200000000000004,0.486,0.528
696,500,CC,RF,0.10199999999999998,0.64,0.742
697,500,CC,RF,0.05599999999999994,0.534,0.59
698,500,CC,RF,0.08400000000000007,0.568,0.652
699,500,CC,RF,0.020000000000000018,0.318,0.298
700,500,CC,RF,0.045999999999999985,0.286,0.24
701,500,CC,RF,0.0040000000000000036,0.326,0.322
702,500,CC,RF,0.023999999999999994,0.178,0.154
703,500,CC,RF,0.16800000000000004,0.706,0.874
704,500,CC,RF,0.02400000000000002,0.306,0.282
705,500,CC,RF,0.06000000000000005,0.5,0.56
706,500,CC,RF,0.15000000000000002,0.64,0.79
707,500,CC,RF,0.14,0.642,0.782
708,500,CC,RF,0.01200000000000001,0.426,0.438
709,500,CC,RF,0.055999999999999994,0.42,0.476
710,500,CC,RF,0.21399999999999997,0.78,0.994
711,500,CC,RF,0.08400000000000007,0.59,0.674
712,500,CC,RF,0.1279999999999999,0.686,0.814
713,500,CC,RF,0.16400000000000003,0.738,0.902
714,500,CC,RF,0.09600000000000009,0.69,0.786
715,500,CC,RF,0.05399999999999999,0.238,0.184
716,500,CC,RF,0.05400000000000005,0.508,0.562
717,500,CC,RF,0.066,0.166,0.1
718,500,CC,RF,0.09199999999999997,0.56,0.652
719,500,CC,RF,0.16999999999999993,0.784,0.954
720,500,CC,RF,0.038000000000000034,0.474,0.512
721,500,CC,RF,0.0040000000000000036,0.428,0.432
722,500,CC,RF,0.134,0.168,0.034
723,500,CC,RF,0.17199999999999993,0.786,0.958
724,500,CC,RF,0.11800000000000001,0.22,0.102
725,500,CC,RF,0.122,0.162,0.04
726,500,CC,RF,0.03999999999999998,0.286,0.246
727,500,CC,RF,0.10600000000000001,0.17,0.064
728,500,CC,RF,0.028000000000000025,0.426,0.454
729,500,CC,RF,0.062,0.454,0.516
730,500,CC,RF,0.010000000000000009,0.322,0.312
731,500,CC,RF,0.09799999999999999,0.148,0.05
732,500,CC,RF,0.09000000000000001,0.2,0.11
733,500,CC,RF,0.030000000000000027,0.354,0.384
734,500,CC,RF,0.11599999999999999,0.176,0.06
735,500,CC,RF,0.11599999999999999,0.582,0.698
736,500,CC,RF,0.03,0.236,0.206
737,500,CC,RF,0.02200000000000002,0.324,0.302
738,500,CC,RF,0.010000000000000009,0.404,0.394
739,500,CC,RF,0.023999999999999966,0.392,0.416
740,500,CC,RF,0.112,0.112,0.0
741,500,CC,RF,0.082,0.194,0.112
742,500,CC,RF,0.16000000000000003,0.702,0.862
743,500,CC,RF,0.12,0.12,0.0
744,500,CC,RF,0.064,0.444,0.508
745,500,CC,RF,0.04199999999999998,0.446,0.488
746,500,CC,RF,0.010000000000000009,0.342,0.332
747,500,CC,RF,0.010000000000000009,0.42,0.43
748,500,CC,RF,0.11599999999999999,0.664,0.78
749,500,CC,RF,0.16199999999999992,0.678,0.84
750,500,CC,RF,0.025999999999999968,0.286,0.26
751,500,CC,RF,0.025999999999999968,0.348,0.322
752,500,CC,RF,0.02200000000000002,0.264,0.242
753,500,CC,RF,0.01599999999999996,0.462,0.478
754,500,CC,RF,0.062000000000000055,0.62,0.682
755,500,CC,RF,0.032,0.26,0.228
756,500,CC,RF,0.006000000000000005,0.336,0.33
757,500,CC,RF,0.17200000000000004,0.758,0.93
758,500,CC,RF,0.09799999999999999,0.146,0.048
759,500,CC,RF,0.0020000000000000018,0.462,0.46
760,500,CC,RF,0.09399999999999997,0.616,0.71
761,500,CC,RF,0.04400000000000001,0.194,0.15
762,500,CC,RF,0.09599999999999999,0.142,0.046
763,500,CC,RF,0.064,0.202,0.138
764,500,CC,RF,0.19000000000000006,0.728,0.918
765,500,CC,RF,0.118,0.126,0.008
766,500,CC,RF,0.062,0.25,0.188
767,500,CC,RF,0.096,0.126,0.03
768,500,CC,RF,0.08600000000000001,0.196,0.11
769,500,CC,RF,0.07599999999999996,0.544,0.62
770,500,CC,RF,0.045999999999999985,0.286,0.24
771,500,CC,RF,0.029999999999999916,0.538,0.568
772,500,CC,RF,0.08999999999999997,0.5,0.59
773,500,CC,RF,0.136,0.712,0.848
774,500,CC,RF,0.13,0.134,0.004
775,500,CC,RF,0.14,0.712,0.852
776,500,CC,RF,0.07799999999999996,0.54,0.618
777,500,CC,RF,0.04999999999999999,0.212,0.162
778,500,CC,RF,0.11399999999999999,0.658,0.772
779,500,CC,RF,0.16000000000000003,0.694,0.854
780,500,CC,RF,0.026000000000000023,0.28,0.254
781,500,CC,RF,0.19000000000000006,0.728,0.918
782,500,CC,RF,0.018000000000000016,0.436,0.454
783,500,CC,RF,0.07199999999999995,0.53,0.602
784,500,CC,RF,0.18999999999999995,0.794,0.984
785,500,CC,RF,0.008000000000000007,0.352,0.36
786,500,CC,RF,0.136,0.676,0.812
787,500,CC,RF,0.010000000000000009,0.328,0.318
788,500,CC,RF,0.16000000000000003,0.638,0.798
789,500,CC,RF,0.06999999999999995,0.53,0.6
790,500,CC,RF,0.04400000000000001,0.26,0.216
791,500,CC,RF,0.019999999999999962,0.394,0.414
792,500,CC,RF,0.018000000000000016,0.334,0.316
793,500,CC,RF,0.076,0.154,0.078
794,500,CC,RF,0.10600000000000001,0.134,0.028
795,500,CC,RF,0.007999999999999952,0.338,0.346
796,500,CC,RF,0.14600000000000002,0.164,0.018
797,500,CC,RF,0.068,0.232,0.164
798,500,CC,RF,0.10999999999999999,0.614,0.724
799,500,CC,RF,0.11199999999999999,0.596,0.708
800,500,CC,RF,0.09799999999999998,0.64,0.738
801,500,CC,RF,0.026000000000000023,0.342,0.316
802,500,CC,RF,0.126,0.764,0.89
803,500,CC,RF,0.06399999999999995,0.528,0.592
804,500,CC,RF,0.07799999999999999,0.204,0.126
805,500,CC,RF,0.07800000000000001,0.22,0.142
806,500,CC,RF,0.09599999999999997,0.596,0.692
807,500,CC,RF,0.068,0.24,0.172
808,500,CC,RF,0.055999999999999994,0.45,0.506
809,500,CC,RF,0.19399999999999995,0.796,0.99
810,500,CC,RF,0.108,0.112,0.004
811,500,CC,RF,0.138,0.154,0.016
812,500,CC,RF,0.20999999999999996,0.782,0.992
813,500,CC,RF,0.06599999999999995,0.518,0.584
814,500,CC,RF,0.06,0.186,0.126
815,500,CC,RF,0.16000000000000003,0.736,0.896
816,500,CC,RF,0.16000000000000003,0.72,0.88
817,500,CC,RF,0.05400000000000005,0.482,0.536
818,500,CC,RF,0.09999999999999998,0.52,0.62
819,500,CC,RF,0.04999999999999999,0.322,0.272
820,500,CC,RF,0.102,0.152,0.05
821,500,CC,RF,0.07199999999999995,0.522,0.594
822,500,CC,RF,0.04400000000000004,0.338,0.294
823,500,CC,RF,0.09800000000000009,0.564,0.662
824,500,CC,RF,0.12,0.716,0.836
825,500,CC,RF,0.11800000000000001,0.136,0.018
826,500,CC,RF,0.08999999999999997,0.504,0.594
827,500,CC,RF,0.06199999999999997,0.292,0.23
828,500,CC,RF,0.138,0.734,0.872
829,500,CC,RF,0.05199999999999999,0.304,0.252
830,500,CC,RF,0.04999999999999993,0.56,0.61
831,500,CC,RF,0.03600000000000003,0.516,0.552
832,500,CC,RF,0.008000000000000007,0.404,0.396
833,500,CC,RF,0.09400000000000008,0.582,0.676
834,500,CC,RF,0.14,0.584,0.724
835,500,CC,RF,0.05999999999999994,0.506,0.566
836,500,CC,RF,0.118,0.64,0.758
837,500,CC,RF,0.19999999999999996,0.782,0.982
838,500,CC,RF,0.033999999999999975,0.384,0.418
839,500,CC,RF,0.02400000000000002,0.49,0.514
840,500,CC,RF,0.126,0.138,0.012
841,500,CC,RF,0.14400000000000002,0.652,0.796
842,500,CC,RF,0.04600000000000004,0.474,0.52
843,500,CC,RF,0.02200000000000002,0.384,0.406
844,500,CC,RF,0.10200000000000001,0.196,0.094
845,500,CC,RF,0.17800000000000005,0.71,0.888
846,500,CC,RF,0.01599999999999996,0.41,0.394
847,500,CC,RF,0.09800000000000009,0.584,0.682
848,500,CC,RF,0.055999999999999994,0.204,0.148
849,500,CC,RF,0.17799999999999994,0.782,0.96
850,500,CC,RF,0.066,0.244,0.178
851,500,CC,RF,0.03,0.228,0.198
852,500,CC,RF,0.16600000000000004,0.692,0.858
853,500,CC,RF,0.17600000000000005,0.736,0.912
854,500,CC,RF,0.04600000000000001,0.258,0.212
855,500,CC,RF,0.02400000000000002,0.444,0.468
856,500,CC,RF,0.10799999999999998,0.624,0.732
857,500,CC,RF,0.15000000000000002,0.728,0.878
858,500,CC,RF,0.02999999999999997,0.408,0.378
859,500,CC,RF,0.066,0.45,0.516
860,500,CC,RF,0.122,0.618,0.74
861,500,CC,RF,0.10399999999999998,0.626,0.73
862,500,CC,RF,0.14800000000000002,0.634,0.782
863,500,CC,RF,0.06399999999999995,0.504,0.568
864,500,CC,RF,0.112,0.216,0.104
865,500,CC,RF,0.17800000000000005,0.724,0.902
866,500,CC,RF,0.14200000000000002,0.722,0.864
867,500,CC,RF,0.16800000000000004,0.63,0.798
868,500,CC,RF,0.07799999999999999,0.176,0.098
869,500,CC,RF,0.04600000000000001,0.25,0.204
870,500,CC,RF,0.15800000000000003,0.584,0.742
871,500,CC,RF,0.098,0.12,0.022
872,500,CC,RF,0.20599999999999996,0.772,0.978
873,500,CC,RF,0.01200000000000001,0.388,0.376
874,500,CC,RF,0.08999999999999997,0.628,0.718
875,500,CC,RF,0.16400000000000003,0.722,0.886
876,500,CC,RF,0.019999999999999962,0.414,0.394
877,500,CC,RF,0.014000000000000012,0.332,0.318
878,500,CC,RF,0.07199999999999995,0.536,0.608
879,500,CC,RF,0.07999999999999996,0.5,0.58
880,500,CC,RF,0.0040000000000000036,0.412,0.408
881,500,CC,RF,0.07399999999999995,0.526,0.6
882,500,CC,RF,0.20200000000000007,0.732,0.934
883,500,CC,RF,0.03600000000000003,0.43,0.466
884,500,CC,RF,0.062,0.258,0.196
885,500,CC,RF,0.026000000000000023,0.402,0.376
886,500,CC,RF,0.0040000000000000036,0.39,0.394
887,500,CC,RF,0.08399999999999999,0.214,0.13
888,500,CC,RF,0.07,0.232,0.162
889,500,CC,RF,0.126,0.558,0.684
890,500,CC,RF,0.0040000000000000036,0.342,0.338
891,500,CC,RF,0.18999999999999995,0.764,0.954
892,500,CC,RF,0.04199999999999998,0.284,0.242
893,500,CC,RF,0.07799999999999999,0.176,0.098
894,500,CC,RF,0.124,0.628,0.752
895,500,CC,RF,0.17000000000000004,0.71,0.88
896,500,CC,RF,0.055999999999999994,0.334,0.278
897,500,CC,RF,0.07999999999999996,0.282,0.202
898,500,CC,RF,0.06,0.244,0.184
899,500,CC,RF,0.068,0.454,0.522
900,500,CC,RF,0.04600000000000004,0.422,0.468
901,500,CC,RF,0.025999999999999968,0.284,0.258
902,500,CC,RF,0.09799999999999999,0.142,0.044
903,500,CC,RF,0.064,0.416,0.48
904,500,CC,RF,0.20199999999999996,0.756,0.958
905,500,CC,RF,0.08400000000000007,0.568,0.652
906,500,CC,RF,0.02799999999999997,0.466,0.494
907,500,CC,RF,0.076,0.186,0.11
908,500,CC,RF,0.02999999999999997,0.282,0.252
909,500,CC,RF,0.014000000000000012,0.308,0.294
910,500,CC,RF,0.124,0.64,0.764
911,500,CC,RF,0.126,0.75,0.876
912,500,CC,RF,0.16000000000000003,0.74,0.9
913,500,CC,RF,0.17799999999999994,0.806,0.984
914,500,CC,RF,0.16600000000000004,0.816,0.982
915,500,CC,RF,0.20599999999999996,0.746,0.952
916,500,CC,RF,0.07599999999999998,0.146,0.07
917,500,CC,RF,0.07999999999999999,0.216,0.136
918,500,CC,RF,0.01200000000000001,0.316,0.304
919,500,CC,RF,0.07800000000000007,0.474,0.552
920,500,CC,RF,0.04799999999999999,0.144,0.096
921,500,CC,RF,0.15200000000000002,0.692,0.844
922,500,CC,RF,0.04200000000000004,0.574,0.616
923,500,CC,RF,0.06600000000000006,0.476,0.542
924,500,CC,RF,0.05399999999999999,0.218,0.164
925,500,CC,RF,0.04799999999999999,0.3,0.252
926,500,CC,RF,0.064,0.224,0.16
927,500,CC,RF,0.14800000000000002,0.702,0.85
928,500,CC,RF,0.04799999999999993,0.536,0.584
929,500,CC,RF,0.08999999999999997,0.644,0.734
930,500,CC,RF,0.04600000000000004,0.342,0.296
931,500,CC,RF,0.02200000000000002,0.392,0.37
932,500,CC,RF,0.028000000000000025,0.376,0.404
933,500,CC,RF,0.09999999999999998,0.66,0.76
934,500,CC,RF,0.13,0.642,0.772
935,500,CC,RF,0.060000000000000026,0.266,0.206
936,500,CC,RF,0.17799999999999994,0.762,0.94
937,500,CC,RF,0.10400000000000001,0.224,0.12
938,500,CC,RF,0.15400000000000003,0.742,0.896
939,500,CC,RF,0.07,0.17,0.1
940,500,CC,RF,0.057999999999999996,0.322,0.264
941,500,CC,RF,0.17599999999999993,0.67,0.846
942,500,CC,RF,0.057999999999999996,0.236,0.178
943,500,CC,RF,0.0020000000000000018,0.414,0.412
944,500,CC,RF,0.01200000000000001,0.436,0.448
945,500,CC,RF,0.010000000000000009,0.254,0.244
946,500,CC,RF,0.08199999999999996,0.628,0.71
947,500,CC,RF,0.12,0.73,0.85
948,500,CC,RF,0.15600000000000003,0.718,0.874
949,500,CC,RF,0.006000000000000005,0.332,0.338
950,500,CC,RF,0.03600000000000003,0.494,0.53
951,500,CC,RF,0.066,0.314,0.248
952,500,CC,RF,0.043999999999999984,0.288,0.244
953,500,CC,RF,0.08399999999999999,0.244,0.16
954,500,CC,RF,0.18799999999999994,0.752,0.94
955,500,CC,RF,0.14400000000000002,0.742,0.886
956,500,CC,RF,0.11399999999999999,0.662,0.776
957,500,CC,RF,0.038000000000000034,0.478,0.516
958,500,CC,RF,0.03799999999999998,0.452,0.49
959,500,CC,RF,0.04800000000000004,0.48,0.528
960,500,CC,RF,0.028000000000000025,0.508,0.536
961,500,CC,RF,0.03799999999999998,0.396,0.434
962,500,CC,RF,0.07799999999999999,0.208,0.13
963,500,CC,RF,0.07600000000000001,0.2,0.124
964,500,CC,RF,0.15999999999999992,0.792,0.952
965,500,CC,RF,0.01799999999999996,0.464,0.482
966,500,CC,RF,0.18799999999999994,0.764,0.952
967,500,CC,RF,0.038000000000000006,0.2,0.162
968,500,CC,RF,0.04200000000000004,0.512,0.554
969,500,CC,RF,0.038000000000000006,0.244,0.206
970,500,CC,RF,0.04199999999999998,0.294,0.252
971,500,CC,RF,0.08600000000000001,0.116,0.03
972,500,CC,RF,0.10600000000000001,0.224,0.118
973,500,CC,RF,0.15400000000000003,0.762,0.916
974,500,CC,RF,0.01200000000000001,0.332,0.32
975,500,CC,RF,0.08199999999999996,0.526,0.608
976,500,CC,RF,0.014000000000000012,0.45,0.464
977,500,CC,RF,0.026000000000000023,0.374,0.4
978,500,CC,RF,0.05600000000000005,0.474,0.53
979,500,CC,RF,0.062,0.248,0.186
980,500,CC,RF,0.21999999999999997,0.768,0.988
981,500,CC,RF,0.15599999999999992,0.662,0.818
982,500,CC,RF,0.12,0.62,0.74
983,500,CC,RF,0.016000000000000014,0.452,0.468
984,500,CC,RF,0.08200000000000002,0.234,0.152
985,500,CC,RF,0.17600000000000005,0.744,0.92
986,500,CC,RF,0.009999999999999953,0.35,0.34
987,500,CC,RF,0.078,0.128,0.05
988,500,CC,RF,0.023999999999999966,0.366,0.342
989,500,CC,RF,0.14600000000000002,0.648,0.794
990,500,CC,RF,0.09999999999999998,0.522,0.622
991,500,CC,RF,0.128,0.622,0.75
992,500,CC,RF,0.09600000000000009,0.696,0.792
993,500,CC,RF,0.08199999999999999,0.292,0.21
994,500,CC,RF,0.16200000000000003,0.76,0.922
995,500,CC,RF,0.02400000000000002,0.412,0.436
996,500,CC,RF,0.126,0.512,0.638
997,500,CC,RF,0.122,0.124,0.002
998,500,CC,RF,0.20799999999999996,0.784,0.992
999,500,CC,RF,0.01599999999999996,0.296,0.28
1000,500,CC,RF,0.10800000000000001,0.17,0.062
1001,500,CC,RF,0.0020000000000000018,0.456,0.458
1002,500,CC,RF,0.09,0.218,0.128
1003,500,CC,RF,0.08200000000000002,0.234,0.152
1004,500,CC,RF,0.07199999999999995,0.56,0.632
1005,500,CC,RF,0.010000000000000009,0.402,0.392
1006,500,CC,RF,0.19000000000000006,0.73,0.92
1007,500,CC,RF,0.045999999999999985,0.364,0.318
1008,500,CC,RF,0.10799999999999998,0.618,0.726
1009,500,CC,RF,0.020000000000000018,0.44,0.46
1010,500,CC,RF,0.07400000000000007,0.584,0.658
1011,500,CC,RF,0.09199999999999997,0.506,0.598
1012,500,CC,RF,0.007999999999999952,0.464,0.472
1013,500,CC,RF,0.15999999999999992,0.79,0.95
1014,500,CC,RF,0.02799999999999997,0.37,0.342
1015,500,CC,RF,0.05000000000000002,0.226,0.176
1016,500,CC,RF,0.08800000000000008,0.59,0.678
1017,500,CC,RF,0.17599999999999993,0.67,0.846
1018,500,CC,RF,0.11199999999999999,0.152,0.04
1019,500,CC,RF,0.03400000000000003,0.414,0.448
1020,500,CC,RF,0.16400000000000003,0.728,0.892
1021,500,CC,RF,0.11199999999999999,0.636,0.748
1022,500,CC,RF,0.21599999999999997,0.774,0.99
1023,500,CC,RF,0.050000000000000044,0.48,0.53
1024,500,CC,RF,0.11599999999999999,0.542,0.658
1025,500,CC,RF,0.043999999999999984,0.346,0.302
1026,500,CC,RF,0.17199999999999993,0.774,0.946
1027,500,CC,RF,0.02200000000000002,0.388,0.366
1028,500,CC,RF,0.124,0.614,0.738
1029,500,CC,RF,0.0,0.402,0.402
1030,500,CC,RF,0.05800000000000005,0.502,0.56
1031,500,CC,RF,0.124,0.594,0.718
1032,500,CC,RF,0.030000000000000027,0.478,0.508
1033,500,CC,RF,0.18000000000000005,0.726,0.906
1034,500,CC,RF,0.010000000000000009,0.408,0.418
1035,500,CC,RF,0.08999999999999997,0.556,0.646
1036,500,CC,RF,0.0019999999999999463,0.344,0.342
1037,500,CC,RF,0.008000000000000007,0.416,0.408
1038,500,CC,RF,0.02400000000000002,0.416,0.44
1039,500,CC,RF,0.094,0.218,0.124
1040,500,CC,RF,0.086,0.176,0.09
1041,500,CC,RF,0.08000000000000007,0.586,0.666
1042,500,CC,RF,0.09399999999999997,0.56,0.654
1043,500,CC,RF,0.08000000000000007,0.582,0.662
1044,500,CC,RF,0.12000000000000001,0.138,0.018
1045,500,CC,RF,0.02999999999999997,0.356,0.326
1046,500,CC,RF,0.066,0.262,0.196
1047,500,CC,RF,0.118,0.66,0.778
1048,500,CC,RF,0.14800000000000002,0.712,0.86
1049,500,CC,RF,0.07800000000000001,0.324,0.246
1050,500,CC,RF,0.09000000000000008,0.576,0.666
1051,500,CC,RF,0.08399999999999999,0.212,0.128
1052,500,CC,RF,0.019999999999999962,0.294,0.274
1053,500,CC,RF,0.07999999999999999,0.218,0.138
1054,500,CC,RF,0.03600000000000003,0.318,0.282
1055,500,CC,RF,0.09600000000000009,0.578,0.674
1056,500,CC,RF,0.20000000000000007,0.71,0.91
1057,500,CC,RF,0.045999999999999985,0.248,0.202
1058,500,CC,RF,0.07800000000000001,0.464,0.542
1059,500,CC,RF,0.09799999999999998,0.602,0.7
1060,500,CC,RF,0.16799999999999993,0.784,0.952
1061,500,CC,RF,0.05599999999999994,0.554,0.61
1062,500,CC,RF,0.033999999999999975,0.288,0.254
1063,500,CC,RF,0.06000000000000005,0.564,0.624
1064,500,CC,RF,0.025999999999999968,0.346,0.32
1065,500,CC,RF,0.15000000000000002,0.826,0.976
1066,500,CC,RF,0.011999999999999955,0.41,0.398
1067,500,CC,RF,0.10000000000000009,0.584,0.684
1068,500,CC,RF,0.10800000000000001,0.13,0.022
1069,500,CC,RF,0.0040000000000000036,0.396,0.4
1070,500,CC,RF,0.14,0.734,0.874
1071,500,CC,RF,0.06399999999999995,0.546,0.61
1072,500,CC,RF,0.03799999999999998,0.404,0.442
1073,500,CC,RF,0.17200000000000004,0.762,0.934
1074,500,CC,RF,0.16599999999999993,0.686,0.852
1075,500,CC,RF,0.028000000000000025,0.294,0.322
1076,500,CC,RF,0.050000000000000044,0.494,0.544
1077,500,CC,RF,0.03199999999999997,0.456,0.488
1078,500,CC,RF,0.09399999999999997,0.538,0.632
1079,500,CC,RF,0.02999999999999997,0.364,0.334
1080,500,CC,RF,0.03799999999999998,0.282,0.244
1081,500,CC,RF,0.17800000000000005,0.734,0.912
1082,500,CC,RF,0.16600000000000004,0.756,0.922
1083,500,CC,RF,0.10999999999999999,0.732,0.842
1084,500,CC,RF,0.19799999999999995,0.78,0.978
1085,500,CC,RF,0.11199999999999999,0.632,0.744
1086,500,CC,RF,0.122,0.642,0.764
1087,500,CC,RF,0.11199999999999999,0.65,0.762
1088,500,CC,RF,0.033999999999999975,0.446,0.48
1089,500,CC,RF,0.04200000000000004,0.414,0.456
1090,500,CC,RF,0.020000000000000018,0.26,0.24
1091,500,CC,RF,0.07600000000000007,0.568,0.644
1092,500,CC,RF,0.026000000000000023,0.314,0.288
1093,500,CC,RF,0.05399999999999999,0.31,0.256
1094,500,CC,RF,0.04799999999999993,0.536,0.584
1095,500,CC,RF,0.03199999999999997,0.376,0.408
1096,500,CC,RF,0.060000000000000026,0.278,0.218
1097,500,CC,RF,0.15799999999999992,0.658,0.816
1098,500,CC,RF,0.15000000000000002,0.71,0.86
1099,500,CC,RF,0.088,0.254,0.166
1100,500,CC,RF,0.118,0.124,0.006
1101,500,CC,RF,0.007999999999999952,0.344,0.336
1102,500,CC,RF,0.14,0.656,0.796
1103,500,CC,RF,0.15599999999999992,0.682,0.838
1104,500,CC,RF,0.064,0.202,0.138
1105,500,CC,RF,0.10799999999999998,0.666,0.774
1106,500,CC,RF,0.08600000000000001,0.2,0.114
1107,500,CC,RF,0.006000000000000005,0.396,0.39
1108,500,CC,RF,0.21399999999999997,0.784,0.998
1109,500,CC,RF,0.045999999999999985,0.238,0.192
1110,500,CC,RF,0.07400000000000001,0.226,0.152
1111,500,CC,RF,0.033999999999999975,0.388,0.422
1112,500,CC,RF,0.06799999999999995,0.55,0.618
1113,500,CC,RF,0.17000000000000004,0.762,0.932
1114,500,CC,RF,0.15800000000000003,0.822,0.98
1115,500,CC,RF,0.124,0.192,0.068
1116,500,CC,RF,0.09999999999999998,0.236,0.136
1117,500,CC,RF,0.138,0.652,0.79
1118,500,CC,RF,0.05199999999999999,0.322,0.27
1119,500,CC,RF,0.16600000000000004,0.718,0.884
1120,500,CC,RF,0.07200000000000006,0.59,0.662
1121,500,CC,RF,0.112,0.222,0.11
1122,500,CC,RF,0.128,0.704,0.832
1123,500,CC,RF,0.06,0.236,0.176
1124,500,CC,RF,0.0040000000000000036,0.426,0.422
1125,500,CC,RF,0.04800000000000004,0.504,0.552
1126,500,CC,RF,0.02400000000000002,0.476,0.5
1127,500,CC,RF,0.06800000000000006,0.618,0.686
1128,500,CC,RF,0.09399999999999997,0.558,0.652
1129,500,CC,RF,0.18799999999999994,0.804,0.992
1130,500,CC,RF,0.17200000000000004,0.826,0.998
1131,500,CC,RF,0.05399999999999999,0.462,0.516
1132,500,CC,RF,0.066,0.16,0.094
1133,500,CC,RF,0.11199999999999999,0.614,0.726
1134,500,CC,RF,0.20599999999999996,0.77,0.976
1135,500,CC,RF,0.0040000000000000036,0.322,0.318
1136,500,CC,RF,0.03600000000000003,0.424,0.46
1137,500,CC,RF,0.016000000000000014,0.408,0.424
1138,500,CC,RF,0.082,0.132,0.05
1139,500,CC,RF,0.1060000000000001,0.566,0.672
1140,500,CC,RF,0.0020000000000000018,0.354,0.352
1141,500,CC,RF,0.14800000000000002,0.638,0.786
1142,500,CC,RF,0.14200000000000002,0.69,0.832
1143,500,CC,RF,0.1399999999999999,0.68,0.82
1144,500,CC,RF,0.019999999999999962,0.396,0.416
1145,500,CC,RF,0.014000000000000012,0.334,0.32
1146,500,CC,RF,0.126,0.622,0.748
1147,500,CC,RF,0.122,0.678,0.8
1148,500,CC,RF,0.025999999999999968,0.464,0.49
1149,500,CC,RF,0.15600000000000003,0.736,0.892
1150,500,CC,RF,0.07400000000000001,0.216,0.142
1151,500,CC,RF,0.15400000000000003,0.724,0.878
1152,500,CC,RF,0.08399999999999999,0.18,0.096
1153,500,CC,RF,0.038000000000000006,0.19,0.152
1154,500,CC,RF,0.04800000000000004,0.484,0.532
1155,500,CC,RF,0.126,0.192,0.066
1156,500,CC,RF,0.10800000000000001,0.16,0.052
1157,500,CC,RF,0.122,0.122,0.0
1158,500,CC,RF,0.008000000000000007,0.428,0.436
1159,500,CC,RF,0.126,0.648,0.774
1160,500,CC,RF,0.10999999999999999,0.144,0.034
1161,500,CC,RF,0.08200000000000007,0.57,0.652
1162,500,CC,RF,0.13,0.692,0.822
1163,500,CC,RF,0.05199999999999999,0.22,0.168
1164,500,CC,RF,0.094,0.24,0.146
1165,500,CC,RF,0.16400000000000003,0.696,0.86
1166,500,CC,RF,0.16999999999999993,0.652,0.822
1167,500,CC,RF,0.05800000000000005,0.48,0.538
1168,500,CC,RF,0.118,0.7,0.818
1169,500,CC,RF,0.11199999999999999,0.204,0.092
1170,500,CC,RF,0.03200000000000003,0.362,0.394
1171,500,CC,RF,0.10599999999999998,0.63,0.736
1172,500,CC,RF,0.04999999999999999,0.306,0.256
1173,500,CC,RF,0.10799999999999998,0.644,0.752
1174,500,CC,RF,0.02400000000000002,0.48,0.504
1175,500,CC,RF,0.118,0.632,0.75
1176,500,CC,RF,0.02400000000000002,0.44,0.464
1177,500,CC,RF,0.014000000000000012,0.38,0.366
1178,500,CC,RF,0.04200000000000001,0.26,0.218
1179,500,CC,RF,0.04000000000000001,0.248,0.208
1180,500,CC,RF,0.118,0.632,0.75
1181,500,CC,RF,0.08400000000000002,0.202,0.118
1182,500,CC,RF,0.076,0.16,0.084
1183,500,CC,RF,0.06,0.236,0.176
1184,500,CC,RF,0.062,0.236,0.174
1185,500,CC,RF,0.118,0.704,0.822
1186,500,CC,RF,0.01200000000000001,0.386,0.398
1187,500,CC,RF,0.17600000000000005,0.814,0.99
1188,500,CC,RF,0.062,0.198,0.136
1189,500,CC,RF,0.07600000000000007,0.576,0.652
1190,500,CC,RF,0.038000000000000034,0.41,0.448
1191,500,CC,RF,0.006000000000000005,0.398,0.392
1192,500,CC,RF,0.15400000000000003,0.72,0.874
1193,500,CC,RF,0.17599999999999993,0.798,0.974
1194,500,CC,RF,0.17200000000000004,0.7,0.872
1195,500,CC,RF,0.055999999999999994,0.248,0.192
1196,500,CC,RF,0.06399999999999997,0.284,0.22
1197,500,CC,RF,0.06000000000000005,0.596,0.656
1198,500,CC,RF,0.026000000000000023,0.314,0.288
1199,500,CC,RF,0.14,0.594,0.734
1200,500,CC,RF,0.05599999999999994,0.51,0.566
1201,500,CC,RF,0.03400000000000003,0.516,0.55
1202,500,CC,RF,0.17199999999999993,0.656,0.828
1203,500,CC,RF,0.10799999999999998,0.602,0.71
1204,500,CC,RF,0.11200000000000002,0.138,0.026
1205,500,CC,RF,0.108,0.156,0.048
1206,500,CC,RF,0.07599999999999996,0.524,0.6
1207,500,CC,RF,0.01799999999999996,0.468,0.486
1208,500,CC,RF,0.020000000000000018,0.28,0.26
1209,500,CC,RF,0.021999999999999964,0.396,0.418
1210,500,CC,RF,0.134,0.622,0.756
1211,500,CC,RF,0.11199999999999999,0.714,0.826
1212,500,CC,RF,0.052000000000000046,0.508,0.56
1213,500,CC,RF,0.018000000000000016,0.402,0.384
1214,500,CC,RF,0.023999999999999966,0.294,0.27
1215,500,CC,RF,0.006000000000000005,0.514,0.52
1216,500,CC,RF,0.020000000000000018,0.334,0.314
1217,500,CC,RF,0.04999999999999993,0.514,0.564
1218,500,CC,RF,0.10000000000000009,0.576,0.676
1219,500,CC,RF,0.11599999999999999,0.182,0.066
1220,500,CC,RF,0.138,0.138,0.0
1221,500,CC,RF,0.04400000000000001,0.256,0.212
1222,500,CC,RF,0.14600000000000002,0.748,0.894
1223,500,CC,RF,0.07200000000000006,0.574,0.646
1224,500,CC,RF,0.07599999999999998,0.246,0.17
1225,500,CC,RF,0.14200000000000002,0.748,0.89
1226,500,CC,RF,0.010000000000000009,0.458,0.468
1227,500,CC,RF,0.03999999999999998,0.436,0.476
1228,500,CC,RF,0.18400000000000005,0.75,0.934
1229,500,CC,RF,0.094,0.152,0.058
1230,500,CC,RF,0.07799999999999999,0.292,0.214
1231,500,CC,RF,0.05599999999999994,0.528,0.584
1232,500,CC,RF,0.07400000000000001,0.268,0.194
1233,500,CC,RF,0.1080000000000001,0.57,0.678
1234,500,CC,RF,0.04400000000000001,0.258,0.214
1235,500,CC,RF,0.094,0.192,0.098
1236,500,CC,RF,0.04400000000000001,0.25,0.206
1237,500,CC,RF,0.010000000000000009,0.412,0.422
1238,500,CC,RF,0.06,0.236,0.176
1239,500,CC,RF,0.055999999999999994,0.19,0.134
1240,500,CC,RF,0.17000000000000004,0.69,0.86
1241,500,CC,RF,0.03999999999999998,0.36,0.32
1242,500,CC,RF,0.006000000000000005,0.366,0.36
1243,500,CC,RF,0.096,0.15,0.054
1244,500,CC,RF,0.030000000000000027,0.386,0.356
1245,500,CC,RF,0.02999999999999997,0.294,0.264
1246,500,CC,RF,0.07599999999999996,0.534,0.61
1247,500,CC,RF,0.04200000000000001,0.246,0.204
1248,500,CC,RF,0.134,0.754,0.888
1249,500,CC,RF,0.17000000000000004,0.758,0.928
1250,500,CC,RF,0.066,0.164,0.098
1251,500,CC,RF,0.112,0.218,0.106
1252,500,CC,RF,0.09399999999999999,0.208,0.114
1253,500,CC,RF,0.07999999999999996,0.538,0.618
1254,500,CC,RF,0.11000000000000001,0.23,0.12
1255,500,CC,RF,0.15800000000000003,0.694,0.852
1256,500,CC,RF,0.10199999999999998,0.652,0.754
1257,500,CC,RF,0.11599999999999999,0.702,0.818
1258,500,CC,RF,0.06,0.466,0.526
1259,500,CC,RF,0.19999999999999996,0.796,0.996
1260,500,CC,RF,0.108,0.152,0.044
1261,500,CC,RF,0.009999999999999953,0.41,0.4
1262,500,CC,RF,0.025999999999999968,0.348,0.322
1263,500,CC,RF,0.1459999999999999,0.802,0.948
1264,500,CC,RF,0.041999999999999926,0.534,0.576
1265,500,CC,RF,0.132,0.674,0.806
1266,500,CC,RF,0.062,0.232,0.17
1267,500,CC,RF,0.18799999999999994,0.79,0.978
1268,500,CC,RF,0.02200000000000002,0.476,0.498
1269,500,CC,RF,0.05399999999999999,0.438,0.492
1270,500,CC,RF,0.20199999999999996,0.768,0.97
1271,500,CC,RF,0.0040000000000000036,0.384,0.38
1272,500,CC,RF,0.02400000000000002,0.372,0.396
1273,500,CC,RF,0.07399999999999995,0.51,0.584
1274,500,CC,RF,0.066,0.194,0.128
1275,500,CC,RF,0.02799999999999997,0.348,0.32
1276,500,CC,RF,0.04799999999999999,0.24,0.192
1277,500,CC,RF,0.078,0.18,0.102
1278,500,CC,RF,0.16200000000000003,0.704,0.866
1279,500,CC,RF,0.05799999999999994,0.53,0.588
1280,500,CC,RF,0.0,0.358,0.358
1281,500,CC,RF,0.01799999999999996,0.39,0.408
1282,500,CC,RF,0.020000000000000018,0.41,0.43
1283,500,CC,RF,0.09399999999999997,0.538,0.632
1284,500,CC,RF,0.14800000000000002,0.778,0.926
1285,500,CC,RF,0.18800000000000006,0.744,0.932
1286,500,CC,RF,0.025999999999999968,0.416,0.39
1287,500,CC,RF,0.033999999999999975,0.362,0.328
1288,500,CC,RF,0.038000000000000034,0.412,0.45
1289,500,CC,RF,0.06599999999999995,0.5,0.566
1290,500,CC,RF,0.03200000000000003,0.428,0.46
1291,500,CC,RF,0.05400000000000005,0.604,0.658
1292,500,CC,RF,0.06800000000000006,0.486,0.554
1293,500,CC,RF,0.03999999999999998,0.36,0.32
1294,500,CC,RF,0.00599999999999995,0.338,0.344
1295,500,CC,RF,0.03400000000000003,0.344,0.378
1296,500,CC,RF,0.086,0.18,0.094
1297,500,CC,RF,0.06999999999999998,0.236,0.166
1298,500,CC,RF,0.09399999999999997,0.628,0.722
1299,500,CC,RF,0.008000000000000007,0.38,0.388
1300,500,CC,RF,0.06200000000000003,0.276,0.214
1301,500,CC,RF,0.062000000000000055,0.5,0.562
1302,500,CC,RF,0.10399999999999998,0.65,0.754
1303,500,CC,RF,0.02400000000000002,0.28,0.256
1304,500,CC,RF,0.16599999999999993,0.66,0.826
1305,500,CC,RF,0.16600000000000004,0.76,0.926
1306,500,CC,RF,0.07599999999999996,0.52,0.596
1307,500,CC,RF,0.10599999999999998,0.562,0.668
1308,500,CC,RF,0.12,0.172,0.052
1309,500,CC,RF,0.17999999999999994,0.764,0.944
1310,500,CC,RF,0.016000000000000014,0.376,0.392
1311,500,CC,RF,0.138,0.784,0.922
1312,500,CC,RF,0.07399999999999995,0.504,0.578
1313,500,CC,RF,0.124,0.128,0.004
1314,500,CC,RF,0.1,0.138,0.038
1315,500,CC,RF,0.1060000000000001,0.574,0.68
1316,500,CC,RF,0.06600000000000006,0.496,0.562
1317,500,CC,RF,0.11000000000000001,0.136,0.026
1318,500,CC,RF,0.09999999999999998,0.642,0.742
1319,500,CC,RF,0.15000000000000002,0.702,0.852
1320,500,CC,RF,0.008000000000000007,0.504,0.496
1321,500,CC,RF,0.05600000000000005,0.408,0.464
1322,500,CC,RF,0.106,0.11,0.004
1323,500,CC,RF,0.15600000000000003,0.63,0.786
1324,500,CC,RF,0.0,0.33,0.33
1325,500,CC,RF,0.19399999999999995,0.684,0.878
1326,500,CC,RF,0.008000000000000007,0.38,0.372
1327,500,CC,RF,0.06999999999999995,0.494,0.564
1328,500,CC,RF,0.02799999999999997,0.298,0.27
1329,500,CC,RF,0.05199999999999999,0.212,0.16
1330,500,CC,RF,0.14600000000000002,0.628,0.774
1331,500,CC,RF,0.045999999999999985,0.45,0.496
1332,500,CC,RF,0.06600000000000006,0.47,0.536
1333,500,CC,RF,0.16999999999999993,0.794,0.964
1334,500,CC,RF,0.20799999999999996,0.754,0.962
1335,500,CC,RF,0.15800000000000003,0.696,0.854
1336,500,CC,RF,0.055999999999999994,0.242,0.186
1337,500,CC,RF,0.08799999999999997,0.506,0.594
1338,500,CC,RF,0.15000000000000002,0.728,0.878
1339,500,CC,RF,0.026000000000000023,0.348,0.374
1340,500,CC,RF,0.066,0.166,0.1
1341,500,CC,RF,0.126,0.684,0.81
1342,500,CC,RF,0.035999999999999976,0.444,0.48
1343,500,CC,RF,0.06599999999999995,0.498,0.564
1344,500,CC,RF,0.19199999999999995,0.79,0.982
1345,500,CC,RF,0.07799999999999996,0.528,0.606
1346,500,CC,RF,0.006000000000000005,0.418,0.424
1347,500,CC,RF,0.0040000000000000036,0.372,0.368
1348,500,CC,RF,0.023999999999999966,0.392,0.416
1349,500,CC,RF,0.088,0.206,0.118
1350,500,CC,RF,0.15400000000000003,0.64,0.794
1351,500,CC,RF,0.11599999999999999,0.72,0.836
1352,500,CC,RF,0.028000000000000025,0.312,0.284
1353,500,CC,RF,0.04199999999999998,0.344,0.302
1354,500,CC,RF,0.16600000000000004,0.708,0.874
1355,500,CC,RF,0.09,0.112,0.022
1356,500,CC,RF,0.030000000000000027,0.49,0.52
1357,500,CC,RF,0.010000000000000009,0.452,0.462
1358,500,CC,RF,0.10799999999999998,0.582,0.69
1359,500,CC,RF,0.07,0.232,0.162
1360,500,CC,RF,0.09400000000000008,0.574,0.668
1361,500,CC,RF,0.02400000000000002,0.4,0.376
1362,500,CC,RF,0.10399999999999998,0.514,0.618
1363,500,CC,RF,0.124,0.164,0.04
1364,500,CC,RF,0.020000000000000018,0.44,0.46
1365,500,CC,RF,0.02400000000000002,0.498,0.522
1366,500,CC,RF,0.032,0.246,0.214
1367,500,CC,RF,0.07799999999999999,0.216,0.138
1368,500,CC,RF,0.064,0.252,0.188
1369,500,CC,RF,0.03600000000000003,0.38,0.344
1370,500,CC,RF,0.092,0.188,0.096
1371,500,CC,RF,0.18999999999999995,0.756,0.946
1372,500,CC,RF,0.03200000000000003,0.372,0.404
1373,500,CC,RF,0.14,0.668,0.808
1374,500,CC,RF,0.15000000000000002,0.824,0.974
1375,500,CC,RF,0.09399999999999999,0.174,0.08
1376,500,CC,RF,0.124,0.526,0.65
1377,500,CC,RF,0.16200000000000003,0.708,0.87
1378,500,CC,RF,0.06000000000000005,0.574,0.634
1379,500,CC,RF,0.02999999999999997,0.398,0.428
1380,500,CC,RF,0.016000000000000014,0.414,0.43
1381,500,CC,RF,0.09,0.124,0.034
1382,500,CC,RF,0.018000000000000016,0.516,0.534
1383,500,CC,RF,0.18599999999999994,0.806,0.992
1384,500,CC,RF,0.16999999999999993,0.788,0.958
1385,500,CC,RF,0.10199999999999998,0.142,0.04
1386,500,CC,RF,0.10399999999999998,0.6,0.704
1387,500,CC,RF,0.020000000000000018,0.32,0.3
1388,500,CC,RF,0.17800000000000005,0.724,0.902
1389,500,CC,RF,0.134,0.178,0.044
1390,500,CC,RF,0.18600000000000005,0.748,0.934
1391,500,CC,RF,0.16799999999999993,0.668,0.836
1392,500,CC,RF,0.104,0.22,0.116
1393,500,CC,RF,0.098,0.156,0.058
1394,500,CC,RF,0.14400000000000002,0.69,0.834
1395,500,CC,RF,0.094,0.248,0.154
1396,500,CC,RF,0.062000000000000055,0.472,0.534
1397,500,CC,RF,0.138,0.776,0.914
1398,500,CC,RF,0.05799999999999994,0.508,0.566
1399,500,CC,RF,0.0040000000000000036,0.4,0.396
1400,500,CC,RF,0.02400000000000002,0.42,0.444
1401,500,CC,RF,0.092,0.154,0.062
1402,500,CC,RF,0.21799999999999997,0.75,0.968
1403,500,CC,RF,0.04799999999999999,0.358,0.31
1404,500,CC,RF,0.064,0.252,0.188
1405,500,CC,RF,0.04400000000000004,0.33,0.286
1406,500,CC,RF,0.15999999999999992,0.804,0.964
1407,500,CC,RF,0.086,0.18,0.094
1408,500,CC,RF,0.14400000000000002,0.722,0.866
1409,500,CC,RF,0.08599999999999997,0.62,0.706
1410,500,CC,RF,0.16999999999999993,0.66,0.83
1411,500,CC,RF,0.19199999999999995,0.782,0.974
1412,500,CC,RF,0.15000000000000002,0.692,0.842
1413,500,CC,RF,0.19999999999999996,0.742,0.942
1414,500,CC,RF,0.10200000000000001,0.228,0.126
1415,500,CC,RF,0.11399999999999999,0.68,0.794
1416,500,CC,RF,0.06400000000000006,0.48,0.544
1417,500,CC,RF,0.05400000000000005,0.488,0.542
1418,500,CC,RF,0.17800000000000005,0.72,0.898
1419,500,CC,RF,0.16799999999999993,0.802,0.97
1420,500,CC,RF,0.07199999999999995,0.632,0.704
1421,500,CC,RF,0.045999999999999985,0.436,0.482
1422,500,CC,RF,0.04200000000000004,0.414,0.456
1423,500,CC,RF,0.0040000000000000036,0.382,0.386
1424,500,CC,RF,0.0040000000000000036,0.356,0.36
1425,500,CC,RF,0.01200000000000001,0.402,0.39
1426,500,CC,RF,0.10600000000000001,0.194,0.088
1427,500,CC,RF,0.08,0.156,0.076
1428,500,CC,RF,0.134,0.644,0.778
1429,500,CC,RF,0.008000000000000007,0.438,0.446
1430,500,CC,RF,0.16600000000000004,0.764,0.93
1431,500,CC,RF,0.07199999999999995,0.54,0.612
1432,500,CC,RF,0.092,0.126,0.034
1433,500,CC,RF,0.07999999999999999,0.236,0.156
1434,500,CC,RF,0.028000000000000025,0.232,0.204
1435,500,CC,RF,0.16799999999999993,0.806,0.974
1436,500,CC,RF,0.05000000000000002,0.268,0.218
1437,500,CC,RF,0.07,0.444,0.514
1438,500,CC,RF,0.18800000000000006,0.748,0.936
1439,500,CC,RF,0.19999999999999996,0.776,0.976
1440,500,CC,RF,0.04999999999999999,0.286,0.236
1441,500,CC,RF,0.106,0.154,0.048
1442,500,CC,RF,0.066,0.218,0.152
1443,500,CC,RF,0.11399999999999999,0.176,0.062
1444,500,CC,RF,0.043999999999999984,0.238,0.194
1445,500,CC,RF,0.09399999999999997,0.474,0.568
1446,500,CC,RF,0.18000000000000005,0.732,0.912
1447,500,CC,RF,0.038000000000000034,0.498,0.536
1448,500,CC,RF,0.11599999999999999,0.508,0.624
1449,500,CC,RF,0.06,0.26,0.2
1450,500,CC,RF,0.118,0.682,0.8
1451,500,CC,RF,0.05999999999999994,0.556,0.616
1452,500,CC,RF,0.122,0.742,0.864
1453,500,CC,RF,0.20799999999999996,0.74,0.948
1454,500,CC,RF,0.010000000000000009,0.356,0.346
1455,500,CC,RF,0.07400000000000001,0.164,0.09
1456,500,CC,RF,0.04000000000000001,0.264,0.224
1457,500,CC,RF,0.0,0.436,0.436
1458,500,CC,RF,0.19799999999999995,0.746,0.944
1459,500,CC,RF,0.033999999999999975,0.412,0.378
1460,500,CC,RF,0.11199999999999999,0.658,0.77
1461,500,CC,RF,0.06600000000000006,0.474,0.54
1462,500,CC,RF,0.05399999999999999,0.236,0.182
1463,500,CC,RF,0.01200000000000001,0.332,0.32
1464,500,CC,RF,0.09799999999999998,0.554,0.652
1465,500,CC,RF,0.126,0.546,0.672
1466,500,CC,RF,0.02799999999999997,0.406,0.434
1467,500,CC,RF,0.05999999999999997,0.288,0.228
1468,500,CC,RF,0.11199999999999999,0.608,0.72
1469,500,CC,RF,0.057999999999999996,0.226,0.168
1470,500,CC,RF,0.14800000000000002,0.788,0.936
1471,500,CC,RF,0.062,0.248,0.186
1472,500,CC,RF,0.076,0.182,0.106
1473,500,CC,RF,0.03199999999999997,0.464,0.496
1474,500,CC,RF,0.04200000000000004,0.476,0.518
1475,500,CC,RF,0.018000000000000016,0.49,0.508
1476,500,CC,RF,0.020000000000000018,0.416,0.436
1477,500,CC,RF,0.20599999999999996,0.788,0.994
1478,500,CC,RF,0.016000000000000014,0.502,0.486
1479,500,CC,RF,0.033999999999999975,0.442,0.476
1480,500,CC,RF,0.008000000000000007,0.412,0.42
1481,500,CC,RF,0.10599999999999998,0.172,0.066
1482,500,CC,RF,0.08999999999999997,0.502,0.592
1483,500,CC,RF,0.036000000000000004,0.262,0.226
1484,500,CC,RF,0.08599999999999997,0.55,0.636
1485,500,CC,RF,0.11800000000000001,0.168,0.05
1486,500,CC,RF,0.16999999999999993,0.81,0.98
1487,500,CC,RF,0.040000000000000036,0.428,0.468
1488,500,CC,RF,0.17400000000000004,0.722,0.896
1489,500,CC,RF,0.01599999999999996,0.458,0.474
1490,500,CC,RF,0.096,0.156,0.06
1491,500,CC,RF,0.128,0.694,0.822
1492,500,CC,RF,0.07800000000000007,0.57,0.648
1493,500,CC,RF,0.11399999999999999,0.666,0.78
1494,500,CC,RF,0.0040000000000000036,0.424,0.428
1495,500,CC,RF,0.08999999999999997,0.546,0.636
1496,500,CC,RF,0.16999999999999993,0.686,0.856
1497,500,CC,RF,0.07399999999999995,0.556,0.63
1498,500,CC,RF,0.03600000000000003,0.382,0.346
1499,500,CC,RF,0.10399999999999998,0.558,0.662
1500,500,CC,RF,0.08000000000000007,0.59,0.67
1501,500,CC,RF,0.19199999999999995,0.768,0.96
1502,500,CC,RF,0.0,0.37,0.37
1503,500,CC,RF,0.019999999999999962,0.404,0.424
1504,500,CC,RF,0.1160000000000001,0.696,0.812
1505,500,CC,RF,0.04799999999999999,0.456,0.504
1506,500,CC,RF,0.10599999999999998,0.63,0.736
1507,500,CC,RF,0.0020000000000000018,0.456,0.458
1508,500,CC,RF,0.04200000000000001,0.256,0.214
1509,500,CC,RF,0.10999999999999999,0.634,0.744
1510,500,CC,RF,0.07599999999999998,0.206,0.13
1511,500,CC,RF,0.07600000000000001,0.274,0.198
1512,500,CC,RF,0.08799999999999997,0.538,0.626
1513,500,CC,RF,0.13,0.616,0.746
1514,500,CC,RF,0.17200000000000004,0.722,0.894
1515,500,CC,RF,0.033999999999999975,0.306,0.272
1516,500,CC,RF,0.05,0.16,0.11
1517,500,CC,RF,0.19999999999999996,0.756,0.956
1518,500,CC,RF,0.05399999999999999,0.208,0.154
1519,500,CC,RF,0.03,0.226,0.196
1520,500,CC,RF,0.02400000000000002,0.314,0.29
1521,500,CC,RF,0.040000000000000036,0.488,0.528
1522,500,CC,RF,0.14,0.742,0.882
1523,500,CC,RF,0.118,0.642,0.76
1524,500,CC,RF,0.12,0.588,0.708
1525,500,CC,RF,0.08200000000000002,0.256,0.174
1526,500,CC,RF,0.010000000000000009,0.346,0.356
1527,500,CC,RF,0.021999999999999964,0.456,0.478
1528,500,CC,RF,0.066,0.212,0.146
1529,500,CC,RF,0.05399999999999999,0.326,0.272
1530,500,CC,RF,0.01200000000000001,0.32,0.308
1531,500,CC,RF,0.07600000000000001,0.202,0.126
1532,500,CC,RF,0.04800000000000004,0.502,0.55
1533,500,CC,RF,0.09199999999999997,0.612,0.704
1534,500,CC,RF,0.096,0.164,0.068
1535,500,CC,RF,0.03999999999999998,0.44,0.48
1536,500,CC,RF,0.11399999999999999,0.668,0.782
1537,500,CC,RF,0.13,0.616,0.746
1538,500,CC,RF,0.1359999999999999,0.678,0.814
1539,500,CC,RF,0.008000000000000007,0.456,0.448
1540,500,CC,RF,0.1419999999999999,0.678,0.82
1541,500,CC,RF,0.05199999999999999,0.292,0.24
1542,500,CC,RF,0.0040000000000000036,0.364,0.36
1543,500,CC,RF,0.06,0.236,0.176
1544,500,CC,RF,0.05600000000000005,0.41,0.466
1545,500,CC,RF,0.023999999999999966,0.416,0.392
1546,500,CC,RF,0.066,0.306,0.24
1547,500,CC,RF,0.11399999999999999,0.636,0.75
1548,500,CC,RF,0.05399999999999999,0.366,0.312
1549,500,CC,RF,0.035999999999999976,0.308,0.272
1550,500,CC,RF,0.088,0.218,0.13
1551,500,CC,RF,0.0020000000000000018,0.436,0.438
1552,500,CC,RF,0.030000000000000027,0.332,0.302
1553,500,CC,RF,0.008000000000000007,0.36,0.368
1554,500,CC,RF,0.04600000000000001,0.28,0.234
1555,500,CC,RF,0.124,0.638,0.762
1556,500,CC,RF,0.17600000000000005,0.754,0.93
1557,500,CC,RF,0.03199999999999997,0.464,0.496
1558,500,CC,RF,0.07600000000000007,0.566,0.642
1559,500,CC,RF,0.124,0.742,0.866
1560,500,CC,RF,0.236,0.762,0.998
1561,500,CC,RF,0.05599999999999994,0.556,0.612
1562,500,CC,RF,0.14800000000000002,0.74,0.888
1563,500,CC,RF,0.15400000000000003,0.754,0.908
1564,500,CC,RF,0.132,0.658,0.79
1565,500,CC,RF,0.016000000000000014,0.444,0.46
1566,500,CC,RF,0.08800000000000001,0.168,0.08
1567,500,CC,RF,0.126,0.14,0.014
1568,500,CC,RF,0.033999999999999975,0.442,0.476
1569,500,CC,RF,0.020000000000000018,0.474,0.494
1570,500,CC,RF,0.018000000000000016,0.388,0.406
1571,500,CC,RF,0.04399999999999993,0.524,0.568
1572,500,CC,RF,0.050000000000000044,0.502,0.552
1573,500,CC,RF,0.09799999999999998,0.738,0.836
1574,500,CC,RF,0.09200000000000001,0.2,0.108
1575,500,CC,RF,0.05000000000000002,0.274,0.224
1576,500,CC,RF,0.14400000000000002,0.648,0.792
1577,500,CC,RF,0.14,0.706,0.846
1578,500,CC,RF,0.18799999999999994,0.806,0.994
1579,500,CC,RF,0.17400000000000004,0.698,0.872
1580,500,CC,RF,0.15600000000000003,0.732,0.888
1581,500,CC,RF,0.02200000000000002,0.336,0.314
1582,500,CC,RF,0.006000000000000005,0.394,0.4
1583,500,CC,RF,0.02799999999999997,0.296,0.268
1584,500,CC,RF,0.09399999999999997,0.512,0.606
1585,500,CC,RF,0.16799999999999993,0.77,0.938
1586,500,CC,RF,0.014000000000000012,0.358,0.344
1587,500,CC,RF,0.07800000000000007,0.478,0.556
1588,500,CC,RF,0.04600000000000004,0.342,0.296
1589,500,CC,RF,0.055999999999999994,0.224,0.168
1590,500,CC,RF,0.05399999999999999,0.248,0.194
1591,500,CC,RF,0.136,0.192,0.056
1592,500,CC,RF,0.20399999999999996,0.744,0.948
1593,500,CC,RF,0.014000000000000012,0.388,0.402
1594,500,CC,RF,0.14,0.694,0.834
1595,500,CC,RF,0.08200000000000007,0.598,0.68
1596,500,CC,RF,0.04999999999999999,0.24,0.19
1597,500,CC,RF,0.08400000000000002,0.258,0.174
1598,500,CC,RF,0.14,0.67,0.81
1599,500,CC,RF,0.023999999999999966,0.288,0.264
1600,500,CC,RF,0.16000000000000003,0.752,0.912
1601,500,CC,RF,0.05199999999999999,0.192,0.14
1602,500,CC,RF,0.06400000000000006,0.612,0.676
1603,500,CC,RF,0.09799999999999998,0.716,0.814
1604,500,CC,RF,0.01999999999999999,0.254,0.234
1605,500,CC,RF,0.02999999999999997,0.306,0.276
1606,500,CC,RF,0.21799999999999997,0.746,0.964
1607,500,CC,RF,0.03799999999999998,0.302,0.264
1608,500,CC,RF,0.0020000000000000018,0.426,0.428
1609,500,CC,RF,0.020000000000000018,0.412,0.432
1610,500,CC,RF,0.05399999999999999,0.306,0.252
1611,500,CC,RF,0.126,0.648,0.774
1612,500,CC,RF,0.122,0.648,0.77
1613,500,CC,RF,0.010000000000000009,0.368,0.378
1614,500,CC,RF,0.122,0.712,0.834
1615,500,CC,RF,0.038000000000000006,0.25,0.212
1616,500,CC,RF,0.134,0.138,0.004
1617,500,CC,RF,0.04399999999999993,0.526,0.57
1618,500,CC,RF,0.20399999999999996,0.79,0.994
1619,500,CC,RF,0.11399999999999999,0.152,0.038
1620,500,CC,RF,0.04600000000000001,0.252,0.206
1621,500,CC,RF,0.028000000000000025,0.49,0.518
1622,500,CC,RF,0.1200000000000001,0.688,0.808
1623,500,CC,RF,0.08399999999999999,0.172,0.088
1624,500,CC,RF,0.006000000000000005,0.388,0.394
1625,500,CC,RF,0.128,0.618,0.746
1626,500,CC,RF,0.0040000000000000036,0.374,0.37
1627,500,CC,RF,0.066,0.254,0.188
1628,500,CC,RF,0.04000000000000001,0.234,0.194
1629,500,CC,RF,0.0040000000000000036,0.414,0.41
1630,500,CC,RF,0.023999999999999966,0.454,0.478
1631,500,CC,RF,0.15200000000000002,0.708,0.86
1632,500,CC,RF,0.07600000000000007,0.566,0.642
1633,500,CC,RF,0.11199999999999999,0.578,0.69
1634,500,CC,RF,0.18799999999999994,0.794,0.982
1635,500,CC,RF,0.0020000000000000018,0.408,0.41
1636,500,CC,RF,0.0,0.402,0.402
1637,500,CC,RF,0.17800000000000005,0.744,0.922
1638,500,CC,RF,0.043999999999999984,0.288,0.244
1639,500,CC,RF,0.124,0.604,0.728
1640,500,CC,RF,0.09799999999999998,0.656,0.754
1641,500,CC,RF,0.07799999999999999,0.174,0.096
1642,500,CC,RF,0.050000000000000044,0.418,0.468
1643,500,CC,RF,0.07600000000000001,0.276,0.2
1644,500,CC,RF,0.07,0.254,0.184
1645,500,CC,RF,0.006000000000000005,0.456,0.462
1646,500,CC,RF,0.050000000000000044,0.338,0.288
1647,500,CC,RF,0.1080000000000001,0.688,0.796
1648,500,CC,RF,0.17000000000000004,0.736,0.906
1649,500,CC,RF,0.15400000000000003,0.648,0.802
1650,500,CC,RF,0.064,0.33,0.266
1651,500,CC,RF,0.011999999999999955,0.286,0.274
1652,500,CC,RF,0.043999999999999984,0.298,0.254
1653,500,CC,RF,0.06999999999999998,0.204,0.134
1654,500,CC,RF,0.15599999999999992,0.786,0.942
1655,500,CC,RF,0.0020000000000000018,0.4,0.402
1656,500,CC,RF,0.05999999999999997,0.284,0.224
1657,500,CC,RF,0.15200000000000002,0.694,0.846
1658,500,CC,RF,0.018000000000000016,0.38,0.398
1659,500,CC,RF,0.09,0.124,0.034
1660,500,CC,RF,0.064,0.224,0.16
1661,500,CC,RF,0.11599999999999999,0.522,0.638
1662,500,CC,RF,0.138,0.644,0.782
1663,500,CC,RF,0.058000000000000024,0.268,0.21
1664,500,CC,RF,0.14,0.776,0.916
1665,500,CC,RF,0.138,0.712,0.85
1666,500,CC,RF,0.14,0.708,0.848
1667,500,CC,RF,0.04400000000000001,0.27,0.226
1668,500,CC,RF,0.09999999999999999,0.15,0.05
1669,500,CC,RF,0.15400000000000003,0.712,0.866
1670,500,CC,RF,0.03400000000000003,0.338,0.304
1671,500,CC,RF,0.06799999999999995,0.55,0.618
1672,500,CC,RF,0.10199999999999998,0.656,0.758
1673,500,CC,RF,0.07200000000000001,0.2,0.128
1674,500,CC,RF,0.122,0.658,0.78
1675,500,CC,RF,0.15599999999999992,0.782,0.938
1676,500,CC,RF,0.122,0.606,0.728
1677,500,CC,RF,0.016000000000000014,0.424,0.44
1678,500,CC,RF,0.16800000000000004,0.708,0.876
1679,500,CC,RF,0.040000000000000036,0.486,0.526
1680,500,CC,RF,0.10199999999999998,0.642,0.744
1681,500,CC,RF,0.126,0.694,0.82
1682,500,CC,RF,0.10199999999999998,0.646,0.748
1683,500,CC,RF,0.011999999999999955,0.274,0.286
1684,500,CC,RF,0.09599999999999999,0.212,0.116
1685,500,CC,RF,0.03200000000000003,0.27,0.238
1686,500,CC,RF,0.04199999999999998,0.46,0.502
1687,500,CC,RF,0.02400000000000002,0.48,0.504
1688,500,CC,RF,0.051999999999999935,0.53,0.582
1689,500,CC,RF,0.025999999999999968,0.42,0.394
1690,500,CC,RF,0.11599999999999999,0.67,0.786
1691,500,CC,RF,0.17200000000000004,0.74,0.912
1692,500,CC,RF,0.03999999999999998,0.286,0.246
1693,500,CC,RF,0.10799999999999998,0.628,0.736
1694,500,CC,RF,0.09600000000000009,0.58,0.676
1695,500,CC,RF,0.02400000000000002,0.498,0.522
1696,500,CC,RF,0.064,0.252,0.188
1697,500,CC,RF,0.126,0.668,0.794
1698,500,CC,RF,0.16999999999999993,0.79,0.96
1699,500,CC,RF,0.09999999999999998,0.62,0.72
1700,500,CC,RF,0.19000000000000006,0.726,0.916
1701,500,CC,RF,0.16400000000000003,0.82,0.984
1702,500,CC,RF,0.006000000000000005,0.358,0.352
1703,500,CC,RF,0.08399999999999996,0.554,0.638
1704,500,CC,RF,0.03199999999999997,0.44,0.472
1705,500,CC,RF,0.18999999999999995,0.796,0.986
1706,500,CC,RF,0.07999999999999999,0.172,0.092
1707,500,CC,RF,0.035999999999999976,0.376,0.412
1708,500,CC,RF,0.16200000000000003,0.712,0.874
1709,500,CC,RF,0.02400000000000002,0.308,0.284
1710,500,CC,RF,0.138,0.648,0.786
1711,500,CC,RF,0.010000000000000009,0.372,0.382
1712,500,CC,RF,0.16799999999999993,0.81,0.978
1713,500,CC,RF,0.17000000000000004,0.712,0.882
1714,500,CC,RF,0.028000000000000025,0.328,0.3
1715,500,CC,RF,0.16000000000000003,0.61,0.77
1716,500,CC,RF,0.009999999999999953,0.346,0.336
1717,500,CC,RF,0.051999999999999935,0.554,0.606
1718,500,CC,RF,0.12,0.538,0.658
1719,500,CC,RF,0.126,0.702,0.828
1720,500,CC,RF,0.118,0.142,0.024
1721,500,CC,RF,0.06799999999999998,0.288,0.22
1722,500,CC,RF,0.09399999999999997,0.616,0.71
1723,500,CC,RF,0.052000000000000046,0.51,0.562
1724,500,CC,RF,0.035999999999999976,0.458,0.494
1725,500,CC,RF,0.124,0.178,0.054
1726,500,CC,RF,0.03600000000000003,0.384,0.348
1727,500,CC,RF,0.16600000000000004,0.698,0.864
1728,500,CC,RF,0.092,0.122,0.03
1729,500,CC,RF,0.0020000000000000018,0.398,0.396
1730,500,CC,RF,0.19799999999999995,0.746,0.944
1731,500,CC,RF,0.116,0.166,0.05
1732,500,CC,RF,0.138,0.61,0.748
1733,500,CC,RF,0.04199999999999998,0.298,0.256
1734,500,CC,RF,0.17600000000000005,0.69,0.866
1735,500,CC,RF,0.08599999999999997,0.66,0.746
1736,500,CC,RF,0.15600000000000003,0.728,0.884
1737,500,CC,RF,0.03,0.244,0.214
1738,500,CC,RF,0.066,0.464,0.53
1739,500,CC,RF,0.126,0.652,0.778
1740,500,CC,RF,0.03999999999999998,0.284,0.244
1741,500,CC,RF,0.04400000000000001,0.274,0.23
1742,500,CC,RF,0.132,0.158,0.026
1743,500,CC,RF,0.17399999999999993,0.784,0.958
1744,500,CC,RF,0.09399999999999997,0.616,0.71
1745,500,CC,RF,0.050000000000000044,0.584,0.634
1746,500,CC,RF,0.09999999999999998,0.642,0.742
1747,500,CC,RF,0.03600000000000003,0.494,0.53
1748,500,CC,RF,0.04999999999999999,0.426,0.476
1749,500,CC,RF,0.030000000000000027,0.418,0.448
1750,500,CC,RF,0.07200000000000006,0.568,0.64
1751,500,CC,RF,0.045999999999999985,0.246,0.2
1752,500,CC,RF,0.17400000000000004,0.714,0.888
1753,500,CC,RF,0.15600000000000003,0.654,0.81
1754,500,CC,RF,0.007999999999999952,0.34,0.348
1755,500,CC,RF,0.08599999999999997,0.492,0.578
1756,500,CC,RF,0.06399999999999997,0.204,0.14
1757,500,CC,RF,0.17199999999999993,0.8,0.972
1758,500,CC,RF,0.16600000000000004,0.736,0.902
1759,500,CC,RF,0.17200000000000004,0.748,0.92
1760,500,CC,RF,0.02999999999999997,0.362,0.332
1761,500,CC,RF,0.064,0.232,0.168
1762,500,CC,RF,0.07199999999999998,0.282,0.21
1763,500,CC,RF,0.092,0.182,0.09
1764,500,CC,RF,0.08399999999999999,0.204,0.12
1765,500,CC,RF,0.08199999999999999,0.152,0.07
1766,500,CC,RF,0.17200000000000004,0.816,0.988
1767,500,CC,RF,0.09600000000000002,0.17,0.074
1768,500,CC,RF,0.05199999999999999,0.184,0.132
1769,500,CC,RF,0.15999999999999992,0.666,0.826
1770,500,CC,RF,0.06999999999999995,0.51,0.58
1771,500,CC,RF,0.136,0.638,0.774
1772,500,CC,RF,0.06600000000000006,0.564,0.63
1773,500,CC,RF,0.15000000000000002,0.732,0.882
1774,500,CC,RF,0.07000000000000006,0.568,0.638
1775,500,CC,RF,0.04800000000000004,0.474,0.522
1776,500,CC,RF,0.11399999999999999,0.598,0.712
1777,500,CC,RF,0.008000000000000007,0.438,0.446
1778,500,CC,RF,0.018000000000000016,0.364,0.346
1779,500,CC,RF,0.010000000000000009,0.456,0.466
1780,500,CC,RF,0.07399999999999998,0.242,0.168
1781,500,CC,RF,0.14,0.656,0.796
1782,500,CC,RF,0.010000000000000009,0.27,0.26
1783,500,CC,RF,0.062,0.214,0.152
1784,500,CC,RF,0.04999999999999999,0.296,0.246
1785,500,CC,RF,0.136,0.706,0.842
1786,500,CC,RF,0.006000000000000005,0.324,0.33
1787,500,CC,RF,0.10200000000000009,0.584,0.686
1788,500,CC,RF,0.14400000000000002,0.712,0.856
1789,500,CC,RF,0.11,0.186,0.076
1790,500,CC,RF,0.10399999999999998,0.66,0.764
1791,500,CC,RF,0.008000000000000007,0.314,0.306
1792,500,CC,RF,0.034,0.25,0.216
1793,500,CC,RF,0.08799999999999997,0.6,0.688
1794,500,CC,RF,0.16000000000000003,0.748,0.908
1795,500,CC,RF,0.01200000000000001,0.306,0.294
1796,500,CC,RF,0.06399999999999995,0.504,0.568
1797,500,CC,RF,0.04600000000000004,0.334,0.288
1798,500,CC,RF,0.05400000000000005,0.5,0.554
1799,500,CC,RF,0.10199999999999998,0.518,0.62
1800,500,CC,RF,0.08599999999999997,0.524,0.61
1801,500,CC,RF,0.07599999999999996,0.546,0.622
1802,500,CC,RF,0.07399999999999998,0.208,0.134
1803,500,CC,RF,0.122,0.57,0.692
1804,500,CC,RF,0.09800000000000009,0.576,0.674
1805,500,CC,RF,0.09600000000000009,0.586,0.682
1806,500,CC,RF,0.076,0.15,0.074
1807,500,CC,RF,0.006000000000000005,0.44,0.446
1808,500,CC,RF,0.033999999999999975,0.374,0.408
1809,500,CC,RF,0.07,0.156,0.086
1810,500,CC,RF,0.05200000000000002,0.274,0.222
1811,500,CC,RF,0.03799999999999998,0.402,0.44
1812,500,CC,RF,0.10399999999999998,0.638,0.742
1813,500,CC,RF,0.04400000000000004,0.28,0.236
1814,500,CC,RF,0.122,0.706,0.828
1815,500,CC,RF,0.06000000000000005,0.484,0.544
1816,500,CC,RF,0.13,0.63,0.76
1817,500,CC,RF,0.023999999999999966,0.448,0.472
1818,500,CC,RF,0.04999999999999999,0.448,0.498
1819,500,CC,RF,0.08799999999999997,0.53,0.618
1820,500,CC,RF,0.19000000000000006,0.736,0.926
1821,500,CC,RF,0.023999999999999966,0.466,0.49
1822,500,CC,RF,0.04200000000000004,0.486,0.528
1823,500,CC,RF,0.08399999999999996,0.516,0.6
1824,500,CC,RF,0.09599999999999997,0.64,0.736
1825,500,CC,RF,0.1,0.17,0.07
1826,500,CC,RF,0.03200000000000003,0.482,0.514
1827,500,CC,RF,0.035999999999999976,0.444,0.48
1828,500,CC,RF,0.15000000000000002,0.77,0.92
1829,500,CC,RF,0.03199999999999997,0.46,0.492
1830,500,CC,RF,0.07200000000000001,0.396,0.468
1831,500,CC,RF,0.19399999999999995,0.768,0.962
1832,500,CC,RF,0.008000000000000007,0.442,0.45
1833,500,CC,RF,0.055999999999999994,0.236,0.18
1834,500,CC,RF,0.05400000000000002,0.27,0.216
1835,500,CC,RF,0.07799999999999999,0.172,0.094
1836,500,CC,RF,0.1,0.1,0.0
1837,500,CC,RF,0.02200000000000002,0.408,0.43
1838,500,CC,RF,0.128,0.64,0.768
1839,500,CC,RF,0.11599999999999999,0.616,0.732
1840,500,CC,RF,0.122,0.154,0.032
1841,500,CC,RF,0.10199999999999992,0.466,0.568
1842,500,CC,RF,0.04600000000000001,0.2,0.154
1843,500,CC,RF,0.1419999999999999,0.798,0.94
1844,500,CC,RF,0.068,0.234,0.166
1845,500,CC,RF,0.05800000000000005,0.568,0.626
1846,500,CC,RF,0.02200000000000002,0.304,0.326
1847,500,CC,RF,0.07799999999999996,0.562,0.64
1848,500,CC,RF,0.03199999999999997,0.38,0.412
1849,500,CC,RF,0.14800000000000002,0.61,0.758
1850,500,CC,RF,0.07599999999999998,0.306,0.23
1851,500,CC,RF,0.18000000000000005,0.724,0.904
1852,500,CC,RF,0.057999999999999996,0.442,0.5
1853,500,CC,RF,0.138,0.618,0.756
1854,500,CC,RF,0.11399999999999999,0.734,0.848
1855,500,CC,RF,0.18400000000000005,0.814,0.998
1856,500,CC,RF,0.038000000000000006,0.26,0.222
1857,500,CC,RF,0.04400000000000004,0.33,0.286
1858,500,CC,RF,0.02400000000000002,0.274,0.25
1859,500,CC,RF,0.05199999999999999,0.314,0.262
1860,500,CC,RF,0.06599999999999995,0.516,0.582
1861,500,CC,RF,0.19399999999999995,0.798,0.992
1862,500,CC,RF,0.16000000000000003,0.83,0.99
1863,500,CC,RF,0.068,0.458,0.526
1864,500,CC,RF,0.11399999999999999,0.524,0.638
1865,500,CC,RF,0.17799999999999994,0.68,0.858
1866,500,CC,RF,0.17200000000000004,0.76,0.932
1867,500,CC,RF,0.08199999999999996,0.284,0.202
1868,500,CC,RF,0.04800000000000004,0.48,0.528
1869,500,CC,RF,0.16999999999999993,0.662,0.832
1870,500,CC,RF,0.055999999999999994,0.358,0.302
1871,500,CC,RF,0.04999999999999999,0.388,0.438
1872,500,CC,RF,0.17000000000000004,0.814,0.984
1873,500,CC,RF,0.18399999999999994,0.8,0.984
1874,500,CC,RF,0.16600000000000004,0.74,0.906
1875,500,CC,RF,0.13,0.668,0.798
1876,500,CC,RF,0.057999999999999996,0.326,0.268
1877,500,CC,RF,0.006000000000000005,0.314,0.32
1878,500,CC,RF,0.05600000000000005,0.49,0.546
1879,500,CC,RF,0.06400000000000006,0.496,0.56
1880,500,CC,RF,0.028000000000000025,0.476,0.504
1881,500,CC,RF,0.08199999999999996,0.554,0.636
1882,500,CC,RF,0.013999999999999957,0.394,0.408
1883,500,CC,RF,0.10999999999999999,0.638,0.748
1884,500,CC,RF,0.026000000000000023,0.306,0.332
1885,500,CC,RF,0.04199999999999998,0.372,0.33
1886,500,CC,RF,0.055999999999999994,0.182,0.126
1887,500,CC,RF,0.04999999999999999,0.238,0.188
1888,500,CC,RF,0.16799999999999993,0.682,0.85
1889,500,CC,RF,0.010000000000000009,0.436,0.446
1890,500,CC,RF,0.04000000000000001,0.266,0.226
1891,500,CC,RF,0.14400000000000002,0.614,0.758
1892,500,CC,RF,0.05800000000000005,0.494,0.552
1893,500,CC,RF,0.104,0.124,0.02
1894,500,CC,RF,0.01200000000000001,0.328,0.316
1895,500,CC,RF,0.07800000000000001,0.254,0.176
1896,500,CC,RF,0.10599999999999998,0.548,0.654
1897,500,CC,RF,0.05399999999999999,0.328,0.274
1898,500,CC,RF,0.11199999999999999,0.176,0.064
1899,500,CC,RF,0.11600000000000002,0.17,0.054
1900,500,CC,RF,0.061999999999999944,0.518,0.58
1901,500,CC,RF,0.126,0.146,0.02
1902,500,CC,RF,0.14400000000000002,0.704,0.848
1903,500,CC,RF,0.07,0.224,0.154
1904,500,CC,RF,0.06799999999999995,0.538,0.606
1905,500,CC,RF,0.06,0.384,0.444
1906,500,CC,RF,0.02400000000000002,0.418,0.442
1907,500,CC,RF,0.092,0.162,0.07
1908,500,CC,RF,0.11599999999999999,0.686,0.802
1909,500,CC,RF,0.126,0.766,0.892
1910,500,CC,RF,0.116,0.126,0.01
1911,500,CC,RF,0.05000000000000002,0.228,0.178
1912,500,CC,RF,0.19600000000000006,0.706,0.902
1913,500,CC,RF,0.03600000000000003,0.512,0.548
1914,500,CC,RF,0.07800000000000001,0.228,0.15
1915,500,CC,RF,0.057999999999999996,0.26,0.202
1916,500,CC,RF,0.08000000000000007,0.578,0.658
1917,500,CC,RF,0.118,0.606,0.724
1918,500,CC,RF,0.03799999999999992,0.56,0.598
1919,500,CC,RF,0.17199999999999993,0.78,0.952
1920,500,CC,RF,0.04799999999999999,0.446,0.494
1921,500,CC,RF,0.010000000000000009,0.31,0.3
1922,500,CC,RF,0.033999999999999975,0.442,0.476
1923,500,CC,RF,0.018000000000000016,0.376,0.358
1924,500,CC,RF,0.027999999999999997,0.252,0.224
1925,500,CC,RF,0.12000000000000001,0.164,0.044
1926,500,CC,RF,0.006000000000000005,0.358,0.352
1927,500,CC,RF,0.08599999999999997,0.624,0.71
1928,500,CC,RF,0.11,0.128,0.018
1929,500,CC,RF,0.02200000000000002,0.416,0.438
1930,500,CC,RF,0.05400000000000005,0.59,0.644
1931,500,CC,RF,0.10399999999999998,0.506,0.61
1932,500,CC,RF,0.128,0.648,0.776
1933,500,CC,RF,0.14800000000000002,0.662,0.81
1934,500,CC,RF,0.10999999999999999,0.6,0.71
1935,500,CC,RF,0.09000000000000001,0.192,0.102
1936,500,CC,RF,0.02999999999999997,0.444,0.474
1937,500,CC,RF,0.08999999999999997,0.512,0.602
1938,500,CC,RF,0.026000000000000023,0.27,0.244
1939,500,CC,RF,0.12999999999999998,0.172,0.042
1940,500,CC,RF,0.06199999999999997,0.284,0.222
1941,500,CC,RF,0.04200000000000004,0.412,0.454
1942,500,CC,RF,0.0040000000000000036,0.408,0.412
1943,500,CC,RF,0.066,0.242,0.176
1944,500,CC,RF,0.16599999999999993,0.658,0.824
1945,500,CC,RF,0.15800000000000003,0.766,0.924
1946,500,CC,RF,0.043999999999999984,0.244,0.2
1947,500,CC,RF,0.15600000000000003,0.772,0.928
1948,500,CC,RF,0.09,0.106,0.016
1949,500,CC,RF,0.17600000000000005,0.748,0.924
1950,500,CC,RF,0.20199999999999996,0.748,0.95
1951,500,CC,RF,0.108,0.12,0.012
1952,500,CC,RF,0.09199999999999997,0.67,0.762
1953,500,CC,RF,0.20999999999999996,0.76,0.97
1954,500,CC,RF,0.18400000000000005,0.72,0.904
1955,500,CC,RF,0.19399999999999995,0.776,0.97
1956,500,CC,RF,0.04200000000000004,0.508,0.55
1957,500,CC,RF,0.09599999999999999,0.174,0.078
1958,500,CC,RF,0.15600000000000003,0.692,0.848
1959,500,CC,RF,0.08399999999999996,0.528,0.612
1960,500,CC,RF,0.07999999999999996,0.534,0.614
1961,500,CC,RF,0.019999999999999962,0.396,0.416
1962,500,CC,RF,0.08199999999999996,0.488,0.57
1963,500,CC,RF,0.05399999999999999,0.206,0.152
1964,500,CC,RF,0.09599999999999997,0.642,0.738
1965,500,CC,RF,0.112,0.186,0.074
1966,500,CC,RF,0.10599999999999998,0.622,0.728
1967,500,CC,RF,0.13,0.718,0.848
1968,500,CC,RF,0.033999999999999975,0.438,0.472
1969,500,CC,RF,0.04999999999999999,0.458,0.508
1970,500,CC,RF,0.008000000000000007,0.32,0.312
1971,500,CC,RF,0.20599999999999996,0.762,0.968
1972,500,CC,RF,0.134,0.598,0.732
1973,500,CC,RF,0.006000000000000005,0.362,0.368
1974,500,CC,RF,0.08800000000000002,0.262,0.174
1975,500,CC,RF,0.058000000000000024,0.276,0.218
1976,500,CC,RF,0.02200000000000002,0.44,0.462
1977,500,CC,RF,0.15999999999999992,0.782,0.942
1978,500,CC,RF,0.10199999999999998,0.632,0.734
1979,500,CC,RF,0.036000000000000004,0.25,0.214
1980,500,CC,RF,0.132,0.726,0.858
1981,500,CC,RF,0.016000000000000014,0.362,0.378
1982,500,CC,RF,0.14400000000000002,0.706,0.85
1983,500,CC,RF,0.016000000000000014,0.256,0.24
1984,500,CC,RF,0.07999999999999996,0.538,0.618
1985,500,CC,RF,0.18200000000000005,0.744,0.926
1986,500,CC,RF,0.02999999999999997,0.286,0.256
1987,500,CC,RF,0.10799999999999998,0.584,0.692
1988,500,CC,RF,0.20999999999999996,0.776,0.986
1989,500,CC,RF,0.057999999999999996,0.208,0.15
1990,500,CC,RF,0.10800000000000001,0.196,0.088
1991,500,CC,RF,0.1080000000000001,0.566,0.674
1992,500,CC,RF,0.04799999999999999,0.386,0.338
1993,500,CC,RF,0.055999999999999994,0.126,0.07
1994,500,CC,RF,0.021999999999999964,0.452,0.474
1995,500,CC,RF,0.136,0.616,0.752
1996,500,CC,RF,0.014000000000000012,0.298,0.284
1997,500,CC,RF,0.016000000000000014,0.318,0.334
1998,500,CC,RF,0.122,0.722,0.844
1999,500,CC,RF,0.08000000000000002,0.44,0.52
0,100,PCC,SVM,0.14931920755205963,0.6206807924479404,0.77
1,100,PCC,SVM,0.019465820106097487,0.4494658201060975,0.43
2,100,PCC,SVM,0.1056748904348499,0.7443251095651501,0.85
3,100,PCC,SVM,0.12936527518241325,0.5606347248175867,0.69
4,100,PCC,SVM,0.13284352809206457,0.22284352809206456,0.09
5,100,PCC,SVM,0.1993840644442736,0.7706159355557264,0.97
6,100,PCC,SVM,0.14858190720617603,0.611418092793824,0.76
7,100,PCC,SVM,0.1296267908941673,0.6503732091058327,0.78
8,100,PCC,SVM,0.08193690561533157,0.20193690561533156,0.12
9,100,PCC,SVM,0.012351850037581824,0.4376481499624182,0.45
10,100,PCC,SVM,0.05890766308411727,0.42890766308411726,0.37
11,100,PCC,SVM,0.21776064665492856,0.7022393533450715,0.92
12,100,PCC,SVM,0.059199651522327756,0.5808003484776723,0.64
13,100,PCC,SVM,0.170560075032838,0.649439924967162,0.82
14,100,PCC,SVM,0.028886693206379044,0.46888669320637905,0.44
15,100,PCC,SVM,0.0664432710339524,0.2864432710339524,0.22
16,100,PCC,SVM,0.025240943452117803,0.5247590565478822,0.55
17,100,PCC,SVM,0.09171686915852759,0.15171686915852758,0.06
18,100,PCC,SVM,0.14358461027367475,0.6764153897263252,0.82
19,100,PCC,SVM,0.06746188057589908,0.5625381194241009,0.63
20,100,PCC,SVM,0.1031324707386555,0.6468675292613445,0.75
21,100,PCC,SVM,0.005716103865003153,0.35571610386500313,0.35
22,100,PCC,SVM,0.22894243507149892,0.7410575649285011,0.97
23,100,PCC,SVM,0.18879658785795406,0.701203412142046,0.89
24,100,PCC,SVM,0.10240977229881598,0.667590227701184,0.77
25,100,PCC,SVM,0.00679696873404001,0.19679696873404,0.19
26,100,PCC,SVM,0.0007751324362897938,0.4592248675637102,0.46
27,100,PCC,SVM,0.15077887045673036,0.19077887045673037,0.04
28,100,PCC,SVM,0.11051190730806512,0.2605119073080651,0.15
29,100,PCC,SVM,0.1360632459707939,0.5439367540292062,0.68
30,100,PCC,SVM,0.13253052124657583,0.6074694787534242,0.74
31,100,PCC,SVM,0.18496696231181442,0.7750330376881855,0.96
32,100,PCC,SVM,0.03319644263249727,0.3531964426324973,0.32
33,100,PCC,SVM,0.007413631616183247,0.37741363161618324,0.37
34,100,PCC,SVM,0.0457314121657153,0.4142685878342847,0.46
35,100,PCC,SVM,0.030360638026283582,0.21036063802628358,0.18
36,100,PCC,SVM,0.13413601083796145,0.25413601083796145,0.12
37,100,PCC,SVM,0.02372990987534107,0.49372990987534104,0.47
38,100,PCC,SVM,0.11129561222107356,0.33129561222107357,0.22
39,100,PCC,SVM,0.08609948029283643,0.5739005197071636,0.66
40,100,PCC,SVM,0.00017594563701189836,0.4301759456370119,0.43
41,100,PCC,SVM,0.14339428616999128,0.6866057138300087,0.83
42,100,PCC,SVM,0.08394408108898,0.61605591891102,0.7
43,100,PCC,SVM,0.014512901171262083,0.3245129011712621,0.31
44,100,PCC,SVM,0.13132292405240575,0.6986770759475942,0.83
45,100,PCC,SVM,0.14423911730708916,0.6557608826929109,0.8
46,100,PCC,SVM,0.0435406939290125,0.4235406939290125,0.38
47,100,PCC,SVM,0.04332594140849405,0.3233259414084941,0.28
48,100,PCC,SVM,0.051627691561492606,0.6283723084385074,0.68
49,100,PCC,SVM,0.09134714863953322,0.22134714863953323,0.13
50,100,PCC,SVM,0.06775266472974456,0.25775266472974456,0.19
51,100,PCC,SVM,0.16636405866368828,0.16636405866368828,0.0
52,100,PCC,SVM,0.08905941426502595,0.6909405857349741,0.78
53,100,PCC,SVM,0.07170925896297908,0.588290741037021,0.66
54,100,PCC,SVM,0.09424516139459915,0.6057548386054008,0.7
55,100,PCC,SVM,0.0820048862438677,0.6979951137561323,0.78
56,100,PCC,SVM,0.04240682783449978,0.40759317216550023,0.45
57,100,PCC,SVM,0.057789033054207906,0.5022109669457921,0.56
58,100,PCC,SVM,0.11121061914395189,0.2412106191439519,0.13
59,100,PCC,SVM,0.08692437093130985,0.19692437093130985,0.11
60,100,PCC,SVM,0.05232397437858938,0.6076760256214107,0.66
61,100,PCC,SVM,0.02560195471145471,0.4956019547114547,0.47
62,100,PCC,SVM,0.04258800294419185,0.5174119970558082,0.56
63,100,PCC,SVM,0.15908894429822962,0.6009110557017704,0.76
64,100,PCC,SVM,0.027439467139929286,0.6025605328600707,0.63
65,100,PCC,SVM,0.0750708339909969,0.47492916600900315,0.55
66,100,PCC,SVM,0.035634772732274556,0.5143652272677255,0.55
67,100,PCC,SVM,0.03178540022939197,0.33178540022939196,0.3
68,100,PCC,SVM,0.1609326783772609,0.1909326783772609,0.03
69,100,PCC,SVM,0.037650898027697444,0.46765089802769744,0.43
70,100,PCC,SVM,0.0887770586385764,0.2987770586385764,0.21
71,100,PCC,SVM,0.0009072852456907254,0.3990927147543093,0.4
72,100,PCC,SVM,0.1168927591944795,0.7331072408055205,0.85
73,100,PCC,SVM,0.09600635792838516,0.32600635792838517,0.23
74,100,PCC,SVM,0.12257379065720712,0.17257379065720713,0.05
75,100,PCC,SVM,0.032212509786184174,0.3122125097861842,0.28
76,100,PCC,SVM,0.04704838442986381,0.3370483844298638,0.29
77,100,PCC,SVM,0.08733655258766282,0.5726634474123372,0.66
78,100,PCC,SVM,0.042544662716229475,0.5074553372837706,0.55
79,100,PCC,SVM,0.07932786328177488,0.7006721367182251,0.78
80,100,PCC,SVM,0.11349409002903477,0.5465059099709653,0.66
81,100,PCC,SVM,0.04552571489256885,0.44552571489256887,0.4
82,100,PCC,SVM,0.09097227328643953,0.7190277267135605,0.81
83,100,PCC,SVM,0.050521714327123074,0.21052171432712308,0.16
84,100,PCC,SVM,0.1429367845966607,0.1629367845966607,0.02
85,100,PCC,SVM,0.09921225347474619,0.18921225347474618,0.09
86,100,PCC,SVM,0.068859828957476,0.651140171042524,0.72
87,100,PCC,SVM,0.018642399227589646,0.47864239922758967,0.46
88,100,PCC,SVM,0.14106248794590584,0.30106248794590584,0.16
89,100,PCC,SVM,0.06683153711188433,0.43316846288811567,0.5
90,100,PCC,SVM,0.10376675811842281,0.2537667581184228,0.15
91,100,PCC,SVM,0.11746899263341926,0.5725310073665807,0.69
92,100,PCC,SVM,0.00029301386817293107,0.43970698613182707,0.44
93,100,PCC,SVM,0.04748629521577313,0.33251370478422687,0.38
94,100,PCC,SVM,0.0325211874664485,0.3325211874664485,0.3
95,100,PCC,SVM,0.09683287634505855,0.5331671236549415,0.63
96,100,PCC,SVM,0.024198733070885825,0.3841987330708858,0.36
97,100,PCC,SVM,0.08389611132302689,0.1638961113230269,0.08
98,100,PCC,SVM,0.09010715711226301,0.200107157112263,0.11
99,100,PCC,SVM,0.13660701579749568,0.8233929842025043,0.96
100,100,PCC,SVM,0.17207101967304805,0.727928980326952,0.9
101,100,PCC,SVM,0.07160368279094087,0.6183963172090591,0.69
102,100,PCC,SVM,0.08202233879808118,0.3420223387980812,0.26
103,100,PCC,SVM,0.17773686441344672,0.7822631355865532,0.96
104,100,PCC,SVM,0.12926158221520623,0.6407384177847938,0.77
105,100,PCC,SVM,0.050383296834582314,0.6596167031654177,0.71
106,100,PCC,SVM,0.029037414039990717,0.4109625859600093,0.44
107,100,PCC,SVM,0.05084834247204523,0.32084834247204524,0.27
108,100,PCC,SVM,0.0968158103777946,0.1868158103777946,0.09
109,100,PCC,SVM,0.12925044794271345,0.7707495520572866,0.9
110,100,PCC,SVM,0.032885440111516284,0.4171145598884837,0.45
111,100,PCC,SVM,0.0894133883090249,0.2894133883090249,0.2
112,100,PCC,SVM,0.0463664078762287,0.3463664078762287,0.3
113,100,PCC,SVM,0.07000095294657221,0.49999904705342774,0.57
114,100,PCC,SVM,0.0693925777294582,0.2393925777294582,0.17
115,100,PCC,SVM,0.16231891932311981,0.6876810806768802,0.85
116,100,PCC,SVM,0.07438463706170695,0.675615362938293,0.75
117,100,PCC,SVM,0.10931599505100464,0.6006840049489953,0.71
118,100,PCC,SVM,0.005646732648754482,0.4356467326487545,0.43
119,100,PCC,SVM,0.029682023195536922,0.5903179768044631,0.62
120,100,PCC,SVM,0.06631650306486359,0.5136834969351364,0.58
121,100,PCC,SVM,0.06137220893185513,0.5786277910681449,0.64
122,100,PCC,SVM,0.15688613416078906,0.23688613416078905,0.08
123,100,PCC,SVM,0.050328777324726015,0.460328777324726,0.41
124,100,PCC,SVM,0.12653235468030494,0.16653235468030494,0.04
125,100,PCC,SVM,0.005178056331368586,0.4951780563313686,0.49
126,100,PCC,SVM,0.07300820432553046,0.39300820432553046,0.32
127,100,PCC,SVM,0.13496681291439733,0.27496681291439734,0.14
128,100,PCC,SVM,0.11952820596808741,0.21952820596808742,0.1
129,100,PCC,SVM,0.023714059502960794,0.5562859404970392,0.58
130,100,PCC,SVM,0.10709736346062795,0.27709736346062797,0.17
131,100,PCC,SVM,0.2189485751535758,0.7010514248464242,0.92
132,100,PCC,SVM,0.031117599334506307,0.5488824006654937,0.58
133,100,PCC,SVM,0.08780405919091638,0.4278040591909164,0.34
134,100,PCC,SVM,0.03516501930920235,0.5548349806907976,0.59
135,100,PCC,SVM,0.12260792825240542,0.14260792825240542,0.02
136,100,PCC,SVM,0.13400188526597212,0.8159981147340278,0.95
137,100,PCC,SVM,0.039729531416619945,0.5197295314166199,0.48
138,100,PCC,SVM,0.12149128306513934,0.6585087169348607,0.78
139,100,PCC,SVM,0.095508818502673,0.175508818502673,0.08
140,100,PCC,SVM,0.03712279000794466,0.4428772099920553,0.48
141,100,PCC,SVM,0.031455099123752106,0.4585449008762479,0.49
142,100,PCC,SVM,0.134844500904148,0.795155499095852,0.93
143,100,PCC,SVM,0.056638370364007096,0.5133616296359929,0.57
144,100,PCC,SVM,0.024178039119559125,0.44582196088044085,0.47
145,100,PCC,SVM,0.07335677435023563,0.33335677435023564,0.26
146,100,PCC,SVM,0.024163405516159364,0.3541634055161594,0.33
147,100,PCC,SVM,0.015782753580973696,0.5357827535809737,0.52
148,100,PCC,SVM,0.049602784425140656,0.47960278442514065,0.43
149,100,PCC,SVM,0.14792893811515176,0.16792893811515175,0.02
150,100,PCC,SVM,0.11684023500729446,0.7031597649927055,0.82
151,100,PCC,SVM,0.1687148645053954,0.7212851354946046,0.89
152,100,PCC,SVM,0.08522622032427105,0.22522622032427106,0.14
153,100,PCC,SVM,0.03192876786572851,0.5180712321342715,0.55
154,100,PCC,SVM,0.14554658261614217,0.24554658261614218,0.1
155,100,PCC,SVM,0.1451909115039678,0.5248090884960322,0.67
156,100,PCC,SVM,0.02973638179726451,0.30973638179726454,0.28
157,100,PCC,SVM,0.05958925230958512,0.5904107476904149,0.65
158,100,PCC,SVM,0.13239558649981142,0.5876044135001885,0.72
159,100,PCC,SVM,0.12616512316978556,0.6338348768302144,0.76
160,100,PCC,SVM,0.15512728155230252,0.2551272815523025,0.1
161,100,PCC,SVM,0.19746388125252812,0.7125361187474719,0.91
162,100,PCC,SVM,0.04690973980855648,0.2769097398085565,0.23
163,100,PCC,SVM,0.05969827309350116,0.08969827309350116,0.03
164,100,PCC,SVM,0.10565194119013532,0.4443480588098647,0.55
165,100,PCC,SVM,0.025360652770925474,0.39536065277092547,0.37
166,100,PCC,SVM,0.17683546416188645,0.6431645358381135,0.82
167,100,PCC,SVM,0.11716558468396665,0.6828344153160334,0.8
168,100,PCC,SVM,0.07947263414856287,0.38947263414856287,0.31
169,100,PCC,SVM,0.1757283523613229,0.7742716476386771,0.95
170,100,PCC,SVM,0.03513326379275833,0.3251332637927583,0.29
171,100,PCC,SVM,0.01846551780505218,0.49153448219494783,0.51
172,100,PCC,SVM,0.07679898035343263,0.32679898035343263,0.25
173,100,PCC,SVM,0.17161100219432202,0.758388997805678,0.93
174,100,PCC,SVM,0.09639203742709648,0.2563920374270965,0.16
175,100,PCC,SVM,0.1916378598633185,0.2316378598633185,0.04
176,100,PCC,SVM,0.016185501745106023,0.446185501745106,0.43
177,100,PCC,SVM,0.23778956950430297,0.752210430495697,0.99
178,100,PCC,SVM,0.15893795730275084,0.7310620426972492,0.89
179,100,PCC,SVM,0.09154608293389943,0.6484539170661006,0.74
180,100,PCC,SVM,0.1588515485685974,0.7311484514314026,0.89
181,100,PCC,SVM,0.1817476925546181,0.7082523074453819,0.89
182,100,PCC,SVM,0.028697583699950624,0.4813024163000494,0.51
183,100,PCC,SVM,0.0427554652652703,0.3527554652652703,0.31
184,100,PCC,SVM,0.09870555775750756,0.6712944422424925,0.77
185,100,PCC,SVM,0.1161275244924107,0.5438724755075893,0.66
186,100,PCC,SVM,0.02531694431418835,0.39531694431418835,0.37
187,100,PCC,SVM,0.10186607682902771,0.1918660768290277,0.09
188,100,PCC,SVM,0.14858758959049567,0.5914124104095043,0.74
189,100,PCC,SVM,0.01606616002273853,0.27606616002273854,0.26
190,100,PCC,SVM,0.14911376740738724,0.7808862325926128,0.93
191,100,PCC,SVM,0.04412626462817343,0.2841262646281734,0.24
192,100,PCC,SVM,0.07950802902692208,0.19950802902692208,0.12
193,100,PCC,SVM,0.13152651440108543,0.6984734855989145,0.83
194,100,PCC,SVM,0.10572187462553093,0.2557218746255309,0.15
195,100,PCC,SVM,0.1288082923865008,0.2988082923865008,0.17
196,100,PCC,SVM,0.07453342321615286,0.5154665767838471,0.59
197,100,PCC,SVM,0.08967586577497844,0.7803241342250216,0.87
198,100,PCC,SVM,0.06753889844661709,0.2575388984466171,0.19
199,100,PCC,SVM,0.05894616807947306,0.36894616807947306,0.31
200,100,PCC,SVM,0.1024319914531221,0.6675680085468779,0.77
201,100,PCC,SVM,0.2074940499391017,0.7625059500608983,0.97
202,100,PCC,SVM,0.057596531260336425,0.4424034687396636,0.5
203,100,PCC,SVM,0.16078219691300777,0.3007821969130078,0.14
204,100,PCC,SVM,0.17379132342604953,0.18379132342604954,0.01
205,100,PCC,SVM,0.0936311876311455,0.3136311876311455,0.22
206,100,PCC,SVM,0.12304603056282393,0.25304603056282393,0.13
207,100,PCC,SVM,0.07709143262825424,0.5929085673717458,0.67
208,100,PCC,SVM,0.1536402318128139,0.2736402318128139,0.12
209,100,PCC,SVM,0.03316285264643559,0.4668371473535644,0.5
210,100,PCC,SVM,0.12607731216401297,0.563922687835987,0.69
211,100,PCC,SVM,0.042730990139966396,0.5372690098600336,0.58
212,100,PCC,SVM,0.10702644500441288,0.2970264450044129,0.19
213,100,PCC,SVM,0.12457266521806465,0.6754273347819354,0.8
214,100,PCC,SVM,0.08229359823543525,0.6277064017645647,0.71
215,100,PCC,SVM,0.1103023514998217,0.6196976485001783,0.73
216,100,PCC,SVM,0.09767130898560256,0.22767130898560256,0.13
217,100,PCC,SVM,0.11477069835454323,0.23477069835454323,0.12
218,100,PCC,SVM,0.19720279142479036,0.7227972085752097,0.92
219,100,PCC,SVM,0.010789736241950676,0.37921026375804934,0.39
220,100,PCC,SVM,0.006411622396847172,0.30641162239684716,0.3
221,100,PCC,SVM,0.009105849218368212,0.4891058492183682,0.48
222,100,PCC,SVM,0.09416602405864738,0.5658339759413527,0.66
223,100,PCC,SVM,0.18229861043954543,0.7677013895604545,0.95
224,100,PCC,SVM,0.004425418446589113,0.28442541844658914,0.28
225,100,PCC,SVM,0.20014571897468292,0.7198542810253171,0.92
226,100,PCC,SVM,0.1662421767774511,0.18624217677745109,0.02
227,100,PCC,SVM,0.03743703645103902,0.512562963548961,0.55
228,100,PCC,SVM,0.12287065637366534,0.5071293436263347,0.63
229,100,PCC,SVM,0.13453115645765484,0.23453115645765485,0.1
230,100,PCC,SVM,0.0839379656884025,0.22393796568840252,0.14
231,100,PCC,SVM,0.03206108819256959,0.44206108819256956,0.41
232,100,PCC,SVM,0.1732943445131423,0.7867056554868577,0.96
233,100,PCC,SVM,0.02355573441814307,0.5664442655818569,0.59
234,100,PCC,SVM,0.21340419869393912,0.7165958013060609,0.93
235,100,PCC,SVM,0.1193153580500127,0.6806846419499873,0.8
236,100,PCC,SVM,0.007108010089641514,0.4528919899103585,0.46
237,100,PCC,SVM,0.1470578881008895,0.6329421118991105,0.78
238,100,PCC,SVM,0.16943972543001293,0.17943972543001294,0.01
239,100,PCC,SVM,0.12030854796371296,0.22030854796371296,0.1
240,100,PCC,SVM,0.12946697188631984,0.6905330281136801,0.82
241,100,PCC,SVM,0.12765585484360542,0.6623441451563946,0.79
242,100,PCC,SVM,0.09436024579431543,0.32436024579431544,0.23
243,100,PCC,SVM,0.03628432377590379,0.49371567622409623,0.53
244,100,PCC,SVM,0.03322197406220717,0.5667780259377928,0.6
245,100,PCC,SVM,0.16928133563282333,0.6907186643671767,0.86
246,100,PCC,SVM,0.0772047353607801,0.5227952646392199,0.6
247,100,PCC,SVM,0.02953899472666066,0.43953899472666064,0.41
248,100,PCC,SVM,0.002242756493380127,0.36775724350661987,0.37
249,100,PCC,SVM,0.004429165124623269,0.42442916512462325,0.42
250,100,PCC,SVM,0.03155284062015551,0.6184471593798445,0.65
251,100,PCC,SVM,0.17283223641391499,0.687167763586085,0.86
252,100,PCC,SVM,0.03532682486514355,0.41467317513485646,0.45
253,100,PCC,SVM,0.07073393950012163,0.3107339395001216,0.24
254,100,PCC,SVM,0.11449107513250886,0.3444910751325089,0.23
255,100,PCC,SVM,0.15098758543088575,0.5890124145691142,0.74
256,100,PCC,SVM,0.1344981818517137,0.6755018181482864,0.81
257,100,PCC,SVM,0.104121436389146,0.204121436389146,0.1
258,100,PCC,SVM,0.1004007361207157,0.1604007361207157,0.06
259,100,PCC,SVM,0.07256104809059938,0.5174389519094006,0.59
260,100,PCC,SVM,0.11011859629334336,0.2501185962933434,0.14
261,100,PCC,SVM,0.11498456467118767,0.7050154353288123,0.82
262,100,PCC,SVM,0.01726357962005115,0.32726357962005115,0.31
263,100,PCC,SVM,0.112627749811059,0.252627749811059,0.14
264,100,PCC,SVM,0.17217877442747964,0.7478212255725204,0.92
265,100,PCC,SVM,0.10024500495576025,0.26024500495576025,0.16
266,100,PCC,SVM,0.02495765830072383,0.30495765830072386,0.28
267,100,PCC,SVM,0.1085613572064861,0.2585613572064861,0.15
268,100,PCC,SVM,0.08096335040908041,0.1909633504090804,0.11
269,100,PCC,SVM,0.14637226921774552,0.1663722692177455,0.02
270,100,PCC,SVM,0.1543108801993095,0.2043108801993095,0.05
271,100,PCC,SVM,0.10223286198345519,0.2722328619834552,0.17
272,100,PCC,SVM,0.1380834888725252,0.18808348887252518,0.05
273,100,PCC,SVM,0.08159436795082886,0.5084056320491711,0.59
274,100,PCC,SVM,0.02995432516397023,0.6500456748360298,0.68
275,100,PCC,SVM,0.01728838652730247,0.4072883865273025,0.39
276,100,PCC,SVM,0.019941229109709524,0.3299412291097095,0.31
277,100,PCC,SVM,0.056735491448509534,0.44326450855149047,0.5
278,100,PCC,SVM,0.12169219882618387,0.7483078011738161,0.87
279,100,PCC,SVM,0.16543473593472136,0.6845652640652786,0.85
280,100,PCC,SVM,0.10806029571249054,0.14806029571249055,0.04
281,100,PCC,SVM,0.11533026447327915,0.29533026447327915,0.18
282,100,PCC,SVM,0.08160940845493483,0.31160940845493484,0.23
283,100,PCC,SVM,0.0973962357242566,0.3373962357242566,0.24
284,100,PCC,SVM,0.05853616223545466,0.5114638377645453,0.57
285,100,PCC,SVM,0.033703370402621,0.443703370402621,0.41
286,100,PCC,SVM,0.17045998881087768,0.21045998881087769,0.04
287,100,PCC,SVM,0.03504724321163338,0.4050472432116334,0.37
288,100,PCC,SVM,0.04617252482198303,0.473827475178017,0.52
289,100,PCC,SVM,0.06203314831991011,0.16203314831991011,0.1
290,100,PCC,SVM,0.13119618913061815,0.6988038108693818,0.83
291,100,PCC,SVM,0.17668680548197385,0.22668680548197387,0.05
292,100,PCC,SVM,0.16818042888267715,0.7518195711173229,0.92
293,100,PCC,SVM,0.12331069442045375,0.21331069442045375,0.09
294,100,PCC,SVM,0.10713826769880919,0.7328617323011908,0.84
295,100,PCC,SVM,0.15190756589096555,0.7480924341090345,0.9
296,100,PCC,SVM,0.1487482856508915,0.8212517143491085,0.97
297,100,PCC,SVM,0.16062990705953517,0.6393700929404649,0.8
298,100,PCC,SVM,0.0864754238152563,0.6835245761847437,0.77
299,100,PCC,SVM,0.11935700344649669,0.5206429965535033,0.64
300,100,PCC,SVM,0.11800508652537911,0.6519949134746209,0.77
301,100,PCC,SVM,0.08129639347020495,0.21129639347020496,0.13
302,100,PCC,SVM,0.016151956029342385,0.5138480439706576,0.53
303,100,PCC,SVM,0.03494176220821976,0.47505823779178025,0.51
304,100,PCC,SVM,0.14506074573717398,0.704939254262826,0.85
305,100,PCC,SVM,0.017095495184969167,0.4770954951849692,0.46
306,100,PCC,SVM,0.0036109126696620697,0.37638908733033793,0.38
307,100,PCC,SVM,0.0907941461435533,0.5392058538564467,0.63
308,100,PCC,SVM,0.07720429104179655,0.33720429104179656,0.26
309,100,PCC,SVM,0.08720720595476575,0.21720720595476575,0.13
310,100,PCC,SVM,0.0016531572344211654,0.4683468427655788,0.47
311,100,PCC,SVM,0.04487467150994734,0.4548746715099473,0.41
312,100,PCC,SVM,0.06765167804319441,0.2976516780431944,0.23
313,100,PCC,SVM,0.0389222163570046,0.3989222163570046,0.36
314,100,PCC,SVM,0.00040689389278358856,0.3604068938927836,0.36
315,100,PCC,SVM,0.01767980067571462,0.3376798006757146,0.32
316,100,PCC,SVM,0.023944957955248092,0.3939449579552481,0.37
317,100,PCC,SVM,0.11707470394858499,0.5629252960514151,0.68
318,100,PCC,SVM,0.023069909089267704,0.3130699090892677,0.29
319,100,PCC,SVM,0.1582710861133001,0.7817289138866998,0.94
320,100,PCC,SVM,0.1633387521491001,0.7466612478508999,0.91
321,100,PCC,SVM,0.03036543822494031,0.5103654382249403,0.48
322,100,PCC,SVM,0.0037245390839515946,0.3237245390839516,0.32
323,100,PCC,SVM,0.06044494708218284,0.4695550529178172,0.53
324,100,PCC,SVM,0.11142772628621644,0.7285722737137835,0.84
325,100,PCC,SVM,0.03366827986843779,0.6163317201315622,0.65
326,100,PCC,SVM,0.07991601467314391,0.7200839853268561,0.8
327,100,PCC,SVM,0.06353113782020098,0.46646886217979905,0.53
328,100,PCC,SVM,0.03743576334439236,0.5925642366556076,0.63
329,100,PCC,SVM,0.06848910465862679,0.3484891046586268,0.28
330,100,PCC,SVM,0.11316696296112128,0.6168330370388787,0.73
331,100,PCC,SVM,0.11442494197858766,0.31442494197858767,0.2
332,100,PCC,SVM,0.11245462423763775,0.5775453757623622,0.69
333,100,PCC,SVM,0.12628259116896856,0.7337174088310314,0.86
334,100,PCC,SVM,0.11950903548479463,0.24950903548479464,0.13
335,100,PCC,SVM,0.09511324875022953,0.5148867512497705,0.61
336,100,PCC,SVM,0.1716538981764145,0.2616538981764145,0.09
337,100,PCC,SVM,0.12123938634869702,0.598760613651303,0.72
338,100,PCC,SVM,0.1092777131074313,0.1892777131074313,0.08
339,100,PCC,SVM,0.17868895094424253,0.7513110490557575,0.93
340,100,PCC,SVM,0.16166189726845742,0.2916618972684574,0.13
341,100,PCC,SVM,0.22603568372513683,0.7239643162748631,0.95
342,100,PCC,SVM,0.10418395160501803,0.695816048394982,0.8
343,100,PCC,SVM,0.017077394941297896,0.6070773949412979,0.59
344,100,PCC,SVM,0.12009225944048041,0.6599077405595196,0.78
345,100,PCC,SVM,0.10468489127669289,0.6853151087233071,0.79
346,100,PCC,SVM,0.18042841875077154,0.7595715812492284,0.94
347,100,PCC,SVM,0.04572187670048289,0.2957218767004829,0.25
348,100,PCC,SVM,0.13195144579678997,0.45804855420321,0.59
349,100,PCC,SVM,0.12952991714949186,0.21952991714949185,0.09
350,100,PCC,SVM,0.047394057754154284,0.5626059422458457,0.61
351,100,PCC,SVM,0.09257666411066581,0.2625766641106658,0.17
352,100,PCC,SVM,0.013310808057854562,0.5733108080578546,0.56
353,100,PCC,SVM,0.09406705584655323,0.4759329441534467,0.57
354,100,PCC,SVM,0.012507560540330087,0.44749243945966993,0.46
355,100,PCC,SVM,0.0341060405111735,0.4858939594888265,0.52
356,100,PCC,SVM,0.17172244689385918,0.5882775531061408,0.76
357,100,PCC,SVM,0.04919886430985887,0.7408011356901412,0.79
358,100,PCC,SVM,0.06124755252136066,0.42875244747863933,0.49
359,100,PCC,SVM,0.03862668621761811,0.5513733137823819,0.59
360,100,PCC,SVM,0.14083595888404943,0.7891640411159506,0.93
361,100,PCC,SVM,0.08434398934435815,0.19434398934435815,0.11
362,100,PCC,SVM,0.08301843224884732,0.19301843224884732,0.11
363,100,PCC,SVM,0.13042317053985064,0.21042317053985066,0.08
364,100,PCC,SVM,0.13217045725263932,0.5178295427473607,0.65
365,100,PCC,SVM,0.006413014364048009,0.40358698563595197,0.41
366,100,PCC,SVM,0.11309627295821789,0.6569037270417821,0.77
367,100,PCC,SVM,0.05331591581435213,0.6166840841856479,0.67
368,100,PCC,SVM,0.020776916039917936,0.35077691603991795,0.33
369,100,PCC,SVM,0.21621805367904046,0.6737819463209596,0.89
370,100,PCC,SVM,0.1093016716445806,0.6506983283554194,0.76
371,100,PCC,SVM,0.07341054178917067,0.3434105417891707,0.27
372,100,PCC,SVM,0.04247388430354754,0.4024738843035475,0.36
373,100,PCC,SVM,0.01601271346319938,0.2939872865368006,0.31
374,100,PCC,SVM,0.09706035497445004,0.24706035497445003,0.15
375,100,PCC,SVM,0.1259860796894725,0.2659860796894725,0.14
376,100,PCC,SVM,0.2164176058051961,0.713582394194804,0.93
377,100,PCC,SVM,0.03352246732709946,0.46352246732709945,0.43
378,100,PCC,SVM,0.02108379472147459,0.4010837947214746,0.38
379,100,PCC,SVM,0.08469512013347535,0.6353048798665246,0.72
380,100,PCC,SVM,0.013124813730107765,0.5368751862698923,0.55
381,100,PCC,SVM,0.13660233032324232,0.7933976696767577,0.93
382,100,PCC,SVM,0.10008540449728143,0.6799145955027186,0.78
383,100,PCC,SVM,0.036727881068985835,0.5067278810689858,0.47
384,100,PCC,SVM,0.01808058785483041,0.3880805878548304,0.37
385,100,PCC,SVM,0.18902259408445832,0.7909774059155417,0.98
386,100,PCC,SVM,0.06642511188878586,0.6435748881112141,0.71
387,100,PCC,SVM,0.2398676774862707,0.7101323225137293,0.95
388,100,PCC,SVM,0.0976232102054254,0.2076232102054254,0.11
389,100,PCC,SVM,0.20093512920419232,0.6490648707958077,0.85
390,100,PCC,SVM,0.13337155279653173,0.49662844720346827,0.63
391,100,PCC,SVM,0.1278383666206214,0.2478383666206214,0.12
392,100,PCC,SVM,0.10780232402234452,0.47219767597765544,0.58
393,100,PCC,SVM,0.06919689396204276,0.6108031060379573,0.68
394,100,PCC,SVM,0.12276066091821518,0.13276066091821517,0.01
395,100,PCC,SVM,0.031171891695694676,0.41882810830430534,0.45
396,100,PCC,SVM,0.13497975877802082,0.6850202412219791,0.82
397,100,PCC,SVM,0.043305861919131106,0.3333058619191311,0.29
398,100,PCC,SVM,0.01604406410200926,0.43395593589799075,0.45
399,100,PCC,SVM,0.0674109453942135,0.3725890546057865,0.44
400,100,PCC,SVM,0.055450812752298795,0.3554508127522988,0.3
401,100,PCC,SVM,0.18450831875925067,0.7254916812407494,0.91
402,100,PCC,SVM,0.12999259509407146,0.6500074049059286,0.78
403,100,PCC,SVM,0.1217050595994922,0.2317050595994922,0.11
404,100,PCC,SVM,0.22860929349676862,0.7613907065032314,0.99
405,100,PCC,SVM,0.21868450261062078,0.6513154973893792,0.87
406,100,PCC,SVM,0.009408057472318765,0.2894080574723188,0.28
407,100,PCC,SVM,0.15802893522190542,0.6719710647780945,0.83
408,100,PCC,SVM,0.13417495161722123,0.23417495161722124,0.1
409,100,PCC,SVM,0.16866729252116486,0.8213327074788351,0.99
410,100,PCC,SVM,0.09208563854901308,0.567914361450987,0.66
411,100,PCC,SVM,0.010447133015848764,0.6395528669841513,0.65
412,100,PCC,SVM,0.16764577548614154,0.25764577548614154,0.09
413,100,PCC,SVM,0.20543103109438776,0.6845689689056123,0.89
414,100,PCC,SVM,0.15557963487407894,0.17557963487407893,0.02
415,100,PCC,SVM,0.11353673928839014,0.35353673928839013,0.24
416,100,PCC,SVM,0.08323033570277091,0.22323033570277093,0.14
417,100,PCC,SVM,0.167665285741874,0.602334714258126,0.77
418,100,PCC,SVM,0.05492840079895109,0.2449284007989511,0.19
419,100,PCC,SVM,0.13907954586621585,0.7709204541337842,0.91
420,100,PCC,SVM,0.09559051537815588,0.5544094846218441,0.65
421,100,PCC,SVM,0.15485145012293114,0.18485145012293114,0.03
422,100,PCC,SVM,0.1487984640176923,0.1487984640176923,0.0
423,100,PCC,SVM,0.0957479913549489,0.1457479913549489,0.05
424,100,PCC,SVM,0.09883162536232981,0.5011683746376702,0.6
425,100,PCC,SVM,0.12359524452576076,0.6764047554742393,0.8
426,100,PCC,SVM,0.10198106895243783,0.33198106895243784,0.23
427,100,PCC,SVM,0.09204887418214192,0.747951125817858,0.84
428,100,PCC,SVM,0.0931953692863156,0.1431953692863156,0.05
429,100,PCC,SVM,0.13520577186198723,0.6647942281380128,0.8
430,100,PCC,SVM,0.18594169843743946,0.7340583015625606,0.92
431,100,PCC,SVM,0.10474665808039374,0.6652533419196063,0.77
432,100,PCC,SVM,0.138572260337247,0.5514277396627529,0.69
433,100,PCC,SVM,0.10365011969753668,0.7263498803024633,0.83
434,100,PCC,SVM,0.15703670192934985,0.19703670192934986,0.04
435,100,PCC,SVM,0.03638522615009693,0.23638522615009694,0.2
436,100,PCC,SVM,0.11551767277019337,0.23551767277019336,0.12
437,100,PCC,SVM,0.006640502794487579,0.5066405027944876,0.5
438,100,PCC,SVM,0.12000226118799362,0.6199977388120064,0.74
439,100,PCC,SVM,0.02180184552597797,0.608198154474022,0.63
440,100,PCC,SVM,0.11915097135472885,0.7308490286452711,0.85
441,100,PCC,SVM,0.11986301779447564,0.26986301779447563,0.15
442,100,PCC,SVM,0.1242019453623292,0.6057980546376708,0.73
443,100,PCC,SVM,0.05917923500542557,0.24917923500542558,0.19
444,100,PCC,SVM,0.04802774087606193,0.31802774087606195,0.27
445,100,PCC,SVM,0.12638957644093662,0.5736104235590633,0.7
446,100,PCC,SVM,0.23065137475891162,0.7493486252410884,0.98
447,100,PCC,SVM,0.09393040196719649,0.5160695980328035,0.61
448,100,PCC,SVM,0.0854549184352043,0.1354549184352043,0.05
449,100,PCC,SVM,0.0323851136643476,0.5776148863356524,0.61
450,100,PCC,SVM,0.1883020982702578,0.2283020982702578,0.04
451,100,PCC,SVM,0.11498603099491145,0.7650139690050886,0.88
452,100,PCC,SVM,0.18951801941800706,0.5104819805819929,0.7
453,100,PCC,SVM,0.07278036565617294,0.24278036565617295,0.17
454,100,PCC,SVM,0.1070854272762379,0.1970854272762379,0.09
455,100,PCC,SVM,0.06687032491390738,0.24687032491390737,0.18
456,100,PCC,SVM,0.1489212401458614,0.8310787598541386,0.98
457,100,PCC,SVM,0.06274918808518065,0.38725081191481936,0.45
458,100,PCC,SVM,0.13080427389601035,0.6491957261039897,0.78
459,100,PCC,SVM,0.10507355727550416,0.5249264427244958,0.63
460,100,PCC,SVM,0.02665228938398445,0.5433477106160155,0.57
461,100,PCC,SVM,0.13433490420989985,0.27433490420989987,0.14
462,100,PCC,SVM,0.21342901021346583,0.7265709897865341,0.94
463,100,PCC,SVM,0.02696877531465469,0.3269687753146547,0.3
464,100,PCC,SVM,0.10381240674635794,0.466187593253642,0.57
465,100,PCC,SVM,0.028846544136471586,0.6611534558635284,0.69
466,100,PCC,SVM,0.0461853311538345,0.5938146688461655,0.64
467,100,PCC,SVM,0.2024583345746609,0.737541665425339,0.94
468,100,PCC,SVM,0.11153571502133747,0.2515357150213375,0.14
469,100,PCC,SVM,0.015734059776345233,0.5157340597763452,0.5
470,100,PCC,SVM,0.039681248684099835,0.43968124868409986,0.4
471,100,PCC,SVM,0.03330374628009125,0.5033037462800912,0.47
472,100,PCC,SVM,0.125712688237055,0.23571268823705502,0.11
473,100,PCC,SVM,0.08466302327276815,0.21466302327276815,0.13
474,100,PCC,SVM,0.07881029721247806,0.3488102972124781,0.27
475,100,PCC,SVM,0.05853977329730137,0.35853977329730136,0.3
476,100,PCC,SVM,0.005604545241506109,0.4256045452415061,0.42
477,100,PCC,SVM,0.07531634138860688,0.5346836586113931,0.61
478,100,PCC,SVM,0.0010349143172111441,0.6310349143172111,0.63
479,100,PCC,SVM,0.007553579326826154,0.41755357932682613,0.41
480,100,PCC,SVM,0.012430035969436704,0.4124300359694367,0.4
481,100,PCC,SVM,0.02229920600325322,0.2322992060032532,0.21
482,100,PCC,SVM,0.03679915466256822,0.5432008453374317,0.58
483,100,PCC,SVM,0.03555586225882096,0.34555586225882096,0.31
484,100,PCC,SVM,0.11527127431246698,0.14527127431246697,0.03
485,100,PCC,SVM,0.0160342105143787,0.4260342105143787,0.41
486,100,PCC,SVM,0.005672912972212341,0.4756729129722123,0.47
487,100,PCC,SVM,0.1066326068361321,0.3266326068361321,0.22
488,100,PCC,SVM,0.04371346815938393,0.526286531840616,0.57
489,100,PCC,SVM,0.02387246626661177,0.5361275337333883,0.56
490,100,PCC,SVM,0.11456642673769968,0.5854335732623003,0.7
491,100,PCC,SVM,0.08298748268132583,0.5570125173186742,0.64
492,100,PCC,SVM,0.02646322053356387,0.6235367794664362,0.65
493,100,PCC,SVM,0.05798364795074029,0.3679836479507403,0.31
494,100,PCC,SVM,0.09043490905127627,0.6895650909487238,0.78
495,100,PCC,SVM,0.044932759411864864,0.49506724058813517,0.54
496,100,PCC,SVM,0.00198084860527431,0.4280191513947257,0.43
497,100,PCC,SVM,0.08318275684014675,0.5368172431598532,0.62
498,100,PCC,SVM,0.05287678239616078,0.41287678239616077,0.36
499,100,PCC,SVM,0.031015966353618862,0.47898403364638115,0.51
500,100,PCC,SVM,0.12689420287139208,0.6031057971286079,0.73
501,100,PCC,SVM,0.19642283556032325,0.6835771644396768,0.88
502,100,PCC,SVM,0.15697884129605955,0.7630211587039405,0.92
503,100,PCC,SVM,0.015605085495719595,0.5156050854957196,0.5
504,100,PCC,SVM,0.05553561346322489,0.46446438653677513,0.52
505,100,PCC,SVM,0.13548309441136075,0.6545169055886393,0.79
506,100,PCC,SVM,0.04103511038791113,0.35103511038791113,0.31
507,100,PCC,SVM,0.16924892265717284,0.6607510773428271,0.83
508,100,PCC,SVM,0.010022995205202667,0.4799770047947973,0.49
509,100,PCC,SVM,0.11777861928266418,0.22777861928266419,0.11
510,100,PCC,SVM,0.12326120590994208,0.19326120590994209,0.07
511,100,PCC,SVM,0.11972637175444079,0.7202736282455592,0.84
512,100,PCC,SVM,0.14417791661561113,0.19417791661561115,0.05
513,100,PCC,SVM,0.060783306139751136,0.34078330613975116,0.28
514,100,PCC,SVM,0.012581926523247078,0.3425819265232471,0.33
515,100,PCC,SVM,0.09346697647577965,0.26346697647577966,0.17
516,100,PCC,SVM,0.13033828099278993,0.44033828099278993,0.31
517,100,PCC,SVM,0.08313550957148375,0.6568644904285162,0.74
518,100,PCC,SVM,0.18044235697629069,0.1904423569762907,0.01
519,100,PCC,SVM,0.16704080223149143,0.6529591977685085,0.82
520,100,PCC,SVM,0.16856529288196953,0.6814347071180304,0.85
521,100,PCC,SVM,0.04766966219629254,0.41766966219629253,0.37
522,100,PCC,SVM,0.0953016808064876,0.2453016808064876,0.15
523,100,PCC,SVM,0.01794270752197047,0.5820572924780295,0.6
524,100,PCC,SVM,0.15218868778033484,0.26218868778033483,0.11
525,100,PCC,SVM,0.011435250238313599,0.3714352502383136,0.36
526,100,PCC,SVM,0.1949508227246941,0.7550491772753058,0.95
527,100,PCC,SVM,0.18761649280600068,0.8023835071939993,0.99
528,100,PCC,SVM,0.13044815149481293,0.6395518485051871,0.77
529,100,PCC,SVM,0.06884175687939637,0.37884175687939636,0.31
530,100,PCC,SVM,0.09955341835708786,0.5804465816429122,0.68
531,100,PCC,SVM,0.09819139935204091,0.601808600647959,0.7
532,100,PCC,SVM,0.04144950446915102,0.421449504469151,0.38
533,100,PCC,SVM,0.018024212234074688,0.6219757877659253,0.64
534,100,PCC,SVM,0.14816956340535667,0.15816956340535668,0.01
535,100,PCC,SVM,0.06155891242225181,0.2615589124222518,0.2
536,100,PCC,SVM,0.011142412246108124,0.5088575877538919,0.52
537,100,PCC,SVM,0.09183437075851733,0.25183437075851733,0.16
538,100,PCC,SVM,0.07638946143786873,0.23638946143786874,0.16
539,100,PCC,SVM,0.17891203823362445,0.6510879617663755,0.83
540,100,PCC,SVM,0.24339928766739827,0.7366007123326017,0.98
541,100,PCC,SVM,0.06994681553574394,0.4800531844642561,0.55
542,100,PCC,SVM,0.09091280929255885,0.7390871907074411,0.83
543,100,PCC,SVM,0.18478130477507615,0.8052186952249238,0.99
544,100,PCC,SVM,0.1336376168049037,0.2736376168049037,0.14
545,100,PCC,SVM,0.009026921904562835,0.44902692190456284,0.44
546,100,PCC,SVM,0.029559123678452204,0.4195591236784522,0.39
547,100,PCC,SVM,0.15991933334102854,0.23991933334102852,0.08
548,100,PCC,SVM,0.11881977687208245,0.6311802231279176,0.75
549,100,PCC,SVM,0.009348122593787866,0.43934812259378786,0.43
550,100,PCC,SVM,0.029484407287180547,0.4305155927128195,0.46
551,100,PCC,SVM,0.10420045726710223,0.2542004572671022,0.15
552,100,PCC,SVM,0.018942213185185075,0.19894221318518507,0.18
553,100,PCC,SVM,0.22208098923304587,0.6779190107669542,0.9
554,100,PCC,SVM,0.1205161097446395,0.1605161097446395,0.04
555,100,PCC,SVM,0.09184392698005625,0.32184392698005626,0.23
556,100,PCC,SVM,0.06376132243825844,0.3537613224382584,0.29
557,100,PCC,SVM,0.08505316146524938,0.4049468385347506,0.49
558,100,PCC,SVM,0.06685930996248002,0.5131406900375199,0.58
559,100,PCC,SVM,0.03656367743362665,0.45343632256637334,0.49
560,100,PCC,SVM,0.07956708891201282,0.15956708891201282,0.08
561,100,PCC,SVM,0.09479630212277734,0.33479630212277733,0.24
562,100,PCC,SVM,0.1721755671521913,0.6678244328478087,0.84
563,100,PCC,SVM,0.13079492624054673,0.4992050737594533,0.63
564,100,PCC,SVM,0.13809170468090015,0.5019082953190999,0.64
565,100,PCC,SVM,0.05397269091445245,0.6160273090855476,0.67
566,100,PCC,SVM,0.10320032112360156,0.6567996788763985,0.76
567,100,PCC,SVM,0.12749812888124984,0.17749812888124983,0.05
568,100,PCC,SVM,0.03441341828595734,0.39441341828595733,0.36
569,100,PCC,SVM,0.03244745712053876,0.5624474571205388,0.53
570,100,PCC,SVM,0.09993529125743916,0.4299352912574392,0.33
571,100,PCC,SVM,0.12442750194167262,0.7155724980583273,0.84
572,100,PCC,SVM,0.04277201511991546,0.4372279848800845,0.48
573,100,PCC,SVM,0.10744953062083706,0.652550469379163,0.76
574,100,PCC,SVM,0.1446592862067727,0.7053407137932273,0.85
575,100,PCC,SVM,0.018346047518452313,0.4816539524815477,0.5
576,100,PCC,SVM,0.1317698812003687,0.7682301187996313,0.9
577,100,PCC,SVM,0.022784351098645295,0.5572156489013547,0.58
578,100,PCC,SVM,0.13606255342296547,0.7139374465770345,0.85
579,100,PCC,SVM,0.028878266761869387,0.3688782667618694,0.34
580,100,PCC,SVM,0.07931720839618256,0.41068279160381743,0.49
581,100,PCC,SVM,0.0009105212462348078,0.5309105212462348,0.53
582,100,PCC,SVM,0.10973526153306137,0.20973526153306138,0.1
583,100,PCC,SVM,0.024209636737865137,0.3657903632621349,0.39
584,100,PCC,SVM,0.16697734645791662,0.7430226535420834,0.91
585,100,PCC,SVM,0.0889616822133178,0.5410383177866822,0.63
586,100,PCC,SVM,0.08940432993365063,0.25940432993365065,0.17
587,100,PCC,SVM,0.014884881836041197,0.3448848818360412,0.33
588,100,PCC,SVM,0.10704671825467726,0.29704671825467727,0.19
589,100,PCC,SVM,0.184227143714761,0.204227143714761,0.02
590,100,PCC,SVM,0.20698319048320835,0.7130168095167917,0.92
591,100,PCC,SVM,0.03016010898787358,0.4701601089878736,0.44
592,100,PCC,SVM,0.08947581373432839,0.3894758137343284,0.3
593,100,PCC,SVM,0.1193624734517118,0.47063752654828817,0.59
594,100,PCC,SVM,0.21407667581262804,0.21407667581262804,0.0
595,100,PCC,SVM,0.06257304959220189,0.3325730495922019,0.27
596,100,PCC,SVM,0.12101795828635575,0.5789820417136442,0.7
597,100,PCC,SVM,0.029644855214503885,0.6003551447854961,0.63
598,100,PCC,SVM,0.22959572126913785,0.7504042787308621,0.98
599,100,PCC,SVM,0.09644786917551895,0.523552130824481,0.62
600,100,PCC,SVM,0.0034450971082025106,0.46655490289179746,0.47
601,100,PCC,SVM,0.04128865478721888,0.7187113452127811,0.76
602,100,PCC,SVM,0.22778480482194674,0.6722151951780533,0.9
603,100,PCC,SVM,0.1014206514779078,0.6185793485220922,0.72
604,100,PCC,SVM,0.13714798151694318,0.8228520184830568,0.96
605,100,PCC,SVM,0.14914873404413698,0.630851265955863,0.78
606,100,PCC,SVM,0.1564461614889262,0.7035538385110738,0.86
607,100,PCC,SVM,0.10889502244635417,0.21889502244635417,0.11
608,100,PCC,SVM,0.08920037275575599,0.640799627244244,0.73
609,100,PCC,SVM,0.013506189820952474,0.42649381017904753,0.44
610,100,PCC,SVM,0.06978773956826262,0.4802122604317374,0.55
611,100,PCC,SVM,0.11569590802634344,0.5343040919736566,0.65
612,100,PCC,SVM,0.24284330426783518,0.7171566957321648,0.96
613,100,PCC,SVM,0.1911611211134001,0.7888388788865999,0.98
614,100,PCC,SVM,0.04433366681287271,0.32433366681287273,0.28
615,100,PCC,SVM,0.0957047633141761,0.6342952366858239,0.73
616,100,PCC,SVM,0.11149542293901038,0.6285045770609896,0.74
617,100,PCC,SVM,0.052429313274117095,0.3924293132741171,0.34
618,100,PCC,SVM,0.07799342399904904,0.19799342399904904,0.12
619,100,PCC,SVM,0.12996523384643896,0.16996523384643897,0.04
620,100,PCC,SVM,0.02739721128256234,0.7426027887174377,0.77
621,100,PCC,SVM,0.007923829985742648,0.48792382998574263,0.48
622,100,PCC,SVM,0.2020480372345479,0.7779519627654521,0.98
623,100,PCC,SVM,0.0030207643275284024,0.4630207643275284,0.46
624,100,PCC,SVM,0.19902853068592252,0.7709714693140775,0.97
625,100,PCC,SVM,0.009494135775440837,0.40050586422455914,0.41
626,100,PCC,SVM,0.10609653482453707,0.683903465175463,0.79
627,100,PCC,SVM,0.12649433465980542,0.20649433465980543,0.08
628,100,PCC,SVM,0.08195434504423876,0.4680456549557613,0.55
629,100,PCC,SVM,0.09055082840351303,0.709449171596487,0.8
630,100,PCC,SVM,0.14538082579104417,0.7746191742089559,0.92
631,100,PCC,SVM,0.12447962169282845,0.6955203783071715,0.82
632,100,PCC,SVM,0.1938800660016701,0.2238800660016701,0.03
633,100,PCC,SVM,0.019249616860068264,0.38924961686006826,0.37
634,100,PCC,SVM,0.12287533022795868,0.1628753302279587,0.04
635,100,PCC,SVM,0.08676301525253338,0.1867630152525334,0.1
636,100,PCC,SVM,0.052506450096193924,0.6174935499038061,0.67
637,100,PCC,SVM,0.12751749346209917,0.5824825065379008,0.71
638,100,PCC,SVM,0.04607009245636573,0.7239299075436343,0.77
639,100,PCC,SVM,0.12418488150265683,0.7358151184973432,0.86
640,100,PCC,SVM,0.038405858653133285,0.6915941413468667,0.73
641,100,PCC,SVM,0.07979080473799305,0.720209195262007,0.8
642,100,PCC,SVM,0.13806158076280428,0.1780615807628043,0.04
643,100,PCC,SVM,0.11037332944472741,0.3403733294447274,0.23
644,100,PCC,SVM,0.00585988647675495,0.625859886476755,0.62
645,100,PCC,SVM,0.12719173840782305,0.7228082615921769,0.85
646,100,PCC,SVM,0.14753968020686067,0.14753968020686067,0.0
647,100,PCC,SVM,0.05389338057953319,0.4561066194204668,0.51
648,100,PCC,SVM,0.09022895492484428,0.5797710450751558,0.67
649,100,PCC,SVM,0.1812935831921562,0.20129358319215618,0.02
650,100,PCC,SVM,0.003332020486681131,0.40333202048668115,0.4
651,100,PCC,SVM,0.19006322944037646,0.6999367705596236,0.89
652,100,PCC,SVM,0.11933692239610316,0.5506630776038969,0.67
653,100,PCC,SVM,0.1493134379704523,0.3793134379704523,0.23
654,100,PCC,SVM,0.07021068969545663,0.7797893103045433,0.85
655,100,PCC,SVM,0.01600311575427804,0.323996884245722,0.34
656,100,PCC,SVM,0.22976966231108842,0.6202303376889116,0.85
657,100,PCC,SVM,0.029817992880136646,0.3198179928801366,0.29
658,100,PCC,SVM,0.05326480628527597,0.536735193714724,0.59
659,100,PCC,SVM,0.0034973467376862577,0.38650265326231376,0.39
660,100,PCC,SVM,0.025451610748506215,0.29545161074850623,0.27
661,100,PCC,SVM,0.1113257213547455,0.7686742786452545,0.88
662,100,PCC,SVM,0.04731815022681449,0.22731815022681448,0.18
663,100,PCC,SVM,0.10708240787499025,0.18708240787499025,0.08
664,100,PCC,SVM,0.048670217968509843,0.2913297820314902,0.34
665,100,PCC,SVM,0.09190284811206229,0.6180971518879377,0.71
666,100,PCC,SVM,0.14031981943044836,0.6596801805695517,0.8
667,100,PCC,SVM,0.1555896843789406,0.8344103156210594,0.99
668,100,PCC,SVM,0.09186344653832823,0.3818634465383282,0.29
669,100,PCC,SVM,0.0018294527670456029,0.4018294527670456,0.4
670,100,PCC,SVM,0.06535481914605562,0.19535481914605562,0.13
671,100,PCC,SVM,0.05941930403741935,0.5105806959625806,0.57
672,100,PCC,SVM,0.21057982393265373,0.7794201760673463,0.99
673,100,PCC,SVM,0.08962678149843917,0.6103732185015608,0.7
674,100,PCC,SVM,0.041691138602509725,0.5483088613974902,0.59
675,100,PCC,SVM,0.02724251116237919,0.4172425111623792,0.39
676,100,PCC,SVM,0.24281862615519068,0.6671813738448094,0.91
677,100,PCC,SVM,0.0004074976154177512,0.48959250238458224,0.49
678,100,PCC,SVM,0.10004062207178371,0.23004062207178372,0.13
679,100,PCC,SVM,0.020242648563708165,0.3397573514362918,0.36
680,100,PCC,SVM,0.12986437822224337,0.18986437822224336,0.06
681,100,PCC,SVM,0.07128844839254733,0.27128844839254734,0.2
682,100,PCC,SVM,0.15677059763538884,0.16677059763538885,0.01
683,100,PCC,SVM,0.04165553459413751,0.4916555345941375,0.45
684,100,PCC,SVM,0.04176261051500607,0.5882373894849939,0.63
685,100,PCC,SVM,0.02122405505880054,0.3187759449411995,0.34
686,100,PCC,SVM,0.007069637689870012,0.41293036231013,0.42
687,100,PCC,SVM,0.21946719638234014,0.7305328036176598,0.95
688,100,PCC,SVM,0.13809769064251132,0.6119023093574887,0.75
689,100,PCC,SVM,0.042696813007110646,0.4973031869928894,0.54
690,100,PCC,SVM,0.001449364330819769,0.27855063566918026,0.28
691,100,PCC,SVM,0.14680790728712,0.74319209271288,0.89
692,100,PCC,SVM,0.07773238261586876,0.30773238261586877,0.23
693,100,PCC,SVM,0.0978473465637682,0.4178473465637682,0.32
694,100,PCC,SVM,0.1310593354253473,0.7689406645746527,0.9
695,100,PCC,SVM,0.04965111493665941,0.4703488850633406,0.52
696,100,PCC,SVM,0.1066685047517616,0.6333314952482384,0.74
697,100,PCC,SVM,0.04380023411526679,0.5461997658847332,0.59
698,100,PCC,SVM,0.07686399227311824,0.5731360077268818,0.65
699,100,PCC,SVM,0.05910803879634963,0.3491080387963496,0.29
700,100,PCC,SVM,0.05244787601912421,0.2924478760191242,0.24
701,100,PCC,SVM,0.0033648877963555757,0.31663511220364443,0.32
702,100,PCC,SVM,0.10373151532499394,0.25373151532499394,0.15
703,100,PCC,SVM,0.17663573559158918,0.6933642644084108,0.87
704,100,PCC,SVM,0.005000585509161881,0.2850005855091619,0.28
705,100,PCC,SVM,0.07115742507593464,0.4888425749240654,0.56
706,100,PCC,SVM,0.0736335281626126,0.7163664718373874,0.79
707,100,PCC,SVM,0.1263109237346216,0.6536890762653784,0.78
708,100,PCC,SVM,0.011043137117290491,0.4410431371172905,0.43
709,100,PCC,SVM,0.05604699160571702,0.41395300839428295,0.47
710,100,PCC,SVM,0.18907777778791524,0.8009222222120848,0.99
711,100,PCC,SVM,0.07472548019609337,0.5952745198039067,0.67
712,100,PCC,SVM,0.19304846046916269,0.6169515395308374,0.81
713,100,PCC,SVM,0.14470230300895948,0.7552976969910405,0.9
714,100,PCC,SVM,0.10456070618057345,0.6754392938194266,0.78
715,100,PCC,SVM,0.07903176797979183,0.2590317679797918,0.18
716,100,PCC,SVM,0.08763762929587515,0.4723623707041249,0.56
717,100,PCC,SVM,0.12800149194049276,0.22800149194049277,0.1
718,100,PCC,SVM,0.16472600173024982,0.4852739982697502,0.65
719,100,PCC,SVM,0.14556605443353154,0.8044339455664684,0.95
720,100,PCC,SVM,0.0372455215296828,0.4727544784703172,0.51
721,100,PCC,SVM,0.016940282015065145,0.44694028201506514,0.43
722,100,PCC,SVM,0.13507861918741726,0.16507861918741726,0.03
723,100,PCC,SVM,0.17709337040740547,0.7729066295925945,0.95
724,100,PCC,SVM,0.09121235815159187,0.19121235815159188,0.1
725,100,PCC,SVM,0.13062546831414398,0.170625468314144,0.04
726,100,PCC,SVM,0.06182423297721579,0.3018242329772158,0.24
727,100,PCC,SVM,0.12506975333189954,0.18506975333189954,0.06
728,100,PCC,SVM,0.11230279769927876,0.33769720230072126,0.45
729,100,PCC,SVM,0.03865148623058484,0.47134851376941517,0.51
730,100,PCC,SVM,0.016223966542405988,0.326223966542406,0.31
731,100,PCC,SVM,0.17609229610778893,0.22609229610778894,0.05
732,100,PCC,SVM,0.06980335223883814,0.17980335223883814,0.11
733,100,PCC,SVM,0.019891202799646734,0.36010879720035327,0.38
734,100,PCC,SVM,0.11626309069086496,0.17626309069086496,0.06
735,100,PCC,SVM,0.1055089231677,0.5844910768323,0.69
736,100,PCC,SVM,0.0895621775523967,0.2895621775523967,0.2
737,100,PCC,SVM,0.03455529087613857,0.33455529087613856,0.3
738,100,PCC,SVM,0.02372721060716515,0.41372721060716516,0.39
739,100,PCC,SVM,0.009019699906094303,0.4009803000939057,0.41
740,100,PCC,SVM,0.133815758062142,0.133815758062142,0.0
741,100,PCC,SVM,0.08788789350344235,0.19788789350344235,0.11
742,100,PCC,SVM,0.18903763271160823,0.6709623672883918,0.86
743,100,PCC,SVM,0.1626397746372,0.1626397746372,0.0
744,100,PCC,SVM,0.04831343475744182,0.4516865652425582,0.5
745,100,PCC,SVM,0.033880913313913796,0.4461190866860862,0.48
746,100,PCC,SVM,0.010839719676670967,0.31916028032332905,0.33
747,100,PCC,SVM,0.0038527863823309416,0.43385278638233093,0.43
748,100,PCC,SVM,0.09134822755401195,0.6886517724459881,0.78
749,100,PCC,SVM,0.09116736812738047,0.7488326318726195,0.84
750,100,PCC,SVM,0.015168554216908298,0.2448314457830917,0.26
751,100,PCC,SVM,0.10124966665459145,0.42124966665459146,0.32
752,100,PCC,SVM,0.06979341868587108,0.30979341868587107,0.24
753,100,PCC,SVM,0.07742968664410388,0.3925703133558961,0.47
754,100,PCC,SVM,0.09070839583326318,0.5892916041667369,0.68
755,100,PCC,SVM,0.040868663456869764,0.26086866345686976,0.22
756,100,PCC,SVM,0.012307816250162418,0.34230781625016243,0.33
757,100,PCC,SVM,0.23510400819844068,0.6948959918015594,0.93
758,100,PCC,SVM,0.1330315552758844,0.1730315552758844,0.04
759,100,PCC,SVM,0.012781259378801202,0.4472187406211988,0.46
760,100,PCC,SVM,0.12690547180817768,0.5830945281918223,0.71
761,100,PCC,SVM,0.10300310486646316,0.25300310486646316,0.15
762,100,PCC,SVM,0.09624316581350092,0.13624316581350093,0.04
763,100,PCC,SVM,0.12664901399633943,0.25664901399633944,0.13
764,100,PCC,SVM,0.1625325511224821,0.7474674488775179,0.91
765,100,PCC,SVM,0.14247849716123798,0.14247849716123798,0.0
766,100,PCC,SVM,0.13745403204729328,0.3174540320472933,0.18
767,100,PCC,SVM,0.18725458397234732,0.21725458397234731,0.03
768,100,PCC,SVM,0.0904910852425244,0.2004910852425244,0.11
769,100,PCC,SVM,0.07634556525129865,0.5436544347487013,0.62
770,100,PCC,SVM,0.025444729615635875,0.26544472961563587,0.24
771,100,PCC,SVM,0.09270836258154685,0.4672916374184532,0.56
772,100,PCC,SVM,0.06337423391090846,0.5266257660890915,0.59
773,100,PCC,SVM,0.1388012073547361,0.7011987926452639,0.84
774,100,PCC,SVM,0.13531822848674627,0.13531822848674627,0.0
775,100,PCC,SVM,0.10743210629112776,0.7425678937088722,0.85
776,100,PCC,SVM,0.05653454930995072,0.5534654506900493,0.61
777,100,PCC,SVM,0.03361674755789132,0.19361674755789132,0.16
778,100,PCC,SVM,0.10680735421282328,0.6631926457871767,0.77
779,100,PCC,SVM,0.1505979871659784,0.6994020128340216,0.85
780,100,PCC,SVM,0.03785677059747811,0.2878567705974781,0.25
781,100,PCC,SVM,0.18898517066301113,0.7210148293369889,0.91
782,100,PCC,SVM,0.002145410277441362,0.44785458972255865,0.45
783,100,PCC,SVM,0.08452316930862758,0.5154768306913724,0.6
784,100,PCC,SVM,0.1763490152806826,0.8036509847193174,0.98
785,100,PCC,SVM,0.041199596868839616,0.4011995968688396,0.36
786,100,PCC,SVM,0.10008106533111227,0.7099189346688878,0.81
787,100,PCC,SVM,0.025840722603119648,0.28415927739688035,0.31
788,100,PCC,SVM,0.1311789611515335,0.6588210388484665,0.79
789,100,PCC,SVM,0.06759844985251584,0.5324015501474841,0.6
790,100,PCC,SVM,0.03987465776669971,0.2498746577666997,0.21
791,100,PCC,SVM,0.020054455536730575,0.43005445553673055,0.41
792,100,PCC,SVM,0.0159867696677779,0.3259867696677779,0.31
793,100,PCC,SVM,0.18562779444066896,0.25562779444066897,0.07
794,100,PCC,SVM,0.11240469827729553,0.13240469827729553,0.02
795,100,PCC,SVM,0.028878427021500175,0.31112157297849985,0.34
796,100,PCC,SVM,0.10624862041734898,0.11624862041734897,0.01
797,100,PCC,SVM,0.08396718333377143,0.24396718333377143,0.16
798,100,PCC,SVM,0.1431746748738214,0.5768253251261786,0.72
799,100,PCC,SVM,0.04361651779079301,0.656383482209207,0.7
800,100,PCC,SVM,0.0974087721218948,0.6325912278781052,0.73
801,100,PCC,SVM,0.04136565164533784,0.35136565164533784,0.31
802,100,PCC,SVM,0.13742725292921498,0.752572747070785,0.89
803,100,PCC,SVM,0.027527713890458605,0.5624722861095414,0.59
804,100,PCC,SVM,0.09678827172212212,0.21678827172212212,0.12
805,100,PCC,SVM,0.08183539774036988,0.2218353977403699,0.14
806,100,PCC,SVM,0.09171406980809682,0.5982859301919031,0.69
807,100,PCC,SVM,0.1215778434744503,0.2915778434744503,0.17
808,100,PCC,SVM,0.01451251501940487,0.5145125150194049,0.5
809,100,PCC,SVM,0.1812511108945618,0.8087488891054382,0.99
810,100,PCC,SVM,0.12653454620844665,0.12653454620844665,0.0
811,100,PCC,SVM,0.13005664301835138,0.14005664301835138,0.01
812,100,PCC,SVM,0.18849122316908817,0.8015087768309118,0.99
813,100,PCC,SVM,0.03154983993032712,0.5484501600696728,0.58
814,100,PCC,SVM,0.059304858107307484,0.17930485810730748,0.12
815,100,PCC,SVM,0.11370197432000295,0.7762980256799971,0.89
816,100,PCC,SVM,0.18110424117170087,0.6988957588282991,0.88
817,100,PCC,SVM,0.0024978227449485857,0.5324978227449486,0.53
818,100,PCC,SVM,0.06264997855903542,0.5573500214409646,0.62
819,100,PCC,SVM,0.09455796413443462,0.36455796413443464,0.27
820,100,PCC,SVM,0.13664736832604157,0.1866473683260416,0.05
821,100,PCC,SVM,0.00799290093403815,0.5820070990659618,0.59
822,100,PCC,SVM,0.06736176809964839,0.35736176809964837,0.29
823,100,PCC,SVM,0.12513056577950943,0.5348694342204906,0.66
824,100,PCC,SVM,0.16762578902632197,0.662374210973678,0.83
825,100,PCC,SVM,0.18210184365244045,0.19210184365244046,0.01
826,100,PCC,SVM,0.0034441249402312746,0.5865558750597687,0.59
827,100,PCC,SVM,0.07707979218252034,0.30707979218252035,0.23
828,100,PCC,SVM,0.14676713766978655,0.7232328623302134,0.87
829,100,PCC,SVM,0.060931541402586664,0.31093154140258666,0.25
830,100,PCC,SVM,0.045085689997592215,0.5649143100024078,0.61
831,100,PCC,SVM,0.005181559356373544,0.5448184406436265,0.55
832,100,PCC,SVM,0.005438887822245275,0.38456111217775474,0.39
833,100,PCC,SVM,0.08973776590500471,0.5802622340949953,0.67
834,100,PCC,SVM,0.0761952924555368,0.6438047075444632,0.72
835,100,PCC,SVM,0.04300774032687904,0.516992259673121,0.56
836,100,PCC,SVM,0.14015524183061157,0.6098447581693884,0.75
837,100,PCC,SVM,0.16403737644507743,0.8159626235549226,0.98
838,100,PCC,SVM,0.027107897472587628,0.38289210252741235,0.41
839,100,PCC,SVM,0.007188273076712104,0.5028117269232879,0.51
840,100,PCC,SVM,0.1523882435835853,0.1623882435835853,0.01
841,100,PCC,SVM,0.07862664812439113,0.7113733518756089,0.79
842,100,PCC,SVM,0.0736931000555644,0.4463068999444356,0.52
843,100,PCC,SVM,0.029405656354914766,0.4294056563549148,0.4
844,100,PCC,SVM,0.11897263493629506,0.20897263493629506,0.09
845,100,PCC,SVM,0.10134954271010221,0.7786504572898978,0.88
846,100,PCC,SVM,0.016794103585542786,0.4067941035855428,0.39
847,100,PCC,SVM,0.11172154679485702,0.568278453205143,0.68
848,100,PCC,SVM,0.13506933122211895,0.27506933122211896,0.14
849,100,PCC,SVM,0.19733662057598889,0.7626633794240111,0.96
850,100,PCC,SVM,0.1332738332774768,0.3032738332774768,0.17
851,100,PCC,SVM,0.03998500483745995,0.22998500483745996,0.19
852,100,PCC,SVM,0.12085787650325497,0.729142123496745,0.85
853,100,PCC,SVM,0.23747902047581437,0.6725209795241857,0.91
854,100,PCC,SVM,0.0430066831774418,0.2530066831774418,0.21
855,100,PCC,SVM,0.010310476763465637,0.47031047676346566,0.46
856,100,PCC,SVM,0.04450613792359304,0.685493862076407,0.73
857,100,PCC,SVM,0.15805437732227856,0.7119456226777214,0.87
858,100,PCC,SVM,0.06296819741412146,0.43296819741412146,0.37
859,100,PCC,SVM,0.04554631888434485,0.46445368111565516,0.51
860,100,PCC,SVM,0.11475875283562476,0.6252412471643752,0.74
861,100,PCC,SVM,0.0901303663201668,0.6398696336798332,0.73
862,100,PCC,SVM,0.1588460029063261,0.6211539970936739,0.78
863,100,PCC,SVM,0.02932233076543278,0.5306776692345673,0.56
864,100,PCC,SVM,0.10444852682191405,0.20444852682191406,0.1
865,100,PCC,SVM,0.28901882413203606,0.610981175867964,0.9
866,100,PCC,SVM,0.12069717353191944,0.7393028264680805,0.86
867,100,PCC,SVM,0.07992459603432345,0.7100754039656766,0.79
868,100,PCC,SVM,0.09258897961086385,0.18258897961086384,0.09
869,100,PCC,SVM,0.05655116529745424,0.25655116529745425,0.2
870,100,PCC,SVM,0.14768255307259548,0.5923174469274045,0.74
871,100,PCC,SVM,0.12086696934893808,0.14086696934893808,0.02
872,100,PCC,SVM,0.1692260771538412,0.8007739228461588,0.97
873,100,PCC,SVM,0.03174842859874055,0.40174842859874055,0.37
874,100,PCC,SVM,0.04654895869242848,0.6634510413075715,0.71
875,100,PCC,SVM,0.1835801295616375,0.6964198704383625,0.88
876,100,PCC,SVM,0.03085315848300252,0.42085315848300253,0.39
877,100,PCC,SVM,0.04083122511399956,0.35083122511399956,0.31
878,100,PCC,SVM,0.06164713926828491,0.5383528607317151,0.6
879,100,PCC,SVM,0.07718154090042106,0.5028184590995789,0.58
880,100,PCC,SVM,0.03149913037028501,0.43149913037028503,0.4
881,100,PCC,SVM,0.07989293084906901,0.520107069150931,0.6
882,100,PCC,SVM,0.2737624755881204,0.6562375244118797,0.93
883,100,PCC,SVM,0.02651002288060561,0.4334899771193944,0.46
884,100,PCC,SVM,0.09736244117616744,0.28736244117616744,0.19
885,100,PCC,SVM,0.024161357582903664,0.39416135758290366,0.37
886,100,PCC,SVM,0.07133207987624396,0.461332079876244,0.39
887,100,PCC,SVM,0.10972148414677241,0.2397214841467724,0.13
888,100,PCC,SVM,0.11368900257647477,0.27368900257647477,0.16
889,100,PCC,SVM,0.08433696685207737,0.5956630331479227,0.68
890,100,PCC,SVM,0.018560382177446433,0.34856038217744645,0.33
891,100,PCC,SVM,0.17456781032859603,0.7754321896714039,0.95
892,100,PCC,SVM,0.03996058813558928,0.2799605881355893,0.24
893,100,PCC,SVM,0.17875103797916095,0.26875103797916094,0.09
894,100,PCC,SVM,0.06532329158492989,0.6846767084150701,0.75
895,100,PCC,SVM,0.2241838459692036,0.6558161540307964,0.88
896,100,PCC,SVM,0.052269155016044955,0.322269155016045,0.27
897,100,PCC,SVM,0.11441616447551489,0.3144161644755149,0.2
898,100,PCC,SVM,0.11042580654132622,0.2904258065413262,0.18
899,100,PCC,SVM,0.061263187738487324,0.4587368122615127,0.52
900,100,PCC,SVM,0.013295667147937118,0.47329566714793714,0.46
901,100,PCC,SVM,0.039911512158060714,0.2899115121580607,0.25
902,100,PCC,SVM,0.08130821155998816,0.12130821155998815,0.04
903,100,PCC,SVM,0.0026242164895359243,0.4826242164895359,0.48
904,100,PCC,SVM,0.13181699138245606,0.8181830086175439,0.95
905,100,PCC,SVM,0.08541991568122187,0.5645800843187782,0.65
906,100,PCC,SVM,0.06934277324288729,0.4206572267571127,0.49
907,100,PCC,SVM,0.13311814235174013,0.24311814235174012,0.11
908,100,PCC,SVM,0.07569027912260295,0.32569027912260295,0.25
909,100,PCC,SVM,0.02385115539258087,0.31385115539258085,0.29
910,100,PCC,SVM,0.12967162987964853,0.6303283701203515,0.76
911,100,PCC,SVM,0.08147315019843826,0.7885268498015617,0.87
912,100,PCC,SVM,0.1716560803512296,0.7283439196487704,0.9
913,100,PCC,SVM,0.21445474979323131,0.7655452502067687,0.98
914,100,PCC,SVM,0.1511235202501694,0.8288764797498306,0.98
915,100,PCC,SVM,0.14403053256818799,0.805969467431812,0.95
916,100,PCC,SVM,0.13486812971249992,0.20486812971249993,0.07
917,100,PCC,SVM,0.15998686626910147,0.2899868662691015,0.13
918,100,PCC,SVM,0.014632377360872861,0.31463237736087285,0.3
919,100,PCC,SVM,0.021363543220842107,0.5286364567791579,0.55
920,100,PCC,SVM,0.10815015681846782,0.19815015681846782,0.09
921,100,PCC,SVM,0.12316320095755029,0.7168367990424497,0.84
922,100,PCC,SVM,0.058756118455714934,0.551243881544285,0.61
923,100,PCC,SVM,0.014231900750751425,0.5257680992492486,0.54
924,100,PCC,SVM,0.0837869754712412,0.2437869754712412,0.16
925,100,PCC,SVM,0.08426516131786477,0.33426516131786477,0.25
926,100,PCC,SVM,0.09264407123419696,0.25264407123419697,0.16
927,100,PCC,SVM,0.09696187501456721,0.7530381249854328,0.85
928,100,PCC,SVM,0.0962961186961292,0.48370388130387076,0.58
929,100,PCC,SVM,0.10092350135459627,0.6290764986454037,0.73
930,100,PCC,SVM,0.00956397172653578,0.29956397172653576,0.29
931,100,PCC,SVM,0.007478205421938833,0.36252179457806116,0.37
932,100,PCC,SVM,0.09323353342460272,0.49323353342460274,0.4
933,100,PCC,SVM,0.1311446825957584,0.6288553174042416,0.76
934,100,PCC,SVM,0.09090395757408465,0.6790960424259154,0.77
935,100,PCC,SVM,0.06979228604137316,0.2697922860413732,0.2
936,100,PCC,SVM,0.1963049940638455,0.7436950059361545,0.94
937,100,PCC,SVM,0.12400061569149706,0.24400061569149706,0.12
938,100,PCC,SVM,0.1525092745396016,0.7374907254603984,0.89
939,100,PCC,SVM,0.12754824842102214,0.22754824842102214,0.1
940,100,PCC,SVM,0.016896680352800397,0.2768966803528004,0.26
941,100,PCC,SVM,0.16107581712125785,0.6789241828787421,0.84
942,100,PCC,SVM,0.06163920219073618,0.2316392021907362,0.17
943,100,PCC,SVM,0.03299387028128509,0.44299387028128506,0.41
944,100,PCC,SVM,0.01793891635651995,0.45793891635651995,0.44
945,100,PCC,SVM,0.010970007705221663,0.25097000770522165,0.24
946,100,PCC,SVM,0.11964845095902088,0.5903515490409791,0.71
947,100,PCC,SVM,0.1885361419978523,0.6614638580021477,0.85
948,100,PCC,SVM,0.14429487300585453,0.7257051269941455,0.87
949,100,PCC,SVM,0.06538560721833797,0.395385607218338,0.33
950,100,PCC,SVM,0.03338240081034849,0.5633824008103485,0.53
951,100,PCC,SVM,0.0788606541379484,0.3188606541379484,0.24
952,100,PCC,SVM,0.10202763304806911,0.3420276330480691,0.24
953,100,PCC,SVM,0.054963654242865395,0.2149636542428654,0.16
954,100,PCC,SVM,0.18822450979202143,0.7517754902079785,0.94
955,100,PCC,SVM,0.15477597510816377,0.7252240248918362,0.88
956,100,PCC,SVM,0.08729291864546496,0.6827070813545351,0.77
957,100,PCC,SVM,0.001276320696244504,0.5112763206962445,0.51
958,100,PCC,SVM,0.022733126191101904,0.4672668738088981,0.49
959,100,PCC,SVM,0.03000006241183001,0.48999993758817,0.52
960,100,PCC,SVM,0.050556251973383315,0.4794437480266167,0.53
961,100,PCC,SVM,0.02226890808175669,0.4077310919182433,0.43
962,100,PCC,SVM,0.1104427047186865,0.2404427047186865,0.13
963,100,PCC,SVM,0.12864537610416107,0.24864537610416107,0.12
964,100,PCC,SVM,0.2423612165389485,0.7076387834610515,0.95
965,100,PCC,SVM,0.04692068264362531,0.43307931735637467,0.48
966,100,PCC,SVM,0.2340229772224518,0.7159770227775482,0.95
967,100,PCC,SVM,0.10192593986958057,0.26192593986958057,0.16
968,100,PCC,SVM,0.013006643405878204,0.5369933565941218,0.55
969,100,PCC,SVM,0.06003392071364372,0.26003392071364373,0.2
970,100,PCC,SVM,0.05100233228194723,0.3010023322819472,0.25
971,100,PCC,SVM,0.12916624293368043,0.15916624293368042,0.03
972,100,PCC,SVM,0.13327948338133316,0.24327948338133318,0.11
973,100,PCC,SVM,0.18936215732794215,0.7206378426720579,0.91
974,100,PCC,SVM,0.005873053169914655,0.32587305316991466,0.32
975,100,PCC,SVM,0.03788120775781323,0.5621187922421867,0.6
976,100,PCC,SVM,0.0011741452602469504,0.46117414526024697,0.46
977,100,PCC,SVM,0.04766136214208655,0.44766136214208657,0.4
978,100,PCC,SVM,0.04695109433914613,0.4830489056608539,0.53
979,100,PCC,SVM,0.15849069992819315,0.33849069992819314,0.18
980,100,PCC,SVM,0.17725609729464664,0.8027439027053533,0.98
981,100,PCC,SVM,0.13623478800386046,0.6737652119961396,0.81
982,100,PCC,SVM,0.11798716859847902,0.622012831401521,0.74
983,100,PCC,SVM,0.018065522001215695,0.4419344779987843,0.46
984,100,PCC,SVM,0.08192040239279647,0.23192040239279646,0.15
985,100,PCC,SVM,0.12113988291234168,0.7988601170876584,0.92
986,100,PCC,SVM,0.03064742001538351,0.37064742001538353,0.34
987,100,PCC,SVM,0.14697870270185548,0.19697870270185547,0.05
988,100,PCC,SVM,0.02618525596579674,0.3138147440342033,0.34
989,100,PCC,SVM,0.22830156293963577,0.5616984370603643,0.79
990,100,PCC,SVM,0.06917442860835055,0.5508255713916494,0.62
991,100,PCC,SVM,0.10169170123707927,0.6483082987629207,0.75
992,100,PCC,SVM,0.15777095540271568,0.6322290445972844,0.79
993,100,PCC,SVM,0.07226994677899831,0.2822699467789983,0.21
994,100,PCC,SVM,0.14186842056341353,0.7781315794365865,0.92
995,100,PCC,SVM,0.00768526250004381,0.4376852625000438,0.43
996,100,PCC,SVM,0.10028457895352338,0.5297154210464766,0.63
997,100,PCC,SVM,0.15016408785677268,0.15016408785677268,0.0
998,100,PCC,SVM,0.22736551574784114,0.7626344842521589,0.99
999,100,PCC,SVM,0.00931260172282905,0.270687398277171,0.28
1000,100,PCC,SVM,0.1860163621690135,0.24601636216901349,0.06
1001,100,PCC,SVM,0.05171053816998489,0.3982894618300151,0.45
1002,100,PCC,SVM,0.08438999129591568,0.20438999129591567,0.12
1003,100,PCC,SVM,0.058309887207749045,0.20830988720774904,0.15
1004,100,PCC,SVM,0.08638456148953266,0.5436154385104673,0.63
1005,100,PCC,SVM,0.03463129921617869,0.4246312992161787,0.39
1006,100,PCC,SVM,0.1682414062507408,0.7517585937492592,0.92
1007,100,PCC,SVM,0.004241425878477034,0.31424142587847703,0.31
1008,100,PCC,SVM,0.07029705439644285,0.6497029456035571,0.72
1009,100,PCC,SVM,0.003504363714835368,0.45649563628516465,0.46
1010,100,PCC,SVM,0.051664909840258066,0.598335090159742,0.65
1011,100,PCC,SVM,0.05305428739792173,0.5369457126020782,0.59
1012,100,PCC,SVM,0.01998980450058374,0.45001019549941623,0.47
1013,100,PCC,SVM,0.1682596360537616,0.7817403639462384,0.95
1014,100,PCC,SVM,0.028126533183641778,0.31187346681635825,0.34
1015,100,PCC,SVM,0.10255114653333039,0.2725511465333304,0.17
1016,100,PCC,SVM,0.09897097081615636,0.5710290291838437,0.67
1017,100,PCC,SVM,0.1794928282197713,0.6605071717802287,0.84
1018,100,PCC,SVM,0.17390022482928386,0.21390022482928386,0.04
1019,100,PCC,SVM,0.02075401155769918,0.4607540115576992,0.44
1020,100,PCC,SVM,0.2251231343616117,0.6648768656383883,0.89
1021,100,PCC,SVM,0.0900133386544314,0.6499866613455686,0.74
1022,100,PCC,SVM,0.23035786217808307,0.7596421378219169,0.99
1023,100,PCC,SVM,0.03873623650699248,0.49126376349300754,0.53
1024,100,PCC,SVM,0.03864784687494871,0.6113521531250513,0.65
1025,100,PCC,SVM,0.07962276716394778,0.37962276716394777,0.3
1026,100,PCC,SVM,0.17585280955741367,0.7641471904425863,0.94
1027,100,PCC,SVM,0.04073062349035339,0.4007306234903534,0.36
1028,100,PCC,SVM,0.14563416931797157,0.5843658306820284,0.73
1029,100,PCC,SVM,0.018643540040633733,0.3813564599593663,0.4
1030,100,PCC,SVM,0.04942853707403816,0.5105714629259619,0.56
1031,100,PCC,SVM,0.10062656353968447,0.6093734364603155,0.71
1032,100,PCC,SVM,0.04231776976615609,0.4576822302338439,0.5
1033,100,PCC,SVM,0.145497270743281,0.754502729256719,0.9
1034,100,PCC,SVM,0.02043267883162042,0.4304326788316204,0.41
1035,100,PCC,SVM,0.057458041849222874,0.5825419581507771,0.64
1036,100,PCC,SVM,0.05825893404559518,0.3982589340455952,0.34
1037,100,PCC,SVM,0.0956336029188955,0.4956336029188955,0.4
1038,100,PCC,SVM,0.03897992495618724,0.40102007504381276,0.44
1039,100,PCC,SVM,0.08323920387397768,0.20323920387397768,0.12
1040,100,PCC,SVM,0.13392522003516352,0.22392522003516352,0.09
1041,100,PCC,SVM,0.058558328910088164,0.6014416710899119,0.66
1042,100,PCC,SVM,0.04308851148463122,0.6069114885153688,0.65
1043,100,PCC,SVM,0.1257348907044843,0.5342651092955157,0.66
1044,100,PCC,SVM,0.13602096387862042,0.14602096387862043,0.01
1045,100,PCC,SVM,0.08831750122801102,0.408317501228011,0.32
1046,100,PCC,SVM,0.10674551355027156,0.29674551355027157,0.19
1047,100,PCC,SVM,0.14686682754559732,0.6231331724544027,0.77
1048,100,PCC,SVM,0.1993357378148175,0.6606642621851825,0.86
1049,100,PCC,SVM,0.06517804810301825,0.30517804810301824,0.24
1050,100,PCC,SVM,0.11692132109595743,0.5430786789040426,0.66
1051,100,PCC,SVM,0.057177301190401986,0.17717730119040198,0.12
1052,100,PCC,SVM,0.09278770901155159,0.3627877090115516,0.27
1053,100,PCC,SVM,0.13527299256344033,0.26527299256344034,0.13
1054,100,PCC,SVM,0.06260902563650139,0.3426090256365014,0.28
1055,100,PCC,SVM,0.07843245211157746,0.5915675478884226,0.67
1056,100,PCC,SVM,0.15467375788290483,0.7553262421170952,0.91
1057,100,PCC,SVM,0.07051813148098873,0.27051813148098874,0.2
1058,100,PCC,SVM,0.04821999051299225,0.4917800094870078,0.54
1059,100,PCC,SVM,0.12270904825756546,0.5772909517424345,0.7
1060,100,PCC,SVM,0.18830439260617182,0.7616956073938281,0.95
1061,100,PCC,SVM,0.039126640552441305,0.5708733594475587,0.61
1062,100,PCC,SVM,0.06519656274954222,0.3151965627495422,0.25
1063,100,PCC,SVM,0.04698273602969283,0.5730172639703072,0.62
1064,100,PCC,SVM,0.05114423767485832,0.3711442376748583,0.32
1065,100,PCC,SVM,0.12261379172937581,0.8473862082706242,0.97
1066,100,PCC,SVM,0.010557957599731549,0.37944204240026846,0.39
1067,100,PCC,SVM,0.16718191805010107,0.512818081949899,0.68
1068,100,PCC,SVM,0.16878731317060003,0.18878731317060002,0.02
1069,100,PCC,SVM,0.004625694445963613,0.3953743055540364,0.4
1070,100,PCC,SVM,0.07239091242350537,0.7976090875764946,0.87
1071,100,PCC,SVM,0.04506803747519139,0.5649319625248086,0.61
1072,100,PCC,SVM,0.018086968742784204,0.4219130312572158,0.44
1073,100,PCC,SVM,0.14617759419503706,0.783822405804963,0.93
1074,100,PCC,SVM,0.14695146601898867,0.7030485339810113,0.85
1075,100,PCC,SVM,0.04999725360402585,0.36999725360402586,0.32
1076,100,PCC,SVM,0.08962775701505188,0.45037224298494816,0.54
1077,100,PCC,SVM,0.013235116629526034,0.46676488337047395,0.48
1078,100,PCC,SVM,0.11026608452652031,0.5197339154734797,0.63
1079,100,PCC,SVM,0.017184026348909365,0.3471840263489094,0.33
1080,100,PCC,SVM,0.05085175546933496,0.29085175546933495,0.24
1081,100,PCC,SVM,0.18368085856239025,0.7263191414376098,0.91
1082,100,PCC,SVM,0.17896736443787398,0.7410326355621261,0.92
1083,100,PCC,SVM,0.17699970674959198,0.663000293250408,0.84
1084,100,PCC,SVM,0.2510369027520748,0.7189630972479252,0.97
1085,100,PCC,SVM,0.1408233690309123,0.5991766309690877,0.74
1086,100,PCC,SVM,0.10344257691242098,0.656557423087579,0.76
1087,100,PCC,SVM,0.1410934607011698,0.6189065392988302,0.76
1088,100,PCC,SVM,0.012314538827427723,0.4923145388274277,0.48
1089,100,PCC,SVM,0.009061639620587203,0.4409383603794128,0.45
1090,100,PCC,SVM,0.1441727031599957,0.3841727031599957,0.24
1091,100,PCC,SVM,0.087933533690435,0.552066466309565,0.64
1092,100,PCC,SVM,0.04243232042277095,0.322432320422771,0.28
1093,100,PCC,SVM,0.07330316540033821,0.3233031654003382,0.25
1094,100,PCC,SVM,0.02457930258818286,0.5554206974118171,0.58
1095,100,PCC,SVM,0.008727357545197378,0.39127264245480264,0.4
1096,100,PCC,SVM,0.08585706417751557,0.29585706417751556,0.21
1097,100,PCC,SVM,0.1406313527500661,0.669368647249934,0.81
1098,100,PCC,SVM,0.1320742620888592,0.7279257379111408,0.86
1099,100,PCC,SVM,0.08429324091431431,0.2442932409143143,0.16
1100,100,PCC,SVM,0.14404548841588727,0.14404548841588727,0.0
1101,100,PCC,SVM,0.05036575435324753,0.38036575435324754,0.33
1102,100,PCC,SVM,0.14409951252412412,0.6459004874758759,0.79
1103,100,PCC,SVM,0.11753521357864227,0.7124647864213577,0.83
1104,100,PCC,SVM,0.1546298419968482,0.2846298419968482,0.13
1105,100,PCC,SVM,0.1387637801557382,0.6312362198442618,0.77
1106,100,PCC,SVM,0.10373422802238945,0.21373422802238945,0.11
1107,100,PCC,SVM,0.012888354662832502,0.4028883546628325,0.39
1108,100,PCC,SVM,0.27651440428019614,0.7134855957198039,0.99
1109,100,PCC,SVM,0.11347246159158053,0.30347246159158053,0.19
1110,100,PCC,SVM,0.06143692728551475,0.21143692728551475,0.15
1111,100,PCC,SVM,0.004678764597593532,0.41532123540240645,0.42
1112,100,PCC,SVM,0.04107710730102776,0.5689228926989722,0.61
1113,100,PCC,SVM,0.13794705322461576,0.7920529467753843,0.93
1114,100,PCC,SVM,0.20755594429435675,0.7724440557056432,0.98
1115,100,PCC,SVM,0.12836484099971732,0.18836484099971731,0.06
1116,100,PCC,SVM,0.14096678091784565,0.27096678091784565,0.13
1117,100,PCC,SVM,0.10671346453777664,0.6832865354622234,0.79
1118,100,PCC,SVM,0.025286515878665372,0.2952865158786654,0.27
1119,100,PCC,SVM,0.1615843331464708,0.7184156668535292,0.88
1120,100,PCC,SVM,0.16361666299092276,0.4963833370090773,0.66
1121,100,PCC,SVM,0.08907317409212602,0.19907317409212602,0.11
1122,100,PCC,SVM,0.10526192223753228,0.7247380777624677,0.83
1123,100,PCC,SVM,0.08143857134241064,0.25143857134241065,0.17
1124,100,PCC,SVM,0.01784657047299998,0.402153429527,0.42
1125,100,PCC,SVM,0.08037465804612753,0.4696253419538725,0.55
1126,100,PCC,SVM,0.051697903025734404,0.4483020969742656,0.5
1127,100,PCC,SVM,0.057075451209174566,0.6229245487908255,0.68
1128,100,PCC,SVM,0.036380136918473194,0.6136198630815268,0.65
1129,100,PCC,SVM,0.1968130592185432,0.7931869407814568,0.99
1130,100,PCC,SVM,0.1506007794437122,0.8393992205562878,0.99
1131,100,PCC,SVM,0.02722941852071642,0.4827705814792836,0.51
1132,100,PCC,SVM,0.10796796612680812,0.19796796612680811,0.09
1133,100,PCC,SVM,0.09769035614091182,0.6223096438590882,0.72
1134,100,PCC,SVM,0.19986948170372643,0.7701305182962735,0.97
1135,100,PCC,SVM,0.07001961338488594,0.38001961338488593,0.31
1136,100,PCC,SVM,0.01305812596886885,0.47305812596886887,0.46
1137,100,PCC,SVM,0.04164174995931519,0.4616417499593152,0.42
1138,100,PCC,SVM,0.10074807127102163,0.15074807127102163,0.05
1139,100,PCC,SVM,0.037181351801259366,0.6328186481987407,0.67
1140,100,PCC,SVM,0.05970442271305931,0.4097044227130593,0.35
1141,100,PCC,SVM,0.13613368762609968,0.6438663123739004,0.78
1142,100,PCC,SVM,0.13394332988185587,0.6960566701181441,0.83
1143,100,PCC,SVM,0.1683966271903985,0.6516033728096015,0.82
1144,100,PCC,SVM,0.03241862354293329,0.44241862354293326,0.41
1145,100,PCC,SVM,0.047733425317062816,0.3677334253170628,0.32
1146,100,PCC,SVM,0.09110939221109138,0.6488906077889086,0.74
1147,100,PCC,SVM,0.09790060440072357,0.7020993955992765,0.8
1148,100,PCC,SVM,0.009213375582341088,0.4992133755823411,0.49
1149,100,PCC,SVM,0.17211949196173526,0.7178805080382648,0.89
1150,100,PCC,SVM,0.0797131764538471,0.2197131764538471,0.14
1151,100,PCC,SVM,0.1585425086857768,0.7114574913142232,0.87
1152,100,PCC,SVM,0.13264949800532286,0.22264949800532285,0.09
1153,100,PCC,SVM,0.13084102914556814,0.28084102914556813,0.15
1154,100,PCC,SVM,0.053186030259484485,0.47681396974051554,0.53
1155,100,PCC,SVM,0.15796492856817476,0.21796492856817476,0.06
1156,100,PCC,SVM,0.17029806342140347,0.22029806342140346,0.05
1157,100,PCC,SVM,0.211757546754714,0.211757546754714,0.0
1158,100,PCC,SVM,0.06141752535802447,0.3685824746419755,0.43
1159,100,PCC,SVM,0.12194243459017928,0.6480575654098207,0.77
1160,100,PCC,SVM,0.13921141940575407,0.16921141940575407,0.03
1161,100,PCC,SVM,0.10755914990976378,0.5424408500902362,0.65
1162,100,PCC,SVM,0.163100229011235,0.656899770988765,0.82
1163,100,PCC,SVM,0.1118813791963302,0.2718813791963302,0.16
1164,100,PCC,SVM,0.13519086311448858,0.2751908631144886,0.14
1165,100,PCC,SVM,0.13051870383837627,0.7294812961616237,0.86
1166,100,PCC,SVM,0.17892301205429462,0.6410769879457053,0.82
1167,100,PCC,SVM,0.043310727198363375,0.5733107271983634,0.53
1168,100,PCC,SVM,0.165780740600447,0.644219259399553,0.81
1169,100,PCC,SVM,0.14313747332264487,0.23313747332264487,0.09
1170,100,PCC,SVM,0.06269147595230562,0.45269147595230563,0.39
1171,100,PCC,SVM,0.09484098621223269,0.6351590137877673,0.73
1172,100,PCC,SVM,0.09568811365379193,0.34568811365379193,0.25
1173,100,PCC,SVM,0.14049963750418104,0.609500362495819,0.75
1174,100,PCC,SVM,0.035386776370089024,0.464613223629911,0.5
1175,100,PCC,SVM,0.111657219523146,0.638342780476854,0.75
1176,100,PCC,SVM,0.0435574715152815,0.5035574715152815,0.46
1177,100,PCC,SVM,0.05271676985858592,0.4127167698585859,0.36
1178,100,PCC,SVM,0.0794532138533017,0.2894532138533017,0.21
1179,100,PCC,SVM,0.07946419498257928,0.2794641949825793,0.2
1180,100,PCC,SVM,0.12040881562298711,0.6295911843770129,0.75
1181,100,PCC,SVM,0.10950204288893044,0.21950204288893044,0.11
1182,100,PCC,SVM,0.17108833531249062,0.25108833531249064,0.08
1183,100,PCC,SVM,0.13521296440660555,0.30521296440660556,0.17
1184,100,PCC,SVM,0.07569197140902761,0.24569197140902763,0.17
1185,100,PCC,SVM,0.08027576899152422,0.7397242310084757,0.82
1186,100,PCC,SVM,0.05001718745416456,0.33998281254583546,0.39
1187,100,PCC,SVM,0.1788287514148752,0.8111712485851248,0.99
1188,100,PCC,SVM,0.09465929270137571,0.22465929270137572,0.13
1189,100,PCC,SVM,0.060750960206812143,0.5892490397931879,0.65
1190,100,PCC,SVM,0.014304103620309483,0.4543041036203095,0.44
1191,100,PCC,SVM,0.005809147964012162,0.3958091479640122,0.39
1192,100,PCC,SVM,0.18357428965042855,0.6864257103495714,0.87
1193,100,PCC,SVM,0.1559436994106903,0.8140563005893097,0.97
1194,100,PCC,SVM,0.18170400528906516,0.6882959947109348,0.87
1195,100,PCC,SVM,0.12438700139845177,0.31438700139845177,0.19
1196,100,PCC,SVM,0.1601836597831199,0.3801836597831199,0.22
1197,100,PCC,SVM,0.016768786633000854,0.6332312133669992,0.65
1198,100,PCC,SVM,0.0972323570527559,0.37723235705275593,0.28
1199,100,PCC,SVM,0.03978796915200189,0.6902120308479981,0.73
1200,100,PCC,SVM,0.1299960369172023,0.43000396308279776,0.56
1201,100,PCC,SVM,0.07676653292185687,0.4732334670781432,0.55
1202,100,PCC,SVM,0.07712399561939454,0.7428760043806054,0.82
1203,100,PCC,SVM,0.11972791530299587,0.5902720846970041,0.71
1204,100,PCC,SVM,0.11901019049852564,0.13901019049852564,0.02
1205,100,PCC,SVM,0.13832785789710147,0.17832785789710148,0.04
1206,100,PCC,SVM,0.06195125029489423,0.5380487497051057,0.6
1207,100,PCC,SVM,0.05840823839148279,0.5384082383914828,0.48
1208,100,PCC,SVM,0.0357370628627961,0.2957370628627961,0.26
1209,100,PCC,SVM,0.05143978998569915,0.4614397899856991,0.41
1210,100,PCC,SVM,0.14525151226146982,0.6047484877385302,0.75
1211,100,PCC,SVM,0.12166251620283708,0.6983374837971629,0.82
1212,100,PCC,SVM,0.04684861253808181,0.5131513874619182,0.56
1213,100,PCC,SVM,0.019545138011865304,0.3995451380118653,0.38
1214,100,PCC,SVM,0.05827660006638535,0.32827660006638537,0.27
1215,100,PCC,SVM,0.0030908647739057438,0.5169091352260943,0.52
1216,100,PCC,SVM,0.07040351303379594,0.38040351303379594,0.31
1217,100,PCC,SVM,0.0413027103172392,0.5186972896827609,0.56
1218,100,PCC,SVM,0.0025058823355622595,0.6725058823355623,0.67
1219,100,PCC,SVM,0.16551488185865482,0.22551488185865481,0.06
1220,100,PCC,SVM,0.17862020871524087,0.17862020871524087,0.0
1221,100,PCC,SVM,0.09456192261754356,0.30456192261754356,0.21
1222,100,PCC,SVM,0.13472320869971544,0.7552767913002846,0.89
1223,100,PCC,SVM,0.09660378679640835,0.5433962132035917,0.64
1224,100,PCC,SVM,0.08768884699393883,0.25768884699393885,0.17
1225,100,PCC,SVM,0.155609195384523,0.734390804615477,0.89
1226,100,PCC,SVM,0.03747263546131119,0.4974726354613112,0.46
1227,100,PCC,SVM,0.018490119474521227,0.45150988052547875,0.47
1228,100,PCC,SVM,0.1889657821795293,0.7410342178204707,0.93
1229,100,PCC,SVM,0.13440306666411284,0.18440306666411285,0.05
1230,100,PCC,SVM,0.0943524662391109,0.3043524662391109,0.21
1231,100,PCC,SVM,0.08767197895912288,0.4923280210408771,0.58
1232,100,PCC,SVM,0.04101806371301164,0.23101806371301165,0.19
1233,100,PCC,SVM,0.05915783329676372,0.6108421667032363,0.67
1234,100,PCC,SVM,0.05422219548606658,0.26422219548606657,0.21
1235,100,PCC,SVM,0.05684035525106998,0.14684035525106998,0.09
1236,100,PCC,SVM,0.10251956776018162,0.30251956776018163,0.2
1237,100,PCC,SVM,0.021606869300607956,0.39839313069939203,0.42
1238,100,PCC,SVM,0.09784864758994125,0.26784864758994126,0.17
1239,100,PCC,SVM,0.1066588866568762,0.2366588866568762,0.13
1240,100,PCC,SVM,0.10811524761840718,0.7518847523815928,0.86
1241,100,PCC,SVM,0.040581904811320235,0.36058190481132024,0.32
1242,100,PCC,SVM,0.00558426130633477,0.36558426130633476,0.36
1243,100,PCC,SVM,0.11761953795009016,0.16761953795009016,0.05
1244,100,PCC,SVM,0.027839605071155127,0.3778396050711551,0.35
1245,100,PCC,SVM,0.055737280505891496,0.3157372805058915,0.26
1246,100,PCC,SVM,0.13477709705855184,0.47522290294144814,0.61
1247,100,PCC,SVM,0.041324934759690485,0.2413249347596905,0.2
1248,100,PCC,SVM,0.13279091691536948,0.7472090830846305,0.88
1249,100,PCC,SVM,0.1743335859063202,0.7456664140936798,0.92
1250,100,PCC,SVM,0.10382315562626562,0.19382315562626562,0.09
1251,100,PCC,SVM,0.15003651814384963,0.25003651814384964,0.1
1252,100,PCC,SVM,0.11599486260748722,0.22599486260748722,0.11
1253,100,PCC,SVM,0.0796430914627837,0.5303569085372163,0.61
1254,100,PCC,SVM,0.12543708164833411,0.2454370816483341,0.12
1255,100,PCC,SVM,0.1860885334667992,0.6639114665332008,0.85
1256,100,PCC,SVM,0.10836617741764132,0.6416338225823587,0.75
1257,100,PCC,SVM,0.12980326152106836,0.6801967384789317,0.81
1258,100,PCC,SVM,0.003936381454905491,0.5239363814549055,0.52
1259,100,PCC,SVM,0.22634631118907578,0.7636536888109242,0.99
1260,100,PCC,SVM,0.1530124551402126,0.19301245514021262,0.04
1261,100,PCC,SVM,0.007923311128607724,0.40792331112860775,0.4
1262,100,PCC,SVM,0.00019327006105301914,0.320193270061053,0.32
1263,100,PCC,SVM,0.20538326330314738,0.7346167366968526,0.94
1264,100,PCC,SVM,0.09483995043525922,0.4751600495647407,0.57
1265,100,PCC,SVM,0.09729311983885447,0.7027068801611456,0.8
1266,100,PCC,SVM,0.11813340320047341,0.2881334032004734,0.17
1267,100,PCC,SVM,0.15006609293938467,0.8199339070606153,0.97
1268,100,PCC,SVM,0.055357190670426715,0.4346428093295733,0.49
1269,100,PCC,SVM,0.025292942847703337,0.46470705715229665,0.49
1270,100,PCC,SVM,0.1764668038102235,0.7935331961897765,0.97
1271,100,PCC,SVM,0.018806929185431476,0.3988069291854315,0.38
1272,100,PCC,SVM,0.08864303707334742,0.47864303707334743,0.39
1273,100,PCC,SVM,0.07155167565748877,0.5084483243425112,0.58
1274,100,PCC,SVM,0.12175670743271261,0.2417567074327126,0.12
1275,100,PCC,SVM,0.06681044477624903,0.38681044477624904,0.32
1276,100,PCC,SVM,0.11397879603587624,0.30397879603587624,0.19
1277,100,PCC,SVM,0.09113056905500244,0.19113056905500245,0.1
1278,100,PCC,SVM,0.1405116653504348,0.7194883346495652,0.86
1279,100,PCC,SVM,0.042774226149375094,0.5372257738506249,0.58
1280,100,PCC,SVM,0.050152989213220756,0.40015298921322073,0.35
1281,100,PCC,SVM,0.02919302293293269,0.4291930229329327,0.4
1282,100,PCC,SVM,0.01859728965946489,0.4485972896594649,0.43
1283,100,PCC,SVM,0.06361362156014527,0.5663863784398547,0.63
1284,100,PCC,SVM,0.15495600417096023,0.7650439958290398,0.92
1285,100,PCC,SVM,0.20797364960269427,0.7220263503973058,0.93
1286,100,PCC,SVM,0.011986010660012147,0.40198601066001216,0.39
1287,100,PCC,SVM,0.007795987120661374,0.31220401287933863,0.32
1288,100,PCC,SVM,0.037462128761199476,0.4874621287611995,0.45
1289,100,PCC,SVM,0.03833227425322183,0.5216677257467782,0.56
1290,100,PCC,SVM,0.03570918175410226,0.4957091817541023,0.46
1291,100,PCC,SVM,0.07311081211670334,0.5768891878832967,0.65
1292,100,PCC,SVM,0.054526435929570294,0.49547356407042975,0.55
1293,100,PCC,SVM,0.09745352821427872,0.4174535282142787,0.32
1294,100,PCC,SVM,0.04320894066826486,0.3832089406682649,0.34
1295,100,PCC,SVM,0.018996788037670687,0.3889967880376707,0.37
1296,100,PCC,SVM,0.09588424834935327,0.18588424834935327,0.09
1297,100,PCC,SVM,0.07120643805911275,0.23120643805911276,0.16
1298,100,PCC,SVM,0.04760012438781269,0.6723998756121873,0.72
1299,100,PCC,SVM,0.03015716117506967,0.4101571611750697,0.38
1300,100,PCC,SVM,0.09489281547929532,0.3048928154792953,0.21
1301,100,PCC,SVM,0.08823753814249391,0.47176246185750614,0.56
1302,100,PCC,SVM,0.13071838412615644,0.6192816158738436,0.75
1303,100,PCC,SVM,0.08191582256798208,0.3319158225679821,0.25
1304,100,PCC,SVM,0.1257572409601635,0.6942427590398365,0.82
1305,100,PCC,SVM,0.18514031257057584,0.7348596874294242,0.92
1306,100,PCC,SVM,0.10083442952533861,0.48916557047466136,0.59
1307,100,PCC,SVM,0.12051315933835605,0.539486840661644,0.66
1308,100,PCC,SVM,0.11685402430152929,0.1668540243015293,0.05
1309,100,PCC,SVM,0.15824749352382705,0.7817525064761729,0.94
1310,100,PCC,SVM,0.027054470983005285,0.4170544709830053,0.39
1311,100,PCC,SVM,0.19082805725157959,0.7291719427484205,0.92
1312,100,PCC,SVM,0.04124401569563707,0.5287559843043629,0.57
1313,100,PCC,SVM,0.1547219897036827,0.1547219897036827,0.0
1314,100,PCC,SVM,0.10041917473736764,0.13041917473736764,0.03
1315,100,PCC,SVM,0.11093434876898822,0.5690656512310118,0.68
1316,100,PCC,SVM,0.019695712738737048,0.540304287261263,0.56
1317,100,PCC,SVM,0.15759342701845233,0.17759342701845232,0.02
1318,100,PCC,SVM,0.19504105586952258,0.5449589441304774,0.74
1319,100,PCC,SVM,0.1571975505490507,0.6928024494509493,0.85
1320,100,PCC,SVM,0.04552424045039172,0.5355242404503917,0.49
1321,100,PCC,SVM,0.06772221356008418,0.5277222135600842,0.46
1322,100,PCC,SVM,0.19713780416594553,0.19713780416594553,0.0
1323,100,PCC,SVM,0.15193631604125735,0.6280636839587427,0.78
1324,100,PCC,SVM,0.009313584279093123,0.33931358427909314,0.33
1325,100,PCC,SVM,0.13763038894751456,0.7323696110524854,0.87
1326,100,PCC,SVM,0.0193095317140215,0.3893095317140215,0.37
1327,100,PCC,SVM,0.04107333664562718,0.5189266633543729,0.56
1328,100,PCC,SVM,0.07780388415181277,0.3478038841518128,0.27
1329,100,PCC,SVM,0.06105135909684248,0.22105135909684248,0.16
1330,100,PCC,SVM,0.15423011019677257,0.6157698898032274,0.77
1331,100,PCC,SVM,0.026607441138635224,0.5166074411386352,0.49
1332,100,PCC,SVM,0.01923227334979205,0.510767726650208,0.53
1333,100,PCC,SVM,0.1903592585044649,0.7696407414955351,0.96
1334,100,PCC,SVM,0.16680982669880273,0.7931901733011972,0.96
1335,100,PCC,SVM,0.16012449207267887,0.6898755079273211,0.85
1336,100,PCC,SVM,0.10227850775303965,0.28227850775303964,0.18
1337,100,PCC,SVM,0.12911365346419051,0.46088634653580945,0.59
1338,100,PCC,SVM,0.19233575494657396,0.677664245053426,0.87
1339,100,PCC,SVM,0.030186811382762913,0.4001868113827629,0.37
1340,100,PCC,SVM,0.07066198698619822,0.17066198698619822,0.1
1341,100,PCC,SVM,0.06827187755352904,0.741728122446471,0.81
1342,100,PCC,SVM,0.04101141913413775,0.43898858086586223,0.48
1343,100,PCC,SVM,0.026429810103681395,0.5335701898963187,0.56
1344,100,PCC,SVM,0.17660506200891235,0.8033949379910876,0.98
1345,100,PCC,SVM,0.07209399656460225,0.5279060034353977,0.6
1346,100,PCC,SVM,0.03023808964686331,0.4502380896468633,0.42
1347,100,PCC,SVM,0.08630066009810167,0.44630066009810165,0.36
1348,100,PCC,SVM,0.022298202970712666,0.43229820297071264,0.41
1349,100,PCC,SVM,0.07688052456412263,0.18688052456412263,0.11
1350,100,PCC,SVM,0.15218973460998586,0.6378102653900142,0.79
1351,100,PCC,SVM,0.17203703666020798,0.657962963339792,0.83
1352,100,PCC,SVM,0.08208752219158799,0.362087522191588,0.28
1353,100,PCC,SVM,0.020716758488809217,0.27928324151119077,0.3
1354,100,PCC,SVM,0.1678728836252258,0.7021271163747742,0.87
1355,100,PCC,SVM,0.1518864835062014,0.1718864835062014,0.02
1356,100,PCC,SVM,0.04434709971221468,0.47565290028778534,0.52
1357,100,PCC,SVM,0.007064031173888596,0.4670640311738886,0.46
1358,100,PCC,SVM,0.10740472834878645,0.5825952716512135,0.69
1359,100,PCC,SVM,0.06282157928941948,0.22282157928941948,0.16
1360,100,PCC,SVM,0.05509478034467363,0.6049052196553264,0.66
1361,100,PCC,SVM,0.010951167434872178,0.3809511674348722,0.37
1362,100,PCC,SVM,0.04511111135465262,0.5648888886453474,0.61
1363,100,PCC,SVM,0.13983799847995196,0.17983799847995197,0.04
1364,100,PCC,SVM,0.004000295740574811,0.46400029574057483,0.46
1365,100,PCC,SVM,0.08272982128611223,0.4372701787138878,0.52
1366,100,PCC,SVM,0.1088810026571341,0.3188810026571341,0.21
1367,100,PCC,SVM,0.15576457355634044,0.28576457355634044,0.13
1368,100,PCC,SVM,0.08856839674857908,0.2685683967485791,0.18
1369,100,PCC,SVM,0.012738529946149602,0.3527385299461496,0.34
1370,100,PCC,SVM,0.11476269329576422,0.20476269329576421,0.09
1371,100,PCC,SVM,0.2257255409622666,0.7142744590377333,0.94
1372,100,PCC,SVM,0.042199824908780104,0.3578001750912199,0.4
1373,100,PCC,SVM,0.166637873753251,0.633362126246749,0.8
1374,100,PCC,SVM,0.1695801087428781,0.8004198912571219,0.97
1375,100,PCC,SVM,0.1360972464018232,0.21609724640182318,0.08
1376,100,PCC,SVM,0.019998606656386975,0.630001393343613,0.65
1377,100,PCC,SVM,0.1696359346032077,0.7003640653967923,0.87
1378,100,PCC,SVM,0.09541966278524083,0.5345803372147592,0.63
1379,100,PCC,SVM,0.00481980814537164,0.41518019185462834,0.42
1380,100,PCC,SVM,0.04847517067876017,0.3815248293212398,0.43
1381,100,PCC,SVM,0.2144344551123095,0.2444344551123095,0.03
1382,100,PCC,SVM,0.00907916256670871,0.5209208374332913,0.53
1383,100,PCC,SVM,0.197683901796201,0.792316098203799,0.99
1384,100,PCC,SVM,0.15925613740023203,0.7907438625997679,0.95
1385,100,PCC,SVM,0.129239080608847,0.16923908060884701,0.04
1386,100,PCC,SVM,0.1130353396849717,0.5869646603150283,0.7
1387,100,PCC,SVM,0.013635458105604514,0.3136354581056045,0.3
1388,100,PCC,SVM,0.18634952981196962,0.7136504701880304,0.9
1389,100,PCC,SVM,0.17646300871170675,0.21646300871170676,0.04
1390,100,PCC,SVM,0.17005100684266405,0.759948993157336,0.93
1391,100,PCC,SVM,0.14019236061345164,0.6898076393865483,0.83
1392,100,PCC,SVM,0.12105301755199797,0.23105301755199797,0.11
1393,100,PCC,SVM,0.10549005753272524,0.15549005753272524,0.05
1394,100,PCC,SVM,0.16350217002356204,0.6664978299764379,0.83
1395,100,PCC,SVM,0.12583995169312687,0.27583995169312686,0.15
1396,100,PCC,SVM,0.03689346984096198,0.49310653015903805,0.53
1397,100,PCC,SVM,0.19678159536658035,0.7132184046334197,0.91
1398,100,PCC,SVM,0.0375774672488296,0.5224225327511705,0.56
1399,100,PCC,SVM,0.049659970266573594,0.4396599702665736,0.39
1400,100,PCC,SVM,0.021351015932034312,0.4613510159320343,0.44
1401,100,PCC,SVM,0.148150525313408,0.208150525313408,0.06
1402,100,PCC,SVM,0.1436029363681528,0.8163970636318472,0.96
1403,100,PCC,SVM,0.0049800825370560076,0.314980082537056,0.31
1404,100,PCC,SVM,0.1427215011131674,0.3227215011131674,0.18
1405,100,PCC,SVM,0.028437702472774384,0.3084377024727744,0.28
1406,100,PCC,SVM,0.2192406480839716,0.7407593519160284,0.96
1407,100,PCC,SVM,0.08176996937908265,0.17176996937908265,0.09
1408,100,PCC,SVM,0.1946806529608136,0.6653193470391864,0.86
1409,100,PCC,SVM,0.12849790186535825,0.5715020981346417,0.7
1410,100,PCC,SVM,0.12710173945128111,0.7028982605487188,0.83
1411,100,PCC,SVM,0.18536755087594559,0.7846324491240544,0.97
1412,100,PCC,SVM,0.13584682102800594,0.704153178971994,0.84
1413,100,PCC,SVM,0.23539197826166025,0.7046080217383397,0.94
1414,100,PCC,SVM,0.0919837240844352,0.2119837240844352,0.12
1415,100,PCC,SVM,0.20407363963721115,0.5859263603627889,0.79
1416,100,PCC,SVM,0.0691490186984875,0.47085098130151254,0.54
1417,100,PCC,SVM,0.0016021965097904323,0.5383978034902096,0.54
1418,100,PCC,SVM,0.18442049593214938,0.7055795040678506,0.89
1419,100,PCC,SVM,0.22865984097566694,0.741340159024333,0.97
1420,100,PCC,SVM,0.10633209780270425,0.5936679021972957,0.7
1421,100,PCC,SVM,0.054338798513655306,0.5343387985136553,0.48
1422,100,PCC,SVM,0.03231159176837933,0.48231159176837934,0.45
1423,100,PCC,SVM,0.022520175886227345,0.40252017588622735,0.38
1424,100,PCC,SVM,0.019573736164780642,0.34042626383521934,0.36
1425,100,PCC,SVM,0.029659378116407786,0.4196593781164078,0.39
1426,100,PCC,SVM,0.11618303444427112,0.19618303444427113,0.08
1427,100,PCC,SVM,0.14644926691477134,0.21644926691477134,0.07
1428,100,PCC,SVM,0.12328804432642626,0.6467119556735738,0.77
1429,100,PCC,SVM,0.02031810154673258,0.4196818984532674,0.44
1430,100,PCC,SVM,0.18642450824417878,0.7435754917558213,0.93
1431,100,PCC,SVM,0.07177126660003996,0.53822873339996,0.61
1432,100,PCC,SVM,0.15973601529819256,0.18973601529819256,0.03
1433,100,PCC,SVM,0.14720739629751214,0.29720739629751214,0.15
1434,100,PCC,SVM,0.04892020347465831,0.24892020347465832,0.2
1435,100,PCC,SVM,0.16422116101252393,0.805778838987476,0.97
1436,100,PCC,SVM,0.08569355328518738,0.29569355328518737,0.21
1437,100,PCC,SVM,0.03353044873708405,0.47646955126291596,0.51
1438,100,PCC,SVM,0.17585662898743226,0.7541433710125678,0.93
1439,100,PCC,SVM,0.20585330413340908,0.7641466958665909,0.97
1440,100,PCC,SVM,0.07601391470592192,0.30601391470592193,0.23
1441,100,PCC,SVM,0.1462156860228532,0.1862156860228532,0.04
1442,100,PCC,SVM,0.0964078530569569,0.2464078530569569,0.15
1443,100,PCC,SVM,0.12840256767559338,0.18840256767559338,0.06
1444,100,PCC,SVM,0.07910536570205473,0.26910536570205473,0.19
1445,100,PCC,SVM,0.04256372413651943,0.5174362758634806,0.56
1446,100,PCC,SVM,0.20968640503770763,0.7003135949622924,0.91
1447,100,PCC,SVM,0.013549963629074901,0.5164500363709251,0.53
1448,100,PCC,SVM,0.05668204724977932,0.5633179527502207,0.62
1449,100,PCC,SVM,0.10154929501377019,0.3015492950137702,0.2
1450,100,PCC,SVM,0.16041511662605745,0.6395848833739426,0.8
1451,100,PCC,SVM,0.05936452225050559,0.5506354777494944,0.61
1452,100,PCC,SVM,0.17863052345970554,0.6813694765402944,0.86
1453,100,PCC,SVM,0.21016210470245977,0.7298378952975402,0.94
1454,100,PCC,SVM,0.055470681515199294,0.3954706815151993,0.34
1455,100,PCC,SVM,0.13469480366479547,0.22469480366479547,0.09
1456,100,PCC,SVM,0.09052328052086941,0.3105232805208694,0.22
1457,100,PCC,SVM,0.04617086981518698,0.47617086981518697,0.43
1458,100,PCC,SVM,0.23968862039354388,0.7003113796064561,0.94
1459,100,PCC,SVM,0.02562066912970601,0.344379330870294,0.37
1460,100,PCC,SVM,0.1454323511275889,0.6245676488724111,0.77
1461,100,PCC,SVM,0.0612972793438627,0.47870272065613734,0.54
1462,100,PCC,SVM,0.12432425016641008,0.30432425016641007,0.18
1463,100,PCC,SVM,0.06106358542847212,0.38106358542847213,0.32
1464,100,PCC,SVM,0.08431880073804532,0.5656811992619547,0.65
1465,100,PCC,SVM,0.022247231375594256,0.6477527686244058,0.67
1466,100,PCC,SVM,0.04673370880024974,0.38326629119975025,0.43
1467,100,PCC,SVM,0.11635000643137347,0.33635000643137347,0.22
1468,100,PCC,SVM,0.10346749101208708,0.6165325089879129,0.72
1469,100,PCC,SVM,0.0985806134842788,0.2585806134842788,0.16
1470,100,PCC,SVM,0.19682583452612212,0.7331741654738779,0.93
1471,100,PCC,SVM,0.11295639285295755,0.29295639285295755,0.18
1472,100,PCC,SVM,0.15360237281012826,0.25360237281012826,0.1
1473,100,PCC,SVM,0.05094800341514771,0.4390519965848523,0.49
1474,100,PCC,SVM,0.014496729406882847,0.5244967294068829,0.51
1475,100,PCC,SVM,0.007125428795711153,0.49287457120428885,0.5
1476,100,PCC,SVM,0.017244359138629317,0.4472443591386293,0.43
1477,100,PCC,SVM,0.14258329677961679,0.8474167032203832,0.99
1478,100,PCC,SVM,0.01750026091118556,0.4624997390888144,0.48
1479,100,PCC,SVM,0.02603011424011742,0.44396988575988255,0.47
1480,100,PCC,SVM,0.036978588019457026,0.38302141198054296,0.42
1481,100,PCC,SVM,0.13915393777908097,0.19915393777908097,0.06
1482,100,PCC,SVM,0.0526249254408242,0.5373750745591758,0.59
1483,100,PCC,SVM,0.0780765921680778,0.2980765921680778,0.22
1484,100,PCC,SVM,0.10081420401637409,0.5291857959836259,0.63
1485,100,PCC,SVM,0.12411076223464569,0.1741107622346457,0.05
1486,100,PCC,SVM,0.257929264593701,0.722070735406299,0.98
1487,100,PCC,SVM,0.01095569719453876,0.4709556971945388,0.46
1488,100,PCC,SVM,0.1791284961497004,0.7108715038502996,0.89
1489,100,PCC,SVM,0.02039605742754319,0.49039605742754316,0.47
1490,100,PCC,SVM,0.17218715577549806,0.23218715577549806,0.06
1491,100,PCC,SVM,0.05095022763060375,0.7690497723693962,0.82
1492,100,PCC,SVM,0.06912842309008616,0.5708715769099139,0.64
1493,100,PCC,SVM,0.17168077442189333,0.6083192255781067,0.78
1494,100,PCC,SVM,0.012444722683567166,0.43244472268356715,0.42
1495,100,PCC,SVM,0.0888817948193037,0.5411182051806963,0.63
1496,100,PCC,SVM,0.16795218506102927,0.6820478149389707,0.85
1497,100,PCC,SVM,0.02724493824888541,0.6027550617511146,0.63
1498,100,PCC,SVM,0.051242835529310804,0.39124283552931083,0.34
1499,100,PCC,SVM,0.06800773308976282,0.5919922669102372,0.66
1500,100,PCC,SVM,0.09608219496401793,0.5739178050359821,0.67
1501,100,PCC,SVM,0.22629267675698939,0.7337073232430106,0.96
1502,100,PCC,SVM,0.059528381345052284,0.4295283813450523,0.37
1503,100,PCC,SVM,0.050298864311666414,0.4702988643116664,0.42
1504,100,PCC,SVM,0.19512281655290253,0.6148771834470975,0.81
1505,100,PCC,SVM,0.052141468071285446,0.44785853192871455,0.5
1506,100,PCC,SVM,0.10450748449276148,0.6254925155072385,0.73
1507,100,PCC,SVM,0.04766161829101706,0.49766161829101707,0.45
1508,100,PCC,SVM,0.06727025926858146,0.27727025926858145,0.21
1509,100,PCC,SVM,0.10227190614487902,0.637728093855121,0.74
1510,100,PCC,SVM,0.11798139956018225,0.24798139956018225,0.13
1511,100,PCC,SVM,0.0853864166994574,0.2753864166994574,0.19
1512,100,PCC,SVM,0.025654694871509398,0.6456546948715094,0.62
1513,100,PCC,SVM,0.12385084049760653,0.6161491595023935,0.74
1514,100,PCC,SVM,0.20700849196626114,0.6829915080337389,0.89
1515,100,PCC,SVM,0.10214446319299625,0.37214446319299627,0.27
1516,100,PCC,SVM,0.13546824100886934,0.24546824100886933,0.11
1517,100,PCC,SVM,0.2196731319256987,0.7303268680743012,0.95
1518,100,PCC,SVM,0.03359183321189885,0.18359183321189884,0.15
1519,100,PCC,SVM,0.06196080835398876,0.25196080835398876,0.19
1520,100,PCC,SVM,0.06589473204591983,0.3558947320459198,0.29
1521,100,PCC,SVM,0.047324111280449666,0.47267588871955035,0.52
1522,100,PCC,SVM,0.14140603783322792,0.7385939621667721,0.88
1523,100,PCC,SVM,0.10743623235947253,0.6525637676405275,0.76
1524,100,PCC,SVM,0.09478052436053552,0.6052194756394644,0.7
1525,100,PCC,SVM,0.06936465255211596,0.23936465255211598,0.17
1526,100,PCC,SVM,0.026245530071947798,0.3762455300719478,0.35
1527,100,PCC,SVM,0.011351297041288122,0.4813512970412881,0.47
1528,100,PCC,SVM,0.07921292533134006,0.21921292533134007,0.14
1529,100,PCC,SVM,0.07917495168171079,0.3491749516817108,0.27
1530,100,PCC,SVM,0.0723666986214081,0.3723666986214081,0.3
1531,100,PCC,SVM,0.09858260749389561,0.2185826074938956,0.12
1532,100,PCC,SVM,0.014911550035443755,0.5350884499645563,0.55
1533,100,PCC,SVM,0.07836785123139678,0.6216321487686032,0.7
1534,100,PCC,SVM,0.08371777346596296,0.14371777346596296,0.06
1535,100,PCC,SVM,0.08504786959733662,0.39495213040266336,0.48
1536,100,PCC,SVM,0.16078546657430037,0.6192145334256997,0.78
1537,100,PCC,SVM,0.10373755265479279,0.6362624473452072,0.74
1538,100,PCC,SVM,0.19015662132048206,0.619843378679518,0.81
1539,100,PCC,SVM,0.06045167872081675,0.5004516787208168,0.44
1540,100,PCC,SVM,0.15213243061488135,0.6678675693851186,0.82
1541,100,PCC,SVM,0.08743068966055073,0.3274306896605507,0.24
1542,100,PCC,SVM,0.030560522834935155,0.39056052283493514,0.36
1543,100,PCC,SVM,0.10065136752030987,0.2706513675203099,0.17
1544,100,PCC,SVM,0.009740301696173848,0.46974030169617387,0.46
1545,100,PCC,SVM,0.041177585540369044,0.43117758554036906,0.39
1546,100,PCC,SVM,0.1134334251897346,0.3534334251897346,0.24
1547,100,PCC,SVM,0.12874701216387097,0.621252987836129,0.75
1548,100,PCC,SVM,0.01878506327279683,0.32878506327279683,0.31
1549,100,PCC,SVM,0.04255230760468187,0.3125523076046819,0.27
1550,100,PCC,SVM,0.09762846596598862,0.22762846596598862,0.13
1551,100,PCC,SVM,0.01763963055486173,0.4476396305548617,0.43
1552,100,PCC,SVM,0.03789307403583281,0.3378930740358328,0.3
1553,100,PCC,SVM,0.05868632008632518,0.41868632008632517,0.36
1554,100,PCC,SVM,0.06400968192145848,0.2940096819214585,0.23
1555,100,PCC,SVM,0.1291280474187344,0.6308719525812656,0.76
1556,100,PCC,SVM,0.2176228409035953,0.7123771590964048,0.93
1557,100,PCC,SVM,0.004707435385987113,0.4852925646140129,0.49
1558,100,PCC,SVM,0.13926424224534262,0.5007357577546574,0.64
1559,100,PCC,SVM,0.1542998839278884,0.7057001160721116,0.86
1560,100,PCC,SVM,0.1900165973580653,0.7999834026419347,0.99
1561,100,PCC,SVM,0.0816867512807008,0.5283132487192992,0.61
1562,100,PCC,SVM,0.19781846873459485,0.6821815312654051,0.88
1563,100,PCC,SVM,0.24654771094260086,0.6534522890573992,0.9
1564,100,PCC,SVM,0.10179335971173209,0.688206640288268,0.79
1565,100,PCC,SVM,0.03521362918125398,0.42478637081874604,0.46
1566,100,PCC,SVM,0.14606665342226405,0.22606665342226406,0.08
1567,100,PCC,SVM,0.19491959095000277,0.20491959095000278,0.01
1568,100,PCC,SVM,0.007266194856237862,0.47726619485623784,0.47
1569,100,PCC,SVM,0.042753639731329174,0.4472463602686708,0.49
1570,100,PCC,SVM,0.008347556084951635,0.40834755608495166,0.4
1571,100,PCC,SVM,0.017378003785873175,0.5426219962141269,0.56
1572,100,PCC,SVM,0.006480102842279178,0.5435198971577209,0.55
1573,100,PCC,SVM,0.12693494014539985,0.7030650598546001,0.83
1574,100,PCC,SVM,0.10362232310166969,0.2036223231016697,0.1
1575,100,PCC,SVM,0.042498420840182266,0.26249842084018227,0.22
1576,100,PCC,SVM,0.16994046714052302,0.620059532859477,0.79
1577,100,PCC,SVM,0.11167120775936368,0.7283287922406363,0.84
1578,100,PCC,SVM,0.19798662780031817,0.7920133721996818,0.99
1579,100,PCC,SVM,0.21280549545522165,0.6571945045447783,0.87
1580,100,PCC,SVM,0.14482222311698578,0.7351777768830142,0.88
1581,100,PCC,SVM,0.024836906352021737,0.33483690635202173,0.31
1582,100,PCC,SVM,0.0826060614342542,0.4826060614342542,0.4
1583,100,PCC,SVM,0.0062871737386513415,0.26628717373865135,0.26
1584,100,PCC,SVM,0.0949982102112239,0.5050017897887761,0.6
1585,100,PCC,SVM,0.13235199239577655,0.7976480076042235,0.93
1586,100,PCC,SVM,0.03914294399964985,0.3791429439996499,0.34
1587,100,PCC,SVM,0.05818509257064519,0.49181490742935485,0.55
1588,100,PCC,SVM,0.058925879567991446,0.3489258795679914,0.29
1589,100,PCC,SVM,0.05898025979039809,0.2189802597903981,0.16
1590,100,PCC,SVM,0.059555441845633106,0.2495554418456331,0.19
1591,100,PCC,SVM,0.20126419420550234,0.25126419420550233,0.05
1592,100,PCC,SVM,0.1732626914215586,0.7667373085784414,0.94
1593,100,PCC,SVM,0.04354423830562837,0.4435442383056284,0.4
1594,100,PCC,SVM,0.13726804122901048,0.6927319587709895,0.83
1595,100,PCC,SVM,0.053775457070864285,0.6262245429291358,0.68
1596,100,PCC,SVM,0.0854770146409708,0.2754770146409708,0.19
1597,100,PCC,SVM,0.08294121449765482,0.25294121449765483,0.17
1598,100,PCC,SVM,0.13643163271998504,0.673568367280015,0.81
1599,100,PCC,SVM,0.03733238978655279,0.2973323897865528,0.26
1600,100,PCC,SVM,0.1509571593911906,0.7590428406088094,0.91
1601,100,PCC,SVM,0.07288588628894396,0.21288588628894398,0.14
1602,100,PCC,SVM,0.05354510710406202,0.616454892895938,0.67
1603,100,PCC,SVM,0.14768794334207747,0.6623120566579226,0.81
1604,100,PCC,SVM,0.07785704811895369,0.3078570481189537,0.23
1605,100,PCC,SVM,0.07202369265804953,0.34202369265804955,0.27
1606,100,PCC,SVM,0.2011322288984122,0.7588677711015878,0.96
1607,100,PCC,SVM,0.09361040029188528,0.3536104002918853,0.26
1608,100,PCC,SVM,0.004582708232995336,0.41541729176700465,0.42
1609,100,PCC,SVM,0.0007502252617143101,0.4307502252617143,0.43
1610,100,PCC,SVM,0.10669027370048112,0.3566902737004811,0.25
1611,100,PCC,SVM,0.11630698620244662,0.6536930137975534,0.77
1612,100,PCC,SVM,0.1517007397057899,0.6182992602942101,0.77
1613,100,PCC,SVM,0.0030790826255258086,0.3730790826255258,0.37
1614,100,PCC,SVM,0.0880701839596878,0.7419298160403122,0.83
1615,100,PCC,SVM,0.08793662553386214,0.29793662553386213,0.21
1616,100,PCC,SVM,0.16539786431859585,0.16539786431859585,0.0
1617,100,PCC,SVM,0.06672011618741325,0.5032798838125867,0.57
1618,100,PCC,SVM,0.15373379968644418,0.8362662003135558,0.99
1619,100,PCC,SVM,0.09780505663671982,0.12780505663671982,0.03
1620,100,PCC,SVM,0.08734396174080306,0.28734396174080307,0.2
1621,100,PCC,SVM,0.05885972122326166,0.45114027877673835,0.51
1622,100,PCC,SVM,0.1934065360503049,0.6065934639496952,0.8
1623,100,PCC,SVM,0.08432934607622676,0.16432934607622676,0.08
1624,100,PCC,SVM,0.026892841761906316,0.41689284176190633,0.39
1625,100,PCC,SVM,0.19739258543429794,0.542607414565702,0.74
1626,100,PCC,SVM,0.029764423025583242,0.39976442302558324,0.37
1627,100,PCC,SVM,0.059661427116637245,0.23966142711663724,0.18
1628,100,PCC,SVM,0.0955784826813158,0.2855784826813158,0.19
1629,100,PCC,SVM,0.012311761555575673,0.42231176155557565,0.41
1630,100,PCC,SVM,0.05373455056594151,0.41626544943405847,0.47
1631,100,PCC,SVM,0.16835045822408712,0.6916495417759129,0.86
1632,100,PCC,SVM,0.0807950887963308,0.5592049112036692,0.64
1633,100,PCC,SVM,0.0896602087433166,0.6003397912566834,0.69
1634,100,PCC,SVM,0.1905596816870485,0.7894403183129515,0.98
1635,100,PCC,SVM,0.0229970071092796,0.4329970071092796,0.41
1636,100,PCC,SVM,0.02443404871921262,0.3755659512807874,0.4
1637,100,PCC,SVM,0.1268514481541475,0.7931485518458525,0.92
1638,100,PCC,SVM,0.079840925903231,0.319840925903231,0.24
1639,100,PCC,SVM,0.12995431404549007,0.5900456859545099,0.72
1640,100,PCC,SVM,0.07802375434730224,0.6719762456526978,0.75
1641,100,PCC,SVM,0.14748047672276773,0.23748047672276773,0.09
1642,100,PCC,SVM,0.01226920431376316,0.44773079568623686,0.46
1643,100,PCC,SVM,0.06486025399532719,0.2648602539953272,0.2
1644,100,PCC,SVM,0.04270796198530982,0.22270796198530982,0.18
1645,100,PCC,SVM,0.015064222903813373,0.4750642229038134,0.46
1646,100,PCC,SVM,0.030384004317745406,0.31038400431774543,0.28
1647,100,PCC,SVM,0.081925959291692,0.708074040708308,0.79
1648,100,PCC,SVM,0.14531686036017877,0.7546831396398213,0.9
1649,100,PCC,SVM,0.13976932971173606,0.660230670288264,0.8
1650,100,PCC,SVM,0.0916672345260206,0.3516672345260206,0.26
1651,100,PCC,SVM,0.0233459035858532,0.2933459035858532,0.27
1652,100,PCC,SVM,0.030838312321818107,0.2808383123218181,0.25
1653,100,PCC,SVM,0.09646670265197921,0.2264667026519792,0.13
1654,100,PCC,SVM,0.18537001424988242,0.7546299857501175,0.94
1655,100,PCC,SVM,0.035908268937776266,0.36409173106222376,0.4
1656,100,PCC,SVM,0.07432242204514941,0.2943224220451494,0.22
1657,100,PCC,SVM,0.18458428406308924,0.6554157159369107,0.84
1658,100,PCC,SVM,0.0073426851713092045,0.3826573148286908,0.39
1659,100,PCC,SVM,0.12298383985443109,0.1529838398544311,0.03
1660,100,PCC,SVM,0.08719545721180513,0.24719545721180514,0.16
1661,100,PCC,SVM,0.08292671128511964,0.5470732887148804,0.63
1662,100,PCC,SVM,0.14956948723788244,0.6304305127621176,0.78
1663,100,PCC,SVM,0.07435507772957681,0.2843550777295768,0.21
1664,100,PCC,SVM,0.16626095954378828,0.7437390404562118,0.91
1665,100,PCC,SVM,0.1689695459735321,0.6810304540264679,0.85
1666,100,PCC,SVM,0.11214647331514482,0.7278535266848551,0.84
1667,100,PCC,SVM,0.1450265087518456,0.3650265087518456,0.22
1668,100,PCC,SVM,0.15219123841105014,0.20219123841105013,0.05
1669,100,PCC,SVM,0.18986910200010443,0.6701308979998956,0.86
1670,100,PCC,SVM,0.08520371222541023,0.3852037122254102,0.3
1671,100,PCC,SVM,0.05450426005260245,0.5554957399473975,0.61
1672,100,PCC,SVM,0.10403702789611247,0.6459629721038875,0.75
1673,100,PCC,SVM,0.07963744251911217,0.19963744251911217,0.12
1674,100,PCC,SVM,0.09442416707986168,0.6855758329201384,0.78
1675,100,PCC,SVM,0.19680802389631324,0.7331919761036868,0.93
1676,100,PCC,SVM,0.06192706915920676,0.6580729308407932,0.72
1677,100,PCC,SVM,0.003405141370315834,0.43659485862968417,0.44
1678,100,PCC,SVM,0.18588922170478095,0.684110778295219,0.87
1679,100,PCC,SVM,0.04941466189332028,0.47058533810667974,0.52
1680,100,PCC,SVM,0.0808372763283488,0.6591627236716512,0.74
1681,100,PCC,SVM,0.12577227821744308,0.6942277217825569,0.82
1682,100,PCC,SVM,0.07282133351916353,0.6671786664808365,0.74
1683,100,PCC,SVM,0.02619356025878916,0.3061935602587892,0.28
1684,100,PCC,SVM,0.11697989041502939,0.2269798904150294,0.11
1685,100,PCC,SVM,0.029822663491207074,0.2598226634912071,0.23
1686,100,PCC,SVM,0.016545636721441492,0.5165456367214415,0.5
1687,100,PCC,SVM,0.033000110237668856,0.46699988976233114,0.5
1688,100,PCC,SVM,0.10332052602501773,0.4766794739749822,0.58
1689,100,PCC,SVM,0.008427937026165677,0.3984279370261657,0.39
1690,100,PCC,SVM,0.07991290760962255,0.7000870923903775,0.78
1691,100,PCC,SVM,0.14680739514426244,0.7631926048557376,0.91
1692,100,PCC,SVM,0.0664133006997612,0.3064133006997612,0.24
1693,100,PCC,SVM,0.05920656239671929,0.6707934376032807,0.73
1694,100,PCC,SVM,0.11081636581414012,0.5591836341858599,0.67
1695,100,PCC,SVM,0.052213283616837636,0.4677867163831624,0.52
1696,100,PCC,SVM,0.05838734478064994,0.23838734478064993,0.18
1697,100,PCC,SVM,0.11587193689332753,0.6741280631066725,0.79
1698,100,PCC,SVM,0.2065826741986886,0.7534173258013114,0.96
1699,100,PCC,SVM,0.15977310803609857,0.5602268919639014,0.72
1700,100,PCC,SVM,0.20159363794337581,0.7084063620566242,0.91
1701,100,PCC,SVM,0.2037867296481226,0.7762132703518774,0.98
1702,100,PCC,SVM,0.002259481713769773,0.35225948171376975,0.35
1703,100,PCC,SVM,0.10898945966002527,0.5210105403399747,0.63
1704,100,PCC,SVM,0.040082551927243304,0.5100825519272433,0.47
1705,100,PCC,SVM,0.18479045310382136,0.7952095468961786,0.98
1706,100,PCC,SVM,0.09363920195285907,0.18363920195285907,0.09
1707,100,PCC,SVM,0.04814924054680603,0.458149240546806,0.41
1708,100,PCC,SVM,0.19405574277037407,0.6759442572296259,0.87
1709,100,PCC,SVM,0.07271977977659605,0.3527197797765961,0.28
1710,100,PCC,SVM,0.18183953802959663,0.5981604619704034,0.78
1711,100,PCC,SVM,0.013850873055575752,0.39385087305557576,0.38
1712,100,PCC,SVM,0.16323446357708316,0.8067655364229168,0.97
1713,100,PCC,SVM,0.1992761836406678,0.6807238163593322,0.88
1714,100,PCC,SVM,0.04822152862251006,0.34822152862251005,0.3
1715,100,PCC,SVM,0.1447531106730171,0.6252468893269829,0.77
1716,100,PCC,SVM,0.011168432462098532,0.3188315675379015,0.33
1717,100,PCC,SVM,0.032500137885575375,0.5674998621144246,0.6
1718,100,PCC,SVM,0.08170698700508527,0.5682930129949147,0.65
1719,100,PCC,SVM,0.12512623165356962,0.6948737683464303,0.82
1720,100,PCC,SVM,0.139949805166804,0.159949805166804,0.02
1721,100,PCC,SVM,0.07758342698882073,0.29758342698882073,0.22
1722,100,PCC,SVM,0.13635518850042838,0.5736448114995716,0.71
1723,100,PCC,SVM,0.08127604160739094,0.4787239583926091,0.56
1724,100,PCC,SVM,0.022346242444753417,0.4676537575552466,0.49
1725,100,PCC,SVM,0.15194046787490173,0.20194046787490172,0.05
1726,100,PCC,SVM,0.009507813034456802,0.3495078130344568,0.34
1727,100,PCC,SVM,0.14140793369255045,0.7185920663074495,0.86
1728,100,PCC,SVM,0.16233952408756394,0.19233952408756394,0.03
1729,100,PCC,SVM,0.05899075256374442,0.44899075256374443,0.39
1730,100,PCC,SVM,0.22941947372155636,0.7105805262784436,0.94
1731,100,PCC,SVM,0.12295973215125212,0.17295973215125213,0.05
1732,100,PCC,SVM,0.09904687322883077,0.6409531267711692,0.74
1733,100,PCC,SVM,0.078578850950078,0.328578850950078,0.25
1734,100,PCC,SVM,0.17475605170480035,0.6852439482951996,0.86
1735,100,PCC,SVM,0.11131978927755815,0.6286802107224418,0.74
1736,100,PCC,SVM,0.1820920142677116,0.6979079857322884,0.88
1737,100,PCC,SVM,0.08323314084999114,0.29323314084999114,0.21
1738,100,PCC,SVM,0.06755155518557371,0.4624484448144263,0.53
1739,100,PCC,SVM,0.10630819098791167,0.6636918090120884,0.77
1740,100,PCC,SVM,0.09787859759630835,0.33787859759630834,0.24
1741,100,PCC,SVM,0.10073862047841783,0.33073862047841784,0.23
1742,100,PCC,SVM,0.19921284015243118,0.21921284015243117,0.02
1743,100,PCC,SVM,0.190753522108426,0.759246477891574,0.95
1744,100,PCC,SVM,0.0625585250705083,0.6474414749294917,0.71
1745,100,PCC,SVM,0.06631379944724825,0.5636862005527518,0.63
1746,100,PCC,SVM,0.1081952236001994,0.6318047763998006,0.74
1747,100,PCC,SVM,0.05352449414540961,0.4764755058545904,0.53
1748,100,PCC,SVM,0.012742731327512635,0.45725726867248734,0.47
1749,100,PCC,SVM,0.010255296564140981,0.450255296564141,0.44
1750,100,PCC,SVM,0.08607363950001723,0.5539263604999828,0.64
1751,100,PCC,SVM,0.04288744176726014,0.24288744176726015,0.2
1752,100,PCC,SVM,0.1390703300194841,0.7409296699805159,0.88
1753,100,PCC,SVM,0.0849267358391208,0.7250732641608792,0.81
1754,100,PCC,SVM,0.024643402067440034,0.36464340206744006,0.34
1755,100,PCC,SVM,0.050259689044682476,0.5197403109553175,0.57
1756,100,PCC,SVM,0.09931965807315157,0.2393196580731516,0.14
1757,100,PCC,SVM,0.1833065348851971,0.7866934651148029,0.97
1758,100,PCC,SVM,0.1368529314755016,0.7631470685244984,0.9
1759,100,PCC,SVM,0.22343309600296957,0.6965669039970305,0.92
1760,100,PCC,SVM,0.0459342869323926,0.3759342869323926,0.33
1761,100,PCC,SVM,0.07384308669827838,0.23384308669827839,0.16
1762,100,PCC,SVM,0.03523462939485417,0.24523462939485416,0.21
1763,100,PCC,SVM,0.13486943761944992,0.2248694376194499,0.09
1764,100,PCC,SVM,0.1036942039773551,0.2236942039773551,0.12
1765,100,PCC,SVM,0.12236328576738398,0.19236328576738398,0.07
1766,100,PCC,SVM,0.17594611954961814,0.8040538804503818,0.98
1767,100,PCC,SVM,0.10572892013289342,0.17572892013289343,0.07
1768,100,PCC,SVM,0.13332467003319437,0.2633246700331944,0.13
1769,100,PCC,SVM,0.1723254336090646,0.6476745663909353,0.82
1770,100,PCC,SVM,0.09102736298480407,0.4889726370151959,0.58
1771,100,PCC,SVM,0.15922169249767804,0.610778307502322,0.77
1772,100,PCC,SVM,0.0873081948459401,0.5426918051540599,0.63
1773,100,PCC,SVM,0.15564677614877243,0.7243532238512276,0.88
1774,100,PCC,SVM,0.039905799886036486,0.5900942001139635,0.63
1775,100,PCC,SVM,0.05188868108724243,0.4681113189127576,0.52
1776,100,PCC,SVM,0.05677998246960725,0.6532200175303927,0.71
1777,100,PCC,SVM,0.05068601781836063,0.49068601781836063,0.44
1778,100,PCC,SVM,0.030233764787392092,0.3702337647873921,0.34
1779,100,PCC,SVM,0.05638926045241016,0.40361073954758986,0.46
1780,100,PCC,SVM,0.11149786798382474,0.27149786798382475,0.16
1781,100,PCC,SVM,0.08992460645559419,0.7000753935444058,0.79
1782,100,PCC,SVM,0.005471619866413147,0.26547161986641316,0.26
1783,100,PCC,SVM,0.06107246606847244,0.21107246606847244,0.15
1784,100,PCC,SVM,0.0762365205866164,0.3162365205866164,0.24
1785,100,PCC,SVM,0.1523910052095968,0.6876089947904032,0.84
1786,100,PCC,SVM,0.05944828115239564,0.38944828115239566,0.33
1787,100,PCC,SVM,0.13346113736775067,0.5465388626322494,0.68
1788,100,PCC,SVM,0.21388555658127317,0.6361144434187268,0.85
1789,100,PCC,SVM,0.1746217988452918,0.2446217988452918,0.07
1790,100,PCC,SVM,0.12049564279577185,0.6395043572042282,0.76
1791,100,PCC,SVM,0.0662520055174099,0.3662520055174099,0.3
1792,100,PCC,SVM,0.05688331626478102,0.266883316264781,0.21
1793,100,PCC,SVM,0.1195524156448925,0.5604475843551076,0.68
1794,100,PCC,SVM,0.19336680247990456,0.7066331975200955,0.9
1795,100,PCC,SVM,0.07553379433856122,0.3655337943385612,0.29
1796,100,PCC,SVM,0.03059979449982897,0.5294002055001711,0.56
1797,100,PCC,SVM,0.02920928496073444,0.30920928496073447,0.28
1798,100,PCC,SVM,0.03756335862778215,0.5124366413722179,0.55
1799,100,PCC,SVM,0.06891249169504954,0.5510875083049505,0.62
1800,100,PCC,SVM,0.07060303134231427,0.5393969686576857,0.61
1801,100,PCC,SVM,0.06139854194973193,0.5586014580502681,0.62
1802,100,PCC,SVM,0.10262679258583562,0.23262679258583563,0.13
1803,100,PCC,SVM,0.104113100235659,0.5858868997643409,0.69
1804,100,PCC,SVM,0.12452687291164599,0.545473127088354,0.67
1805,100,PCC,SVM,0.09776271476186604,0.582237285238134,0.68
1806,100,PCC,SVM,0.1051632783787505,0.1751632783787505,0.07
1807,100,PCC,SVM,0.014228639302562573,0.4542286393025626,0.44
1808,100,PCC,SVM,0.0008086409077218137,0.40080864090772184,0.4
1809,100,PCC,SVM,0.1034230611091541,0.1834230611091541,0.08
1810,100,PCC,SVM,0.08614442288647398,0.306144422886474,0.22
1811,100,PCC,SVM,0.007557669942613365,0.43244233005738664,0.44
1812,100,PCC,SVM,0.08437766978974548,0.6556223302102545,0.74
1813,100,PCC,SVM,0.03129078005522687,0.2612907800552269,0.23
1814,100,PCC,SVM,0.16396962118789438,0.6560303788121056,0.82
1815,100,PCC,SVM,0.04121726425807126,0.4987827357419288,0.54
1816,100,PCC,SVM,0.048382373229869824,0.7116176267701302,0.76
1817,100,PCC,SVM,0.022470071519988033,0.492470071519988,0.47
1818,100,PCC,SVM,0.016405474840170964,0.506405474840171,0.49
1819,100,PCC,SVM,0.10027634765112525,0.5097236523488747,0.61
1820,100,PCC,SVM,0.18239264693043855,0.7376073530695615,0.92
1821,100,PCC,SVM,0.05130875259787193,0.43869124740212806,0.49
1822,100,PCC,SVM,0.12098152355877556,0.39901847644122446,0.52
1823,100,PCC,SVM,0.07175446156364274,0.5282455384363572,0.6
1824,100,PCC,SVM,0.09818258442372718,0.6318174155762728,0.73
1825,100,PCC,SVM,0.13993551651020186,0.20993551651020187,0.07
1826,100,PCC,SVM,0.03319208183817146,0.47680791816182855,0.51
1827,100,PCC,SVM,0.02370334863308371,0.4562966513669163,0.48
1828,100,PCC,SVM,0.19232289400183256,0.7276771059981675,0.92
1829,100,PCC,SVM,0.009753417834703682,0.4802465821652963,0.49
1830,100,PCC,SVM,0.025537660602855616,0.48553766060285564,0.46
1831,100,PCC,SVM,0.1539899519836474,0.8060100480163526,0.96
1832,100,PCC,SVM,0.0010313189452599292,0.45103131894525994,0.45
1833,100,PCC,SVM,0.05463492938951414,0.23463492938951414,0.18
1834,100,PCC,SVM,0.03152694650199664,0.24152694650199663,0.21
1835,100,PCC,SVM,0.08767932801537431,0.1776793280153743,0.09
1836,100,PCC,SVM,0.18134458456637964,0.18134458456637964,0.0
1837,100,PCC,SVM,0.031120777193368643,0.39887922280663135,0.43
1838,100,PCC,SVM,0.1510306667241842,0.6089693332758158,0.76
1839,100,PCC,SVM,0.13214498904603056,0.5978550109539694,0.73
1840,100,PCC,SVM,0.17255929318858187,0.20255929318858187,0.03
1841,100,PCC,SVM,0.06158994682258506,0.498410053177415,0.56
1842,100,PCC,SVM,0.0709011333350742,0.2209011333350742,0.15
1843,100,PCC,SVM,0.1607775397036313,0.7792224602963687,0.94
1844,100,PCC,SVM,0.05183426489423376,0.21183426489423376,0.16
1845,100,PCC,SVM,0.11454458563237713,0.5054554143676229,0.62
1846,100,PCC,SVM,0.04070582100778103,0.36070582100778104,0.32
1847,100,PCC,SVM,0.04284042964009205,0.597159570359908,0.64
1848,100,PCC,SVM,0.006743497660723186,0.41674349766072316,0.41
1849,100,PCC,SVM,0.12807065443067234,0.6219293455693277,0.75
1850,100,PCC,SVM,0.04562594064055078,0.2756259406405508,0.23
1851,100,PCC,SVM,0.16401273074903533,0.7359872692509647,0.9
1852,100,PCC,SVM,0.006256592971717767,0.5062565929717178,0.5
1853,100,PCC,SVM,0.15094912188982712,0.5990508781101729,0.75
1854,100,PCC,SVM,0.21038407267993586,0.6296159273200641,0.84
1855,100,PCC,SVM,0.21609728110620774,0.7739027188937923,0.99
1856,100,PCC,SVM,0.051661343440679214,0.2716613434406792,0.22
1857,100,PCC,SVM,0.07926705220410368,0.3592670522041037,0.28
1858,100,PCC,SVM,0.048512664910913716,0.2985126649109137,0.25
1859,100,PCC,SVM,0.07332948155563412,0.33332948155563413,0.26
1860,100,PCC,SVM,0.0638044668813319,0.5161955331186681,0.58
1861,100,PCC,SVM,0.21520246966627699,0.774797530333723,0.99
1862,100,PCC,SVM,0.22069261242020344,0.7693073875797966,0.99
1863,100,PCC,SVM,0.06418240582876322,0.4558175941712368,0.52
1864,100,PCC,SVM,0.053085359230235274,0.5769146407697647,0.63
1865,100,PCC,SVM,0.15434019575704505,0.6956598042429549,0.85
1866,100,PCC,SVM,0.17169444041847748,0.7583055595815226,0.93
1867,100,PCC,SVM,0.08116629326721259,0.2811662932672126,0.2
1868,100,PCC,SVM,0.07977942697488993,0.4402205730251101,0.52
1869,100,PCC,SVM,0.1420754779685196,0.6879245220314804,0.83
1870,100,PCC,SVM,0.03427374388789539,0.3342737438878954,0.3
1871,100,PCC,SVM,0.03704189472253494,0.39295810527746505,0.43
1872,100,PCC,SVM,0.19283195114703633,0.7871680488529637,0.98
1873,100,PCC,SVM,0.23389328904164075,0.7461067109583592,0.98
1874,100,PCC,SVM,0.1752744892551511,0.7247255107448489,0.9
1875,100,PCC,SVM,0.1320005192375432,0.6579994807624568,0.79
1876,100,PCC,SVM,0.04921184696589048,0.3092118469658905,0.26
1877,100,PCC,SVM,0.00790075438556731,0.3279007543855673,0.32
1878,100,PCC,SVM,0.01019975361839498,0.5298002463816051,0.54
1879,100,PCC,SVM,0.04583897580783691,0.5141610241921631,0.56
1880,100,PCC,SVM,0.009615189369569843,0.5096151893695698,0.5
1881,100,PCC,SVM,0.07056199670361996,0.55943800329638,0.63
1882,100,PCC,SVM,0.04067521304394173,0.3593247869560583,0.4
1883,100,PCC,SVM,0.1364345848068408,0.6035654151931592,0.74
1884,100,PCC,SVM,0.05613097332760536,0.3861309733276054,0.33
1885,100,PCC,SVM,0.012393639682949875,0.31760636031705014,0.33
1886,100,PCC,SVM,0.10935981577936699,0.22935981577936698,0.12
1887,100,PCC,SVM,0.08938427343904481,0.2693842734390448,0.18
1888,100,PCC,SVM,0.16373937481421563,0.6862606251857843,0.85
1889,100,PCC,SVM,0.058251749274372266,0.38174825072562774,0.44
1890,100,PCC,SVM,0.05355564879849348,0.2735556487984935,0.22
1891,100,PCC,SVM,0.11384249949337777,0.6361575005066222,0.75
1892,100,PCC,SVM,0.04765853833216638,0.5023414616678337,0.55
1893,100,PCC,SVM,0.22285853028691494,0.24285853028691493,0.02
1894,100,PCC,SVM,0.09437608806581316,0.40437608806581316,0.31
1895,100,PCC,SVM,0.10423994361135056,0.27423994361135057,0.17
1896,100,PCC,SVM,0.06082718125162312,0.5891728187483769,0.65
1897,100,PCC,SVM,0.08859383732557147,0.3585938373255715,0.27
1898,100,PCC,SVM,0.13145035341990927,0.19145035341990926,0.06
1899,100,PCC,SVM,0.15950767711084168,0.20950767711084167,0.05
1900,100,PCC,SVM,0.040768164711464605,0.5392318352885354,0.58
1901,100,PCC,SVM,0.17097637414491323,0.19097637414491322,0.02
1902,100,PCC,SVM,0.1644403137384871,0.6755596862615129,0.84
1903,100,PCC,SVM,0.1063115402991319,0.2563115402991319,0.15
1904,100,PCC,SVM,0.032965050062836676,0.5670349499371633,0.6
1905,100,PCC,SVM,0.008141321075289754,0.44814132107528976,0.44
1906,100,PCC,SVM,0.009703753175351715,0.4497037531753517,0.44
1907,100,PCC,SVM,0.1000318379187291,0.1700318379187291,0.07
1908,100,PCC,SVM,0.09197796156028781,0.7080220384397122,0.8
1909,100,PCC,SVM,0.15240332768143106,0.737596672318569,0.89
1910,100,PCC,SVM,0.11254931486002102,0.12254931486002102,0.01
1911,100,PCC,SVM,0.012013202089342617,0.1579867979106574,0.17
1912,100,PCC,SVM,0.15409053903132075,0.7459094609686793,0.9
1913,100,PCC,SVM,0.019880276986200318,0.5201197230137997,0.54
1914,100,PCC,SVM,0.008384661057588061,0.15838466105758806,0.15
1915,100,PCC,SVM,0.022636924756473303,0.22263692475647331,0.2
1916,100,PCC,SVM,0.0845094552336324,0.5654905447663676,0.65
1917,100,PCC,SVM,0.12308436776423015,0.5969156322357698,0.72
1918,100,PCC,SVM,0.05931392498438981,0.5306860750156102,0.59
1919,100,PCC,SVM,0.22286870648349177,0.7271312935165082,0.95
1920,100,PCC,SVM,0.005616964004558023,0.48438303599544197,0.49
1921,100,PCC,SVM,0.08776347839618176,0.38776347839618175,0.3
1922,100,PCC,SVM,0.0053439945517370635,0.47534399455173704,0.47
1923,100,PCC,SVM,0.0034474428961769332,0.3534474428961769,0.35
1924,100,PCC,SVM,0.04790985002701595,0.26790985002701595,0.22
1925,100,PCC,SVM,0.12803302169002456,0.16803302169002457,0.04
1926,100,PCC,SVM,0.07118095263540025,0.42118095263540023,0.35
1927,100,PCC,SVM,0.12555885441169778,0.5844411455883022,0.71
1928,100,PCC,SVM,0.12977690713107548,0.1397769071310755,0.01
1929,100,PCC,SVM,0.018338498986673946,0.41166150101332605,0.43
1930,100,PCC,SVM,0.04179363390933144,0.5982063660906686,0.64
1931,100,PCC,SVM,0.06584877846063131,0.5441512215393687,0.61
1932,100,PCC,SVM,0.10966795550712094,0.6603320444928791,0.77
1933,100,PCC,SVM,0.22527013489080594,0.5847298651091941,0.81
1934,100,PCC,SVM,0.07839899899776037,0.6316010010022396,0.71
1935,100,PCC,SVM,0.10788270030866626,0.20788270030866626,0.1
1936,100,PCC,SVM,0.0259024460872318,0.4440975539127682,0.47
1937,100,PCC,SVM,0.09323151811619923,0.5067684818838007,0.6
1938,100,PCC,SVM,0.082115277938755,0.322115277938755,0.24
1939,100,PCC,SVM,0.16963522963232264,0.20963522963232264,0.04
1940,100,PCC,SVM,0.008777558025405197,0.2287775580254052,0.22
1941,100,PCC,SVM,0.02822137284076265,0.42177862715923736,0.45
1942,100,PCC,SVM,0.045292792060844134,0.36470720793915584,0.41
1943,100,PCC,SVM,0.07618867660445275,0.24618867660445276,0.17
1944,100,PCC,SVM,0.09948991596625645,0.7205100840337435,0.82
1945,100,PCC,SVM,0.2001126056860314,0.7198873943139686,0.92
1946,100,PCC,SVM,0.08134249775999536,0.28134249775999537,0.2
1947,100,PCC,SVM,0.1455871116767956,0.7744128883232044,0.92
1948,100,PCC,SVM,0.14159847945225687,0.15159847945225688,0.01
1949,100,PCC,SVM,0.11901652517721761,0.8009834748227824,0.92
1950,100,PCC,SVM,0.2055528039745702,0.7444471960254297,0.95
1951,100,PCC,SVM,0.12964082144806285,0.13964082144806286,0.01
1952,100,PCC,SVM,0.11261301819198954,0.6473869818080105,0.76
1953,100,PCC,SVM,0.2083121624246207,0.7616878375753793,0.97
1954,100,PCC,SVM,0.1381649095268782,0.7618350904731218,0.9
1955,100,PCC,SVM,0.23934510333737025,0.7306548966626297,0.97
1956,100,PCC,SVM,0.06516708129781645,0.4848329187021836,0.55
1957,100,PCC,SVM,0.15497063654064,0.22497063654064,0.07
1958,100,PCC,SVM,0.19333452591909195,0.646665474080908,0.84
1959,100,PCC,SVM,0.07269685173204876,0.5373031482679512,0.61
1960,100,PCC,SVM,0.07248453803651711,0.5375154619634829,0.61
1961,100,PCC,SVM,0.011047382569723985,0.398952617430276,0.41
1962,100,PCC,SVM,0.03809023003849632,0.5319097699615036,0.57
1963,100,PCC,SVM,0.14465646989530226,0.29465646989530225,0.15
1964,100,PCC,SVM,0.08738304970284538,0.6426169502971546,0.73
1965,100,PCC,SVM,0.11628739884110006,0.18628739884110007,0.07
1966,100,PCC,SVM,0.11589893814900742,0.6041010618509925,0.72
1967,100,PCC,SVM,0.13512820621946098,0.704871793780539,0.84
1968,100,PCC,SVM,0.060649900623444386,0.4093500993765556,0.47
1969,100,PCC,SVM,0.02960959642061567,0.5296095964206157,0.5
1970,100,PCC,SVM,0.011540994403890448,0.32154099440389045,0.31
1971,100,PCC,SVM,0.17982088169548938,0.7801791183045106,0.96
1972,100,PCC,SVM,0.08383089198020643,0.6461691080197935,0.73
1973,100,PCC,SVM,0.05876568491076206,0.41876568491076205,0.36
1974,100,PCC,SVM,0.1345047930573953,0.3045047930573953,0.17
1975,100,PCC,SVM,0.06302882246946614,0.27302882246946614,0.21
1976,100,PCC,SVM,0.02276834562058838,0.4827683456205884,0.46
1977,100,PCC,SVM,0.18751517020048336,0.7524848297995166,0.94
1978,100,PCC,SVM,0.12055864779370895,0.609441352206291,0.73
1979,100,PCC,SVM,0.09593657131584818,0.30593657131584817,0.21
1980,100,PCC,SVM,0.13029320657025367,0.7197067934297463,0.85
1981,100,PCC,SVM,0.005153412283563752,0.36484658771643624,0.37
1982,100,PCC,SVM,0.13560197839001065,0.7143980216099893,0.85
1983,100,PCC,SVM,0.020433816338555205,0.21956618366144479,0.24
1984,100,PCC,SVM,0.058327298248592174,0.5516727017514078,0.61
1985,100,PCC,SVM,0.1588550935582297,0.7611449064417704,0.92
1986,100,PCC,SVM,0.06890767736216541,0.3189076773621654,0.25
1987,100,PCC,SVM,0.0622186757157871,0.6277813242842128,0.69
1988,100,PCC,SVM,0.20381094818604906,0.7761890518139509,0.98
1989,100,PCC,SVM,0.12064435499276169,0.2706443549927617,0.15
1990,100,PCC,SVM,0.1405460615044753,0.2205460615044753,0.08
1991,100,PCC,SVM,0.1230474815525805,0.5469525184474195,0.67
1992,100,PCC,SVM,0.028455007742389682,0.3584550077423897,0.33
1993,100,PCC,SVM,0.12013452504681363,0.19013452504681363,0.07
1994,100,PCC,SVM,0.024038806634882726,0.44596119336511725,0.47
1995,100,PCC,SVM,0.08100602227749487,0.6689939777225051,0.75
1996,100,PCC,SVM,0.06461179663360062,0.34461179663360064,0.28
1997,100,PCC,SVM,0.03013749959744122,0.36013749959744124,0.33
1998,100,PCC,SVM,0.16962778323465144,0.6703722167653485,0.84
1999,100,PCC,SVM,0.024513288052208426,0.4954867119477916,0.52
0,200,PCC,SVM,0.13234962534842287,0.6376503746515771,0.77
1,200,PCC,SVM,0.010014697843478193,0.4450146978434782,0.435
2,200,PCC,SVM,0.11357011946523854,0.7414298805347614,0.855
3,200,PCC,SVM,0.08054303567669296,0.614456964323307,0.695
4,200,PCC,SVM,0.10403669461452794,0.19403669461452794,0.09
5,200,PCC,SVM,0.22926079950176115,0.7457392004982388,0.975
6,200,PCC,SVM,0.06839603715568354,0.6916039628443165,0.76
7,200,PCC,SVM,0.12251767659655943,0.6624823234034406,0.785
8,200,PCC,SVM,0.10452364954454407,0.22952364954454407,0.125
9,200,PCC,SVM,0.01039742401341337,0.43960257598658664,0.45
10,200,PCC,SVM,0.02080284695173168,0.3908028469517317,0.37
11,200,PCC,SVM,0.2106305808817961,0.714369419118204,0.925
12,200,PCC,SVM,0.04632007486565637,0.5936799251343436,0.64
13,200,PCC,SVM,0.13012704311658407,0.6898729568834159,0.82
14,200,PCC,SVM,0.0002726394979090663,0.44027263949790907,0.44
15,200,PCC,SVM,0.07252546085982017,0.2975254608598202,0.225
16,200,PCC,SVM,0.04179085088604162,0.5082091491139584,0.55
17,200,PCC,SVM,0.11513876222448918,0.17513876222448918,0.06
18,200,PCC,SVM,0.14731524932675633,0.6776847506732436,0.825
19,200,PCC,SVM,0.07748573196811337,0.5525142680318866,0.63
20,200,PCC,SVM,0.10258360359223773,0.6524163964077623,0.755
21,200,PCC,SVM,0.03308471782718542,0.3830847178271854,0.35
22,200,PCC,SVM,0.2151848033672299,0.7548151966327701,0.97
23,200,PCC,SVM,0.16654458492103208,0.7234554150789679,0.89
24,200,PCC,SVM,0.11582221187556996,0.6591777881244301,0.775
25,200,PCC,SVM,0.0991839857489516,0.2891839857489516,0.19
26,200,PCC,SVM,0.01352895179151753,0.4514710482084825,0.465
27,200,PCC,SVM,0.14431831998493086,0.18431831998493087,0.04
28,200,PCC,SVM,0.08482426163638385,0.23482426163638384,0.15
29,200,PCC,SVM,0.08584029485880285,0.5941597051411972,0.68
30,200,PCC,SVM,0.08967458860033628,0.6503254113996637,0.74
31,200,PCC,SVM,0.19874305857545338,0.7662569414245466,0.965
32,200,PCC,SVM,0.02663633890563366,0.35163633890563367,0.325
33,200,PCC,SVM,0.028532084077021846,0.39853208407702184,0.37
34,200,PCC,SVM,0.031257450107223084,0.4962574501072231,0.465
35,200,PCC,SVM,0.11297202058680694,0.29797202058680694,0.185
36,200,PCC,SVM,0.13651410587263607,0.26151410587263607,0.125
37,200,PCC,SVM,0.016279911613316544,0.45872008838668343,0.475
38,200,PCC,SVM,0.08876778360526663,0.31376778360526664,0.225
39,200,PCC,SVM,0.08407307109302808,0.580926928906972,0.665
40,200,PCC,SVM,0.009797655641757441,0.44479765564175744,0.435
41,200,PCC,SVM,0.14318577036637747,0.6868142296336225,0.83
42,200,PCC,SVM,0.12558763090836433,0.5744123690916356,0.7
43,200,PCC,SVM,0.05852871689525935,0.36852871689525935,0.31
44,200,PCC,SVM,0.14114082406900874,0.6888591759309912,0.83
45,200,PCC,SVM,0.13144764384007623,0.6685523561599238,0.8
46,200,PCC,SVM,0.04146185693331489,0.4264618569333149,0.385
47,200,PCC,SVM,0.05191744707289064,0.3369174470728906,0.285
48,200,PCC,SVM,0.07904606702611694,0.6009539329738831,0.68
49,200,PCC,SVM,0.09307238404194026,0.22807238404194027,0.135
50,200,PCC,SVM,0.09671897003878055,0.29171897003878056,0.195
51,200,PCC,SVM,0.18983283742997348,0.19483283742997348,0.005
52,200,PCC,SVM,0.13246310277405748,0.6525368972259425,0.785
53,200,PCC,SVM,0.1011594695701512,0.5588405304298488,0.66
54,200,PCC,SVM,0.10082754705897279,0.6041724529410272,0.705
55,200,PCC,SVM,0.11652982835444681,0.6634701716455532,0.78
56,200,PCC,SVM,0.04194006673028172,0.4130599332697183,0.455
57,200,PCC,SVM,0.002655252434451194,0.5676552524344511,0.565
58,200,PCC,SVM,0.07459978034457015,0.20959978034457016,0.135
59,200,PCC,SVM,0.0811226480584812,0.1911226480584812,0.11
60,200,PCC,SVM,0.09394264627065729,0.5710573537293427,0.665
61,200,PCC,SVM,0.014325769691430956,0.455674230308569,0.47
62,200,PCC,SVM,0.026432266703829366,0.5385677332961706,0.565
63,200,PCC,SVM,0.06925872472163863,0.6907412752783614,0.76
64,200,PCC,SVM,0.11145556640594023,0.5185444335940598,0.63
65,200,PCC,SVM,0.026531749947281025,0.523468250052719,0.55
66,200,PCC,SVM,0.061294592673688586,0.49370540732631146,0.555
67,200,PCC,SVM,0.0951934499179492,0.3951934499179492,0.3
68,200,PCC,SVM,0.11814047360762517,0.14814047360762517,0.03
69,200,PCC,SVM,0.017394391013019983,0.41760560898698,0.435
70,200,PCC,SVM,0.07099318026964793,0.2809931802696479,0.21
71,200,PCC,SVM,0.038523821242345324,0.44352382124234535,0.405
72,200,PCC,SVM,0.1708882671290307,0.6791117328709693,0.85
73,200,PCC,SVM,0.08920935270563277,0.3192093527056328,0.23
74,200,PCC,SVM,0.15167257225127537,0.20667257225127536,0.055
75,200,PCC,SVM,0.06821557748556084,0.34821557748556087,0.28
76,200,PCC,SVM,0.061226681600656085,0.35122668160065607,0.29
77,200,PCC,SVM,0.051728725479645354,0.6082712745203547,0.66
78,200,PCC,SVM,0.049346019723257806,0.5056539802767422,0.555
79,200,PCC,SVM,0.15477304018687732,0.6252269598131227,0.78
80,200,PCC,SVM,0.10669974103571733,0.5533002589642827,0.66
81,200,PCC,SVM,0.04724176376379857,0.4522417637637986,0.405
82,200,PCC,SVM,0.09584705858615539,0.7141529414138447,0.81
83,200,PCC,SVM,0.11832560707209003,0.28332560707209004,0.165
84,200,PCC,SVM,0.1607991187327252,0.1807991187327252,0.02
85,200,PCC,SVM,0.157930883114306,0.247930883114306,0.09
86,200,PCC,SVM,0.09544940745865438,0.6245505925413456,0.72
87,200,PCC,SVM,0.0085757079870456,0.4514242920129544,0.46
88,200,PCC,SVM,0.12037365786018603,0.28037365786018603,0.16
89,200,PCC,SVM,0.043378548820328156,0.45662145117967184,0.5
90,200,PCC,SVM,0.08828159192728002,0.23828159192728002,0.15
91,200,PCC,SVM,0.11798827815746138,0.5770117218425386,0.695
92,200,PCC,SVM,0.03000691628763663,0.47500691628763664,0.445
93,200,PCC,SVM,0.009062365995138155,0.38906236599513816,0.38
94,200,PCC,SVM,0.03430123905941129,0.3343012390594113,0.3
95,200,PCC,SVM,0.06693551856402724,0.5630644814359728,0.63
96,200,PCC,SVM,0.03765292193059211,0.3976529219305921,0.36
97,200,PCC,SVM,0.13582888216673694,0.22082888216673693,0.085
98,200,PCC,SVM,0.12373895647670415,0.23873895647670415,0.115
99,200,PCC,SVM,0.22471908879699576,0.7352809112030042,0.96
100,200,PCC,SVM,0.19786765045045063,0.7071323495495494,0.905
101,200,PCC,SVM,0.09518775059047158,0.5998122494095284,0.695
102,200,PCC,SVM,0.09222412094571736,0.35722412094571737,0.265
103,200,PCC,SVM,0.2082731039058322,0.7567268960941678,0.965
104,200,PCC,SVM,0.10287036527352855,0.6721296347264715,0.775
105,200,PCC,SVM,0.10974477769280178,0.6052552223071982,0.715
106,200,PCC,SVM,0.001358042896150935,0.44364195710384907,0.445
107,200,PCC,SVM,0.0632951172158856,0.3332951172158856,0.27
108,200,PCC,SVM,0.11518754038470624,0.21018754038470625,0.095
109,200,PCC,SVM,0.169579521923651,0.730420478076349,0.9
110,200,PCC,SVM,0.006337911805162133,0.4486620881948379,0.455
111,200,PCC,SVM,0.09041247239783778,0.2904124723978378,0.2
112,200,PCC,SVM,0.03576334723674229,0.3407633472367423,0.305
113,200,PCC,SVM,0.03958573806902066,0.5354142619309793,0.575
114,200,PCC,SVM,0.11452247849222019,0.2895224784922202,0.175
115,200,PCC,SVM,0.11901094724537098,0.735989052754629,0.855
116,200,PCC,SVM,0.08671689872422106,0.668283101275779,0.755
117,200,PCC,SVM,0.08604347554744851,0.6289565244525515,0.715
118,200,PCC,SVM,0.01442469359571047,0.4155753064042895,0.43
119,200,PCC,SVM,0.07796437758354069,0.5470356224164593,0.625
120,200,PCC,SVM,0.038182437613245246,0.5418175623867547,0.58
121,200,PCC,SVM,0.07120971991688085,0.5737902800831192,0.645
122,200,PCC,SVM,0.10186503983352536,0.18186503983352537,0.08
123,200,PCC,SVM,0.014939264166773158,0.42993926416677314,0.415
124,200,PCC,SVM,0.1385135037330547,0.17851350373305472,0.04
125,200,PCC,SVM,0.02659691522789387,0.4634030847721061,0.49
126,200,PCC,SVM,0.06470902630282355,0.38970902630282356,0.325
127,200,PCC,SVM,0.10466661553088347,0.24466661553088348,0.14
128,200,PCC,SVM,0.09923670775117974,0.19923670775117974,0.1
129,200,PCC,SVM,0.05420878622720571,0.5307912137727943,0.585
130,200,PCC,SVM,0.0880362045808509,0.2580362045808509,0.17
131,200,PCC,SVM,0.1865664533015835,0.7384335466984165,0.925
132,200,PCC,SVM,0.06632481448476668,0.5136751855152333,0.58
133,200,PCC,SVM,0.05134443812524264,0.3963444381252426,0.345
134,200,PCC,SVM,0.04348619334781523,0.5465138066521847,0.59
135,200,PCC,SVM,0.14625209178849952,0.1662520917884995,0.02
136,200,PCC,SVM,0.1843855269510024,0.7706144730489976,0.955
137,200,PCC,SVM,0.015081122924342771,0.49508112292434275,0.48
138,200,PCC,SVM,0.1512220101056927,0.6287779898943073,0.78
139,200,PCC,SVM,0.1325441274084332,0.2125441274084332,0.08
140,200,PCC,SVM,0.03263194291054283,0.45236805708945715,0.485
141,200,PCC,SVM,0.010724334517787204,0.4792756654822128,0.49
142,200,PCC,SVM,0.17232459871194594,0.7626754012880541,0.935
143,200,PCC,SVM,0.08686588147617103,0.4831341185238289,0.57
144,200,PCC,SVM,0.02012497072393038,0.4498750292760696,0.47
145,200,PCC,SVM,0.07325635310792156,0.33825635310792157,0.265
146,200,PCC,SVM,0.027044394498183355,0.35704439449818337,0.33
147,200,PCC,SVM,0.05208531089578011,0.4679146891042199,0.52
148,200,PCC,SVM,0.004292400449699307,0.4307075995503007,0.435
149,200,PCC,SVM,0.12399292983580555,0.14399292983580556,0.02
150,200,PCC,SVM,0.12710894751987223,0.6978910524801277,0.825
151,200,PCC,SVM,0.12474227720376374,0.7702577227962363,0.895
152,200,PCC,SVM,0.11979246054624015,0.25979246054624017,0.14
153,200,PCC,SVM,0.07959747873271883,0.4704025212672812,0.55
154,200,PCC,SVM,0.08577304219538344,0.19077304219538344,0.105
155,200,PCC,SVM,0.13320383262170332,0.5367961673782967,0.67
156,200,PCC,SVM,0.05921424906013617,0.3392142490601362,0.28
157,200,PCC,SVM,0.11649979759484586,0.5385002024051542,0.655
158,200,PCC,SVM,0.1194182560552316,0.6055817439447684,0.725
159,200,PCC,SVM,0.0987456682644079,0.6662543317355921,0.765
160,200,PCC,SVM,0.10745626111420613,0.21245626111420612,0.105
161,200,PCC,SVM,0.1758570909648619,0.7391429090351381,0.915
162,200,PCC,SVM,0.0944983263770642,0.3244983263770642,0.23
163,200,PCC,SVM,0.14158649361292674,0.17658649361292675,0.035
164,200,PCC,SVM,0.0343733405506339,0.5156266594493661,0.55
165,200,PCC,SVM,0.005307042250708716,0.3753070422507087,0.37
166,200,PCC,SVM,0.12989041605984464,0.6951095839401553,0.825
167,200,PCC,SVM,0.12834003836846652,0.6766599616315335,0.805
168,200,PCC,SVM,0.08202384836618276,0.39702384836618276,0.315
169,200,PCC,SVM,0.18479636687837608,0.7652036331216239,0.95
170,200,PCC,SVM,0.09231123634472066,0.38231123634472064,0.29
171,200,PCC,SVM,0.043341989881709175,0.47165801011829084,0.515
172,200,PCC,SVM,0.06967397133627445,0.32467397133627446,0.255
173,200,PCC,SVM,0.19310287516300584,0.7418971248369942,0.935
174,200,PCC,SVM,0.14639039261334277,0.3063903926133428,0.16
175,200,PCC,SVM,0.13884070164956222,0.17884070164956223,0.04
176,200,PCC,SVM,0.015415573823041984,0.419584426176958,0.435
177,200,PCC,SVM,0.19849865676157474,0.7915013432384252,0.99
178,200,PCC,SVM,0.2026434873587598,0.6873565126412402,0.89
179,200,PCC,SVM,0.07500555095766759,0.6699944490423324,0.745
180,200,PCC,SVM,0.1423200972523212,0.7476799027476788,0.89
181,200,PCC,SVM,0.1579426177488893,0.7320573822511107,0.89
182,200,PCC,SVM,0.02438911079135092,0.4906108892086491,0.515
183,200,PCC,SVM,0.04363979885244068,0.3586397988524407,0.315
184,200,PCC,SVM,0.07885229046406961,0.6911477095359304,0.77
185,200,PCC,SVM,0.05456359754527529,0.6054364024547247,0.66
186,200,PCC,SVM,0.01752852981998465,0.38752852981998465,0.37
187,200,PCC,SVM,0.1015328665664072,0.1915328665664072,0.09
188,200,PCC,SVM,0.07549095805387995,0.66950904194612,0.745
189,200,PCC,SVM,0.05223452956396657,0.3122345295639666,0.26
190,200,PCC,SVM,0.15131025007681298,0.7836897499231871,0.935
191,200,PCC,SVM,0.09158598884116809,0.3315859888411681,0.24
192,200,PCC,SVM,0.14068551402898644,0.26068551402898643,0.12
193,200,PCC,SVM,0.10680273617277913,0.7231972638272208,0.83
194,200,PCC,SVM,0.13044000532928315,0.28044000532928315,0.15
195,200,PCC,SVM,0.09736902286190391,0.2723690228619039,0.175
196,200,PCC,SVM,0.07405455976910624,0.5209454402308937,0.595
197,200,PCC,SVM,0.21283687773040005,0.6571631222695999,0.87
198,200,PCC,SVM,0.09675524114809136,0.29175524114809137,0.195
199,200,PCC,SVM,0.02755691318878073,0.3375569131887807,0.31
200,200,PCC,SVM,0.1619445798054927,0.6130554201945073,0.775
201,200,PCC,SVM,0.2163974540149235,0.7536025459850765,0.97
202,200,PCC,SVM,0.059204205250368624,0.4407957947496314,0.5
203,200,PCC,SVM,0.07894739139534329,0.2189473913953433,0.14
204,200,PCC,SVM,0.1584880626049422,0.1684880626049422,0.01
205,200,PCC,SVM,0.08549926096425534,0.31049926096425534,0.225
206,200,PCC,SVM,0.12508232107915485,0.25508232107915485,0.13
207,200,PCC,SVM,0.09224167246443793,0.5827583275355621,0.675
208,200,PCC,SVM,0.1027811314618666,0.2227811314618666,0.12
209,200,PCC,SVM,0.04839419758956831,0.4566058024104317,0.505
210,200,PCC,SVM,0.09455217530478599,0.595447824695214,0.69
211,200,PCC,SVM,0.042357439228858595,0.5376425607711414,0.58
212,200,PCC,SVM,0.05475869668611086,0.24975869668611086,0.195
213,200,PCC,SVM,0.07332081576759708,0.726679184232403,0.8
214,200,PCC,SVM,0.10586910525689475,0.6091308947431052,0.715
215,200,PCC,SVM,0.12243573747942249,0.6125642625205775,0.735
216,200,PCC,SVM,0.1186923595100757,0.2486923595100757,0.13
217,200,PCC,SVM,0.0965309316215022,0.2165309316215022,0.12
218,200,PCC,SVM,0.16546515489879143,0.7595348451012086,0.925
219,200,PCC,SVM,0.01603663734015065,0.41103663734015067,0.395
220,200,PCC,SVM,0.018991399999006786,0.3189913999990068,0.3
221,200,PCC,SVM,0.03146613658338698,0.453533863416613,0.485
222,200,PCC,SVM,0.10816970873734255,0.5518302912626575,0.66
223,200,PCC,SVM,0.21286166487174818,0.7421383351282518,0.955
224,200,PCC,SVM,0.03471757499111405,0.31971757499111403,0.285
225,200,PCC,SVM,0.19528948200361995,0.7247105179963801,0.92
226,200,PCC,SVM,0.13100764447383068,0.15100764447383067,0.02
227,200,PCC,SVM,0.08889280867814625,0.4661071913218538,0.555
228,200,PCC,SVM,0.07981589695489932,0.5501841030451007,0.63
229,200,PCC,SVM,0.12359440930172384,0.22859440930172384,0.105
230,200,PCC,SVM,0.10937762243932692,0.24937762243932693,0.14
231,200,PCC,SVM,0.021524514201054112,0.39347548579894587,0.415
232,200,PCC,SVM,0.17595541877107734,0.7890445812289226,0.965
233,200,PCC,SVM,0.023495758335958516,0.5715042416640415,0.595
234,200,PCC,SVM,0.15716981843529,0.7728301815647101,0.93
235,200,PCC,SVM,0.13112656904814912,0.6688734309518509,0.8
236,200,PCC,SVM,0.02013960188539471,0.4448603981146053,0.465
237,200,PCC,SVM,0.14779604327625817,0.6322039567237419,0.78
238,200,PCC,SVM,0.13753299296623112,0.15253299296623113,0.015
239,200,PCC,SVM,0.09691606640721788,0.20191606640721788,0.105
240,200,PCC,SVM,0.14059031321908155,0.6844096867809184,0.825
241,200,PCC,SVM,0.15701452168584296,0.6379854783141571,0.795
242,200,PCC,SVM,0.07943571174754652,0.3094357117475465,0.23
243,200,PCC,SVM,0.06121005392901141,0.4687899460709886,0.53
244,200,PCC,SVM,0.06266256412586724,0.5423374358741327,0.605
245,200,PCC,SVM,0.16110434750246316,0.7038956524975368,0.865
246,200,PCC,SVM,0.06423994903294639,0.5357600509670536,0.6
247,200,PCC,SVM,0.007964482513514115,0.4179644825135141,0.41
248,200,PCC,SVM,0.008113236906064913,0.3781132369060649,0.37
249,200,PCC,SVM,0.007454719314199387,0.4324547193141994,0.425
250,200,PCC,SVM,0.07184884761036447,0.5781511523896355,0.65
251,200,PCC,SVM,0.17509184639051056,0.6899081536094894,0.865
252,200,PCC,SVM,0.02447104287054752,0.4255289571294525,0.45
253,200,PCC,SVM,0.03774247610061188,0.2827424761006119,0.245
254,200,PCC,SVM,0.04153715465939595,0.27653715465939593,0.235
255,200,PCC,SVM,0.1096203129911627,0.6353796870088373,0.745
256,200,PCC,SVM,0.14476112239144234,0.6702388776085576,0.815
257,200,PCC,SVM,0.10083847508178413,0.20583847508178413,0.105
258,200,PCC,SVM,0.09678547550982924,0.16178547550982925,0.065
259,200,PCC,SVM,0.012116671017023406,0.5778833289829766,0.59
260,200,PCC,SVM,0.12654029142517717,0.27154029142517716,0.145
261,200,PCC,SVM,0.12166973681634041,0.6983302631836595,0.82
262,200,PCC,SVM,0.03627997594759863,0.34627997594759863,0.31
263,200,PCC,SVM,0.12386319821154518,0.2638631982115452,0.14
264,200,PCC,SVM,0.15745704896892498,0.7625429510310751,0.92
265,200,PCC,SVM,0.08303381467751111,0.24803381467751112,0.165
266,200,PCC,SVM,0.062478709431400825,0.34247870943140085,0.28
267,200,PCC,SVM,0.09841980529999067,0.24841980529999066,0.15
268,200,PCC,SVM,0.12944180889363177,0.2444418088936318,0.115
269,200,PCC,SVM,0.1398380821916844,0.15983808219168438,0.02
270,200,PCC,SVM,0.1596698665926908,0.2146698665926908,0.055
271,200,PCC,SVM,0.07313469618444329,0.2431346961844433,0.17
272,200,PCC,SVM,0.12971730494788142,0.17971730494788143,0.05
273,200,PCC,SVM,0.06527173836644595,0.524728261633554,0.59
274,200,PCC,SVM,0.10200879050936595,0.5779912094906341,0.68
275,200,PCC,SVM,0.0073948598199764515,0.38260514018002356,0.39
276,200,PCC,SVM,0.024714906140685666,0.33971490614068567,0.315
277,200,PCC,SVM,0.05180894934831137,0.4481910506516886,0.5
278,200,PCC,SVM,0.14867107059695328,0.7263289294030467,0.875
279,200,PCC,SVM,0.1941658232731699,0.6558341767268301,0.85
280,200,PCC,SVM,0.15032577986837298,0.19032577986837299,0.04
281,200,PCC,SVM,0.11503429370736518,0.29503429370736517,0.18
282,200,PCC,SVM,0.05148140908053389,0.2864814090805339,0.235
283,200,PCC,SVM,0.05875560807694252,0.3037556080769425,0.245
284,200,PCC,SVM,0.07077467954616873,0.4992253204538312,0.57
285,200,PCC,SVM,0.026929877297088567,0.44192987729708855,0.415
286,200,PCC,SVM,0.1369049266216782,0.18190492662167818,0.045
287,200,PCC,SVM,0.01314912761194903,0.383149127611949,0.37
288,200,PCC,SVM,0.0045186812866481185,0.5245186812866481,0.52
289,200,PCC,SVM,0.12735321301605224,0.22735321301605224,0.1
290,200,PCC,SVM,0.13958883725015836,0.6904111627498416,0.83
291,200,PCC,SVM,0.14160553936619386,0.19160553936619384,0.05
292,200,PCC,SVM,0.1411171758549854,0.7788828241450146,0.92
293,200,PCC,SVM,0.1272798303423334,0.2222798303423334,0.095
294,200,PCC,SVM,0.1360992573456391,0.7039007426543609,0.84
295,200,PCC,SVM,0.18737573926097273,0.7126242607390273,0.9
296,200,PCC,SVM,0.23278928652449238,0.7422107134755076,0.975
297,200,PCC,SVM,0.16206922243653288,0.6379307775634672,0.8
298,200,PCC,SVM,0.12558145088962225,0.6494185491103778,0.775
299,200,PCC,SVM,0.07145735818082732,0.5685426418191727,0.64
300,200,PCC,SVM,0.10714150440939096,0.6678584955906091,0.775
301,200,PCC,SVM,0.09627018037094415,0.22627018037094415,0.13
302,200,PCC,SVM,0.05114051403411746,0.4838594859658826,0.535
303,200,PCC,SVM,0.042376927862561364,0.46762307213743864,0.51
304,200,PCC,SVM,0.1033349757610863,0.7516650242389137,0.855
305,200,PCC,SVM,0.029732430736132465,0.43026756926386756,0.46
306,200,PCC,SVM,0.010624131387206526,0.3743758686127935,0.385
307,200,PCC,SVM,0.07242880856573053,0.5625711914342695,0.635
308,200,PCC,SVM,0.06738338222786383,0.33238338222786384,0.265
309,200,PCC,SVM,0.10425910506839933,0.23925910506839934,0.135
310,200,PCC,SVM,0.017017796131976348,0.45798220386802363,0.475
311,200,PCC,SVM,0.023682329795819468,0.43868232979581945,0.415
312,200,PCC,SVM,0.08310803343375675,0.31310803343375676,0.23
313,200,PCC,SVM,0.02633088488459301,0.391330884884593,0.365
314,200,PCC,SVM,0.010894735978943637,0.37589473597894363,0.365
315,200,PCC,SVM,0.04392510007045769,0.3689251000704577,0.325
316,200,PCC,SVM,0.05550000347044687,0.43050000347044687,0.375
317,200,PCC,SVM,0.08301439323910631,0.6019856067608937,0.685
318,200,PCC,SVM,0.0687752511694884,0.3637752511694884,0.295
319,200,PCC,SVM,0.1788077925308701,0.7661922074691299,0.945
320,200,PCC,SVM,0.18479649442337398,0.730203505576626,0.915
321,200,PCC,SVM,0.010172866447988538,0.46982713355201144,0.48
322,200,PCC,SVM,0.021049157277788,0.346049157277788,0.325
323,200,PCC,SVM,0.05974885058290513,0.4752511494170949,0.535
324,200,PCC,SVM,0.15564225419697986,0.6893577458030201,0.845
325,200,PCC,SVM,0.07449907111135001,0.57550092888865,0.65
326,200,PCC,SVM,0.12913636711255116,0.6708636328874489,0.8
327,200,PCC,SVM,0.033549239469984726,0.4964507605300153,0.53
328,200,PCC,SVM,0.09515668022844626,0.5348433197715537,0.63
329,200,PCC,SVM,0.03238136946018266,0.31738136946018264,0.285
330,200,PCC,SVM,0.06986450465381211,0.6601354953461879,0.73
331,200,PCC,SVM,0.08431013396379344,0.28431013396379345,0.2
332,200,PCC,SVM,0.09369216960573024,0.5963078303942697,0.69
333,200,PCC,SVM,0.11629968116026224,0.7437003188397378,0.86
334,200,PCC,SVM,0.10071403793271405,0.23071403793271406,0.13
335,200,PCC,SVM,0.12355995424995175,0.48644004575004823,0.61
336,200,PCC,SVM,0.12241948539170025,0.21741948539170025,0.095
337,200,PCC,SVM,0.09904390042209654,0.6259560995779034,0.725
338,200,PCC,SVM,0.14866265611513524,0.22866265611513523,0.08
339,200,PCC,SVM,0.16984808695532516,0.7651519130446749,0.935
340,200,PCC,SVM,0.10733569660906092,0.24233569660906093,0.135
341,200,PCC,SVM,0.22951674302962977,0.7254832569703702,0.955
342,200,PCC,SVM,0.12284676932804917,0.6771532306719509,0.8
343,200,PCC,SVM,0.06685615217511554,0.5231438478248844,0.59
344,200,PCC,SVM,0.13935492236502467,0.6406450776349754,0.78
345,200,PCC,SVM,0.1354270748822085,0.6595729251177915,0.795
346,200,PCC,SVM,0.19475635720715878,0.7502436427928412,0.945
347,200,PCC,SVM,0.049856142630542055,0.29985614263054206,0.25
348,200,PCC,SVM,0.06826551700660255,0.5217344829933974,0.59
349,200,PCC,SVM,0.1572287548131783,0.2522287548131783,0.095
350,200,PCC,SVM,0.049282058495934145,0.5657179415040658,0.615
351,200,PCC,SVM,0.11544062181031786,0.2854406218103179,0.17
352,200,PCC,SVM,0.05732138946218457,0.5026786105378155,0.56
353,200,PCC,SVM,0.04753155980896584,0.5224684401910341,0.57
354,200,PCC,SVM,0.0363145413958727,0.4286854586041273,0.465
355,200,PCC,SVM,0.09029522888619812,0.4297047711138019,0.52
356,200,PCC,SVM,0.10856747666673716,0.6514325233332628,0.76
357,200,PCC,SVM,0.11309491996388576,0.6819050800361143,0.795
358,200,PCC,SVM,0.018764591679358344,0.47123540832064165,0.49
359,200,PCC,SVM,0.059600095153857224,0.5353999048461427,0.595
360,200,PCC,SVM,0.20611469951153794,0.7238853004884621,0.93
361,200,PCC,SVM,0.1085824866742836,0.2235824866742836,0.115
362,200,PCC,SVM,0.10231325297360584,0.21731325297360585,0.115
363,200,PCC,SVM,0.13237295712304836,0.21737295712304838,0.085
364,200,PCC,SVM,0.08423551846901511,0.5707644815309849,0.655
365,200,PCC,SVM,0.0006413859558421775,0.41564138595584216,0.415
366,200,PCC,SVM,0.14164119937373254,0.6283588006262675,0.77
367,200,PCC,SVM,0.07765314143393243,0.5923468585660676,0.67
368,200,PCC,SVM,0.04895028793728501,0.378950287937285,0.33
369,200,PCC,SVM,0.18600575260297036,0.7089942473970297,0.895
370,200,PCC,SVM,0.1190781598925651,0.6409218401074349,0.76
371,200,PCC,SVM,0.07359629450810345,0.3435962945081035,0.27
372,200,PCC,SVM,0.061916032485156425,0.4219160324851564,0.36
373,200,PCC,SVM,0.0320518738423477,0.3420518738423477,0.31
374,200,PCC,SVM,0.12903381141650608,0.2840338114165061,0.155
375,200,PCC,SVM,0.1369046280069807,0.2819046280069807,0.145
376,200,PCC,SVM,0.16056939388705915,0.7744306061129409,0.935
377,200,PCC,SVM,0.01974369539909726,0.45474369539909726,0.435
378,200,PCC,SVM,0.03514670118151331,0.4151467011815133,0.38
379,200,PCC,SVM,0.12125857377862215,0.6037414262213778,0.725
380,200,PCC,SVM,0.053238330496232666,0.4967616695037674,0.55
381,200,PCC,SVM,0.13926336742588663,0.7957366325741134,0.935
382,200,PCC,SVM,0.1932589153739701,0.5867410846260299,0.78
383,200,PCC,SVM,0.00848582944484716,0.4665141705551528,0.475
384,200,PCC,SVM,0.012001176340372455,0.36299882365962755,0.375
385,200,PCC,SVM,0.1925942040400016,0.7924057959599984,0.985
386,200,PCC,SVM,0.12133739464815951,0.5936626053518405,0.715
387,200,PCC,SVM,0.1549314512611516,0.7950685487388484,0.95
388,200,PCC,SVM,0.11887328507844501,0.23387328507844501,0.115
389,200,PCC,SVM,0.15041772055197222,0.6995822794480278,0.85
390,200,PCC,SVM,0.07231591715899732,0.5626840828410027,0.635
391,200,PCC,SVM,0.11211224434768319,0.23211224434768318,0.12
392,200,PCC,SVM,0.04238656649065753,0.5426134335093424,0.585
393,200,PCC,SVM,0.11299959171202545,0.5720004082879746,0.685
394,200,PCC,SVM,0.15966461233891038,0.1696646123389104,0.01
395,200,PCC,SVM,0.03990098593659652,0.48990098593659653,0.45
396,200,PCC,SVM,0.15537436331051302,0.6696256366894869,0.825
397,200,PCC,SVM,0.05425900914036086,0.34925900914036084,0.295
398,200,PCC,SVM,0.01392258763041776,0.44107741236958226,0.455
399,200,PCC,SVM,0.02465205446847285,0.46465205446847285,0.44
400,200,PCC,SVM,0.03442015904605755,0.33442015904605754,0.3
401,200,PCC,SVM,0.17900108460319808,0.735998915396802,0.915
402,200,PCC,SVM,0.10606467482529269,0.6739353251747073,0.78
403,200,PCC,SVM,0.10586667657251352,0.21586667657251352,0.11
404,200,PCC,SVM,0.16572970141577725,0.8292702985842227,0.995
405,200,PCC,SVM,0.10237535525321617,0.7726246447467838,0.875
406,200,PCC,SVM,0.06890230670549224,0.34890230670549227,0.28
407,200,PCC,SVM,0.15605614295217307,0.6789438570478269,0.835
408,200,PCC,SVM,0.15779145893619223,0.2627914589361922,0.105
409,200,PCC,SVM,0.21537134110457867,0.7796286588954213,0.995
410,200,PCC,SVM,0.10886858645833664,0.5561314135416634,0.665
411,200,PCC,SVM,0.0838240908643938,0.5661759091356062,0.65
412,200,PCC,SVM,0.10704564357454088,0.19704564357454088,0.09
413,200,PCC,SVM,0.13175038817842566,0.7632496118215744,0.895
414,200,PCC,SVM,0.16042637171669846,0.18542637171669846,0.025
415,200,PCC,SVM,0.004195247851259493,0.24419524785125948,0.24
416,200,PCC,SVM,0.11526079386017685,0.25526079386017686,0.14
417,200,PCC,SVM,0.09881451021738685,0.6761854897826132,0.775
418,200,PCC,SVM,0.08153967196229062,0.2765396719622906,0.195
419,200,PCC,SVM,0.17938375354660763,0.7306162464533924,0.91
420,200,PCC,SVM,0.05814447535138745,0.5968555246486126,0.655
421,200,PCC,SVM,0.1345379930822175,0.1695379930822175,0.035
422,200,PCC,SVM,0.13864142536397422,0.14364142536397423,0.005
423,200,PCC,SVM,0.16085056159615174,0.21085056159615173,0.05
424,200,PCC,SVM,0.09721447327455002,0.50778552672545,0.605
425,200,PCC,SVM,0.13673286271671103,0.663267137283289,0.8
426,200,PCC,SVM,0.06048179628903505,0.29548179628903504,0.235
427,200,PCC,SVM,0.10598181115267857,0.7390181888473214,0.845
428,200,PCC,SVM,0.15472261852428199,0.20972261852428198,0.055
429,200,PCC,SVM,0.14196268424770175,0.6580373157522983,0.8
430,200,PCC,SVM,0.22688287127555484,0.6981171287244452,0.925
431,200,PCC,SVM,0.14572831744808246,0.6242716825519176,0.77
432,200,PCC,SVM,0.08919540495392664,0.6058045950460733,0.695
433,200,PCC,SVM,0.09094855272212221,0.7440514472778778,0.835
434,200,PCC,SVM,0.14309733190793558,0.1830973319079356,0.04
435,200,PCC,SVM,0.07048930591762542,0.27048930591762543,0.2
436,200,PCC,SVM,0.10753968327542718,0.22753968327542717,0.12
437,200,PCC,SVM,0.01638373679969851,0.4836162632003015,0.5
438,200,PCC,SVM,0.10240883707918913,0.6425911629208109,0.745
439,200,PCC,SVM,0.08974842854702014,0.5402515714529799,0.63
440,200,PCC,SVM,0.13198267674397368,0.7180173232560263,0.85
441,200,PCC,SVM,0.08754243763741149,0.24254243763741148,0.155
442,200,PCC,SVM,0.1161138627667605,0.6138861372332395,0.73
443,200,PCC,SVM,0.12043969451646314,0.31043969451646314,0.19
444,200,PCC,SVM,0.07675135483689854,0.34675135483689856,0.27
445,200,PCC,SVM,0.10186566375403927,0.6031343362459607,0.705
446,200,PCC,SVM,0.2310829195060614,0.7489170804939386,0.98
447,200,PCC,SVM,0.04994001387183988,0.5600599861281601,0.61
448,200,PCC,SVM,0.10304830604152222,0.15304830604152223,0.05
449,200,PCC,SVM,0.12251590373953786,0.49248409626046213,0.615
450,200,PCC,SVM,0.13164519973904923,0.17164519973904924,0.04
451,200,PCC,SVM,0.19383274926699234,0.6861672507330077,0.88
452,200,PCC,SVM,0.09105478532755706,0.6139452146724429,0.705
453,200,PCC,SVM,0.08911173570287703,0.25911173570287704,0.17
454,200,PCC,SVM,0.11078358554039755,0.20078358554039755,0.09
455,200,PCC,SVM,0.10180848396789272,0.2818084839678927,0.18
456,200,PCC,SVM,0.2205358883935189,0.7594641116064811,0.98
457,200,PCC,SVM,0.01425253647404029,0.4407474635259597,0.455
458,200,PCC,SVM,0.10473248778309596,0.6752675122169041,0.78
459,200,PCC,SVM,0.055653912285926976,0.579346087714073,0.635
460,200,PCC,SVM,0.02000455431875059,0.5499954456812494,0.57
461,200,PCC,SVM,0.13339280109916687,0.27839280109916686,0.145
462,200,PCC,SVM,0.183528390122758,0.7614716098772419,0.945
463,200,PCC,SVM,0.005065163633899805,0.3050651636338998,0.3
464,200,PCC,SVM,0.06103189175861967,0.5139681082413803,0.575
465,200,PCC,SVM,0.1316298168251523,0.5633701831748477,0.695
466,200,PCC,SVM,0.06498102320044918,0.5800189767995508,0.645
467,200,PCC,SVM,0.21766041708940598,0.722339582910594,0.94
468,200,PCC,SVM,0.05807589653678166,0.20307589653678165,0.145
469,200,PCC,SVM,0.05867850185086476,0.44632149814913524,0.505
470,200,PCC,SVM,0.002052257062371332,0.3979477429376287,0.4
471,200,PCC,SVM,0.07774587759421969,0.3922541224057803,0.47
472,200,PCC,SVM,0.10061988260490555,0.21561988260490556,0.115
473,200,PCC,SVM,0.11801441037623511,0.24801441037623512,0.13
474,200,PCC,SVM,0.07058660060350164,0.34558660060350166,0.275
475,200,PCC,SVM,0.07003023610407905,0.37003023610407904,0.3
476,200,PCC,SVM,0.010542754647382468,0.43554275464738246,0.425
477,200,PCC,SVM,0.08720248830420729,0.5227975116957927,0.61
478,200,PCC,SVM,0.06524824787024763,0.5647517521297524,0.63
479,200,PCC,SVM,0.025199914249081246,0.38480008575091873,0.41
480,200,PCC,SVM,0.010652100288262634,0.41565210028826266,0.405
481,200,PCC,SVM,0.04787517528925997,0.26287517528925997,0.215
482,200,PCC,SVM,0.04041441351074537,0.5445855864892546,0.585
483,200,PCC,SVM,0.06802669103639736,0.38302669103639736,0.315
484,200,PCC,SVM,0.14856036582721802,0.18356036582721802,0.035
485,200,PCC,SVM,0.0183752351970784,0.3966247648029216,0.415
486,200,PCC,SVM,0.0035513978782532596,0.4664486021217467,0.47
487,200,PCC,SVM,0.09828735655004009,0.3232873565500401,0.225
488,200,PCC,SVM,0.059097233882033584,0.5109027661179664,0.57
489,200,PCC,SVM,0.07296926736851739,0.49203073263148256,0.565
490,200,PCC,SVM,0.10734142617015863,0.5926585738298413,0.7
491,200,PCC,SVM,0.08148810673306173,0.5635118932669383,0.645
492,200,PCC,SVM,0.07056343872763349,0.5794365612723665,0.65
493,200,PCC,SVM,0.05229144840223482,0.3672914484022348,0.315
494,200,PCC,SVM,0.08956427587406701,0.695435724125933,0.785
495,200,PCC,SVM,0.04235974153244659,0.5026402584675534,0.545
496,200,PCC,SVM,0.056829352004329814,0.4868293520043298,0.43
497,200,PCC,SVM,0.026670398955929153,0.5983296010440708,0.625
498,200,PCC,SVM,0.03179875951429317,0.39179875951429316,0.36
499,200,PCC,SVM,0.017730606331891274,0.49226939366810873,0.51
500,200,PCC,SVM,0.14253037926559986,0.5924696207344001,0.735
501,200,PCC,SVM,0.18724874321544505,0.697751256784555,0.885
502,200,PCC,SVM,0.16152364310299128,0.7584763568970088,0.92
503,200,PCC,SVM,0.027852352474415643,0.47214764752558436,0.5
504,200,PCC,SVM,0.023652732107909136,0.4963472678920909,0.52
505,200,PCC,SVM,0.13183248396597713,0.6631675160340229,0.795
506,200,PCC,SVM,0.02674565421042352,0.3367456542104235,0.31
507,200,PCC,SVM,0.12151971368728587,0.7134802863127141,0.835
508,200,PCC,SVM,0.019743939417255496,0.5097439394172555,0.49
509,200,PCC,SVM,0.1263135281960197,0.24131352819601973,0.115
510,200,PCC,SVM,0.14137575219268053,0.21137575219268054,0.07
511,200,PCC,SVM,0.16891891550136062,0.6710810844986393,0.84
512,200,PCC,SVM,0.17219361798431593,0.22719361798431592,0.055
513,200,PCC,SVM,0.039876893608065234,0.31987689360806526,0.28
514,200,PCC,SVM,0.03577823319008161,0.3657782331900816,0.33
515,200,PCC,SVM,0.09413606168315006,0.26413606168315007,0.17
516,200,PCC,SVM,0.06370441054207648,0.3737044105420765,0.31
517,200,PCC,SVM,0.04357609569509746,0.6964239043049025,0.74
518,200,PCC,SVM,0.141851668385605,0.15185166838560502,0.01
519,200,PCC,SVM,0.1430603494512641,0.6819396505487358,0.825
520,200,PCC,SVM,0.20101975602943079,0.6539802439705692,0.855
521,200,PCC,SVM,0.014006605673232864,0.35599339432676713,0.37
522,200,PCC,SVM,0.11078982490805903,0.260789824908059,0.15
523,200,PCC,SVM,0.031210092271617418,0.5687899077283826,0.6
524,200,PCC,SVM,0.12215814991293851,0.23715814991293852,0.115
525,200,PCC,SVM,0.03894089843116283,0.3989408984311628,0.36
526,200,PCC,SVM,0.2249109975454462,0.7300890024545538,0.955
527,200,PCC,SVM,0.21657195931617124,0.7784280406838288,0.995
528,200,PCC,SVM,0.0857676955253901,0.6842323044746099,0.77
529,200,PCC,SVM,0.07902050580267778,0.3890205058026778,0.31
530,200,PCC,SVM,0.10169305403370132,0.5833069459662987,0.685
531,200,PCC,SVM,0.09332283883728565,0.6116771611627143,0.705
532,200,PCC,SVM,0.007020713976286563,0.37797928602371345,0.385
533,200,PCC,SVM,0.08348153365142064,0.5565184663485794,0.64
534,200,PCC,SVM,0.12323101936691018,0.13323101936691017,0.01
535,200,PCC,SVM,0.14037256373088589,0.3453725637308859,0.205
536,200,PCC,SVM,0.06626995941722769,0.45873004058277234,0.525
537,200,PCC,SVM,0.08772756366976558,0.2477275636697656,0.16
538,200,PCC,SVM,0.08137630280424893,0.24637630280424894,0.165
539,200,PCC,SVM,0.08735036634024118,0.7476496336597588,0.835
540,200,PCC,SVM,0.18630551147538776,0.7986944885246122,0.985
541,200,PCC,SVM,0.02839390210439874,0.5266060978956013,0.555
542,200,PCC,SVM,0.14188474214282065,0.6931152578571793,0.835
543,200,PCC,SVM,0.18091648161216,0.80908351838784,0.99
544,200,PCC,SVM,0.11399218279432188,0.2539921827943219,0.14
545,200,PCC,SVM,0.0038574075512731176,0.4411425924487269,0.445
546,200,PCC,SVM,0.03635518014684497,0.426355180146845,0.39
547,200,PCC,SVM,0.12254454080136255,0.20254454080136255,0.08
548,200,PCC,SVM,0.14565884205534974,0.6093411579446503,0.755
549,200,PCC,SVM,0.001956721003839257,0.43195672100383925,0.43
550,200,PCC,SVM,0.0182700196664195,0.4832700196664195,0.465
551,200,PCC,SVM,0.11440598582877173,0.26440598582877173,0.15
552,200,PCC,SVM,0.07150919924956001,0.25150919924956,0.18
553,200,PCC,SVM,0.17497984710065784,0.7300201528993422,0.905
554,200,PCC,SVM,0.12860540069929355,0.16860540069929356,0.04
555,200,PCC,SVM,0.07383937160685908,0.3038393716068591,0.23
556,200,PCC,SVM,0.021286294030163688,0.31128629403016367,0.29
557,200,PCC,SVM,0.004744545633945441,0.48525545436605455,0.49
558,200,PCC,SVM,0.0422960161466257,0.5427039838533743,0.585
559,200,PCC,SVM,0.026756931455129307,0.4632430685448707,0.49
560,200,PCC,SVM,0.15752252763668934,0.23752252763668932,0.08
561,200,PCC,SVM,0.07081641858452492,0.3108164185845249,0.24
562,200,PCC,SVM,0.16774484987603933,0.6722551501239606,0.84
563,200,PCC,SVM,0.08097403313301099,0.554025966866989,0.635
564,200,PCC,SVM,0.0619342621204364,0.5830657378795636,0.645
565,200,PCC,SVM,0.06628718580203652,0.6037128141979635,0.67
566,200,PCC,SVM,0.12440415050688969,0.6355958494931103,0.76
567,200,PCC,SVM,0.13900083127464702,0.194000831274647,0.055
568,200,PCC,SVM,0.01407949476562087,0.37907949476562086,0.365
569,200,PCC,SVM,0.027113671907357917,0.5078863280926421,0.535
570,200,PCC,SVM,0.023611643892212153,0.3586116438922122,0.335
571,200,PCC,SVM,0.12111719391814824,0.7188828060818517,0.84
572,200,PCC,SVM,0.002755017026761064,0.4772449829732389,0.48
573,200,PCC,SVM,0.10888351352069014,0.6561164864793099,0.765
574,200,PCC,SVM,0.16839387990429655,0.6816061200957034,0.85
575,200,PCC,SVM,0.037369889768245124,0.4626301102317549,0.5
576,200,PCC,SVM,0.14775730205154802,0.757242697948452,0.905
577,200,PCC,SVM,0.009452099214865783,0.5944520992148657,0.585
578,200,PCC,SVM,0.1252419076554676,0.7247580923445324,0.85
579,200,PCC,SVM,0.03186624669579352,0.37186624669579355,0.34
580,200,PCC,SVM,0.04694382714169931,0.4480561728583007,0.495
581,200,PCC,SVM,0.03488724978111274,0.4951127502188873,0.53
582,200,PCC,SVM,0.1271538904825331,0.2271538904825331,0.1
583,200,PCC,SVM,0.04863467226435708,0.4436346722643571,0.395
584,200,PCC,SVM,0.17319345087162752,0.7418065491283725,0.915
585,200,PCC,SVM,0.0316322313425107,0.5983677686574893,0.63
586,200,PCC,SVM,0.12728635356327495,0.30228635356327493,0.175
587,200,PCC,SVM,0.039996331987998957,0.374996331987999,0.335
588,200,PCC,SVM,0.10996109400751186,0.29996109400751186,0.19
589,200,PCC,SVM,0.11400021094337921,0.13400021094337922,0.02
590,200,PCC,SVM,0.1392658294104111,0.7857341705895889,0.925
591,200,PCC,SVM,0.025259931639740274,0.4702599316397403,0.445
592,200,PCC,SVM,0.07324908854413809,0.3782490885441381,0.305
593,200,PCC,SVM,0.028428128664899743,0.5665718713351002,0.595
594,200,PCC,SVM,0.13794128464701735,0.14294128464701736,0.005
595,200,PCC,SVM,0.05725944758049528,0.3322594475804953,0.275
596,200,PCC,SVM,0.1051547136270029,0.594845286372997,0.7
597,200,PCC,SVM,0.041928455567808,0.588071544432192,0.63
598,200,PCC,SVM,0.18504512279059937,0.7949548772094006,0.98
599,200,PCC,SVM,0.045898723727828994,0.574101276272171,0.62
600,200,PCC,SVM,0.01569680930998113,0.45930319069001885,0.475
601,200,PCC,SVM,0.08966826268021633,0.6703317373197837,0.76
602,200,PCC,SVM,0.14522829983059682,0.7547717001694032,0.9
603,200,PCC,SVM,0.09135981361477008,0.6286401863852299,0.72
604,200,PCC,SVM,0.20681233497551543,0.7531876650244845,0.96
605,200,PCC,SVM,0.09435285244848046,0.6856471475515196,0.78
606,200,PCC,SVM,0.1572059472831816,0.7077940527168184,0.865
607,200,PCC,SVM,0.0988028893593995,0.2088028893593995,0.11
608,200,PCC,SVM,0.11094861657034316,0.6190513834296568,0.73
609,200,PCC,SVM,0.01581349901861706,0.42418650098138294,0.44
610,200,PCC,SVM,0.0342068052443566,0.5157931947556434,0.55
611,200,PCC,SVM,0.06162622260587447,0.5883737773941256,0.65
612,200,PCC,SVM,0.15373205903531806,0.8112679409646819,0.965
613,200,PCC,SVM,0.15538659443213199,0.824613405567868,0.98
614,200,PCC,SVM,0.07986577321046856,0.36486577321046854,0.285
615,200,PCC,SVM,0.09951276615127835,0.6304872338487216,0.73
616,200,PCC,SVM,0.10790612882171258,0.6370938711782874,0.745
617,200,PCC,SVM,0.05322271223352798,0.39822271223352795,0.345
618,200,PCC,SVM,0.11958508693380066,0.23958508693380065,0.12
619,200,PCC,SVM,0.1677404225752182,0.20774042257521821,0.04
620,200,PCC,SVM,0.12389244191182647,0.6511075580881736,0.775
621,200,PCC,SVM,0.034891940662469034,0.45010805933753095,0.485
622,200,PCC,SVM,0.21908082323961053,0.7659191767603895,0.985
623,200,PCC,SVM,0.004963508574672482,0.4649635085746725,0.46
624,200,PCC,SVM,0.2003169701467007,0.7746830298532993,0.975
625,200,PCC,SVM,0.01104955653014017,0.42104955653014015,0.41
626,200,PCC,SVM,0.14500037434588742,0.6449996256541126,0.79
627,200,PCC,SVM,0.12109284007311742,0.20109284007311742,0.08
628,200,PCC,SVM,0.012281571417515957,0.5427184285824841,0.555
629,200,PCC,SVM,0.11155972629649946,0.6884402737035006,0.8
630,200,PCC,SVM,0.17978887438653124,0.7402111256134688,0.92
631,200,PCC,SVM,0.101699561691872,0.718300438308128,0.82
632,200,PCC,SVM,0.14577013965998772,0.18077013965998773,0.035
633,200,PCC,SVM,0.03177657355482899,0.401776573554829,0.37
634,200,PCC,SVM,0.13957576610094685,0.18457576610094684,0.045
635,200,PCC,SVM,0.11827597591735158,0.22327597591735157,0.105
636,200,PCC,SVM,0.08399489936738047,0.5910051006326196,0.675
637,200,PCC,SVM,0.11033531113957706,0.5996646888604229,0.71
638,200,PCC,SVM,0.11798979735388293,0.6520102026461171,0.77
639,200,PCC,SVM,0.13347684302258156,0.7315231569774184,0.865
640,200,PCC,SVM,0.09974047568432165,0.6352595243156783,0.735
641,200,PCC,SVM,0.1066600009265497,0.6933399990734503,0.8
642,200,PCC,SVM,0.11474834146975595,0.15974834146975594,0.045
643,200,PCC,SVM,0.09445181213659179,0.3244518121365918,0.23
644,200,PCC,SVM,0.09260241686178072,0.5273975831382193,0.62
645,200,PCC,SVM,0.15233145316811347,0.7026685468318865,0.855
646,200,PCC,SVM,0.13345970917394265,0.13345970917394265,0.0
647,200,PCC,SVM,0.012861559436371794,0.5228615594363718,0.51
648,200,PCC,SVM,0.12246891714493569,0.5525310828550644,0.675
649,200,PCC,SVM,0.14840346828915818,0.17340346828915817,0.025
650,200,PCC,SVM,0.02496133272016171,0.42496133272016173,0.4
651,200,PCC,SVM,0.17521170759357096,0.719788292406429,0.895
652,200,PCC,SVM,0.11700597795065815,0.5529940220493419,0.67
653,200,PCC,SVM,0.07292251047679943,0.3079225104767994,0.235
654,200,PCC,SVM,0.12114196572153246,0.7288580342784675,0.85
655,200,PCC,SVM,0.014924611527123044,0.359924611527123,0.345
656,200,PCC,SVM,0.1793108402260738,0.6706891597739262,0.85
657,200,PCC,SVM,0.04936277759630309,0.34436277759630307,0.295
658,200,PCC,SVM,0.07234653680387149,0.5176534631961285,0.59
659,200,PCC,SVM,0.012155354449728484,0.4071553544497285,0.395
660,200,PCC,SVM,0.07174872387706127,0.3417487238770613,0.27
661,200,PCC,SVM,0.14315643472002937,0.7418435652799706,0.885
662,200,PCC,SVM,0.0933234820876111,0.2783234820876111,0.185
663,200,PCC,SVM,0.11501111387941311,0.1950111138794131,0.08
664,200,PCC,SVM,0.07821706593927852,0.41821706593927854,0.34
665,200,PCC,SVM,0.10750949306182223,0.6074905069381777,0.715
666,200,PCC,SVM,0.09455641481680621,0.7104435851831938,0.805
667,200,PCC,SVM,0.21408846127524572,0.7809115387247543,0.995
668,200,PCC,SVM,0.0428995297416182,0.3378995297416182,0.295
669,200,PCC,SVM,0.00046554881719995667,0.4054655488172,0.405
670,200,PCC,SVM,0.1118925714353827,0.2468925714353827,0.135
671,200,PCC,SVM,0.0201247206964289,0.549875279303571,0.57
672,200,PCC,SVM,0.20794290305026675,0.7870570969497332,0.995
673,200,PCC,SVM,0.06154321571024557,0.6384567842897544,0.7
674,200,PCC,SVM,0.039324072545996236,0.5556759274540037,0.595
675,200,PCC,SVM,0.009745996748781682,0.3997459967487817,0.39
676,200,PCC,SVM,0.1678544874368697,0.7471455125631303,0.915
677,200,PCC,SVM,0.04221161405385282,0.4527883859461472,0.495
678,200,PCC,SVM,0.12034469859808927,0.2503446985980893,0.13
679,200,PCC,SVM,0.003520201426590097,0.3685202014265901,0.365
680,200,PCC,SVM,0.1232521938370944,0.1882521938370944,0.065
681,200,PCC,SVM,0.06081799717742026,0.26081799717742027,0.2
682,200,PCC,SVM,0.14415177901611126,0.15915177901611124,0.015
683,200,PCC,SVM,0.0026110340350884997,0.4473889659649115,0.45
684,200,PCC,SVM,0.08070163474588954,0.5492983652541105,0.63
685,200,PCC,SVM,0.03869406689261251,0.37869406689261254,0.34
686,200,PCC,SVM,0.019267464932293143,0.40073253506770684,0.42
687,200,PCC,SVM,0.20110140697007406,0.7538985930299259,0.955
688,200,PCC,SVM,0.08521394134317661,0.6647860586568234,0.75
689,200,PCC,SVM,0.055657410837467,0.48434258916253303,0.54
690,200,PCC,SVM,0.0866203548459607,0.3666203548459607,0.28
691,200,PCC,SVM,0.18783092646657185,0.7071690735334282,0.895
692,200,PCC,SVM,0.09170742208409222,0.3267074220840922,0.235
693,200,PCC,SVM,0.040926366509146606,0.3659263665091466,0.325
694,200,PCC,SVM,0.19023383276751316,0.7147661672324869,0.905
695,200,PCC,SVM,0.0314323865061637,0.4935676134938363,0.525
696,200,PCC,SVM,0.07789222051487787,0.6621077794851221,0.74
697,200,PCC,SVM,0.06340218814745935,0.5265978118525406,0.59
698,200,PCC,SVM,0.07402711878566237,0.5759728812143377,0.65
699,200,PCC,SVM,0.05286783266343703,0.347867832663437,0.295
700,200,PCC,SVM,0.10687995239010789,0.3468799523901079,0.24
701,200,PCC,SVM,0.0574701253642077,0.3774701253642077,0.32
702,200,PCC,SVM,0.13399772221688247,0.28899772221688247,0.155
703,200,PCC,SVM,0.14485291286403568,0.7251470871359643,0.87
704,200,PCC,SVM,0.053332348540953256,0.3333323485409533,0.28
705,200,PCC,SVM,0.054810653541945475,0.5051893464580546,0.56
706,200,PCC,SVM,0.1456350696213219,0.6443649303786781,0.79
707,200,PCC,SVM,0.11458929366320691,0.6654107063367931,0.78
708,200,PCC,SVM,0.026579991318278262,0.40842000868172174,0.435
709,200,PCC,SVM,0.018081925236354157,0.4569180747636458,0.475
710,200,PCC,SVM,0.1965669869471739,0.7934330130528261,0.99
711,200,PCC,SVM,0.08660768936968444,0.5833923106303156,0.67
712,200,PCC,SVM,0.13270146383588488,0.6772985361641152,0.81
713,200,PCC,SVM,0.1600324209316213,0.7399675790683787,0.9
714,200,PCC,SVM,0.10327702934430838,0.6817229706556917,0.785
715,200,PCC,SVM,0.08203362959589738,0.2670336295958974,0.185
716,200,PCC,SVM,0.05780027031885193,0.5021997296811481,0.56
717,200,PCC,SVM,0.12036250967004439,0.2203625096700444,0.1
718,200,PCC,SVM,0.09160211471152302,0.558397885288477,0.65
719,200,PCC,SVM,0.16009824835839548,0.7949017516416045,0.955
720,200,PCC,SVM,0.020104839530734497,0.5301048395307345,0.51
721,200,PCC,SVM,0.018664489161923592,0.4113355108380764,0.43
722,200,PCC,SVM,0.11818030615129316,0.15318030615129316,0.035
723,200,PCC,SVM,0.20645708718907652,0.7485429128109234,0.955
724,200,PCC,SVM,0.09927385598779978,0.1992738559877998,0.1
725,200,PCC,SVM,0.14441041772668037,0.18441041772668038,0.04
726,200,PCC,SVM,0.02302237352832459,0.2680223735283246,0.245
727,200,PCC,SVM,0.12330270020431436,0.18830270020431436,0.065
728,200,PCC,SVM,0.044091864496479116,0.49909186449647913,0.455
729,200,PCC,SVM,0.0066490835867673015,0.5083509164132327,0.515
730,200,PCC,SVM,0.05554594193010487,0.36554594193010487,0.31
731,200,PCC,SVM,0.12086364807718263,0.17086364807718263,0.05
732,200,PCC,SVM,0.11799054646299752,0.22799054646299752,0.11
733,200,PCC,SVM,0.0013673291864917392,0.37863267081350827,0.38
734,200,PCC,SVM,0.12130350991935779,0.18130350991935779,0.06
735,200,PCC,SVM,0.09038959155063198,0.604610408449368,0.695
736,200,PCC,SVM,0.06466287445720051,0.2696628744572005,0.205
737,200,PCC,SVM,0.07525996368751964,0.3752599636875196,0.3
738,200,PCC,SVM,0.05411210560605706,0.4441121056060571,0.39
739,200,PCC,SVM,0.026196714131820287,0.44119671413182027,0.415
740,200,PCC,SVM,0.13961582870392858,0.13961582870392858,0.0
741,200,PCC,SVM,0.12099690783360796,0.23099690783360796,0.11
742,200,PCC,SVM,0.13682088756262079,0.7231791124373792,0.86
743,200,PCC,SVM,0.1710097153343448,0.1710097153343448,0.0
744,200,PCC,SVM,0.03232937620536702,0.472670623794633,0.505
745,200,PCC,SVM,0.007352798058671284,0.4776472019413287,0.485
746,200,PCC,SVM,0.022050386968338775,0.3520503869683388,0.33
747,200,PCC,SVM,0.011695000813758571,0.4183049991862414,0.43
748,200,PCC,SVM,0.1325783584772633,0.6474216415227367,0.78
749,200,PCC,SVM,0.12904863772081676,0.7109513622791832,0.84
750,200,PCC,SVM,0.04449599617252442,0.30449599617252443,0.26
751,200,PCC,SVM,0.03900407992920207,0.3590040799292021,0.32
752,200,PCC,SVM,0.08930160685086996,0.32930160685086995,0.24
753,200,PCC,SVM,0.02661476819759867,0.4483852318024013,0.475
754,200,PCC,SVM,0.12750245142139394,0.5524975485786061,0.68
755,200,PCC,SVM,0.08451058366951827,0.3095105836695183,0.225
756,200,PCC,SVM,0.033141376280764634,0.36314137628076465,0.33
757,200,PCC,SVM,0.2121733484082,0.7178266515918,0.93
758,200,PCC,SVM,0.1378286990006775,0.18282869900067752,0.045
759,200,PCC,SVM,0.008049346890737052,0.45195065310926297,0.46
760,200,PCC,SVM,0.08651883459264487,0.6234811654073551,0.71
761,200,PCC,SVM,0.12790212967399364,0.27790212967399364,0.15
762,200,PCC,SVM,0.1036197275824093,0.1486197275824093,0.045
763,200,PCC,SVM,0.11259224927856354,0.24759224927856355,0.135
764,200,PCC,SVM,0.14946944508647553,0.7655305549135245,0.915
765,200,PCC,SVM,0.17992787434138433,0.18492787434138433,0.005
766,200,PCC,SVM,0.0520060622917769,0.2370060622917769,0.185
767,200,PCC,SVM,0.1514968942646891,0.1814968942646891,0.03
768,200,PCC,SVM,0.05673838948275407,0.16673838948275407,0.11
769,200,PCC,SVM,0.09454495870717383,0.5254550412928262,0.62
770,200,PCC,SVM,0.08425999172045517,0.32425999172045517,0.24
771,200,PCC,SVM,0.09660113370808049,0.46839886629191946,0.565
772,200,PCC,SVM,0.06216038823412373,0.5278396117658762,0.59
773,200,PCC,SVM,0.20241434118740098,0.642585658812599,0.845
774,200,PCC,SVM,0.1540951611331152,0.1540951611331152,0.0
775,200,PCC,SVM,0.17992007442574787,0.6700799255742521,0.85
776,200,PCC,SVM,0.07290103955016713,0.5420989604498329,0.615
777,200,PCC,SVM,0.11105895882838843,0.27105895882838843,0.16
778,200,PCC,SVM,0.11689438960594989,0.6531056103940501,0.77
779,200,PCC,SVM,0.15626328525875777,0.6987367147412422,0.855
780,200,PCC,SVM,0.03923169600173465,0.28923169600173465,0.25
781,200,PCC,SVM,0.2158059504396097,0.6991940495603903,0.915
782,200,PCC,SVM,0.00201209116025991,0.4520120911602599,0.45
783,200,PCC,SVM,0.07032468784631563,0.5296753121536844,0.6
784,200,PCC,SVM,0.16453175605814752,0.8154682439418525,0.98
785,200,PCC,SVM,0.06795053457444822,0.4279505345744482,0.36
786,200,PCC,SVM,0.13058858550521368,0.6794114144947864,0.81
787,200,PCC,SVM,0.09594083303525974,0.41094083303525974,0.315
788,200,PCC,SVM,0.10236930361987706,0.692630696380123,0.795
789,200,PCC,SVM,0.03506825001072622,0.5649317499892738,0.6
790,200,PCC,SVM,0.07768842614106616,0.29268842614106616,0.215
791,200,PCC,SVM,0.04499277112021005,0.3650072288797899,0.41
792,200,PCC,SVM,0.033357359725558144,0.34835735972555815,0.315
793,200,PCC,SVM,0.11474289169183101,0.189742891691831,0.075
794,200,PCC,SVM,0.15431437140479506,0.17931437140479506,0.025
795,200,PCC,SVM,0.03200111200263667,0.37700111200263664,0.345
796,200,PCC,SVM,0.17553787001893412,0.1905378700189341,0.015
797,200,PCC,SVM,0.09683559674421852,0.2618355967442185,0.165
798,200,PCC,SVM,0.12569529199859064,0.5993047080014093,0.725
799,200,PCC,SVM,0.08175335376485937,0.6232466462351406,0.705
800,200,PCC,SVM,0.10207964370028422,0.6329203562997158,0.735
801,200,PCC,SVM,0.025199326705610814,0.3401993267056108,0.315
802,200,PCC,SVM,0.15827669982208747,0.7317233001779125,0.89
803,200,PCC,SVM,0.05706070475780989,0.5329392952421901,0.59
804,200,PCC,SVM,0.11674204085867568,0.24174204085867568,0.125
805,200,PCC,SVM,0.11230838010135308,0.2523083801013531,0.14
806,200,PCC,SVM,0.10039219785666231,0.5896078021433376,0.69
807,200,PCC,SVM,0.10293020764162678,0.2729302076416268,0.17
808,200,PCC,SVM,0.00024143757604644378,0.5047585624239536,0.505
809,200,PCC,SVM,0.22285604769573508,0.7671439523042649,0.99
810,200,PCC,SVM,0.14874188917401004,0.14874188917401004,0.0
811,200,PCC,SVM,0.15646007474795043,0.17146007474795044,0.015
812,200,PCC,SVM,0.188804232841285,0.801195767158715,0.99
813,200,PCC,SVM,0.025972951659169685,0.5540270483408303,0.58
814,200,PCC,SVM,0.1253376643555199,0.2503376643555199,0.125
815,200,PCC,SVM,0.1497817929908729,0.7452182070091271,0.895
816,200,PCC,SVM,0.14357255111897427,0.7364274488810257,0.88
817,200,PCC,SVM,0.03017844443143891,0.5048215555685611,0.535
818,200,PCC,SVM,0.07317278661934767,0.5468272133806523,0.62
819,200,PCC,SVM,0.047301545462138994,0.317301545462139,0.27
820,200,PCC,SVM,0.1252152304585198,0.17521523045851978,0.05
821,200,PCC,SVM,0.04343997562173518,0.5465600243782648,0.59
822,200,PCC,SVM,0.07141401985317486,0.36141401985317484,0.29
823,200,PCC,SVM,0.058133139957209035,0.601866860042791,0.66
824,200,PCC,SVM,0.12459358619779815,0.7104064138022018,0.835
825,200,PCC,SVM,0.14584155487440986,0.16084155487440985,0.015
826,200,PCC,SVM,0.07344497756157908,0.5215550224384209,0.595
827,200,PCC,SVM,0.0631648999651184,0.2931648999651184,0.23
828,200,PCC,SVM,0.16572257288863423,0.7042774271113658,0.87
829,200,PCC,SVM,0.05076693418733319,0.3007669341873332,0.25
830,200,PCC,SVM,0.09114071518789935,0.5188592848121006,0.61
831,200,PCC,SVM,0.03565595078816197,0.5143440492118381,0.55
832,200,PCC,SVM,0.023367733206049734,0.41836773320604975,0.395
833,200,PCC,SVM,0.08614461841612531,0.5888553815838747,0.675
834,200,PCC,SVM,0.10234539830290368,0.6226546016970963,0.725
835,200,PCC,SVM,0.04333210452980352,0.5216678954701964,0.565
836,200,PCC,SVM,0.0936669018948788,0.6613330981051212,0.755
837,200,PCC,SVM,0.158753849036394,0.821246150963606,0.98
838,200,PCC,SVM,0.0016340139604018589,0.41663401396040184,0.415
839,200,PCC,SVM,0.029984409014862046,0.48001559098513796,0.51
840,200,PCC,SVM,0.14757490802210757,0.15757490802210758,0.01
841,200,PCC,SVM,0.12038214507945089,0.6746178549205492,0.795
842,200,PCC,SVM,0.02099593751101525,0.49900406248898477,0.52
843,200,PCC,SVM,0.03413557814509577,0.4391355781450958,0.405
844,200,PCC,SVM,0.10978062712542808,0.19978062712542807,0.09
845,200,PCC,SVM,0.162830060093049,0.722169939906951,0.885
846,200,PCC,SVM,0.021303768971352777,0.37369623102864724,0.395
847,200,PCC,SVM,0.06750569479970381,0.6124943052002962,0.68
848,200,PCC,SVM,0.10518743932735578,0.25018743932735577,0.145
849,200,PCC,SVM,0.21313647910213418,0.7468635208978658,0.96
850,200,PCC,SVM,0.09265974125813031,0.2676597412581303,0.175
851,200,PCC,SVM,0.07492859612742203,0.26992859612742204,0.195
852,200,PCC,SVM,0.20674854363148754,0.6482514563685124,0.855
853,200,PCC,SVM,0.13420962610931608,0.775790373890684,0.91
854,200,PCC,SVM,0.05785421251884407,0.26785421251884406,0.21
855,200,PCC,SVM,0.02506688358930592,0.4399331164106941,0.465
856,200,PCC,SVM,0.12751970596252293,0.602480294037477,0.73
857,200,PCC,SVM,0.1447567847018736,0.7302432152981264,0.875
858,200,PCC,SVM,0.030585529829269764,0.40558552982926976,0.375
859,200,PCC,SVM,0.0424587331078346,0.4725412668921654,0.515
860,200,PCC,SVM,0.10350212275669379,0.6364978772433062,0.74
861,200,PCC,SVM,0.0973896530270878,0.6326103469729122,0.73
862,200,PCC,SVM,0.11380873393392266,0.6661912660660774,0.78
863,200,PCC,SVM,0.04596319672175686,0.5190368032782431,0.565
864,200,PCC,SVM,0.09371165341572127,0.19371165341572127,0.1
865,200,PCC,SVM,0.1839956423249497,0.7160043576750503,0.9
866,200,PCC,SVM,0.16643582443279992,0.6985641755672001,0.865
867,200,PCC,SVM,0.12124338240601251,0.6737566175939875,0.795
868,200,PCC,SVM,0.0814556399695828,0.1764556399695828,0.095
869,200,PCC,SVM,0.07664493576809367,0.2766449357680937,0.2
870,200,PCC,SVM,0.04605574219553743,0.6939442578044626,0.74
871,200,PCC,SVM,0.14661821616794296,0.16661821616794295,0.02
872,200,PCC,SVM,0.2309036128675077,0.7440963871324923,0.975
873,200,PCC,SVM,0.026589994710262854,0.34841000528973715,0.375
874,200,PCC,SVM,0.08995200629439049,0.6250479937056095,0.715
875,200,PCC,SVM,0.1680503843599379,0.7169496156400621,0.885
876,200,PCC,SVM,0.009096248577885158,0.39909624857788517,0.39
877,200,PCC,SVM,0.06737724356079672,0.3823772435607967,0.315
878,200,PCC,SVM,0.07298561908298562,0.5320143809170144,0.605
879,200,PCC,SVM,0.04920948503866551,0.5307905149613344,0.58
880,200,PCC,SVM,0.004233653572105478,0.4092336535721055,0.405
881,200,PCC,SVM,0.037603217780338816,0.5623967822196612,0.6
882,200,PCC,SVM,0.14485804921397905,0.790141950786021,0.935
883,200,PCC,SVM,0.0027640552654766837,0.4677640552654767,0.465
884,200,PCC,SVM,0.08561489698225716,0.28061489698225717,0.195
885,200,PCC,SVM,0.01178593703225922,0.3867859370322592,0.375
886,200,PCC,SVM,0.04820926386128016,0.4382092638612802,0.39
887,200,PCC,SVM,0.09111207774944582,0.22111207774944583,0.13
888,200,PCC,SVM,0.14220736470247144,0.30220736470247145,0.16
889,200,PCC,SVM,0.1004812594456449,0.5795187405543551,0.68
890,200,PCC,SVM,0.0447906497908474,0.3797906497908474,0.335
891,200,PCC,SVM,0.15920570655739397,0.790794293442606,0.95
892,200,PCC,SVM,0.09507648301481042,0.3350764830148104,0.24
893,200,PCC,SVM,0.1158899647464775,0.2108899647464775,0.095
894,200,PCC,SVM,0.09015064809907902,0.659849351900921,0.75
895,200,PCC,SVM,0.19689504952040526,0.6831049504795947,0.88
896,200,PCC,SVM,0.03259988309448969,0.3075998830944897,0.275
897,200,PCC,SVM,0.08429646044025418,0.2842964604402542,0.2
898,200,PCC,SVM,0.07844792589252875,0.26344792589252874,0.185
899,200,PCC,SVM,0.044995441399660274,0.47500455860033974,0.52
900,200,PCC,SVM,0.004858893538789599,0.4698588935387896,0.465
901,200,PCC,SVM,0.059986178339324236,0.31498617833932424,0.255
902,200,PCC,SVM,0.10725894502578494,0.15225894502578494,0.045
903,200,PCC,SVM,0.023011957409936057,0.4569880425900639,0.48
904,200,PCC,SVM,0.16416195824998603,0.7908380417500139,0.955
905,200,PCC,SVM,0.041682699573580395,0.6083173004264196,0.65
906,200,PCC,SVM,0.039360560572220815,0.4556394394277792,0.495
907,200,PCC,SVM,0.070190168943927,0.180190168943927,0.11
908,200,PCC,SVM,0.04407917647092552,0.2940791764709255,0.25
909,200,PCC,SVM,0.05322277524293384,0.3432227752429338,0.29
910,200,PCC,SVM,0.12209780207449894,0.6379021979255011,0.76
911,200,PCC,SVM,0.17831507246029477,0.6966849275397052,0.875
912,200,PCC,SVM,0.18273584163485201,0.717264158365148,0.9
913,200,PCC,SVM,0.21815758274722186,0.7618424172527781,0.98
914,200,PCC,SVM,0.16991237612929921,0.8100876238707008,0.98
915,200,PCC,SVM,0.1734663259395397,0.7765336740604603,0.95
916,200,PCC,SVM,0.09878145552898315,0.16878145552898316,0.07
917,200,PCC,SVM,0.08280454051357161,0.21780454051357162,0.135
918,200,PCC,SVM,0.0912173728910044,0.3912173728910044,0.3
919,200,PCC,SVM,0.019989826178825054,0.5699898261788251,0.55
920,200,PCC,SVM,0.10200908428382569,0.1970090842838257,0.095
921,200,PCC,SVM,0.15499483310939022,0.6900051668906098,0.845
922,200,PCC,SVM,0.06760245924448172,0.5473975407555183,0.615
923,200,PCC,SVM,0.036014975934798854,0.5039850240652012,0.54
924,200,PCC,SVM,0.09404370180223495,0.25904370180223496,0.165
925,200,PCC,SVM,0.0586549735436005,0.3086549735436005,0.25
926,200,PCC,SVM,0.1295804260444661,0.2895804260444661,0.16
927,200,PCC,SVM,0.18425125390304642,0.6657487460969536,0.85
928,200,PCC,SVM,0.02542126228270014,0.5545787377172998,0.58
929,200,PCC,SVM,0.11341259927774683,0.6215874007222532,0.735
930,200,PCC,SVM,0.06491743463417893,0.3599174346341789,0.295
931,200,PCC,SVM,0.01638786504177775,0.38638786504177774,0.37
932,200,PCC,SVM,0.008499161709848158,0.39150083829015186,0.4
933,200,PCC,SVM,0.10570309858744353,0.6542969014125565,0.76
934,200,PCC,SVM,0.10762281712267718,0.6623771828773228,0.77
935,200,PCC,SVM,0.036441940811611256,0.24144194081161124,0.205
936,200,PCC,SVM,0.15973662630543994,0.78026337369456,0.94
937,200,PCC,SVM,0.13688225633768503,0.256882256337685,0.12
938,200,PCC,SVM,0.16338578699110373,0.7316142130088963,0.895
939,200,PCC,SVM,0.12212248655801086,0.22212248655801087,0.1
940,200,PCC,SVM,0.07136538056330083,0.33136538056330084,0.26
941,200,PCC,SVM,0.22558848225255568,0.6194115177474443,0.845
942,200,PCC,SVM,0.10423226027087867,0.27923226027087866,0.175
943,200,PCC,SVM,0.01570085057892273,0.39429914942107724,0.41
944,200,PCC,SVM,0.007645636456396487,0.4373543635436035,0.445
945,200,PCC,SVM,0.08188378269563829,0.3268837826956383,0.245
946,200,PCC,SVM,0.09495802974116774,0.6150419702588322,0.71
947,200,PCC,SVM,0.15857661080796603,0.6914233891920339,0.85
948,200,PCC,SVM,0.19012309460045895,0.679876905399541,0.87
949,200,PCC,SVM,0.04668729170535879,0.3816872917053588,0.335
950,200,PCC,SVM,0.06578316332567463,0.4642168366743254,0.53
951,200,PCC,SVM,0.09121595637392887,0.33621595637392887,0.245
952,200,PCC,SVM,0.06561667364586449,0.3056166736458645,0.24
953,200,PCC,SVM,0.09276686026641931,0.2527668602664193,0.16
954,200,PCC,SVM,0.20363271379891412,0.7363672862010858,0.94
955,200,PCC,SVM,0.1492929711188813,0.7357070288811187,0.885
956,200,PCC,SVM,0.12131491993162002,0.65368508006838,0.775
957,200,PCC,SVM,0.04225725012269865,0.47274274987730136,0.515
958,200,PCC,SVM,0.020726550434348567,0.4692734495656514,0.49
959,200,PCC,SVM,0.003997172956391792,0.5289971729563918,0.525
960,200,PCC,SVM,0.022776544581768254,0.5122234554182318,0.535
961,200,PCC,SVM,0.03232182312353493,0.39767817687646506,0.43
962,200,PCC,SVM,0.10213841817021876,0.23213841817021877,0.13
963,200,PCC,SVM,0.09617350325372748,0.22117350325372748,0.125
964,200,PCC,SVM,0.17495982546350164,0.7750401745364983,0.95
965,200,PCC,SVM,0.02327855642518939,0.4567214435748106,0.48
966,200,PCC,SVM,0.17946022288993468,0.7705397771100653,0.95
967,200,PCC,SVM,0.07577838889900929,0.2357783888990093,0.16
968,200,PCC,SVM,0.039432367010260316,0.5105676329897397,0.55
969,200,PCC,SVM,0.07924524815967163,0.2842452481596716,0.205
970,200,PCC,SVM,0.053110253404057284,0.3031102534040573,0.25
971,200,PCC,SVM,0.1472445917973156,0.1772445917973156,0.03
972,200,PCC,SVM,0.10773182144442846,0.22273182144442846,0.115
973,200,PCC,SVM,0.1704587782895557,0.7445412217104443,0.915
974,200,PCC,SVM,0.006253568675577137,0.32625356867557714,0.32
975,200,PCC,SVM,0.07719364156958164,0.5278063584304183,0.605
976,200,PCC,SVM,0.012864608858462134,0.4521353911415379,0.465
977,200,PCC,SVM,0.005917855588242871,0.39408214441175715,0.4
978,200,PCC,SVM,0.022314112562962896,0.5076858874370371,0.53
979,200,PCC,SVM,0.07383149943247841,0.2588314994324784,0.185
980,200,PCC,SVM,0.18792374928315236,0.7970762507168476,0.985
981,200,PCC,SVM,0.10151997883099495,0.713480021169005,0.815
982,200,PCC,SVM,0.11973610633105258,0.6202638936689474,0.74
983,200,PCC,SVM,0.02395015699746833,0.4410498430025317,0.465
984,200,PCC,SVM,0.0733638077190627,0.2233638077190627,0.15
985,200,PCC,SVM,0.22099927548679577,0.6990007245132043,0.92
986,200,PCC,SVM,0.05988327424814105,0.3998832742481411,0.34
987,200,PCC,SVM,0.143316438961841,0.19331643896184098,0.05
988,200,PCC,SVM,0.03455844440684419,0.3745584444068442,0.34
989,200,PCC,SVM,0.12260308456928148,0.6673969154307186,0.79
990,200,PCC,SVM,0.08427794556713986,0.5357220544328601,0.62
991,200,PCC,SVM,0.12636224301279364,0.6236377569872064,0.75
992,200,PCC,SVM,0.12598625180999568,0.6640137481900044,0.79
993,200,PCC,SVM,0.06033931525478678,0.27033931525478677,0.21
994,200,PCC,SVM,0.19298583196663288,0.7270141680333672,0.92
995,200,PCC,SVM,0.018171430410923173,0.45317143041092317,0.435
996,200,PCC,SVM,0.06939788871552877,0.5656021112844712,0.635
997,200,PCC,SVM,0.16064762266687604,0.16064762266687604,0.0
998,200,PCC,SVM,0.2194254295116106,0.7705745704883894,0.99
999,200,PCC,SVM,0.07598358470776001,0.35598358470776004,0.28
1000,200,PCC,SVM,0.12569040529606645,0.18569040529606645,0.06
1001,200,PCC,SVM,0.013120796579165206,0.4418792034208348,0.455
1002,200,PCC,SVM,0.11766104738401939,0.2426610473840194,0.125
1003,200,PCC,SVM,0.11836384067706188,0.26836384067706187,0.15
1004,200,PCC,SVM,0.09046259424851,0.53953740575149,0.63
1005,200,PCC,SVM,0.01107296180533962,0.40107296180533963,0.39
1006,200,PCC,SVM,0.1391636200931028,0.7808363799068972,0.92
1007,200,PCC,SVM,0.07799734881865072,0.3929973488186507,0.315
1008,200,PCC,SVM,0.07382985917898821,0.6511701408210118,0.725
1009,200,PCC,SVM,0.02017937061203562,0.4398206293879644,0.46
1010,200,PCC,SVM,0.035407727551971524,0.6195922724480285,0.655
1011,200,PCC,SVM,0.05226799703493945,0.5427320029650605,0.595
1012,200,PCC,SVM,0.016309040229309346,0.4536909597706906,0.47
1013,200,PCC,SVM,0.2100964481650287,0.7399035518349713,0.95
1014,200,PCC,SVM,0.05997360989163558,0.3999736098916356,0.34
1015,200,PCC,SVM,0.11615956499362462,0.2911595649936246,0.175
1016,200,PCC,SVM,0.14450166082932525,0.5304983391706748,0.675
1017,200,PCC,SVM,0.17892116916507883,0.6660788308349211,0.845
1018,200,PCC,SVM,0.13976684113182908,0.17976684113182909,0.04
1019,200,PCC,SVM,0.007704616850931489,0.4372953831490685,0.445
1020,200,PCC,SVM,0.12641550154871373,0.7635844984512863,0.89
1021,200,PCC,SVM,0.08891537133409988,0.6560846286659001,0.745
1022,200,PCC,SVM,0.1872626839596695,0.8027373160403305,0.99
1023,200,PCC,SVM,0.06898030248931741,0.4610196975106826,0.53
1024,200,PCC,SVM,0.05269710828266949,0.6023028917173305,0.655
1025,200,PCC,SVM,0.08445365666539878,0.38445365666539877,0.3
1026,200,PCC,SVM,0.18095618133071878,0.7640438186692812,0.945
1027,200,PCC,SVM,0.014076131791817104,0.3509238682081829,0.365
1028,200,PCC,SVM,0.07175129361145294,0.663248706388547,0.735
1029,200,PCC,SVM,0.003343103155279359,0.4033431031552794,0.4
1030,200,PCC,SVM,0.03558173835732337,0.5244182616426767,0.56
1031,200,PCC,SVM,0.14739159673991054,0.5676084032600894,0.715
1032,200,PCC,SVM,0.017568053942122797,0.4874319460578772,0.505
1033,200,PCC,SVM,0.1641138204989756,0.7408861795010244,0.905
1034,200,PCC,SVM,0.014358319980364687,0.4006416800196353,0.415
1035,200,PCC,SVM,0.07021175095709575,0.5747882490429043,0.645
1036,200,PCC,SVM,0.02383261011145421,0.36383261011145424,0.34
1037,200,PCC,SVM,0.01844345508438222,0.42344345508438225,0.405
1038,200,PCC,SVM,0.01322734956272048,0.4267726504372795,0.44
1039,200,PCC,SVM,0.09792971405869783,0.22292971405869783,0.125
1040,200,PCC,SVM,0.16100793164562652,0.2510079316456265,0.09
1041,200,PCC,SVM,0.09071295179076,0.57428704820924,0.665
1042,200,PCC,SVM,0.06863448977462794,0.5863655102253721,0.655
1043,200,PCC,SVM,0.09565217141726634,0.5643478285827337,0.66
1044,200,PCC,SVM,0.15527183201591327,0.17027183201591328,0.015
1045,200,PCC,SVM,0.03943270823114614,0.36443270823114615,0.325
1046,200,PCC,SVM,0.08244601775549165,0.27744601775549166,0.195
1047,200,PCC,SVM,0.1335606735066146,0.6414393264933854,0.775
1048,200,PCC,SVM,0.14313447975674676,0.7168655202432532,0.86
1049,200,PCC,SVM,0.06840105374096656,0.31340105374096655,0.245
1050,200,PCC,SVM,0.0940523613633526,0.5709476386366474,0.665
1051,200,PCC,SVM,0.14275491397151896,0.26775491397151896,0.125
1052,200,PCC,SVM,0.0509618223192978,0.3259618223192978,0.275
1053,200,PCC,SVM,0.10060262572490564,0.23560262572490565,0.135
1054,200,PCC,SVM,0.03264870882237175,0.3126487088223718,0.28
1055,200,PCC,SVM,0.0427338703524891,0.6272661296475109,0.67
1056,200,PCC,SVM,0.16745355517165328,0.7425464448283468,0.91
1057,200,PCC,SVM,0.0654982799145149,0.2654982799145149,0.2
1058,200,PCC,SVM,0.027978154897563612,0.5120218451024364,0.54
1059,200,PCC,SVM,0.08471284841066229,0.6152871515893377,0.7
1060,200,PCC,SVM,0.17826552489511227,0.7717344751048877,0.95
1061,200,PCC,SVM,0.04997913512964369,0.5600208648703563,0.61
1062,200,PCC,SVM,0.037043766333375694,0.2920437663333757,0.255
1063,200,PCC,SVM,0.05951959052059319,0.5654804094794068,0.625
1064,200,PCC,SVM,0.061038846002419656,0.38103884600241966,0.32
1065,200,PCC,SVM,0.23099608603819577,0.7440039139618042,0.975
1066,200,PCC,SVM,0.008829975650881727,0.40382997565088175,0.395
1067,200,PCC,SVM,0.062216546908699155,0.6227834530913009,0.685
1068,200,PCC,SVM,0.18138886058086617,0.20138886058086616,0.02
1069,200,PCC,SVM,0.03257516586314957,0.4325751658631496,0.4
1070,200,PCC,SVM,0.1266357874405556,0.7483642125594444,0.875
1071,200,PCC,SVM,0.07568392983537453,0.5343160701646255,0.61
1072,200,PCC,SVM,0.022040578418788204,0.4620405784187882,0.44
1073,200,PCC,SVM,0.1731199468037794,0.7618800531962207,0.935
1074,200,PCC,SVM,0.19557745049872055,0.6544225495012794,0.85
1075,200,PCC,SVM,0.042818921574370616,0.3628189215743706,0.32
1076,200,PCC,SVM,0.0312026201163782,0.5087973798836218,0.54
1077,200,PCC,SVM,0.04451724144297298,0.440482758557027,0.485
1078,200,PCC,SVM,0.04100554337423379,0.5889944566257662,0.63
1079,200,PCC,SVM,0.0759310842158219,0.4059310842158219,0.33
1080,200,PCC,SVM,0.013020784405797792,0.2530207844057978,0.24
1081,200,PCC,SVM,0.14594101144220606,0.764058988557794,0.91
1082,200,PCC,SVM,0.16327598451767322,0.7567240154823268,0.92
1083,200,PCC,SVM,0.14608016419240477,0.6939198358075952,0.84
1084,200,PCC,SVM,0.23079376533288454,0.7442062346671154,0.975
1085,200,PCC,SVM,0.10020346688312698,0.639796533116873,0.74
1086,200,PCC,SVM,0.11678431163892133,0.6432156883610787,0.76
1087,200,PCC,SVM,0.11339295403508032,0.6466070459649197,0.76
1088,200,PCC,SVM,0.007161187164454186,0.4728388128355458,0.48
1089,200,PCC,SVM,0.027780267472742648,0.42721973252725737,0.455
1090,200,PCC,SVM,0.0745104100521714,0.3145104100521714,0.24
1091,200,PCC,SVM,0.059084140228639614,0.5809158597713604,0.64
1092,200,PCC,SVM,0.04293984042901955,0.3279398404290195,0.285
1093,200,PCC,SVM,0.07410824910184971,0.3291082491018497,0.255
1094,200,PCC,SVM,0.03236267562834294,0.552637324371657,0.585
1095,200,PCC,SVM,0.026791704753722168,0.4317917047537222,0.405
1096,200,PCC,SVM,0.05748555884194531,0.2724855588419453,0.215
1097,200,PCC,SVM,0.10186736749480407,0.7131326325051959,0.815
1098,200,PCC,SVM,0.21352684355790474,0.6464731564420952,0.86
1099,200,PCC,SVM,0.06689492131493413,0.23189492131493414,0.165
1100,200,PCC,SVM,0.17208830943641606,0.17708830943641607,0.005
1101,200,PCC,SVM,0.020960046113560504,0.3559600461135605,0.335
1102,200,PCC,SVM,0.17156794409447584,0.6234320559055242,0.795
1103,200,PCC,SVM,0.16015380469026552,0.6748461953097344,0.835
1104,200,PCC,SVM,0.093321736007097,0.22832173600709701,0.135
1105,200,PCC,SVM,0.0990267195712532,0.6709732804287468,0.77
1106,200,PCC,SVM,0.12184677074267729,0.2368467707426773,0.115
1107,200,PCC,SVM,0.03503037736724185,0.42503037736724186,0.39
1108,200,PCC,SVM,0.19980191793763635,0.7951980820623636,0.995
1109,200,PCC,SVM,0.05188213915110626,0.24188213915110626,0.19
1110,200,PCC,SVM,0.14420742425658697,0.29420742425658697,0.15
1111,200,PCC,SVM,0.02147625671697223,0.4414762567169722,0.42
1112,200,PCC,SVM,0.09510984739989548,0.5198901526001045,0.615
1113,200,PCC,SVM,0.20994716716578032,0.7200528328342197,0.93
1114,200,PCC,SVM,0.19507913334328664,0.7849208666567133,0.98
1115,200,PCC,SVM,0.1354736826296514,0.2004736826296514,0.065
1116,200,PCC,SVM,0.10081785783760583,0.23581785783760584,0.135
1117,200,PCC,SVM,0.11173551958283456,0.6782644804171655,0.79
1118,200,PCC,SVM,0.06737642607897976,0.3373764260789798,0.27
1119,200,PCC,SVM,0.1578194456216372,0.7221805543783628,0.88
1120,200,PCC,SVM,0.0900407886761101,0.5699592113238899,0.66
1121,200,PCC,SVM,0.11636180819190635,0.22636180819190635,0.11
1122,200,PCC,SVM,0.1527990171053788,0.6772009828946212,0.83
1123,200,PCC,SVM,0.09153547656863281,0.2665354765686328,0.175
1124,200,PCC,SVM,0.037689726427393655,0.45768972642739364,0.42
1125,200,PCC,SVM,0.022163689066013292,0.5278363109339868,0.55
1126,200,PCC,SVM,0.024447499384629534,0.47555250061537047,0.5
1127,200,PCC,SVM,0.08493736619993009,0.60006263380007,0.685
1128,200,PCC,SVM,0.07562487588435962,0.5743751241156404,0.65
1129,200,PCC,SVM,0.22315080253922448,0.7668491974607755,0.99
1130,200,PCC,SVM,0.20715723058330182,0.7878427694166982,0.995
1131,200,PCC,SVM,0.023675196057878933,0.4913248039421211,0.515
1132,200,PCC,SVM,0.12396853230173441,0.2189685323017344,0.095
1133,200,PCC,SVM,0.09918140778324713,0.6258185922167528,0.725
1134,200,PCC,SVM,0.1968705037140157,0.7781294962859843,0.975
1135,200,PCC,SVM,0.03521346209601817,0.35021346209601817,0.315
1136,200,PCC,SVM,0.03223888112061973,0.4277611188793803,0.46
1137,200,PCC,SVM,0.04301366709475524,0.4630136670947552,0.42
1138,200,PCC,SVM,0.12394787995379798,0.17394787995379798,0.05
1139,200,PCC,SVM,0.130198230961884,0.539801769038116,0.67
1140,200,PCC,SVM,0.0066458718516937965,0.3433541281483062,0.35
1141,200,PCC,SVM,0.13195111610662635,0.6530488838933737,0.785
1142,200,PCC,SVM,0.12928934939212833,0.7007106506078716,0.83
1143,200,PCC,SVM,0.11736788301699941,0.7026321169830005,0.82
1144,200,PCC,SVM,0.0062388196744653235,0.40876118032553466,0.415
1145,200,PCC,SVM,0.03617428607329137,0.3561742860732914,0.32
1146,200,PCC,SVM,0.0845433256359347,0.6604566743640653,0.745
1147,200,PCC,SVM,0.13411842991594314,0.6658815700840569,0.8
1148,200,PCC,SVM,0.015866727737731567,0.4741332722622684,0.49
1149,200,PCC,SVM,0.1772994088501646,0.7127005911498354,0.89
1150,200,PCC,SVM,0.1408625374115265,0.2808625374115265,0.14
1151,200,PCC,SVM,0.1596084534099398,0.7153915465900602,0.875
1152,200,PCC,SVM,0.119164485520105,0.214164485520105,0.095
1153,200,PCC,SVM,0.0908181568742113,0.2408181568742113,0.15
1154,200,PCC,SVM,0.02543497948565887,0.5045650205143412,0.53
1155,200,PCC,SVM,0.1291457833493791,0.1941457833493791,0.065
1156,200,PCC,SVM,0.11491081709114655,0.16491081709114655,0.05
1157,200,PCC,SVM,0.14560667759595675,0.14560667759595675,0.0
1158,200,PCC,SVM,0.009347755617064801,0.4256522443829352,0.435
1159,200,PCC,SVM,0.11249959103913376,0.6575004089608663,0.77
1160,200,PCC,SVM,0.16166460376878347,0.19166460376878347,0.03
1161,200,PCC,SVM,0.0634522804627593,0.5865477195372407,0.65
1162,200,PCC,SVM,0.1795641547421064,0.6404358452578935,0.82
1163,200,PCC,SVM,0.10522969544416758,0.2702296954441676,0.165
1164,200,PCC,SVM,0.08542298565089235,0.23042298565089234,0.145
1165,200,PCC,SVM,0.1498138262454628,0.7101861737545372,0.86
1166,200,PCC,SVM,0.14299178149209724,0.6770082185079027,0.82
1167,200,PCC,SVM,0.02652147746537792,0.5084785225346221,0.535
1168,200,PCC,SVM,0.10389127433058254,0.7111087256694174,0.815
1169,200,PCC,SVM,0.1373535241725887,0.2273535241725887,0.09
1170,200,PCC,SVM,0.009376852760977383,0.38062314723902263,0.39
1171,200,PCC,SVM,0.12547861952412265,0.6095213804758773,0.735
1172,200,PCC,SVM,0.04693285449515472,0.3019328544951547,0.255
1173,200,PCC,SVM,0.14526493568343257,0.6047350643165674,0.75
1174,200,PCC,SVM,0.052116810271422565,0.44788318972857744,0.5
1175,200,PCC,SVM,0.12503450837168573,0.6249654916283143,0.75
1176,200,PCC,SVM,0.003947072540976204,0.4560529274590238,0.46
1177,200,PCC,SVM,0.005961316562015928,0.3709613165620159,0.365
1178,200,PCC,SVM,0.07686368018119197,0.29186368018119196,0.215
1179,200,PCC,SVM,0.07368840679826968,0.27868840679826967,0.205
1180,200,PCC,SVM,0.09558471340412755,0.6544152865958724,0.75
1181,200,PCC,SVM,0.09780070634939682,0.21280070634939682,0.115
1182,200,PCC,SVM,0.1200324122330219,0.2050324122330219,0.085
1183,200,PCC,SVM,0.08796156660598065,0.26296156660598063,0.175
1184,200,PCC,SVM,0.09527966649199338,0.27027966649199336,0.175
1185,200,PCC,SVM,0.11772393501359124,0.7022760649864087,0.82
1186,200,PCC,SVM,0.009520403349877027,0.40452040334987704,0.395
1187,200,PCC,SVM,0.19742019119330056,0.7925798088066994,0.99
1188,200,PCC,SVM,0.08320424170371299,0.218204241703713,0.135
1189,200,PCC,SVM,0.09035241325348575,0.5596475867465143,0.65
1190,200,PCC,SVM,0.013277749834806285,0.4582777498348063,0.445
1191,200,PCC,SVM,0.06558936465036302,0.45558936465036304,0.39
1192,200,PCC,SVM,0.14092007030074816,0.7340799296992518,0.875
1193,200,PCC,SVM,0.1872493262867596,0.7877506737132404,0.975
1194,200,PCC,SVM,0.14334378159245276,0.7266562184075472,0.87
1195,200,PCC,SVM,0.11040689021269368,0.3004068902126937,0.19
1196,200,PCC,SVM,0.0722467237835537,0.2922467237835537,0.22
1197,200,PCC,SVM,0.08052704996773419,0.5744729500322658,0.655
1198,200,PCC,SVM,0.05839032844453801,0.343390328444538,0.285
1199,200,PCC,SVM,0.1064828319621055,0.6235171680378945,0.73
1200,200,PCC,SVM,0.051217531182799036,0.5137824688172009,0.565
1201,200,PCC,SVM,0.019776955088221304,0.5302230449117787,0.55
1202,200,PCC,SVM,0.15447841745858293,0.670521582541417,0.825
1203,200,PCC,SVM,0.09515634807657891,0.614843651923421,0.71
1204,200,PCC,SVM,0.14204389582406765,0.16704389582406765,0.025
1205,200,PCC,SVM,0.10958560469599289,0.1545856046959929,0.045
1206,200,PCC,SVM,0.011711828574575645,0.5882881714254243,0.6
1207,200,PCC,SVM,0.005917754383014118,0.47908224561698587,0.485
1208,200,PCC,SVM,0.057273468471270794,0.3172734684712708,0.26
1209,200,PCC,SVM,0.02138643253253747,0.43638643253253745,0.415
1210,200,PCC,SVM,0.12759095114648145,0.6274090488535186,0.755
1211,200,PCC,SVM,0.15909252270546614,0.6659074772945338,0.825
1212,200,PCC,SVM,0.03505301765241797,0.5249469823475821,0.56
1213,200,PCC,SVM,0.0021168283932586074,0.3871168283932586,0.385
1214,200,PCC,SVM,0.08662641130085508,0.3566264113008551,0.27
1215,200,PCC,SVM,0.0497397931469617,0.4702602068530383,0.52
1216,200,PCC,SVM,0.034947517976434306,0.3449475179764343,0.31
1217,200,PCC,SVM,0.08539086751581837,0.4746091324841817,0.56
1218,200,PCC,SVM,0.08755403131379003,0.58744596868621,0.675
1219,200,PCC,SVM,0.15549977208221896,0.22049977208221896,0.065
1220,200,PCC,SVM,0.13603871290254757,0.13603871290254757,0.0
1221,200,PCC,SVM,0.07433795332949486,0.28433795332949485,0.21
1222,200,PCC,SVM,0.1908935298690051,0.6991064701309949,0.89
1223,200,PCC,SVM,0.07238407868897934,0.5726159213110207,0.645
1224,200,PCC,SVM,0.08240290260995695,0.25240290260995696,0.17
1225,200,PCC,SVM,0.13657312238659203,0.753426877613408,0.89
1226,200,PCC,SVM,0.033634170553784204,0.4313658294462158,0.465
1227,200,PCC,SVM,0.005333913358012976,0.48033391335801295,0.475
1228,200,PCC,SVM,0.15772040598104176,0.7772795940189583,0.935
1229,200,PCC,SVM,0.11916165203781798,0.17416165203781797,0.055
1230,200,PCC,SVM,0.10047100034576387,0.31547100034576386,0.215
1231,200,PCC,SVM,0.06318270728604003,0.5218172927139599,0.585
1232,200,PCC,SVM,0.08757619219710949,0.2825761921971095,0.195
1233,200,PCC,SVM,0.08711126897228694,0.5878887310277131,0.675
1234,200,PCC,SVM,0.058007508417837333,0.2680075084178373,0.21
1235,200,PCC,SVM,0.10259412716736083,0.19759412716736083,0.095
1236,200,PCC,SVM,0.1135927549297325,0.3185927549297325,0.205
1237,200,PCC,SVM,0.005008379616566305,0.4250083796165663,0.42
1238,200,PCC,SVM,0.07231319212607817,0.24731319212607816,0.175
1239,200,PCC,SVM,0.11342162909040207,0.24342162909040208,0.13
1240,200,PCC,SVM,0.12498552949913899,0.735014470500861,0.86
1241,200,PCC,SVM,0.10094649110490117,0.4209464911049012,0.32
1242,200,PCC,SVM,0.02691802505319102,0.386918025053191,0.36
1243,200,PCC,SVM,0.10780480989400851,0.1628048098940085,0.055
1244,200,PCC,SVM,0.0010155537215811306,0.3560155537215811,0.355
1245,200,PCC,SVM,0.0620576935064448,0.3220576935064448,0.26
1246,200,PCC,SVM,0.09102492764131176,0.5189750723586882,0.61
1247,200,PCC,SVM,0.08468294908625376,0.28968294908625375,0.205
1248,200,PCC,SVM,0.20109953392978863,0.6839004660702114,0.885
1249,200,PCC,SVM,0.18622629030051807,0.738773709699482,0.925
1250,200,PCC,SVM,0.14015253879190953,0.23515253879190953,0.095
1251,200,PCC,SVM,0.1144092695512509,0.2194092695512509,0.105
1252,200,PCC,SVM,0.11144434728691703,0.22644434728691704,0.115
1253,200,PCC,SVM,0.10451841218581315,0.5104815878141868,0.615
1254,200,PCC,SVM,0.14336017380749222,0.2633601738074922,0.12
1255,200,PCC,SVM,0.14661676183319494,0.703383238166805,0.85
1256,200,PCC,SVM,0.0966665745747457,0.6533334254252543,0.75
1257,200,PCC,SVM,0.1292626189083802,0.6857373810916197,0.815
1258,200,PCC,SVM,0.038705977018435644,0.4862940229815644,0.525
1259,200,PCC,SVM,0.175505116088574,0.819494883911426,0.995
1260,200,PCC,SVM,0.09776229695824343,0.13776229695824344,0.04
1261,200,PCC,SVM,0.012549490225281679,0.38745050977471834,0.4
1262,200,PCC,SVM,0.032778012195565365,0.35277801219556537,0.32
1263,200,PCC,SVM,0.19263660961159834,0.7523633903884016,0.945
1264,200,PCC,SVM,0.04044210785676139,0.5345578921432386,0.575
1265,200,PCC,SVM,0.1503904153806619,0.6546095846193382,0.805
1266,200,PCC,SVM,0.08898328185385221,0.2589832818538522,0.17
1267,200,PCC,SVM,0.19848126006188482,0.7765187399381152,0.975
1268,200,PCC,SVM,0.02624046936932678,0.4687595306306732,0.495
1269,200,PCC,SVM,0.031975643979203994,0.458024356020796,0.49
1270,200,PCC,SVM,0.19866241851905087,0.7713375814809491,0.97
1271,200,PCC,SVM,0.02322663483216253,0.40322663483216253,0.38
1272,200,PCC,SVM,0.035230319061327675,0.4302303190613277,0.395
1273,200,PCC,SVM,0.050701625456311405,0.5292983745436886,0.58
1274,200,PCC,SVM,0.1271137791666076,0.2521137791666076,0.125
1275,200,PCC,SVM,0.06183674287239682,0.38183674287239683,0.32
1276,200,PCC,SVM,0.1051461886258917,0.2951461886258917,0.19
1277,200,PCC,SVM,0.11460731904197957,0.21460731904197958,0.1
1278,200,PCC,SVM,0.11901338372558412,0.7459866162744159,0.865
1279,200,PCC,SVM,0.05482680685420427,0.5301731931457957,0.585
1280,200,PCC,SVM,0.002404132972414319,0.3574041329724143,0.355
1281,200,PCC,SVM,0.041194592298887944,0.44619459229888797,0.405
1282,200,PCC,SVM,0.022853912109381036,0.45285391210938103,0.43
1283,200,PCC,SVM,0.06847144288050222,0.5615285571194978,0.63
1284,200,PCC,SVM,0.185053964899361,0.739946035100639,0.925
1285,200,PCC,SVM,0.18750996413188192,0.7424900358681181,0.93
1286,200,PCC,SVM,0.001981935800690282,0.3919819358006903,0.39
1287,200,PCC,SVM,0.026191790704147788,0.3511917907041478,0.325
1288,200,PCC,SVM,0.027480103236430298,0.4225198967635697,0.45
1289,200,PCC,SVM,0.07346848834194514,0.4915315116580548,0.565
1290,200,PCC,SVM,0.018546385883342342,0.4414536141166577,0.46
1291,200,PCC,SVM,0.10041487299028895,0.5545851270097111,0.655
1292,200,PCC,SVM,0.023462893913951288,0.5265371060860488,0.55
1293,200,PCC,SVM,0.01879716170341067,0.3387971617034107,0.32
1294,200,PCC,SVM,0.039650602824274406,0.3846506028242744,0.345
1295,200,PCC,SVM,0.00802578838207546,0.38302578838207546,0.375
1296,200,PCC,SVM,0.13570335237364814,0.22570335237364814,0.09
1297,200,PCC,SVM,0.08202483740355193,0.24702483740355194,0.165
1298,200,PCC,SVM,0.09400860220358731,0.6259913977964127,0.72
1299,200,PCC,SVM,0.008770270068719332,0.3762297299312807,0.385
1300,200,PCC,SVM,0.12385631196317279,0.3338563119631728,0.21
1301,200,PCC,SVM,0.01501543068800093,0.5449845693119991,0.56
1302,200,PCC,SVM,0.12826050036722858,0.6267394996327714,0.755
1303,200,PCC,SVM,0.07000258805607684,0.32500258805607685,0.255
1304,200,PCC,SVM,0.09326083673243446,0.7317391632675655,0.825
1305,200,PCC,SVM,0.21123564666701156,0.7137643533329885,0.925
1306,200,PCC,SVM,0.09517011817684701,0.49982988182315297,0.595
1307,200,PCC,SVM,0.07965436518869673,0.5853456348113033,0.665
1308,200,PCC,SVM,0.12810050579701676,0.17810050579701678,0.05
1309,200,PCC,SVM,0.1524763151220131,0.7925236848779869,0.945
1310,200,PCC,SVM,0.04938789030513069,0.4393878903051307,0.39
1311,200,PCC,SVM,0.16928484312052494,0.7507151568794751,0.92
1312,200,PCC,SVM,0.03623077275685771,0.5387692272431422,0.575
1313,200,PCC,SVM,0.15176274095111159,0.15176274095111159,0.0
1314,200,PCC,SVM,0.12780189272150486,0.16280189272150486,0.035
1315,200,PCC,SVM,0.06954215174138711,0.6104578482586129,0.68
1316,200,PCC,SVM,0.08242199714379123,0.4775780028562088,0.56
1317,200,PCC,SVM,0.1410111086502732,0.1660111086502732,0.025
1318,200,PCC,SVM,0.11713909778346032,0.6228609022165397,0.74
1319,200,PCC,SVM,0.12540691143407012,0.7245930885659299,0.85
1320,200,PCC,SVM,0.016454956832538725,0.5114549568325387,0.495
1321,200,PCC,SVM,0.0005089547553299156,0.4644910452446701,0.465
1322,200,PCC,SVM,0.16316898229798915,0.16816898229798916,0.005
1323,200,PCC,SVM,0.10307508096606,0.68192491903394,0.785
1324,200,PCC,SVM,0.06886632167154366,0.3988663216715437,0.33
1325,200,PCC,SVM,0.0981151883091037,0.7768848116908963,0.875
1326,200,PCC,SVM,0.012271880327178686,0.3822718803271787,0.37
1327,200,PCC,SVM,0.037424981782607,0.5275750182173929,0.565
1328,200,PCC,SVM,0.09204985496686846,0.3620498549668685,0.27
1329,200,PCC,SVM,0.11046422229186939,0.2704642222918694,0.16
1330,200,PCC,SVM,0.1422408467350067,0.6277591532649933,0.77
1331,200,PCC,SVM,0.01977379916980898,0.475226200830191,0.495
1332,200,PCC,SVM,0.040129506840142604,0.4948704931598574,0.535
1333,200,PCC,SVM,0.19353056815967884,0.7714694318403211,0.965
1334,200,PCC,SVM,0.18563947904716482,0.7743605209528351,0.96
1335,200,PCC,SVM,0.1053839832780431,0.7496160167219569,0.855
1336,200,PCC,SVM,0.12055931829020028,0.3055593182902003,0.185
1337,200,PCC,SVM,0.039122228544807736,0.5508777714551922,0.59
1338,200,PCC,SVM,0.16573978014913793,0.7092602198508621,0.875
1339,200,PCC,SVM,0.006212273995498285,0.3762122739954983,0.37
1340,200,PCC,SVM,0.11952815726482127,0.21952815726482128,0.1
1341,200,PCC,SVM,0.13273234859567384,0.6772676514043262,0.81
1342,200,PCC,SVM,0.05529457474316629,0.4247054252568337,0.48
1343,200,PCC,SVM,0.050364376692317525,0.5096356233076825,0.56
1344,200,PCC,SVM,0.16588556314492053,0.8141144368550794,0.98
1345,200,PCC,SVM,0.08486252642429659,0.5201374735757034,0.605
1346,200,PCC,SVM,0.046757783948770226,0.4667577839487702,0.42
1347,200,PCC,SVM,0.027497044989079622,0.3924970449890796,0.365
1348,200,PCC,SVM,0.05197612801151086,0.3630238719884891,0.415
1349,200,PCC,SVM,0.11854993239336396,0.23354993239336397,0.115
1350,200,PCC,SVM,0.14539158277898656,0.6446084172210135,0.79
1351,200,PCC,SVM,0.17725239653218605,0.6577476034678139,0.835
1352,200,PCC,SVM,0.06619317995126384,0.34619317995126386,0.28
1353,200,PCC,SVM,0.04376311084575685,0.34376311084575684,0.3
1354,200,PCC,SVM,0.18939852878032737,0.6806014712196726,0.87
1355,200,PCC,SVM,0.14242918967301255,0.16242918967301254,0.02
1356,200,PCC,SVM,0.021899378417051918,0.4981006215829481,0.52
1357,200,PCC,SVM,0.011826665458742225,0.4481733345412578,0.46
1358,200,PCC,SVM,0.07532674649023896,0.614673253509761,0.69
1359,200,PCC,SVM,0.09768299547900602,0.257682995479006,0.16
1360,200,PCC,SVM,0.08185557061997406,0.583144429380026,0.665
1361,200,PCC,SVM,0.014935558344611244,0.38993555834461124,0.375
1362,200,PCC,SVM,0.057371752073815174,0.5576282479261848,0.615
1363,200,PCC,SVM,0.15581739312784443,0.19581739312784444,0.04
1364,200,PCC,SVM,0.012326711321972716,0.4476732886780273,0.46
1365,200,PCC,SVM,0.06630877854209977,0.45369122145790025,0.52
1366,200,PCC,SVM,0.09945778369242123,0.3094577836924212,0.21
1367,200,PCC,SVM,0.11185196803628303,0.24685196803628304,0.135
1368,200,PCC,SVM,0.1144117553367674,0.2994117553367674,0.185
1369,200,PCC,SVM,0.004911027947194835,0.34491102794719486,0.34
1370,200,PCC,SVM,0.11651880572465387,0.21151880572465387,0.095
1371,200,PCC,SVM,0.18862217184997943,0.7563778281500205,0.945
1372,200,PCC,SVM,0.01018951496328746,0.4101895149632875,0.4
1373,200,PCC,SVM,0.07883901430391937,0.7261609856960807,0.805
1374,200,PCC,SVM,0.2021598085345272,0.7678401914654728,0.97
1375,200,PCC,SVM,0.1333558200913555,0.2133558200913555,0.08
1376,200,PCC,SVM,0.06636794761267362,0.5836320523873264,0.65
1377,200,PCC,SVM,0.16858680921534797,0.701413190784652,0.87
1378,200,PCC,SVM,0.10072800858844266,0.5292719914115573,0.63
1379,200,PCC,SVM,0.021189716287968008,0.403810283712032,0.425
1380,200,PCC,SVM,0.02444068515234321,0.4544406851523432,0.43
1381,200,PCC,SVM,0.11439917872185146,0.14939917872185146,0.035
1382,200,PCC,SVM,0.08731037836657268,0.44268962163342734,0.53
1383,200,PCC,SVM,0.15950680348132573,0.8304931965186743,0.99
1384,200,PCC,SVM,0.1955764231226449,0.7594235768773551,0.955
1385,200,PCC,SVM,0.1543039096229796,0.1943039096229796,0.04
1386,200,PCC,SVM,0.07429821129849523,0.6307017887015047,0.705
1387,200,PCC,SVM,0.05999315401562,0.35999315401562,0.3
1388,200,PCC,SVM,0.18934546702792443,0.7106545329720756,0.9
1389,200,PCC,SVM,0.15483815122515482,0.19983815122515483,0.045
1390,200,PCC,SVM,0.20563521213004998,0.7293647878699501,0.935
1391,200,PCC,SVM,0.14003779089327417,0.6949622091067258,0.835
1392,200,PCC,SVM,0.098098099580277,0.213098099580277,0.115
1393,200,PCC,SVM,0.12318799916247364,0.17818799916247363,0.055
1394,200,PCC,SVM,0.1161927945916239,0.713807205408376,0.83
1395,200,PCC,SVM,0.0958118650171422,0.2508118650171422,0.155
1396,200,PCC,SVM,0.03214884372472754,0.4978511562752725,0.53
1397,200,PCC,SVM,0.18796418477370913,0.7270358152262909,0.915
1398,200,PCC,SVM,0.044999577237201493,0.5200004227627985,0.565
1399,200,PCC,SVM,0.04422097678576958,0.4392209767857696,0.395
1400,200,PCC,SVM,0.015376812328624312,0.4603768123286243,0.445
1401,200,PCC,SVM,0.09318941074148099,0.15318941074148099,0.06
1402,200,PCC,SVM,0.15117606525374827,0.8138239347462517,0.965
1403,200,PCC,SVM,0.06083757297965797,0.37083757297965797,0.31
1404,200,PCC,SVM,0.05757726134609473,0.24257726134609472,0.185
1405,200,PCC,SVM,0.06446157435427552,0.3494615743542755,0.285
1406,200,PCC,SVM,0.21023399496755557,0.7497660050324444,0.96
1407,200,PCC,SVM,0.09385728736587892,0.18385728736587892,0.09
1408,200,PCC,SVM,0.1433534379667799,0.7216465620332201,0.865
1409,200,PCC,SVM,0.08127196544118387,0.6237280345588161,0.705
1410,200,PCC,SVM,0.13349256005957577,0.6965074399404242,0.83
1411,200,PCC,SVM,0.18536568076765658,0.7896343192323434,0.975
1412,200,PCC,SVM,0.14137546308668691,0.698624536913313,0.84
1413,200,PCC,SVM,0.2129230155858033,0.7270769844141967,0.94
1414,200,PCC,SVM,0.08558516529488355,0.21058516529488355,0.125
1415,200,PCC,SVM,0.11420095878337055,0.6807990412166295,0.795
1416,200,PCC,SVM,0.049270925812669564,0.4957290741873305,0.545
1417,200,PCC,SVM,0.03522981453248741,0.5047701854675126,0.54
1418,200,PCC,SVM,0.1706494576923635,0.7243505423076365,0.895
1419,200,PCC,SVM,0.19515272565967134,0.7748472743403286,0.97
1420,200,PCC,SVM,0.10735515420707098,0.592644845792929,0.7
1421,200,PCC,SVM,0.05477215219751652,0.42522784780248346,0.48
1422,200,PCC,SVM,0.05298808154351525,0.40201191845648476,0.455
1423,200,PCC,SVM,0.001290111232407798,0.3837098887675922,0.385
1424,200,PCC,SVM,0.007525452096712404,0.3675254520967124,0.36
1425,200,PCC,SVM,0.009955704141142663,0.3999557041411427,0.39
1426,200,PCC,SVM,0.1247906029592898,0.2097906029592898,0.085
1427,200,PCC,SVM,0.14739146793834645,0.22239146793834647,0.075
1428,200,PCC,SVM,0.10787511518196347,0.6671248848180366,0.775
1429,200,PCC,SVM,0.006448592858594782,0.4385514071414052,0.445
1430,200,PCC,SVM,0.1750800049158483,0.7549199950841518,0.93
1431,200,PCC,SVM,0.07901374897581559,0.5309862510241844,0.61
1432,200,PCC,SVM,0.17322383919158585,0.20822383919158585,0.035
1433,200,PCC,SVM,0.11757199802364895,0.27257199802364895,0.155
1434,200,PCC,SVM,0.08436357509602369,0.2893635750960237,0.205
1435,200,PCC,SVM,0.17620606982764364,0.7987939301723563,0.975
1436,200,PCC,SVM,0.06134513140589229,0.2763451314058923,0.215
1437,200,PCC,SVM,0.03445343483064178,0.48054656516935823,0.515
1438,200,PCC,SVM,0.1649470157467562,0.7700529842532439,0.935
1439,200,PCC,SVM,0.18115062222250056,0.7938493777774994,0.975
1440,200,PCC,SVM,0.054299406562653196,0.2892994065626532,0.235
1441,200,PCC,SVM,0.16432255430426218,0.20932255430426217,0.045
1442,200,PCC,SVM,0.10567575397881554,0.25567575397881553,0.15
1443,200,PCC,SVM,0.13831482886012608,0.19831482886012608,0.06
1444,200,PCC,SVM,0.12723839992056923,0.32223839992056924,0.195
1445,200,PCC,SVM,0.025087495084998968,0.539912504915001,0.565
1446,200,PCC,SVM,0.16620687487343688,0.7437931251265631,0.91
1447,200,PCC,SVM,0.010673741384923718,0.5243262586150763,0.535
1448,200,PCC,SVM,0.0729056019232549,0.5520943980767451,0.625
1449,200,PCC,SVM,0.1178265224717645,0.3178265224717645,0.2
1450,200,PCC,SVM,0.08735393891040999,0.71264606108959,0.8
1451,200,PCC,SVM,0.03482226824031831,0.5801777317596817,0.615
1452,200,PCC,SVM,0.13820550313661428,0.7217944968633857,0.86
1453,200,PCC,SVM,0.19455696741242112,0.7504430325875788,0.945
1454,200,PCC,SVM,0.04542256520281118,0.39042256520281116,0.345
1455,200,PCC,SVM,0.08645715946307533,0.17645715946307533,0.09
1456,200,PCC,SVM,0.058666461618597426,0.28366646161859743,0.225
1457,200,PCC,SVM,0.031721456317621355,0.40327854368237864,0.435
1458,200,PCC,SVM,0.18617198019433978,0.7588280198056602,0.945
1459,200,PCC,SVM,0.012309283656275927,0.3873092836562759,0.375
1460,200,PCC,SVM,0.11006169393976406,0.659938306060236,0.77
1461,200,PCC,SVM,0.02906797888711532,0.5109320211128847,0.54
1462,200,PCC,SVM,0.12551596607638899,0.305515966076389,0.18
1463,200,PCC,SVM,0.035858677067056255,0.35585867706705626,0.32
1464,200,PCC,SVM,0.04848416711821468,0.6015158328817853,0.65
1465,200,PCC,SVM,0.08407053606520998,0.5859294639347901,0.67
1466,200,PCC,SVM,0.04698709989932215,0.47698709989932214,0.43
1467,200,PCC,SVM,0.05197513306653276,0.27697513306653276,0.225
1468,200,PCC,SVM,0.08171087477539041,0.6382891252246096,0.72
1469,200,PCC,SVM,0.07838765091133296,0.24338765091133296,0.165
1470,200,PCC,SVM,0.1759176021821569,0.7590823978178431,0.935
1471,200,PCC,SVM,0.09362642193350912,0.2786264219335091,0.185
1472,200,PCC,SVM,0.12781935175958448,0.2328193517595845,0.105
1473,200,PCC,SVM,0.028822124441019614,0.4661778755589804,0.495
1474,200,PCC,SVM,0.053202518166430235,0.4617974818335698,0.515
1475,200,PCC,SVM,0.03481707382440913,0.5398170738244091,0.505
1476,200,PCC,SVM,0.030450583865302916,0.4654505838653029,0.435
1477,200,PCC,SVM,0.25295426949229793,0.7370457305077021,0.99
1478,200,PCC,SVM,0.0016784719257663117,0.4833215280742337,0.485
1479,200,PCC,SVM,0.003929115233904212,0.47107088476609577,0.475
1480,200,PCC,SVM,0.012120817018119734,0.40787918298188025,0.42
1481,200,PCC,SVM,0.124756366355004,0.189756366355004,0.065
1482,200,PCC,SVM,0.08177397010736742,0.5082260298926325,0.59
1483,200,PCC,SVM,0.07814729035439524,0.30314729035439525,0.225
1484,200,PCC,SVM,0.08966934356713518,0.5453306564328648,0.635
1485,200,PCC,SVM,0.1373376227736341,0.1873376227736341,0.05
1486,200,PCC,SVM,0.1878609215679543,0.7921390784320457,0.98
1487,200,PCC,SVM,0.027263825661897667,0.43773617433810236,0.465
1488,200,PCC,SVM,0.12609689986653905,0.768903100133461,0.895
1489,200,PCC,SVM,0.0039359516699501995,0.4789359516699502,0.475
1490,200,PCC,SVM,0.15554761799613737,0.21554761799613736,0.06
1491,200,PCC,SVM,0.16240730666235614,0.6575926933376438,0.82
1492,200,PCC,SVM,0.08298460353468673,0.5620153964653133,0.645
1493,200,PCC,SVM,0.18084585474549575,0.5991541452545043,0.78
1494,200,PCC,SVM,0.00014325316389257603,0.4248567468361074,0.425
1495,200,PCC,SVM,0.04535967629171167,0.5896403237082883,0.635
1496,200,PCC,SVM,0.14659091432359705,0.7084090856764029,0.855
1497,200,PCC,SVM,0.07885359063233122,0.5511464093676688,0.63
1498,200,PCC,SVM,0.032816051084008535,0.3778160510840085,0.345
1499,200,PCC,SVM,0.08232118374784403,0.577678816252156,0.66
1500,200,PCC,SVM,0.10621505309388268,0.5637849469061174,0.67
1501,200,PCC,SVM,0.20707132393018823,0.7529286760698117,0.96
1502,200,PCC,SVM,0.02336902385509393,0.3933690238550939,0.37
1503,200,PCC,SVM,0.006609791414651733,0.41839020858534826,0.425
1504,200,PCC,SVM,0.16110611799478358,0.6488938820052165,0.81
1505,200,PCC,SVM,0.03416113815723093,0.4708388618427691,0.505
1506,200,PCC,SVM,0.09493042579624156,0.6400695742037584,0.735
1507,200,PCC,SVM,0.013373397706077095,0.4416266022939229,0.455
1508,200,PCC,SVM,0.08939435535391546,0.30439435535391546,0.215
1509,200,PCC,SVM,0.10854898852906869,0.6364510114709313,0.745
1510,200,PCC,SVM,0.10305489214913374,0.23305489214913375,0.13
1511,200,PCC,SVM,0.09673558615986094,0.29173558615986095,0.195
1512,200,PCC,SVM,0.0526042405097874,0.5723957594902126,0.625
1513,200,PCC,SVM,0.13146523981547598,0.613534760184524,0.745
1514,200,PCC,SVM,0.16178118868990266,0.7282188113100974,0.89
1515,200,PCC,SVM,0.056778863739043395,0.3267788637390434,0.27
1516,200,PCC,SVM,0.10249189594885529,0.21249189594885529,0.11
1517,200,PCC,SVM,0.1701109324566813,0.7848890675433187,0.955
1518,200,PCC,SVM,0.10598129874537629,0.2559812987453763,0.15
1519,200,PCC,SVM,0.02407347601255891,0.21907347601255892,0.195
1520,200,PCC,SVM,0.07179886760981968,0.36179886760981966,0.29
1521,200,PCC,SVM,0.00028117661761772883,0.5247188233823823,0.525
1522,200,PCC,SVM,0.18440378052588813,0.6955962194741119,0.88
1523,200,PCC,SVM,0.10853969297023891,0.6514603070297611,0.76
1524,200,PCC,SVM,0.1322522403178984,0.5727477596821016,0.705
1525,200,PCC,SVM,0.07084161676270698,0.24584161676270697,0.175
1526,200,PCC,SVM,0.006942714513045123,0.3619427145130451,0.355
1527,200,PCC,SVM,0.03039422518559054,0.44460577481440944,0.475
1528,200,PCC,SVM,0.12808321281336163,0.2730832128133616,0.145
1529,200,PCC,SVM,0.07034823783153155,0.34034823783153156,0.27
1530,200,PCC,SVM,0.05358637016296991,0.3585863701629699,0.305
1531,200,PCC,SVM,0.1079913813823524,0.2329913813823524,0.125
1532,200,PCC,SVM,0.06794985879226184,0.4820501412077382,0.55
1533,200,PCC,SVM,0.09980635383901393,0.605193646160986,0.705
1534,200,PCC,SVM,0.12645573879098176,0.19145573879098177,0.065
1535,200,PCC,SVM,0.024684471837021715,0.45531552816297827,0.48
1536,200,PCC,SVM,0.10570775155798773,0.6742922484420123,0.78
1537,200,PCC,SVM,0.12637081700512187,0.6186291829948781,0.745
1538,200,PCC,SVM,0.1290045849038416,0.6859954150961584,0.815
1539,200,PCC,SVM,0.008782198187695212,0.4537821981876952,0.445
1540,200,PCC,SVM,0.14739361602690393,0.672606383973096,0.82
1541,200,PCC,SVM,0.0403383078290675,0.2803383078290675,0.24
1542,200,PCC,SVM,0.012857076964271685,0.37285707696427167,0.36
1543,200,PCC,SVM,0.09667925910286768,0.27167925910286767,0.175
1544,200,PCC,SVM,0.007115408358855824,0.4578845916411442,0.465
1545,200,PCC,SVM,0.007988600263753864,0.38201139973624615,0.39
1546,200,PCC,SVM,0.09214964843594958,0.3321496484359496,0.24
1547,200,PCC,SVM,0.09661077386636496,0.653389226133635,0.75
1548,200,PCC,SVM,0.0155766921285313,0.3255766921285313,0.31
1549,200,PCC,SVM,0.06174163037302299,0.331741630373023,0.27
1550,200,PCC,SVM,0.08687403307640132,0.21687403307640132,0.13
1551,200,PCC,SVM,0.01194305961826514,0.44694305961826514,0.435
1552,200,PCC,SVM,0.0946066918499417,0.3946066918499417,0.3
1553,200,PCC,SVM,0.0089315461032895,0.3739315461032895,0.365
1554,200,PCC,SVM,0.06735706753484938,0.30235706753484937,0.235
1555,200,PCC,SVM,0.08768216482035374,0.6723178351796463,0.76
1556,200,PCC,SVM,0.15594012923549505,0.774059870764505,0.93
1557,200,PCC,SVM,0.024047323686695432,0.47095267631330456,0.495
1558,200,PCC,SVM,0.047350839270188905,0.5926491607298111,0.64
1559,200,PCC,SVM,0.179704533917608,0.685295466082392,0.865
1560,200,PCC,SVM,0.22256702910406745,0.7724329708959325,0.995
1561,200,PCC,SVM,0.07586760391425018,0.5341323960857498,0.61
1562,200,PCC,SVM,0.1803850407451223,0.7046149592548777,0.885
1563,200,PCC,SVM,0.21433342483169793,0.6906665751683021,0.905
1564,200,PCC,SVM,0.18892139103103156,0.6010786089689685,0.79
1565,200,PCC,SVM,0.017955025112696976,0.44204497488730304,0.46
1566,200,PCC,SVM,0.13736247055103418,0.21736247055103416,0.08
1567,200,PCC,SVM,0.15389560251084433,0.16889560251084432,0.015
1568,200,PCC,SVM,0.029489883558777796,0.4455101164412222,0.475
1569,200,PCC,SVM,0.007355669237944118,0.4973556692379441,0.49
1570,200,PCC,SVM,0.006177821842113462,0.4111778218421135,0.405
1571,200,PCC,SVM,0.05120536774039941,0.5137946322596005,0.565
1572,200,PCC,SVM,0.05269301981349672,0.4973069801865033,0.55
1573,200,PCC,SVM,0.1581171799455613,0.6768828200544387,0.835
1574,200,PCC,SVM,0.1295475801830751,0.23454758018307512,0.105
1575,200,PCC,SVM,0.09472554667366848,0.3197255466736685,0.225
1576,200,PCC,SVM,0.105194103661846,0.684805896338154,0.79
1577,200,PCC,SVM,0.14875445213048266,0.6962455478695173,0.845
1578,200,PCC,SVM,0.14795833328851316,0.8420416667114868,0.99
1579,200,PCC,SVM,0.18563352266064992,0.6843664773393501,0.87
1580,200,PCC,SVM,0.16854330220763547,0.7164566977923645,0.885
1581,200,PCC,SVM,0.05485821532614693,0.36485821532614693,0.31
1582,200,PCC,SVM,0.04306351722653101,0.44306351722653103,0.4
1583,200,PCC,SVM,0.059346664800582316,0.32434666480058233,0.265
1584,200,PCC,SVM,0.03444525808061949,0.5705547419193805,0.605
1585,200,PCC,SVM,0.18309541869519252,0.7519045813048075,0.935
1586,200,PCC,SVM,0.01873767603341353,0.35873767603341356,0.34
1587,200,PCC,SVM,0.06803912484824548,0.48696087515175457,0.555
1588,200,PCC,SVM,0.02489971493676485,0.31989971493676483,0.295
1589,200,PCC,SVM,0.11362405100884973,0.27862405100884974,0.165
1590,200,PCC,SVM,0.09956312616135471,0.2945631261613547,0.195
1591,200,PCC,SVM,0.12806043398259762,0.1830604339825976,0.055
1592,200,PCC,SVM,0.12234881461093139,0.8226511853890686,0.945
1593,200,PCC,SVM,0.039615162641924495,0.3603848373580755,0.4
1594,200,PCC,SVM,0.15588971494640502,0.6741102850535949,0.83
1595,200,PCC,SVM,0.07696454585366419,0.6030354541463359,0.68
1596,200,PCC,SVM,0.09702106161137686,0.28702106161137686,0.19
1597,200,PCC,SVM,0.050130050893459704,0.2251300508934597,0.175
1598,200,PCC,SVM,0.12594801763463426,0.6840519823653658,0.81
1599,200,PCC,SVM,0.09989910714964012,0.35989910714964013,0.26
1600,200,PCC,SVM,0.15320215907130874,0.7567978409286913,0.91
1601,200,PCC,SVM,0.0917834846989237,0.2317834846989237,0.14
1602,200,PCC,SVM,0.0927575958015463,0.5822424041984537,0.675
1603,200,PCC,SVM,0.15261866747731112,0.6573813325226889,0.81
1604,200,PCC,SVM,0.08731181133808386,0.32231181133808384,0.235
1605,200,PCC,SVM,0.0358880588606042,0.3108880588606042,0.275
1606,200,PCC,SVM,0.2205870334809621,0.7394129665190379,0.96
1607,200,PCC,SVM,0.07953521322550772,0.3395352132255077,0.26
1608,200,PCC,SVM,0.000469748870609632,0.42453025112939036,0.425
1609,200,PCC,SVM,0.004458185505150425,0.4344581855051504,0.43
1610,200,PCC,SVM,0.07471638371851269,0.3247163837185127,0.25
1611,200,PCC,SVM,0.13141641328093379,0.6435835867190662,0.775
1612,200,PCC,SVM,0.12045667928259696,0.6495433207174031,0.77
1613,200,PCC,SVM,0.033279908917859036,0.40827990891785904,0.375
1614,200,PCC,SVM,0.14710889309721353,0.6878911069027864,0.835
1615,200,PCC,SVM,0.10901484958469906,0.31901484958469906,0.21
1616,200,PCC,SVM,0.1578797715063174,0.1578797715063174,0.0
1617,200,PCC,SVM,0.05705576269859769,0.5129442373014023,0.57
1618,200,PCC,SVM,0.19180445554855052,0.7981955444514495,0.99
1619,200,PCC,SVM,0.11854851604408939,0.1535485160440894,0.035
1620,200,PCC,SVM,0.09358935883327876,0.29858935883327875,0.205
1621,200,PCC,SVM,0.005427670920793992,0.509572329079206,0.515
1622,200,PCC,SVM,0.07941057000795904,0.725589429992041,0.805
1623,200,PCC,SVM,0.12660230618565516,0.21160230618565518,0.085
1624,200,PCC,SVM,0.04995295949462342,0.44495295949462343,0.395
1625,200,PCC,SVM,0.1670730168764597,0.5779269831235403,0.745
1626,200,PCC,SVM,0.036861262796509586,0.4068612627965096,0.37
1627,200,PCC,SVM,0.11140556178631855,0.29640556178631855,0.185
1628,200,PCC,SVM,0.06398470729252648,0.2589847072925265,0.195
1629,200,PCC,SVM,0.01498937510403725,0.4249893751040372,0.41
1630,200,PCC,SVM,0.032610819774150424,0.44238918022584955,0.475
1631,200,PCC,SVM,0.15235949783010572,0.7076405021698943,0.86
1632,200,PCC,SVM,0.0828003677233925,0.5571996322766075,0.64
1633,200,PCC,SVM,0.0953127955078854,0.5946872044921145,0.69
1634,200,PCC,SVM,0.19800536219397913,0.7819946378060209,0.98
1635,200,PCC,SVM,0.01106100151782613,0.4210610015178261,0.41
1636,200,PCC,SVM,0.002482569034205351,0.4024825690342054,0.4
1637,200,PCC,SVM,0.20112298700863684,0.7188770129913632,0.92
1638,200,PCC,SVM,0.040139450487747697,0.2851394504877477,0.245
1639,200,PCC,SVM,0.10597604104905001,0.61902395895095,0.725
1640,200,PCC,SVM,0.11579200702239056,0.6342079929776094,0.75
1641,200,PCC,SVM,0.1271453206666374,0.2221453206666374,0.095
1642,200,PCC,SVM,0.01434342608371797,0.479343426083718,0.465
1643,200,PCC,SVM,0.06909406894613834,0.26909406894613835,0.2
1644,200,PCC,SVM,0.08107434338989422,0.2660743433898942,0.185
1645,200,PCC,SVM,0.03304940393171446,0.42695059606828556,0.46
1646,200,PCC,SVM,0.0735222455332864,0.3585222455332864,0.285
1647,200,PCC,SVM,0.07795986048942072,0.7170401395105793,0.795
1648,200,PCC,SVM,0.15801511763081177,0.7469848823691883,0.905
1649,200,PCC,SVM,0.12606665199825773,0.6739333480017423,0.8
1650,200,PCC,SVM,0.04142231541612279,0.3064223154161228,0.265
1651,200,PCC,SVM,0.0633704117501297,0.3333704117501297,0.27
1652,200,PCC,SVM,0.09013453718094672,0.3401345371809467,0.25
1653,200,PCC,SVM,0.10833548629007886,0.24333548629007887,0.135
1654,200,PCC,SVM,0.21048120239127255,0.7295187976087274,0.94
1655,200,PCC,SVM,0.036545171334984805,0.3634548286650152,0.4
1656,200,PCC,SVM,0.07744227808859347,0.29744227808859347,0.22
1657,200,PCC,SVM,0.16137793697345593,0.683622063026544,0.845
1658,200,PCC,SVM,0.03759637677532829,0.4325963767753283,0.395
1659,200,PCC,SVM,0.13053103145830902,0.16553103145830902,0.035
1660,200,PCC,SVM,0.1348005465095,0.2948005465095,0.16
1661,200,PCC,SVM,0.032169193949749375,0.6028308060502506,0.635
1662,200,PCC,SVM,0.10071477958062147,0.6792852204193786,0.78
1663,200,PCC,SVM,0.08560557018231055,0.29560557018231054,0.21
1664,200,PCC,SVM,0.16873706611062034,0.7462629338893797,0.915
1665,200,PCC,SVM,0.14987368620018282,0.7001263137998172,0.85
1666,200,PCC,SVM,0.15109094000689327,0.6939090599931067,0.845
1667,200,PCC,SVM,0.0520032470973619,0.2770032470973619,0.225
1668,200,PCC,SVM,0.1406326117972317,0.19063261179723168,0.05
1669,200,PCC,SVM,0.14284150972567533,0.7221584902743247,0.865
1670,200,PCC,SVM,0.03465659935051535,0.33965659935051534,0.305
1671,200,PCC,SVM,0.0853353734521829,0.5296646265478171,0.615
1672,200,PCC,SVM,0.09390941609918779,0.6610905839008122,0.755
1673,200,PCC,SVM,0.09568028778726437,0.22068028778726437,0.125
1674,200,PCC,SVM,0.151756848432529,0.628243151567471,0.78
1675,200,PCC,SVM,0.24549548434471002,0.68950451565529,0.935
1676,200,PCC,SVM,0.09314648634594613,0.6318535136540538,0.725
1677,200,PCC,SVM,0.016939154233321096,0.4569391542333211,0.44
1678,200,PCC,SVM,0.13598951625698574,0.7390104837430143,0.875
1679,200,PCC,SVM,0.011933647648960544,0.5130663523510395,0.525
1680,200,PCC,SVM,0.1228466840879926,0.6171533159120074,0.74
1681,200,PCC,SVM,0.11155580109745478,0.7084441989025452,0.82
1682,200,PCC,SVM,0.13177690729040625,0.6132230927095937,0.745
1683,200,PCC,SVM,0.042359427422272,0.327359427422272,0.285
1684,200,PCC,SVM,0.1028789542777007,0.2178789542777007,0.115
1685,200,PCC,SVM,0.06377658704410727,0.29877658704410726,0.235
1686,200,PCC,SVM,0.036381105201369834,0.46361889479863017,0.5
1687,200,PCC,SVM,0.029439698264883685,0.4755603017351163,0.505
1688,200,PCC,SVM,0.06352006679777666,0.5164799332022233,0.58
1689,200,PCC,SVM,0.01638786294855782,0.41138786294855784,0.395
1690,200,PCC,SVM,0.09842060828732668,0.6865793917126733,0.785
1691,200,PCC,SVM,0.15718384439637723,0.7528161556036228,0.91
1692,200,PCC,SVM,0.03098429538569053,0.2759842953856905,0.245
1693,200,PCC,SVM,0.08659593232975449,0.6484040676702455,0.735
1694,200,PCC,SVM,0.08830428528730772,0.5866957147126923,0.675
1695,200,PCC,SVM,0.03803839126619729,0.4819616087338027,0.52
1696,200,PCC,SVM,0.10220499287933565,0.28720499287933565,0.185
1697,200,PCC,SVM,0.11034334159411485,0.6846566584058852,0.795
1698,200,PCC,SVM,0.2491610478246764,0.7108389521753236,0.96
1699,200,PCC,SVM,0.09485618036195176,0.6251438196380482,0.72
1700,200,PCC,SVM,0.173015498719022,0.741984501280978,0.915
1701,200,PCC,SVM,0.17503819226392603,0.804961807736074,0.98
1702,200,PCC,SVM,0.05640301564605382,0.4064030156460538,0.35
1703,200,PCC,SVM,0.038789378065285485,0.5962106219347145,0.635
1704,200,PCC,SVM,0.027006247762730307,0.44299375223726967,0.47
1705,200,PCC,SVM,0.1726452364958153,0.8123547635041847,0.985
1706,200,PCC,SVM,0.11028852966974281,0.2002885296697428,0.09
1707,200,PCC,SVM,0.006694328646038805,0.40330567135396117,0.41
1708,200,PCC,SVM,0.14800125792544871,0.7269987420745513,0.875
1709,200,PCC,SVM,0.03870589391561241,0.31870589391561244,0.28
1710,200,PCC,SVM,0.1623010239404924,0.6226989760595076,0.785
1711,200,PCC,SVM,0.018893829014746955,0.39889382901474696,0.38
1712,200,PCC,SVM,0.16782112232032176,0.8071788776796782,0.975
1713,200,PCC,SVM,0.14224091477544587,0.7377590852245541,0.88
1714,200,PCC,SVM,0.0789113393286735,0.3789113393286735,0.3
1715,200,PCC,SVM,0.13917295479919534,0.6308270452008047,0.77
1716,200,PCC,SVM,0.028729129322142166,0.3637291293221422,0.335
1717,200,PCC,SVM,0.0523555122294912,0.5526444877705088,0.605
1718,200,PCC,SVM,0.10354159389847362,0.5514584061015264,0.655
1719,200,PCC,SVM,0.1403516493089605,0.6846483506910395,0.825
1720,200,PCC,SVM,0.15341745964856904,0.17341745964856903,0.02
1721,200,PCC,SVM,0.10333159662568206,0.32333159662568206,0.22
1722,200,PCC,SVM,0.07504908483512074,0.6349509151648792,0.71
1723,200,PCC,SVM,0.04075649002401738,0.5192435099759827,0.56
1724,200,PCC,SVM,0.022457584922046137,0.47254241507795386,0.495
1725,200,PCC,SVM,0.1510875193273739,0.2060875193273739,0.055
1726,200,PCC,SVM,0.058275704907009174,0.40327570490700915,0.345
1727,200,PCC,SVM,0.17324749200404366,0.6917525079959563,0.865
1728,200,PCC,SVM,0.12481008701548904,0.15481008701548904,0.03
1729,200,PCC,SVM,0.0049250307157611695,0.39007496928423885,0.395
1730,200,PCC,SVM,0.1807183716212969,0.7642816283787031,0.945
1731,200,PCC,SVM,0.11619997951655565,0.16619997951655566,0.05
1732,200,PCC,SVM,0.09752983244904811,0.6474701675509519,0.745
1733,200,PCC,SVM,0.07666562403810084,0.33166562403810085,0.255
1734,200,PCC,SVM,0.16098043334210443,0.7040195666578956,0.865
1735,200,PCC,SVM,0.07867153288138107,0.6663284671186189,0.745
1736,200,PCC,SVM,0.17997197780016094,0.7050280221998391,0.885
1737,200,PCC,SVM,0.08829651117664025,0.30329651117664025,0.215
1738,200,PCC,SVM,0.05839721823966304,0.471602781760337,0.53
1739,200,PCC,SVM,0.1238727827678966,0.6511272172321034,0.775
1740,200,PCC,SVM,0.024710305094800378,0.2697103050948004,0.245
1741,200,PCC,SVM,0.05291721883429021,0.2829172188342902,0.23
1742,200,PCC,SVM,0.15629130546493478,0.18129130546493477,0.025
1743,200,PCC,SVM,0.15968366814036705,0.7953163318596329,0.955
1744,200,PCC,SVM,0.09747904956496267,0.6125209504350373,0.71
1745,200,PCC,SVM,0.06688549400861576,0.5681145059913842,0.635
1746,200,PCC,SVM,0.0825541663925542,0.6574458336074458,0.74
1747,200,PCC,SVM,0.022915529291143044,0.507084470708857,0.53
1748,200,PCC,SVM,0.007119786120581506,0.4821197861205815,0.475
1749,200,PCC,SVM,0.003440638328218615,0.4415593616717814,0.445
1750,200,PCC,SVM,0.09920676771700077,0.5407932322829992,0.64
1751,200,PCC,SVM,0.13054177248877924,0.33054177248877925,0.2
1752,200,PCC,SVM,0.13194539108867376,0.7530546089113263,0.885
1753,200,PCC,SVM,0.14241804893125387,0.6675819510687462,0.81
1754,200,PCC,SVM,0.008581490608375153,0.3535814906083751,0.345
1755,200,PCC,SVM,0.029150324867698196,0.5458496751323018,0.575
1756,200,PCC,SVM,0.1311666771039029,0.2711666771039029,0.14
1757,200,PCC,SVM,0.1969336249388084,0.7730663750611916,0.97
1758,200,PCC,SVM,0.17223764364151495,0.7277623563584851,0.9
1759,200,PCC,SVM,0.1277987878493444,0.7922012121506556,0.92
1760,200,PCC,SVM,0.008647492957883363,0.32135250704211665,0.33
1761,200,PCC,SVM,0.0778726212278334,0.2428726212278334,0.165
1762,200,PCC,SVM,0.061481194872878814,0.2714811948728788,0.21
1763,200,PCC,SVM,0.09920625024287621,0.1892062502428762,0.09
1764,200,PCC,SVM,0.11331431963149144,0.23331431963149143,0.12
1765,200,PCC,SVM,0.1864652657197468,0.2564652657197468,0.07
1766,200,PCC,SVM,0.18976338493066636,0.7952366150693336,0.985
1767,200,PCC,SVM,0.15239851055778006,0.22239851055778007,0.07
1768,200,PCC,SVM,0.09205445964972458,0.2220544596497246,0.13
1769,200,PCC,SVM,0.18349528967781326,0.6415047103221867,0.825
1770,200,PCC,SVM,0.03538351521947136,0.5446164847805286,0.58
1771,200,PCC,SVM,0.07507830310372399,0.694921696896276,0.77
1772,200,PCC,SVM,0.06934820146025611,0.5606517985397439,0.63
1773,200,PCC,SVM,0.15361909260614648,0.7263809073938535,0.88
1774,200,PCC,SVM,0.08032559058055244,0.5546744094194476,0.635
1775,200,PCC,SVM,0.05973843319341743,0.4602615668065826,0.52
1776,200,PCC,SVM,0.06668467526271726,0.6433153247372827,0.71
1777,200,PCC,SVM,0.03217379770096501,0.412826202299035,0.445
1778,200,PCC,SVM,0.022258129118507775,0.36725812911850775,0.345
1779,200,PCC,SVM,0.004271838790279148,0.4607281612097209,0.465
1780,200,PCC,SVM,0.12555725046557772,0.29055725046557773,0.165
1781,200,PCC,SVM,0.14486508639645213,0.6501349136035479,0.795
1782,200,PCC,SVM,0.06356127291971486,0.32356127291971487,0.26
1783,200,PCC,SVM,0.11407567825016104,0.26407567825016104,0.15
1784,200,PCC,SVM,0.06397432299915617,0.30897432299915617,0.245
1785,200,PCC,SVM,0.1479560485284095,0.6920439514715905,0.84
1786,200,PCC,SVM,0.024923496359220476,0.3549234963592205,0.33
1787,200,PCC,SVM,0.08493380846127374,0.6000661915387263,0.685
1788,200,PCC,SVM,0.16145570138270493,0.693544298617295,0.855
1789,200,PCC,SVM,0.13759481974660387,0.21259481974660388,0.075
1790,200,PCC,SVM,0.09553876752041957,0.6694612324795804,0.765
1791,200,PCC,SVM,0.056500915957463704,0.3615009159574637,0.305
1792,200,PCC,SVM,0.06292380288576019,0.2779238028857602,0.215
1793,200,PCC,SVM,0.10288651487562406,0.582113485124376,0.685
1794,200,PCC,SVM,0.16665774862122928,0.7383422513787707,0.905
1795,200,PCC,SVM,0.04789145793315258,0.34289145793315257,0.295
1796,200,PCC,SVM,0.0972555919138211,0.46774440808617884,0.565
1797,200,PCC,SVM,0.04718423535703148,0.33218423535703145,0.285
1798,200,PCC,SVM,0.06617892630860861,0.48382107369139143,0.55
1799,200,PCC,SVM,0.04286824587533267,0.5771317541246673,0.62
1800,200,PCC,SVM,0.07684587519372077,0.5331541248062792,0.61
1801,200,PCC,SVM,0.060494084874435194,0.5595059151255648,0.62
1802,200,PCC,SVM,0.07802260626339438,0.2130226062633944,0.135
1803,200,PCC,SVM,0.08706258739290684,0.6029374126070931,0.69
1804,200,PCC,SVM,0.0786872110617437,0.5913127889382563,0.67
1805,200,PCC,SVM,0.0695998688929611,0.610400131107039,0.68
1806,200,PCC,SVM,0.1198677892789248,0.1898677892789248,0.07
1807,200,PCC,SVM,0.005268112900086608,0.4397318870999134,0.445
1808,200,PCC,SVM,0.017530177064506214,0.3874698229354938,0.405
1809,200,PCC,SVM,0.09556668170067782,0.18056668170067783,0.085
1810,200,PCC,SVM,0.07370707562448045,0.29370707562448045,0.22
1811,200,PCC,SVM,0.018039600929539212,0.4219603990704608,0.44
1812,200,PCC,SVM,0.09283434481734121,0.6471656551826588,0.74
1813,200,PCC,SVM,0.07419662180218511,0.3091966218021851,0.235
1814,200,PCC,SVM,0.1585135322212431,0.6664864677787569,0.825
1815,200,PCC,SVM,0.02159649927978824,0.5234035007202118,0.545
1816,200,PCC,SVM,0.11847721563000435,0.6415227843699957,0.76
1817,200,PCC,SVM,0.05069869516924719,0.4193013048307528,0.47
1818,200,PCC,SVM,0.012500196905775363,0.48249980309422463,0.495
1819,200,PCC,SVM,0.09853835973517477,0.5164616402648252,0.615
1820,200,PCC,SVM,0.2157947738473336,0.7092052261526665,0.925
1821,200,PCC,SVM,0.021990565103220228,0.46800943489677976,0.49
1822,200,PCC,SVM,0.11407585751655525,0.4109241424834448,0.525
1823,200,PCC,SVM,0.08402696919346475,0.5159730308065352,0.6
1824,200,PCC,SVM,0.10189437079457431,0.6331056292054257,0.735
1825,200,PCC,SVM,0.07831129729910388,0.1483112972991039,0.07
1826,200,PCC,SVM,0.00525505059539122,0.5097449494046088,0.515
1827,200,PCC,SVM,0.006077759363024238,0.47392224063697574,0.48
1828,200,PCC,SVM,0.17275286521361,0.74724713478639,0.92
1829,200,PCC,SVM,0.02235063117363545,0.5123506311736354,0.49
1830,200,PCC,SVM,0.007770103658436611,0.4572298963415634,0.465
1831,200,PCC,SVM,0.19436377153442985,0.7656362284655701,0.96
1832,200,PCC,SVM,0.0005626460121833654,0.4505626460121834,0.45
1833,200,PCC,SVM,0.13009468426083381,0.3100946842608338,0.18
1834,200,PCC,SVM,0.04983207007138871,0.2648320700713887,0.215
1835,200,PCC,SVM,0.09054067604919477,0.18554067604919477,0.095
1836,200,PCC,SVM,0.17609231025574879,0.17609231025574879,0.0
1837,200,PCC,SVM,0.024916806601613772,0.45491680660161377,0.43
1838,200,PCC,SVM,0.09891901259170266,0.6660809874082974,0.765
1839,200,PCC,SVM,0.11609217924303616,0.6139078207569638,0.73
1840,200,PCC,SVM,0.13674957094581516,0.16674957094581516,0.03
1841,200,PCC,SVM,0.047154232745693414,0.5178457672543065,0.565
1842,200,PCC,SVM,0.09815311630088072,0.24815311630088072,0.15
1843,200,PCC,SVM,0.16933202946046766,0.7706679705395323,0.94
1844,200,PCC,SVM,0.09472920569730062,0.2597292056973006,0.165
1845,200,PCC,SVM,0.03755849499583441,0.5874415050041656,0.625
1846,200,PCC,SVM,0.05325311351348033,0.37825311351348034,0.325
1847,200,PCC,SVM,0.08410621889691261,0.5558937811030874,0.64
1848,200,PCC,SVM,0.039295649549229095,0.44929564954922907,0.41
1849,200,PCC,SVM,0.09653921822244238,0.6584607817775576,0.755
1850,200,PCC,SVM,0.11019607448574589,0.3401960744857459,0.23
1851,200,PCC,SVM,0.1433422432141238,0.7616577567858762,0.905
1852,200,PCC,SVM,0.05946653364306109,0.4405334663569389,0.5
1853,200,PCC,SVM,0.13338969520342847,0.6216103047965715,0.755
1854,200,PCC,SVM,0.16720060550283689,0.6777993944971631,0.845
1855,200,PCC,SVM,0.21455236068958672,0.7804476393104133,0.995
1856,200,PCC,SVM,0.08934409129604862,0.3093440912960486,0.22
1857,200,PCC,SVM,0.05632368191744613,0.3413236819174461,0.285
1858,200,PCC,SVM,0.07454455183241093,0.32454455183241093,0.25
1859,200,PCC,SVM,0.06380258660632188,0.3238025866063219,0.26
1860,200,PCC,SVM,0.041310303233346835,0.5386896967666531,0.58
1861,200,PCC,SVM,0.22688970414721166,0.7631102958527883,0.99
1862,200,PCC,SVM,0.1569492226752509,0.8330507773247491,0.99
1863,200,PCC,SVM,0.05076268850164356,0.47423731149835646,0.525
1864,200,PCC,SVM,0.08635195597244194,0.5486480440275581,0.635
1865,200,PCC,SVM,0.167555458663042,0.687444541336958,0.855
1866,200,PCC,SVM,0.20450940092475356,0.7254905990752465,0.93
1867,200,PCC,SVM,0.09035838263681878,0.2903583826368188,0.2
1868,200,PCC,SVM,0.06405887487021822,0.4609411251297818,0.525
1869,200,PCC,SVM,0.11515881408503381,0.7148411859149661,0.83
1870,200,PCC,SVM,0.044374923980291414,0.3443749239802914,0.3
1871,200,PCC,SVM,0.01540978048998265,0.45040978048998265,0.435
1872,200,PCC,SVM,0.16800802042254404,0.816991979577456,0.985
1873,200,PCC,SVM,0.21445012621441528,0.7705498737855847,0.985
1874,200,PCC,SVM,0.1783544482098357,0.7266455517901643,0.905
1875,200,PCC,SVM,0.1299902393466904,0.6650097606533096,0.795
1876,200,PCC,SVM,0.04451390825008694,0.30951390825008696,0.265
1877,200,PCC,SVM,0.03205012668557017,0.3520501266855702,0.32
1878,200,PCC,SVM,0.07741324114936926,0.4675867588506308,0.545
1879,200,PCC,SVM,0.018502923931499105,0.541497076068501,0.56
1880,200,PCC,SVM,0.05161326935275434,0.45338673064724566,0.505
1881,200,PCC,SVM,0.11954733649610894,0.5154526635038911,0.635
1882,200,PCC,SVM,0.045001450916627606,0.3599985490833724,0.405
1883,200,PCC,SVM,0.11924450748257409,0.6257554925174259,0.745
1884,200,PCC,SVM,0.03260509057365801,0.36260509057365803,0.33
1885,200,PCC,SVM,0.030721409413878187,0.3607214094138782,0.33
1886,200,PCC,SVM,0.11855564397744461,0.2435556439774446,0.125
1887,200,PCC,SVM,0.06837496762610346,0.25337496762610345,0.185
1888,200,PCC,SVM,0.2002930139614385,0.6497069860385615,0.85
1889,200,PCC,SVM,0.0231003394194641,0.4218996605805359,0.445
1890,200,PCC,SVM,0.07579905688234231,0.3007990568823423,0.225
1891,200,PCC,SVM,0.10424323898029342,0.6507567610197066,0.755
1892,200,PCC,SVM,0.01801305274563525,0.5319869472543648,0.55
1893,200,PCC,SVM,0.1705149811303174,0.1905149811303174,0.02
1894,200,PCC,SVM,0.03041747116697946,0.34541747116697946,0.315
1895,200,PCC,SVM,0.04487237956405085,0.21987237956405084,0.175
1896,200,PCC,SVM,0.09739067012602987,0.5576093298739702,0.655
1897,200,PCC,SVM,0.07595075530107132,0.35095075530107134,0.275
1898,200,PCC,SVM,0.13849569799292633,0.19849569799292632,0.06
1899,200,PCC,SVM,0.11168038241634563,0.16168038241634564,0.05
1900,200,PCC,SVM,0.03453627987706953,0.5454637201229304,0.58
1901,200,PCC,SVM,0.13461922584406505,0.15461922584406504,0.02
1902,200,PCC,SVM,0.14146806356870623,0.7035319364312937,0.845
1903,200,PCC,SVM,0.10951714188522263,0.26451714188522263,0.155
1904,200,PCC,SVM,0.013402219581981956,0.591597780418018,0.605
1905,200,PCC,SVM,0.00783485547170265,0.44783485547170265,0.44
1906,200,PCC,SVM,0.009332204548085699,0.4493322045480857,0.44
1907,200,PCC,SVM,0.12653642987615532,0.19653642987615533,0.07
1908,200,PCC,SVM,0.11120767335069393,0.6887923266493061,0.8
1909,200,PCC,SVM,0.16655078514871602,0.723449214851284,0.89
1910,200,PCC,SVM,0.14977716200830152,0.15977716200830153,0.01
1911,200,PCC,SVM,0.09306413360207261,0.2680641336020726,0.175
1912,200,PCC,SVM,0.15583009477320475,0.7441699052267953,0.9
1913,200,PCC,SVM,0.034163132842195076,0.510836867157805,0.545
1914,200,PCC,SVM,0.07198658819201978,0.22198658819201977,0.15
1915,200,PCC,SVM,0.08753204629880584,0.28753204629880585,0.2
1916,200,PCC,SVM,0.09014400445753701,0.564855995542463,0.655
1917,200,PCC,SVM,0.10540426592872565,0.6145957340712743,0.72
1918,200,PCC,SVM,0.08202149815659054,0.5129785018434094,0.595
1919,200,PCC,SVM,0.21033338332936558,0.7396666166706344,0.95
1920,200,PCC,SVM,0.005735275061969303,0.4957352750619693,0.49
1921,200,PCC,SVM,0.02909420320068712,0.3290942032006871,0.3
1922,200,PCC,SVM,0.017755210541997135,0.45724478945800284,0.475
1923,200,PCC,SVM,0.01720331713724893,0.3722033171372489,0.355
1924,200,PCC,SVM,0.13474501432729627,0.35474501432729627,0.22
1925,200,PCC,SVM,0.13064295572768048,0.17564295572768046,0.045
1926,200,PCC,SVM,0.040091892492468806,0.3900918924924688,0.35
1927,200,PCC,SVM,0.04303580738016333,0.6669641926198366,0.71
1928,200,PCC,SVM,0.20080785482556118,0.2158078548255612,0.015
1929,200,PCC,SVM,0.04092085337134621,0.4759208533713462,0.435
1930,200,PCC,SVM,0.09811612281746496,0.5418838771825351,0.64
1931,200,PCC,SVM,0.039556611911755524,0.5704433880882445,0.61
1932,200,PCC,SVM,0.1319893248957581,0.6430106751042419,0.775
1933,200,PCC,SVM,0.12095066357956319,0.6890493364204369,0.81
1934,200,PCC,SVM,0.1186839499920479,0.5913160500079521,0.71
1935,200,PCC,SVM,0.1364124587255282,0.2364124587255282,0.1
1936,200,PCC,SVM,0.019767257693468987,0.49476725769346896,0.475
1937,200,PCC,SVM,0.08164303683216789,0.5183569631678321,0.6
1938,200,PCC,SVM,0.05474532524263209,0.2997453252426321,0.245
1939,200,PCC,SVM,0.14839260471694413,0.18839260471694413,0.04
1940,200,PCC,SVM,0.08391303689047033,0.30391303689047033,0.22
1941,200,PCC,SVM,0.02061253863591833,0.4293874613640817,0.45
1942,200,PCC,SVM,0.003814206324365965,0.406185793675634,0.41
1943,200,PCC,SVM,0.09542445358304663,0.2704244535830466,0.175
1944,200,PCC,SVM,0.0841275411123048,0.7358724588876951,0.82
1945,200,PCC,SVM,0.18780153924980003,0.7371984607502,0.925
1946,200,PCC,SVM,0.07014569190684522,0.27014569190684523,0.2
1947,200,PCC,SVM,0.16396827389469182,0.7610317261053082,0.925
1948,200,PCC,SVM,0.18105439819686425,0.19605439819686427,0.015
1949,200,PCC,SVM,0.21501550955506388,0.7049844904449362,0.92
1950,200,PCC,SVM,0.14572520627755126,0.8042747937224487,0.95
1951,200,PCC,SVM,0.13858971967572536,0.14858971967572537,0.01
1952,200,PCC,SVM,0.10238173204673473,0.6576182679532653,0.76
1953,200,PCC,SVM,0.18495450635285204,0.7850454936471479,0.97
1954,200,PCC,SVM,0.19316853533685407,0.711831464663146,0.905
1955,200,PCC,SVM,0.188065956154167,0.781934043845833,0.97
1956,200,PCC,SVM,0.07634595333896982,0.4736540466610302,0.55
1957,200,PCC,SVM,0.1574069648436443,0.23240696484364431,0.075
1958,200,PCC,SVM,0.1803450171904586,0.6646549828095414,0.845
1959,200,PCC,SVM,0.07429666865533435,0.5357033313446656,0.61
1960,200,PCC,SVM,0.06538091283184266,0.5446190871681573,0.61
1961,200,PCC,SVM,0.02509291050811069,0.3899070894918893,0.415
1962,200,PCC,SVM,0.053101853592607884,0.5168981464073921,0.57
1963,200,PCC,SVM,0.10575402104609757,0.25575402104609757,0.15
1964,200,PCC,SVM,0.09234530370309935,0.6426546962969006,0.735
1965,200,PCC,SVM,0.12199696652746787,0.19699696652746787,0.075
1966,200,PCC,SVM,0.09499634752825592,0.6300036524717441,0.725
1967,200,PCC,SVM,0.14383463246134498,0.701165367538655,0.845
1968,200,PCC,SVM,0.02031666170435731,0.4903166617043573,0.47
1969,200,PCC,SVM,0.041218813645779506,0.4637811863542205,0.505
1970,200,PCC,SVM,0.04457507296291541,0.3545750729629154,0.31
1971,200,PCC,SVM,0.13776631053306554,0.8272336894669344,0.965
1972,200,PCC,SVM,0.10120343957980471,0.6287965604201953,0.73
1973,200,PCC,SVM,0.05076080189432797,0.41576080189432796,0.365
1974,200,PCC,SVM,0.07486239108203463,0.24486239108203464,0.17
1975,200,PCC,SVM,0.08945632190515543,0.3044563219051554,0.215
1976,200,PCC,SVM,0.02674670007490748,0.43325329992509254,0.46
1977,200,PCC,SVM,0.17857304016799425,0.7614269598320057,0.94
1978,200,PCC,SVM,0.11124621132722434,0.6187537886727756,0.73
1979,200,PCC,SVM,0.05051662388192904,0.26551662388192904,0.215
1980,200,PCC,SVM,0.12694579298715625,0.7280542070128437,0.855
1981,200,PCC,SVM,0.0032971461861617257,0.3782971461861617,0.375
1982,200,PCC,SVM,0.15091876335274934,0.6990812366472506,0.85
1983,200,PCC,SVM,0.07651672016788164,0.3165167201678816,0.24
1984,200,PCC,SVM,0.04266564471329326,0.5723343552867067,0.615
1985,200,PCC,SVM,0.14000485029124832,0.7849951497087517,0.925
1986,200,PCC,SVM,0.08583965741395644,0.34083965741395644,0.255
1987,200,PCC,SVM,0.11977734988478295,0.570222650115217,0.69
1988,200,PCC,SVM,0.23196239517474793,0.7530376048252521,0.985
1989,200,PCC,SVM,0.07198888846053259,0.22198888846053258,0.15
1990,200,PCC,SVM,0.08795080741313675,0.17295080741313676,0.085
1991,200,PCC,SVM,0.0693262176972691,0.6006737823027309,0.67
1992,200,PCC,SVM,0.00013554760498479812,0.3351355476049848,0.335
1993,200,PCC,SVM,0.14570088739595377,0.21570088739595378,0.07
1994,200,PCC,SVM,0.018511255524012005,0.456488744475988,0.475
1995,200,PCC,SVM,0.11586186541712307,0.6341381345828769,0.75
1996,200,PCC,SVM,0.057831419775984494,0.34283141977598447,0.285
1997,200,PCC,SVM,0.04454559605814268,0.3795455960581427,0.335
1998,200,PCC,SVM,0.1528606569893779,0.6921393430106221,0.845
1999,200,PCC,SVM,0.03636943691951061,0.4836305630804894,0.52
0,500,PCC,SVM,0.11018171047220848,0.6618182895277915,0.772
1,500,PCC,SVM,0.01522728692081865,0.42277271307918135,0.438
2,500,PCC,SVM,0.1683970250411997,0.6896029749588003,0.858
3,500,PCC,SVM,0.10425005146994315,0.5917499485300568,0.696
4,500,PCC,SVM,0.1237373738734712,0.2177373738734712,0.094
5,500,PCC,SVM,0.18570710034957016,0.7882928996504298,0.974
6,500,PCC,SVM,0.10380457197873028,0.6561954280212697,0.76
7,500,PCC,SVM,0.1374434962750365,0.6485565037249635,0.786
8,500,PCC,SVM,0.10778408235453324,0.23578408235453324,0.128
9,500,PCC,SVM,0.002283438553380035,0.44771656144662,0.45
10,500,PCC,SVM,0.03097200306470721,0.4009720030647072,0.37
11,500,PCC,SVM,0.17837293709191415,0.7476270629080859,0.926
12,500,PCC,SVM,0.06528226787120406,0.576717732128796,0.642
13,500,PCC,SVM,0.13272973094882068,0.6892702690511793,0.822
14,500,PCC,SVM,0.0023721037298551906,0.4396278962701448,0.442
15,500,PCC,SVM,0.06552707519804754,0.29152707519804755,0.226
16,500,PCC,SVM,0.03348724041055273,0.5205127595894473,0.554
17,500,PCC,SVM,0.11357177181492775,0.17557177181492775,0.062
18,500,PCC,SVM,0.13852340008361796,0.687476599916382,0.826
19,500,PCC,SVM,0.07458416046624994,0.5554158395337501,0.63
20,500,PCC,SVM,0.10781759020582349,0.6501824097941765,0.758
21,500,PCC,SVM,0.04494613899177474,0.3989461389917747,0.354
22,500,PCC,SVM,0.19664239543364215,0.7733576045663578,0.97
23,500,PCC,SVM,0.17385807171469625,0.7181419282853038,0.892
24,500,PCC,SVM,0.12732160391990044,0.6506783960800996,0.778
25,500,PCC,SVM,0.10089315737555726,0.29489315737555727,0.194
26,500,PCC,SVM,0.0017790233747108086,0.4642209766252892,0.466
27,500,PCC,SVM,0.1454575454817418,0.18745754548174182,0.042
28,500,PCC,SVM,0.08291787486553512,0.23691787486553512,0.154
29,500,PCC,SVM,0.08304258509297813,0.5989574149070219,0.682
30,500,PCC,SVM,0.11913398035961364,0.6248660196403863,0.744
31,500,PCC,SVM,0.20034600460225727,0.7656539953977427,0.966
32,500,PCC,SVM,0.045979967703440816,0.3699799677034408,0.324
33,500,PCC,SVM,0.035559301992543535,0.40555930199254353,0.37
34,500,PCC,SVM,0.016340920127859426,0.4516590798721406,0.468
35,500,PCC,SVM,0.08775307091977291,0.2757530709197729,0.188
36,500,PCC,SVM,0.14291005021107517,0.27091005021107517,0.128
37,500,PCC,SVM,0.001509737521104948,0.47249026247889503,0.474
38,500,PCC,SVM,0.05970408808492553,0.28570408808492553,0.226
39,500,PCC,SVM,0.09857072084272545,0.5694292791572746,0.668
40,500,PCC,SVM,0.011992414948430397,0.4479924149484304,0.436
41,500,PCC,SVM,0.1592732193230748,0.6727267806769252,0.832
42,500,PCC,SVM,0.12194123596357043,0.5780587640364295,0.7
43,500,PCC,SVM,0.02215861273076053,0.33415861273076053,0.312
44,500,PCC,SVM,0.1722502256813664,0.6597497743186336,0.832
45,500,PCC,SVM,0.12522567791861383,0.6787743220813862,0.804
46,500,PCC,SVM,0.03224597070180729,0.4182459707018073,0.386
47,500,PCC,SVM,0.06297549810147146,0.35097549810147144,0.288
48,500,PCC,SVM,0.08264441936172273,0.5993555806382773,0.682
49,500,PCC,SVM,0.10935771593128116,0.24735771593128117,0.138
50,500,PCC,SVM,0.10313177285256564,0.30113177285256565,0.198
51,500,PCC,SVM,0.15846807311583017,0.16446807311583017,0.006
52,500,PCC,SVM,0.13759786907030813,0.6484021309296919,0.786
53,500,PCC,SVM,0.08437163904066003,0.57962836095934,0.664
54,500,PCC,SVM,0.09366158310080364,0.6103384168991963,0.704
55,500,PCC,SVM,0.13025979173526303,0.649740208264737,0.78
56,500,PCC,SVM,0.0021810679603601613,0.4601810679603602,0.458
57,500,PCC,SVM,0.047085347803513034,0.5209146521964869,0.568
58,500,PCC,SVM,0.09533126058666386,0.23333126058666387,0.138
59,500,PCC,SVM,0.13172761737120525,0.24572761737120527,0.114
60,500,PCC,SVM,0.11270861884544425,0.5552913811545558,0.668
61,500,PCC,SVM,0.013223741592235383,0.4567762584077646,0.47
62,500,PCC,SVM,0.0648659739633849,0.49913402603661505,0.564
63,500,PCC,SVM,0.12440198057844087,0.6395980194215591,0.764
64,500,PCC,SVM,0.07795641088667771,0.5560435891133223,0.634
65,500,PCC,SVM,0.0257830577685334,0.5262169422314666,0.552
66,500,PCC,SVM,0.024959121721685573,0.5330408782783145,0.558
67,500,PCC,SVM,0.033475350819651084,0.3354753508196511,0.302
68,500,PCC,SVM,0.15155750152711533,0.18155750152711533,0.03
69,500,PCC,SVM,0.01372157711473504,0.42227842288526496,0.436
70,500,PCC,SVM,0.07877383175023803,0.292773831750238,0.214
71,500,PCC,SVM,0.007195507090280495,0.41519550709028047,0.408
72,500,PCC,SVM,0.15046110587008787,0.7015388941299121,0.852
73,500,PCC,SVM,0.08400386293631593,0.31600386293631594,0.232
74,500,PCC,SVM,0.12938917893738053,0.18738917893738052,0.058
75,500,PCC,SVM,0.06623529492316593,0.34623529492316596,0.28
76,500,PCC,SVM,0.050446919840577475,0.34244691984057746,0.292
77,500,PCC,SVM,0.07469918201627301,0.585300817983727,0.66
78,500,PCC,SVM,0.04890555563242471,0.5070944443675753,0.556
79,500,PCC,SVM,0.12432136838164709,0.6576786316183529,0.782
80,500,PCC,SVM,0.09162750670446718,0.5723724932955329,0.664
81,500,PCC,SVM,0.0014366562413334338,0.4045633437586666,0.406
82,500,PCC,SVM,0.13356168005932068,0.6804383199406793,0.814
83,500,PCC,SVM,0.11559514119865918,0.2815951411986592,0.166
84,500,PCC,SVM,0.15052490893297032,0.17252490893297032,0.022
85,500,PCC,SVM,0.10241870177399351,0.1924187017739935,0.09
86,500,PCC,SVM,0.07205119670179572,0.6499488032982043,0.722
87,500,PCC,SVM,0.006384169171861187,0.4663841691718612,0.46
88,500,PCC,SVM,0.08342493349821278,0.2434249334982128,0.16
89,500,PCC,SVM,0.0074332954902317505,0.5074332954902318,0.5
90,500,PCC,SVM,0.08548073337245712,0.23748073337245712,0.152
91,500,PCC,SVM,0.12922490779907747,0.5667750922009225,0.696
92,500,PCC,SVM,0.012756396243775892,0.4332436037562241,0.446
93,500,PCC,SVM,0.007368924832091617,0.3873689248320916,0.38
94,500,PCC,SVM,0.06693093989378246,0.36693093989378245,0.3
95,500,PCC,SVM,0.04146751372472535,0.5885324862752747,0.63
96,500,PCC,SVM,0.03127711102146424,0.39127711102146423,0.36
97,500,PCC,SVM,0.1160689678636154,0.2020689678636154,0.086
98,500,PCC,SVM,0.11823293146328909,0.23623293146328908,0.118
99,500,PCC,SVM,0.18295602972901248,0.7770439702709875,0.96
100,500,PCC,SVM,0.1947246229679288,0.7132753770320712,0.908
101,500,PCC,SVM,0.10399231474432513,0.5940076852556748,0.698
102,500,PCC,SVM,0.05890720751648515,0.32290720751648516,0.264
103,500,PCC,SVM,0.1919722458009845,0.7760277541990155,0.968
104,500,PCC,SVM,0.09783117024732368,0.6801688297526763,0.778
105,500,PCC,SVM,0.12742250829697344,0.5885774917030265,0.716
106,500,PCC,SVM,0.0030968288155672208,0.45109682881556723,0.448
107,500,PCC,SVM,0.0726806611310119,0.3446806611310119,0.272
108,500,PCC,SVM,0.09694797456029025,0.19294797456029025,0.096
109,500,PCC,SVM,0.19614331949784913,0.7058566805021509,0.902
110,500,PCC,SVM,0.013771425047629793,0.4402285749523702,0.454
111,500,PCC,SVM,0.09270981811027212,0.29470981811027214,0.202
112,500,PCC,SVM,0.06372248126455532,0.3677224812645553,0.304
113,500,PCC,SVM,0.07401885364479166,0.5039811463552083,0.578
114,500,PCC,SVM,0.08919871578040706,0.26519871578040705,0.176
115,500,PCC,SVM,0.13975869751079428,0.7162413024892057,0.856
116,500,PCC,SVM,0.13169762828898146,0.6263023717110185,0.758
117,500,PCC,SVM,0.09378219531172804,0.6242178046882719,0.718
118,500,PCC,SVM,0.030763170225603875,0.4012368297743961,0.432
119,500,PCC,SVM,0.060743875844786355,0.5652561241552136,0.626
120,500,PCC,SVM,0.05483230570703035,0.5291676942929696,0.584
121,500,PCC,SVM,0.055940075385655486,0.5920599246143445,0.648
122,500,PCC,SVM,0.13761665582467747,0.22161665582467746,0.084
123,500,PCC,SVM,0.009149800593387658,0.42314980059338764,0.414
124,500,PCC,SVM,0.13823552135439007,0.17823552135439008,0.04
125,500,PCC,SVM,0.026744410102249816,0.4652555898977502,0.492
126,500,PCC,SVM,0.018821418485547192,0.3468214184855472,0.328
127,500,PCC,SVM,0.07321942039725765,0.21721942039725764,0.144
128,500,PCC,SVM,0.11470516523818418,0.21670516523818417,0.102
129,500,PCC,SVM,0.055469235967531616,0.5305307640324683,0.586
130,500,PCC,SVM,0.11198942265477999,0.28198942265478,0.17
131,500,PCC,SVM,0.17617821254402088,0.7478217874559792,0.924
132,500,PCC,SVM,0.047919903893384075,0.5320800961066159,0.58
133,500,PCC,SVM,0.030265214833308574,0.37626521483330855,0.346
134,500,PCC,SVM,0.06097671224682433,0.5290232877531756,0.59
135,500,PCC,SVM,0.14708560745048,0.16908560745047999,0.022
136,500,PCC,SVM,0.1952247309132138,0.7627752690867862,0.958
137,500,PCC,SVM,0.02418677979752265,0.45781322020247733,0.482
138,500,PCC,SVM,0.10617510898264237,0.6758248910173577,0.782
139,500,PCC,SVM,0.12727719080521727,0.20927719080521728,0.082
140,500,PCC,SVM,0.028152052915653647,0.45784794708434634,0.486
141,500,PCC,SVM,0.018206336689203906,0.4717936633107961,0.49
142,500,PCC,SVM,0.1939083799438689,0.7420916200561312,0.936
143,500,PCC,SVM,0.017939914497593024,0.5520600855024069,0.57
144,500,PCC,SVM,0.027927699814498108,0.44407230018550187,0.472
145,500,PCC,SVM,0.04017086141164555,0.30617086141164557,0.266
146,500,PCC,SVM,0.045815315398305134,0.37581531539830515,0.33
147,500,PCC,SVM,0.06108722239824471,0.4589127776017553,0.52
148,500,PCC,SVM,0.0015734313696020297,0.43957343136960203,0.438
149,500,PCC,SVM,0.14536588399883577,0.16536588399883576,0.02
150,500,PCC,SVM,0.10991662466147334,0.7160833753385266,0.826
151,500,PCC,SVM,0.14465016282343934,0.7513498371765607,0.896
152,500,PCC,SVM,0.08148441822273117,0.22148441822273118,0.14
153,500,PCC,SVM,0.05103962590793176,0.5029603740920683,0.554
154,500,PCC,SVM,0.11257080811855831,0.2205708081185583,0.108
155,500,PCC,SVM,0.08838716615235886,0.5836128338476412,0.672
156,500,PCC,SVM,0.06324878582277882,0.34324878582277885,0.28
157,500,PCC,SVM,0.09316550346471009,0.5648344965352899,0.658
158,500,PCC,SVM,0.08568027292292801,0.640319727077072,0.726
159,500,PCC,SVM,0.12247585282653495,0.6455241471734651,0.768
160,500,PCC,SVM,0.12872410203184587,0.23472410203184585,0.106
161,500,PCC,SVM,0.14678937161144434,0.7692106283885557,0.916
162,500,PCC,SVM,0.08099929564975991,0.3109992956497599,0.23
163,500,PCC,SVM,0.13202633553106702,0.16802633553106702,0.036
164,500,PCC,SVM,0.049919045838844656,0.5040809541611554,0.554
165,500,PCC,SVM,0.02942117926068699,0.399421179260687,0.37
166,500,PCC,SVM,0.14740741339665453,0.6805925866033454,0.828
167,500,PCC,SVM,0.15180002513630964,0.6561999748636904,0.808
168,500,PCC,SVM,0.04246945545402969,0.3584694554540297,0.316
169,500,PCC,SVM,0.18474045461008992,0.76725954538991,0.952
170,500,PCC,SVM,0.05770880634090181,0.3477088063409018,0.29
171,500,PCC,SVM,0.00926826882506715,0.5047317311749329,0.514
172,500,PCC,SVM,0.0681800093515077,0.3221800093515077,0.254
173,500,PCC,SVM,0.1768202335320066,0.7591797664679935,0.936
174,500,PCC,SVM,0.09695297352582202,0.26095297352582203,0.164
175,500,PCC,SVM,0.12786149046925593,0.17186149046925592,0.044
176,500,PCC,SVM,0.026405003833547158,0.46040500383354716,0.434
177,500,PCC,SVM,0.1952829524066525,0.7967170475933475,0.992
178,500,PCC,SVM,0.20467665225830567,0.6853233477416943,0.89
179,500,PCC,SVM,0.10371167805226855,0.6442883219477314,0.748
180,500,PCC,SVM,0.14802233255996444,0.7419776674400356,0.89
181,500,PCC,SVM,0.1634224337563468,0.7285775662436532,0.892
182,500,PCC,SVM,0.05310235424579207,0.46489764575420794,0.518
183,500,PCC,SVM,0.01853438872424268,0.3325343887242427,0.314
184,500,PCC,SVM,0.12238717554307754,0.6496128244569225,0.772
185,500,PCC,SVM,0.08704499967507495,0.5729550003249251,0.66
186,500,PCC,SVM,0.034294336368764444,0.40629433636876444,0.372
187,500,PCC,SVM,0.11243339572845035,0.20643339572845035,0.094
188,500,PCC,SVM,0.09955013022127923,0.6464498697787208,0.746
189,500,PCC,SVM,0.04733018370778497,0.309330183707785,0.262
190,500,PCC,SVM,0.16200728897791195,0.7739927110220881,0.936
191,500,PCC,SVM,0.08101688633471632,0.3210168863347163,0.24
192,500,PCC,SVM,0.12107347447628677,0.24307347447628677,0.122
193,500,PCC,SVM,0.11544873085549445,0.7145512691445055,0.83
194,500,PCC,SVM,0.09579021314758104,0.24779021314758104,0.152
195,500,PCC,SVM,0.08401612422744881,0.2620161242274488,0.178
196,500,PCC,SVM,0.05077495711134883,0.5472250428886511,0.598
197,500,PCC,SVM,0.13832625628942685,0.7356737437105731,0.874
198,500,PCC,SVM,0.08092231922967974,0.27692231922967975,0.196
199,500,PCC,SVM,0.042946293845180505,0.3529462938451805,0.31
200,500,PCC,SVM,0.1200700806595918,0.6559299193404082,0.776
201,500,PCC,SVM,0.211517182840691,0.758482817159309,0.97
202,500,PCC,SVM,0.015100997169096297,0.4848990028309037,0.5
203,500,PCC,SVM,0.1100975731051447,0.2520975731051447,0.142
204,500,PCC,SVM,0.12686891254758478,0.1388689125475848,0.012
205,500,PCC,SVM,0.08039211945427624,0.30839211945427625,0.228
206,500,PCC,SVM,0.11797163469114808,0.24797163469114808,0.13
207,500,PCC,SVM,0.06445131432654072,0.6115486856734593,0.676
208,500,PCC,SVM,0.10010230167615117,0.22010230167615116,0.12
209,500,PCC,SVM,0.015419814379201147,0.49058018562079886,0.506
210,500,PCC,SVM,0.08836324116817962,0.6056367588318203,0.694
211,500,PCC,SVM,0.022927798812115485,0.5570722011878845,0.58
212,500,PCC,SVM,0.06202035470417344,0.26002035470417345,0.198
213,500,PCC,SVM,0.13586947578295228,0.6681305242170478,0.804
214,500,PCC,SVM,0.10176875392710993,0.61223124607289,0.714
215,500,PCC,SVM,0.08161304045864115,0.6563869595413588,0.738
216,500,PCC,SVM,0.134255022310727,0.264255022310727,0.13
217,500,PCC,SVM,0.13106957885177223,0.2530695788517722,0.122
218,500,PCC,SVM,0.1927123342380722,0.7332876657619278,0.926
219,500,PCC,SVM,0.0009860646096644388,0.3950139353903356,0.396
220,500,PCC,SVM,0.053721614236605986,0.353721614236606,0.3
221,500,PCC,SVM,0.01990324832214918,0.4680967516778508,0.488
222,500,PCC,SVM,0.07074146146369475,0.5912585385363053,0.662
223,500,PCC,SVM,0.19801710790272165,0.7559828920972783,0.954
224,500,PCC,SVM,0.05344225485432552,0.3394422548543255,0.286
225,500,PCC,SVM,0.16595013314434215,0.7580498668556579,0.924
226,500,PCC,SVM,0.131898274527306,0.15589827452730598,0.024
227,500,PCC,SVM,0.055857201571688886,0.49814279842831116,0.554
228,500,PCC,SVM,0.07398712104044292,0.5580128789595571,0.632
229,500,PCC,SVM,0.10279334270952716,0.20679334270952715,0.104
230,500,PCC,SVM,0.12264386135331917,0.2626438613533192,0.14
231,500,PCC,SVM,0.007721398514400901,0.4257213985144009,0.418
232,500,PCC,SVM,0.20429306708707407,0.7617069329129259,0.966
233,500,PCC,SVM,0.03123463883266475,0.5647653611673352,0.596
234,500,PCC,SVM,0.16010711243859987,0.7718928875614002,0.932
235,500,PCC,SVM,0.1275216171657817,0.6764783828342184,0.804
236,500,PCC,SVM,0.002161805082644297,0.4681618050826443,0.466
237,500,PCC,SVM,0.14086886329615,0.64313113670385,0.784
238,500,PCC,SVM,0.14758789897473967,0.16358789897473966,0.016
239,500,PCC,SVM,0.11614948249496808,0.22414948249496808,0.108
240,500,PCC,SVM,0.1419132010759393,0.6860867989240607,0.828
241,500,PCC,SVM,0.1533008968693198,0.6426991031306802,0.796
242,500,PCC,SVM,0.0723778431902897,0.3043778431902897,0.232
243,500,PCC,SVM,0.05262408136908753,0.4773759186309125,0.53
244,500,PCC,SVM,0.055825296505567,0.550174703494433,0.606
245,500,PCC,SVM,0.15763061769291375,0.7083693823070862,0.866
246,500,PCC,SVM,0.039863986794062,0.562136013205938,0.602
247,500,PCC,SVM,0.009455411294268912,0.4214554112942689,0.412
248,500,PCC,SVM,0.030893136851901426,0.4048931368519014,0.374
249,500,PCC,SVM,0.013299162514790408,0.4372991625147904,0.424
250,500,PCC,SVM,0.060844553276163116,0.5891554467238369,0.65
251,500,PCC,SVM,0.16318007056734285,0.7028199294326571,0.866
252,500,PCC,SVM,0.010051121593198098,0.4620511215931981,0.452
253,500,PCC,SVM,0.06671119042274953,0.31271119042274953,0.246
254,500,PCC,SVM,0.05817706612144169,0.2941770661214417,0.236
255,500,PCC,SVM,0.1155255342745185,0.6304744657254815,0.746
256,500,PCC,SVM,0.1387142956503995,0.6772857043496004,0.816
257,500,PCC,SVM,0.12357164155895299,0.227571641558953,0.104
258,500,PCC,SVM,0.14069370637524856,0.20669370637524856,0.066
259,500,PCC,SVM,0.055952698411268154,0.5380473015887318,0.594
260,500,PCC,SVM,0.09325898381719747,0.23925898381719746,0.146
261,500,PCC,SVM,0.13416844142890894,0.689831558571091,0.824
262,500,PCC,SVM,0.03085306776277713,0.34085306776277713,0.31
263,500,PCC,SVM,0.11185760857881014,0.2538576085788101,0.142
264,500,PCC,SVM,0.17888051499702184,0.7411194850029782,0.92
265,500,PCC,SVM,0.09738803627363848,0.2613880362736385,0.164
266,500,PCC,SVM,0.03672213164574717,0.32072213164574714,0.284
267,500,PCC,SVM,0.11327002105212194,0.26527002105212194,0.152
268,500,PCC,SVM,0.11642877313350956,0.23042877313350957,0.114
269,500,PCC,SVM,0.1479343198274881,0.16793431982748808,0.02
270,500,PCC,SVM,0.1265207253321236,0.1805207253321236,0.054
271,500,PCC,SVM,0.11390039376094968,0.28790039376094967,0.174
272,500,PCC,SVM,0.16088215464503644,0.21288215464503643,0.052
273,500,PCC,SVM,0.02601492414416895,0.563985075855831,0.59
274,500,PCC,SVM,0.09501099585200601,0.584989004147994,0.68
275,500,PCC,SVM,0.02847919557690992,0.42047919557690994,0.392
276,500,PCC,SVM,0.04379419936631318,0.3597941993663132,0.316
277,500,PCC,SVM,0.04805856203316283,0.45594143796683717,0.504
278,500,PCC,SVM,0.13950431373251726,0.7344956862674827,0.874
279,500,PCC,SVM,0.1369598738803004,0.7130401261196996,0.85
280,500,PCC,SVM,0.12998803906182177,0.17198803906182178,0.042
281,500,PCC,SVM,0.09439216810912882,0.2743921681091288,0.18
282,500,PCC,SVM,0.07702954672921769,0.3130295467292177,0.236
283,500,PCC,SVM,0.07623797672904586,0.32423797672904586,0.248
284,500,PCC,SVM,0.059839365181932336,0.5101606348180676,0.57
285,500,PCC,SVM,0.0018773058333088621,0.41787730583330884,0.416
286,500,PCC,SVM,0.15913838874800795,0.20713838874800794,0.048
287,500,PCC,SVM,0.05011834874929094,0.42211834874929094,0.372
288,500,PCC,SVM,0.015900343417289742,0.5060996565827103,0.522
289,500,PCC,SVM,0.12042834919293341,0.22042834919293341,0.1
290,500,PCC,SVM,0.14002230172319607,0.6919776982768039,0.832
291,500,PCC,SVM,0.14136781740307564,0.19136781740307562,0.05
292,500,PCC,SVM,0.1780536082057511,0.7459463917942489,0.924
293,500,PCC,SVM,0.11746587206147185,0.21546587206147186,0.098
294,500,PCC,SVM,0.12816840265582008,0.7138315973441799,0.842
295,500,PCC,SVM,0.18408122330887,0.71791877669113,0.902
296,500,PCC,SVM,0.20214662117898885,0.7758533788210111,0.978
297,500,PCC,SVM,0.12097996302931091,0.6810200369706891,0.802
298,500,PCC,SVM,0.09962244235761863,0.6783775576423814,0.778
299,500,PCC,SVM,0.08177803637470749,0.5602219636252925,0.642
300,500,PCC,SVM,0.09966470994449694,0.6783352900555031,0.778
301,500,PCC,SVM,0.11689857335966647,0.2508985733596665,0.134
302,500,PCC,SVM,0.0005110391861237185,0.5365110391861238,0.536
303,500,PCC,SVM,0.005384667215716621,0.5086153327842834,0.514
304,500,PCC,SVM,0.15186178785691506,0.7041382121430849,0.856
305,500,PCC,SVM,0.012278673952659358,0.44972132604734066,0.462
306,500,PCC,SVM,0.009060871291559858,0.39306087129155987,0.384
307,500,PCC,SVM,0.06791574681517354,0.5700842531848265,0.638
308,500,PCC,SVM,0.05065283224830858,0.3166528322483086,0.266
309,500,PCC,SVM,0.12180133129332632,0.25980133129332633,0.138
310,500,PCC,SVM,0.02083719031490555,0.4551628096850944,0.476
311,500,PCC,SVM,0.003985063502134789,0.41998506350213477,0.416
312,500,PCC,SVM,0.06084245970171717,0.2928424597017172,0.232
313,500,PCC,SVM,0.0029406529704230078,0.368940652970423,0.366
314,500,PCC,SVM,0.005907182907731012,0.360092817092269,0.366
315,500,PCC,SVM,0.0364376285268303,0.3624376285268303,0.326
316,500,PCC,SVM,0.010383216905772208,0.3883832169057722,0.378
317,500,PCC,SVM,0.08289226494172197,0.6011077350582781,0.684
318,500,PCC,SVM,0.03891555225449339,0.3349155522544934,0.296
319,500,PCC,SVM,0.19436127386126179,0.7536387261387382,0.948
320,500,PCC,SVM,0.17426832448659357,0.7417316755134065,0.916
321,500,PCC,SVM,0.008702675903655643,0.47129732409634434,0.48
322,500,PCC,SVM,0.05039270287141445,0.37839270287141447,0.328
323,500,PCC,SVM,0.0713975117165484,0.46260248828345163,0.534
324,500,PCC,SVM,0.14463771703266637,0.7033622829673336,0.848
325,500,PCC,SVM,0.06396758640474287,0.5880324135952572,0.652
326,500,PCC,SVM,0.1482821554802498,0.6557178445197502,0.804
327,500,PCC,SVM,0.036580799636841355,0.4954192003631587,0.532
328,500,PCC,SVM,0.08126194620038585,0.5507380537996142,0.632
329,500,PCC,SVM,0.053537965812856136,0.3415379658128561,0.288
330,500,PCC,SVM,0.10294383026836129,0.6310561697316387,0.734
331,500,PCC,SVM,0.07818672515064867,0.2801867251506487,0.202
332,500,PCC,SVM,0.08733372922239435,0.6066662707776056,0.694
333,500,PCC,SVM,0.1462106658061202,0.7137893341938798,0.86
334,500,PCC,SVM,0.12067046388773323,0.25267046388773323,0.132
335,500,PCC,SVM,0.0638436672035626,0.5501563327964374,0.614
336,500,PCC,SVM,0.14151599252413202,0.23551599252413202,0.094
337,500,PCC,SVM,0.09248885487763114,0.6315111451223688,0.724
338,500,PCC,SVM,0.11927839294564917,0.20327839294564917,0.084
339,500,PCC,SVM,0.20088165351714204,0.733118346482858,0.934
340,500,PCC,SVM,0.08811386767794302,0.22411386767794303,0.136
341,500,PCC,SVM,0.17280216178990437,0.7851978382100956,0.958
342,500,PCC,SVM,0.1099005035788222,0.6900994964211778,0.8
343,500,PCC,SVM,0.03749914509751007,0.5545008549024899,0.592
344,500,PCC,SVM,0.12163686359491177,0.6603631364050883,0.782
345,500,PCC,SVM,0.1320899118165867,0.6619100881834133,0.794
346,500,PCC,SVM,0.18045004567642442,0.7655499543235755,0.946
347,500,PCC,SVM,0.06447807101150987,0.3164780710115099,0.252
348,500,PCC,SVM,0.06354567053895444,0.5264543294610455,0.59
349,500,PCC,SVM,0.10882114948063559,0.2028211494806356,0.094
350,500,PCC,SVM,0.08786049325049394,0.528139506749506,0.616
351,500,PCC,SVM,0.08945513339960756,0.2594551333996076,0.17
352,500,PCC,SVM,0.029001698826521927,0.534998301173478,0.564
353,500,PCC,SVM,0.04380577560647736,0.5281942243935226,0.572
354,500,PCC,SVM,0.018526140617562747,0.4454738593824373,0.464
355,500,PCC,SVM,0.03803239103682032,0.4839676089631797,0.522
356,500,PCC,SVM,0.12040507540804102,0.641594924591959,0.762
357,500,PCC,SVM,0.10171572723959044,0.6962842727604096,0.798
358,500,PCC,SVM,0.03674516323696436,0.45525483676303563,0.492
359,500,PCC,SVM,0.06773574788255932,0.5302642521174407,0.598
360,500,PCC,SVM,0.16196955839379235,0.7680304416062077,0.93
361,500,PCC,SVM,0.12055882575029797,0.23855882575029796,0.118
362,500,PCC,SVM,0.11503696126189834,0.23103696126189835,0.116
363,500,PCC,SVM,0.1226209108968706,0.2086209108968706,0.086
364,500,PCC,SVM,0.08148487243344671,0.5745151275665533,0.656
365,500,PCC,SVM,0.006240388298851596,0.4242403882988516,0.418
366,500,PCC,SVM,0.15341741470666403,0.620582585293336,0.774
367,500,PCC,SVM,0.08808642166330338,0.5819135783366967,0.67
368,500,PCC,SVM,0.05199405326663076,0.3839940532666308,0.332
369,500,PCC,SVM,0.1669186715141241,0.7310813284858759,0.898
370,500,PCC,SVM,0.13652293036692664,0.6254770696330734,0.762
371,500,PCC,SVM,0.046517205383527105,0.3165172053835271,0.27
372,500,PCC,SVM,0.013773475097798638,0.37777347509779863,0.364
373,500,PCC,SVM,0.03726854611346375,0.35126854611346375,0.314
374,500,PCC,SVM,0.09991291793003734,0.25591291793003734,0.156
375,500,PCC,SVM,0.10897019328463545,0.25497019328463544,0.146
376,500,PCC,SVM,0.19324753457025978,0.7427524654297403,0.936
377,500,PCC,SVM,0.00960331962841815,0.44560331962841815,0.436
378,500,PCC,SVM,0.022813797324779284,0.4048137973247793,0.382
379,500,PCC,SVM,0.10376215616960893,0.624237843830391,0.728
380,500,PCC,SVM,0.04326053138195185,0.5087394686180482,0.552
381,500,PCC,SVM,0.1590225190380169,0.7769774809619832,0.936
382,500,PCC,SVM,0.144073974396136,0.635926025603864,0.78
383,500,PCC,SVM,0.007026463068947442,0.4850264630689474,0.478
384,500,PCC,SVM,0.024071750104863898,0.4000717501048639,0.376
385,500,PCC,SVM,0.2095601328618346,0.7764398671381654,0.986
386,500,PCC,SVM,0.08583454722125627,0.6301654527787437,0.716
387,500,PCC,SVM,0.20839945505638358,0.7416005449436164,0.95
388,500,PCC,SVM,0.10219234647568326,0.22019234647568325,0.118
389,500,PCC,SVM,0.1376752452047666,0.7123247547952334,0.85
390,500,PCC,SVM,0.03388499293321956,0.6021150070667804,0.636
391,500,PCC,SVM,0.11349821988155068,0.23349821988155067,0.12
392,500,PCC,SVM,0.04423545457143396,0.543764545428566,0.588
393,500,PCC,SVM,0.09127192849923127,0.5947280715007688,0.686
394,500,PCC,SVM,0.14084282196162148,0.1528428219616215,0.012
395,500,PCC,SVM,0.029031016782804397,0.4249689832171956,0.454
396,500,PCC,SVM,0.17365210739054915,0.6503478926094508,0.824
397,500,PCC,SVM,0.052009539102170266,0.34600953910217025,0.294
398,500,PCC,SVM,0.019370070749323343,0.4386299292506767,0.458
399,500,PCC,SVM,0.018242703866330645,0.46024270386633065,0.442
400,500,PCC,SVM,0.03854633318427503,0.338546333184275,0.3
401,500,PCC,SVM,0.1675957813773794,0.7504042186226206,0.918
402,500,PCC,SVM,0.13555399776634214,0.6444460022336579,0.78
403,500,PCC,SVM,0.12660157905298502,0.23660157905298504,0.11
404,500,PCC,SVM,0.21951539749784,0.77648460250216,0.996
405,500,PCC,SVM,0.15931148474117363,0.7186885152588264,0.878
406,500,PCC,SVM,0.04686052283269626,0.32886052283269623,0.282
407,500,PCC,SVM,0.13866542341436228,0.6973345765856377,0.836
408,500,PCC,SVM,0.11214171591968809,0.2181417159196881,0.106
409,500,PCC,SVM,0.21290639702594838,0.7850936029740516,0.998
410,500,PCC,SVM,0.07960165141436326,0.5843983485856368,0.664
411,500,PCC,SVM,0.07918315115936769,0.5708168488406323,0.65
412,500,PCC,SVM,0.12175776760940962,0.21175776760940962,0.09
413,500,PCC,SVM,0.13570443781923514,0.7602955621807649,0.896
414,500,PCC,SVM,0.16142161403927693,0.18942161403927693,0.028
415,500,PCC,SVM,0.044488021676759526,0.2844880216767595,0.24
416,500,PCC,SVM,0.11684317037640288,0.25884317037640286,0.142
417,500,PCC,SVM,0.12045605046744101,0.655543949532559,0.776
418,500,PCC,SVM,0.07839832585090362,0.2763983258509036,0.198
419,500,PCC,SVM,0.16143469121382303,0.748565308786177,0.91
420,500,PCC,SVM,0.06959741501002259,0.5864025849899774,0.656
421,500,PCC,SVM,0.14147571173055007,0.17747571173055007,0.036
422,500,PCC,SVM,0.15571906634778646,0.15971906634778646,0.004
423,500,PCC,SVM,0.13763367016382894,0.18763367016382893,0.05
424,500,PCC,SVM,0.08114286084755618,0.5228571391524438,0.604
425,500,PCC,SVM,0.09871927119161483,0.7012807288083852,0.8
426,500,PCC,SVM,0.07039268489979283,0.3083926848997928,0.238
427,500,PCC,SVM,0.16971084205507925,0.6782891579449207,0.848
428,500,PCC,SVM,0.14266421807770638,0.19866421807770637,0.056
429,500,PCC,SVM,0.12952040648351837,0.6704795935164817,0.8
430,500,PCC,SVM,0.18603386718822723,0.7399661328117728,0.926
431,500,PCC,SVM,0.09569862778301252,0.6763013722169875,0.772
432,500,PCC,SVM,0.0987763322499351,0.5992236677500649,0.698
433,500,PCC,SVM,0.1547809168121479,0.6812190831878521,0.836
434,500,PCC,SVM,0.1427214497165766,0.1827214497165766,0.04
435,500,PCC,SVM,0.06818451971779343,0.26818451971779345,0.2
436,500,PCC,SVM,0.13587482804664064,0.25987482804664064,0.124
437,500,PCC,SVM,0.024612586659625513,0.4793874133403745,0.504
438,500,PCC,SVM,0.10877862508910752,0.6352213749108925,0.744
439,500,PCC,SVM,0.05612232197762501,0.573877678022375,0.63
440,500,PCC,SVM,0.18169329215111008,0.6683067078488899,0.85
441,500,PCC,SVM,0.10036912906022452,0.2543691290602245,0.154
442,500,PCC,SVM,0.09704977934087577,0.6369502206591242,0.734
443,500,PCC,SVM,0.07380008079864114,0.26580008079864115,0.192
444,500,PCC,SVM,0.05834283937975576,0.3283428393797558,0.27
445,500,PCC,SVM,0.09226743096953904,0.6157325690304609,0.708
446,500,PCC,SVM,0.1838962068799489,0.7961037931200511,0.98
447,500,PCC,SVM,0.08178675259323553,0.5282132474067645,0.61
448,500,PCC,SVM,0.12067003391562461,0.1746700339156246,0.054
449,500,PCC,SVM,0.05374835421390589,0.5622516457860941,0.616
450,500,PCC,SVM,0.145521628170824,0.18752162817082402,0.042
451,500,PCC,SVM,0.15864724993057377,0.7253527500694262,0.884
452,500,PCC,SVM,0.0900197268533437,0.6179802731466563,0.708
453,500,PCC,SVM,0.08856086376623201,0.260560863766232,0.172
454,500,PCC,SVM,0.13543934748476583,0.22543934748476582,0.09
455,500,PCC,SVM,0.10078338686023663,0.28278338686023663,0.182
456,500,PCC,SVM,0.18755439047231703,0.792445609527683,0.98
457,500,PCC,SVM,0.016996218738907443,0.4410037812610926,0.458
458,500,PCC,SVM,0.1391533014128148,0.6448466985871852,0.784
459,500,PCC,SVM,0.07511400156394754,0.5608859984360525,0.636
460,500,PCC,SVM,0.034909651495676486,0.5370903485043235,0.572
461,500,PCC,SVM,0.13005396819188733,0.2740539681918873,0.144
462,500,PCC,SVM,0.18309909405432034,0.7629009059456796,0.946
463,500,PCC,SVM,0.03253646197387583,0.3325364619738758,0.3
464,500,PCC,SVM,0.07105859549500926,0.5069414045049907,0.578
465,500,PCC,SVM,0.12499478498912964,0.5730052150108703,0.698
466,500,PCC,SVM,0.0765810162406706,0.5714189837593294,0.648
467,500,PCC,SVM,0.17942908583071526,0.7605709141692847,0.94
468,500,PCC,SVM,0.10904660915052641,0.2570466091505264,0.148
469,500,PCC,SVM,0.02586066716926838,0.4821393328307316,0.508
470,500,PCC,SVM,0.02953912580688628,0.4335391258068863,0.404
471,500,PCC,SVM,0.011454783358539555,0.4625452166414604,0.474
472,500,PCC,SVM,0.12693548061271245,0.24493548061271245,0.118
473,500,PCC,SVM,0.126858979742559,0.260858979742559,0.134
474,500,PCC,SVM,0.05499816986559797,0.332998169865598,0.278
475,500,PCC,SVM,0.03184876095736866,0.33584876095736865,0.304
476,500,PCC,SVM,0.020318003639888504,0.4463180036398885,0.426
477,500,PCC,SVM,0.054068115329624744,0.5559318846703752,0.61
478,500,PCC,SVM,0.08202073100946294,0.5519792689905371,0.634
479,500,PCC,SVM,0.0003683523751629725,0.409631647624837,0.41
480,500,PCC,SVM,0.0247387132043122,0.4327387132043122,0.408
481,500,PCC,SVM,0.09728669665509157,0.31328669665509157,0.216
482,500,PCC,SVM,0.049342473738396286,0.5386575262616037,0.588
483,500,PCC,SVM,0.05321139379130818,0.3692113937913082,0.316
484,500,PCC,SVM,0.14352858359808532,0.17952858359808532,0.036
485,500,PCC,SVM,0.02896295320979997,0.3890370467902,0.418
486,500,PCC,SVM,0.003984133602151607,0.47001586639784837,0.474
487,500,PCC,SVM,0.07336789581315992,0.2973678958131599,0.224
488,500,PCC,SVM,0.0459042292218067,0.5260957707781933,0.572
489,500,PCC,SVM,0.046463259188417205,0.5175367408115827,0.564
490,500,PCC,SVM,0.10746144129089885,0.5945385587091011,0.702
491,500,PCC,SVM,0.0897027107414946,0.5562972892585054,0.646
492,500,PCC,SVM,0.08233486346769248,0.5696651365323075,0.652
493,500,PCC,SVM,0.04458514213493642,0.3605851421349364,0.316
494,500,PCC,SVM,0.11662959132900352,0.6693704086709965,0.786
495,500,PCC,SVM,0.036199440963778806,0.5118005590362212,0.548
496,500,PCC,SVM,0.021137621617256852,0.45113762161725685,0.43
497,500,PCC,SVM,0.05939278633393974,0.5666072136660603,0.626
498,500,PCC,SVM,0.041108620005220364,0.40110862000522035,0.36
499,500,PCC,SVM,0.05281535691740624,0.45918464308259377,0.512
500,500,PCC,SVM,0.09960960903744898,0.636390390962551,0.736
501,500,PCC,SVM,0.14951020670767068,0.7364897932923293,0.886
502,500,PCC,SVM,0.1725874934197863,0.7474125065802137,0.92
503,500,PCC,SVM,0.038602532491793407,0.4633974675082066,0.502
504,500,PCC,SVM,0.0388700557621276,0.4811299442378724,0.52
505,500,PCC,SVM,0.1283168459540731,0.6696831540459269,0.798
506,500,PCC,SVM,0.03811187749156053,0.35211187749156053,0.314
507,500,PCC,SVM,0.11475419650265695,0.721245803497343,0.836
508,500,PCC,SVM,0.004740567408699714,0.4892594325913003,0.494
509,500,PCC,SVM,0.09552105031066523,0.20952105031066523,0.114
510,500,PCC,SVM,0.1226523215283551,0.1946523215283551,0.072
511,500,PCC,SVM,0.14780752010989873,0.6921924798901012,0.84
512,500,PCC,SVM,0.126686139011668,0.180686139011668,0.054
513,500,PCC,SVM,0.052650646617414865,0.3326506466174149,0.28
514,500,PCC,SVM,0.014816835686882412,0.34881683568688243,0.334
515,500,PCC,SVM,0.06354007946970402,0.235540079469704,0.172
516,500,PCC,SVM,0.04499421032645584,0.35699421032645584,0.312
517,500,PCC,SVM,0.13195906872225127,0.6100409312777487,0.742
518,500,PCC,SVM,0.15449548153147774,0.16849548153147775,0.014
519,500,PCC,SVM,0.13949551242457603,0.6865044875754239,0.826
520,500,PCC,SVM,0.14991013601453107,0.7060898639854689,0.856
521,500,PCC,SVM,0.04776447574501519,0.4197644757450152,0.372
522,500,PCC,SVM,0.07390188498737352,0.2259018849873735,0.152
523,500,PCC,SVM,0.07067626322665654,0.5293237367733434,0.6
524,500,PCC,SVM,0.12022894243422039,0.23822894243422038,0.118
525,500,PCC,SVM,0.04219023107166292,0.4061902310716629,0.364
526,500,PCC,SVM,0.18345826672023602,0.7745417332797639,0.958
527,500,PCC,SVM,0.21398399118965328,0.7800160088103467,0.994
528,500,PCC,SVM,0.0987760025035711,0.6732239974964289,0.772
529,500,PCC,SVM,0.055744993478090976,0.365744993478091,0.31
530,500,PCC,SVM,0.08922012380810984,0.5967798761918902,0.686
531,500,PCC,SVM,0.10469636216514255,0.5993036378348574,0.704
532,500,PCC,SVM,0.012253021513971618,0.3737469784860284,0.386
533,500,PCC,SVM,0.05482552039881494,0.5851744796011851,0.64
534,500,PCC,SVM,0.136712569925611,0.14671256992561102,0.01
535,500,PCC,SVM,0.0950666910829139,0.3030666910829139,0.208
536,500,PCC,SVM,0.056505855708075425,0.4674941442919246,0.524
537,500,PCC,SVM,0.08652764007230254,0.24852764007230255,0.162
538,500,PCC,SVM,0.08897997156619789,0.2529799715661979,0.164
539,500,PCC,SVM,0.13652284553760052,0.6994771544623994,0.836
540,500,PCC,SVM,0.21213192501988154,0.7758680749801184,0.988
541,500,PCC,SVM,0.05729808502071415,0.4967019149792859,0.554
542,500,PCC,SVM,0.1584602396773218,0.6795397603226782,0.838
543,500,PCC,SVM,0.18735265530443757,0.8026473446955624,0.99
544,500,PCC,SVM,0.0963811522224104,0.2363811522224104,0.14
545,500,PCC,SVM,0.007726725355020059,0.44027327464497995,0.448
546,500,PCC,SVM,0.04334090738310509,0.4353409073831051,0.392
547,500,PCC,SVM,0.11276467142166609,0.1927646714216661,0.08
548,500,PCC,SVM,0.1106904894909756,0.6433095105090244,0.754
549,500,PCC,SVM,0.022343917075021424,0.40965608292497857,0.432
550,500,PCC,SVM,0.0002809957573265409,0.46828099575732657,0.468
551,500,PCC,SVM,0.07622923756247635,0.22622923756247634,0.15
552,500,PCC,SVM,0.07654696311672832,0.2565469631167283,0.18
553,500,PCC,SVM,0.16357835631754403,0.742421643682456,0.906
554,500,PCC,SVM,0.13715923984230982,0.18115923984230983,0.044
555,500,PCC,SVM,0.07476743482663847,0.3067674348266385,0.232
556,500,PCC,SVM,0.04526160376793653,0.3372616037679365,0.292
557,500,PCC,SVM,0.003407210196529009,0.486592789803471,0.49
558,500,PCC,SVM,0.06447115514207724,0.5215288448579227,0.586
559,500,PCC,SVM,0.02415634604962097,0.467843653950379,0.492
560,500,PCC,SVM,0.11599373960696512,0.19999373960696512,0.084
561,500,PCC,SVM,0.051235708398951696,0.2932357083989517,0.242
562,500,PCC,SVM,0.13122399338565394,0.710776006614346,0.842
563,500,PCC,SVM,0.05471708833769329,0.5812829116623067,0.636
564,500,PCC,SVM,0.0961617717654023,0.5518382282345977,0.648
565,500,PCC,SVM,0.10143808452926506,0.568561915470735,0.67
566,500,PCC,SVM,0.12326258715185445,0.6387374128481456,0.762
567,500,PCC,SVM,0.12796548894085694,0.18596548894085693,0.058
568,500,PCC,SVM,0.013104543033317262,0.37910454303331725,0.366
569,500,PCC,SVM,0.041114327373042936,0.4968856726269571,0.538
570,500,PCC,SVM,0.04696982860284815,0.3849698286028482,0.338
571,500,PCC,SVM,0.15273104324460762,0.6912689567553923,0.844
572,500,PCC,SVM,0.02665483843030303,0.45534516156969695,0.482
573,500,PCC,SVM,0.11073753983370638,0.6572624601662936,0.768
574,500,PCC,SVM,0.1446829794903508,0.7073170205096492,0.852
575,500,PCC,SVM,0.018909294222691664,0.48509070577730834,0.504
576,500,PCC,SVM,0.17392995001094924,0.7340700499890508,0.908
577,500,PCC,SVM,0.06764635121023455,0.5183536487897654,0.586
578,500,PCC,SVM,0.1718789846707628,0.6781210153292372,0.85
579,500,PCC,SVM,0.022831412735473566,0.3628314127354736,0.34
580,500,PCC,SVM,0.04114398434637373,0.45685601565362627,0.498
581,500,PCC,SVM,0.06598707801791026,0.46401292198208977,0.53
582,500,PCC,SVM,0.12743593239587497,0.23143593239587498,0.104
583,500,PCC,SVM,0.046450152930959276,0.4444501529309593,0.398
584,500,PCC,SVM,0.17363546425707377,0.7423645357429263,0.916
585,500,PCC,SVM,0.08245338033519911,0.5475466196648009,0.63
586,500,PCC,SVM,0.09585133683926844,0.27185133683926843,0.176
587,500,PCC,SVM,0.020409182152163585,0.3584091821521636,0.338
588,500,PCC,SVM,0.07969812988243369,0.2696981298824337,0.19
589,500,PCC,SVM,0.14423766752437897,0.16823766752437896,0.024
590,500,PCC,SVM,0.17894704192615862,0.7470529580738414,0.926
591,500,PCC,SVM,0.01665936420961106,0.43134063579038895,0.448
592,500,PCC,SVM,0.04497921500063806,0.35097921500063806,0.306
593,500,PCC,SVM,0.04645690288497295,0.551543097115027,0.598
594,500,PCC,SVM,0.16007405472611885,0.16607405472611886,0.006
595,500,PCC,SVM,0.055996446317133686,0.3339964463171337,0.278
596,500,PCC,SVM,0.0785942267772688,0.6234057732227312,0.702
597,500,PCC,SVM,0.06863873574283452,0.5633612642571655,0.632
598,500,PCC,SVM,0.19039681920133011,0.7896031807986699,0.98
599,500,PCC,SVM,0.08832667089391844,0.5316733291060816,0.62
600,500,PCC,SVM,0.0011333709112686385,0.4771333709112686,0.476
601,500,PCC,SVM,0.12065296521309543,0.6393470347869046,0.76
602,500,PCC,SVM,0.16802222675118583,0.7339777732488142,0.902
603,500,PCC,SVM,0.0809179348038429,0.6390820651961571,0.72
604,500,PCC,SVM,0.1787380993277693,0.7832619006722307,0.962
605,500,PCC,SVM,0.1350962366377566,0.6469037633622434,0.782
606,500,PCC,SVM,0.16100012597563862,0.7049998740243614,0.866
607,500,PCC,SVM,0.1296519309484978,0.24365193094849782,0.114
608,500,PCC,SVM,0.111163294072259,0.620836705927741,0.732
609,500,PCC,SVM,0.006966977723401546,0.44696697772340155,0.44
610,500,PCC,SVM,0.04648528211607106,0.505514717883929,0.552
611,500,PCC,SVM,0.08570854163927721,0.5682914583607228,0.654
612,500,PCC,SVM,0.19773428703671925,0.7702657129632807,0.968
613,500,PCC,SVM,0.21037234817136774,0.7736276518286322,0.984
614,500,PCC,SVM,0.05552169732937057,0.34352169732937055,0.288
615,500,PCC,SVM,0.1126965778710588,0.6193034221289412,0.732
616,500,PCC,SVM,0.11353234680675173,0.6344676531932483,0.748
617,500,PCC,SVM,0.04771840584012288,0.39371840584012285,0.346
618,500,PCC,SVM,0.11516820099563752,0.2371682009956375,0.122
619,500,PCC,SVM,0.11818048894448518,0.1581804889444852,0.04
620,500,PCC,SVM,0.12661402109458586,0.6493859789054142,0.776
621,500,PCC,SVM,0.03907084945819489,0.4489291505418051,0.488
622,500,PCC,SVM,0.22599829397736682,0.7580017060226332,0.984
623,500,PCC,SVM,0.01749387469545488,0.44650612530454514,0.464
624,500,PCC,SVM,0.17424182365477725,0.8017581763452227,0.976
625,500,PCC,SVM,0.013485558429071898,0.3965144415709281,0.41
626,500,PCC,SVM,0.11872312063491008,0.67327687936509,0.792
627,500,PCC,SVM,0.12742335471448346,0.21142335471448348,0.084
628,500,PCC,SVM,0.04294631781443892,0.5110536821855611,0.554
629,500,PCC,SVM,0.08685237785532307,0.715147622144677,0.802
630,500,PCC,SVM,0.18592092737775368,0.7380790726222464,0.924
631,500,PCC,SVM,0.14301538376231993,0.67898461623768,0.822
632,500,PCC,SVM,0.14369047666413756,0.17969047666413757,0.036
633,500,PCC,SVM,0.04548347000561509,0.4174834700056151,0.372
634,500,PCC,SVM,0.1389127903708634,0.18691279037086342,0.048
635,500,PCC,SVM,0.09987253523292329,0.2078725352329233,0.108
636,500,PCC,SVM,0.07129740037033061,0.6027025996296694,0.674
637,500,PCC,SVM,0.1013147103882287,0.6106852896117713,0.712
638,500,PCC,SVM,0.13172106302290354,0.6402789369770965,0.772
639,500,PCC,SVM,0.1837154923538208,0.6802845076461792,0.864
640,500,PCC,SVM,0.13124797690686396,0.606752023093136,0.738
641,500,PCC,SVM,0.10754243259445773,0.6924575674055423,0.8
642,500,PCC,SVM,0.1389442626573552,0.18694426265735523,0.048
643,500,PCC,SVM,0.0664702600091441,0.3004702600091441,0.234
644,500,PCC,SVM,0.04455040049501169,0.5754495995049883,0.62
645,500,PCC,SVM,0.14634427520442972,0.7116557247955703,0.858
646,500,PCC,SVM,0.16404439930886797,0.16804439930886797,0.004
647,500,PCC,SVM,0.03115664630396725,0.48284335369603276,0.514
648,500,PCC,SVM,0.07869438533196038,0.5973056146680397,0.676
649,500,PCC,SVM,0.11190188418623576,0.13990188418623575,0.028
650,500,PCC,SVM,0.01566824539287265,0.41566824539287267,0.4
651,500,PCC,SVM,0.18268579164128285,0.7113142083587172,0.894
652,500,PCC,SVM,0.09020544481802628,0.5797945551819738,0.67
653,500,PCC,SVM,0.06404326952217021,0.3000432695221702,0.236
654,500,PCC,SVM,0.12224923111408992,0.7297507688859101,0.852
655,500,PCC,SVM,0.01904668348673444,0.3670466834867344,0.348
656,500,PCC,SVM,0.14210710301174345,0.7098928969882565,0.852
657,500,PCC,SVM,0.03716915160380019,0.3351691516038002,0.298
658,500,PCC,SVM,0.062267170839394814,0.5277328291606052,0.59
659,500,PCC,SVM,0.013075277095068505,0.4090752770950685,0.396
660,500,PCC,SVM,0.06459273141383554,0.33859273141383556,0.274
661,500,PCC,SVM,0.15510197755638067,0.7308980224436193,0.886
662,500,PCC,SVM,0.08355680808683924,0.26955680808683924,0.186
663,500,PCC,SVM,0.13291303137724214,0.21691303137724213,0.084
664,500,PCC,SVM,0.036881441351507616,0.37688144135150764,0.34
665,500,PCC,SVM,0.09044871584014458,0.6255512841598554,0.716
666,500,PCC,SVM,0.1461926965588134,0.6598073034411867,0.806
667,500,PCC,SVM,0.2002186687632901,0.7977813312367099,0.998
668,500,PCC,SVM,0.048023097073232934,0.3440230970732329,0.296
669,500,PCC,SVM,0.0034502478362946065,0.4025497521637054,0.406
670,500,PCC,SVM,0.11167121622334131,0.24767121622334132,0.136
671,500,PCC,SVM,0.025522987192967528,0.5484770128070324,0.574
672,500,PCC,SVM,0.23318805491937888,0.7628119450806211,0.996
673,500,PCC,SVM,0.07824855188796687,0.6217514481120331,0.7
674,500,PCC,SVM,0.05662799862140211,0.5373720013785979,0.594
675,500,PCC,SVM,0.004571647084097796,0.3965716470840978,0.392
676,500,PCC,SVM,0.18572318038165003,0.72827681961835,0.914
677,500,PCC,SVM,0.03329571495420253,0.46270428504579747,0.496
678,500,PCC,SVM,0.09667675791248578,0.2306767579124858,0.134
679,500,PCC,SVM,0.015116247060026344,0.37911624706002633,0.364
680,500,PCC,SVM,0.14581387364993853,0.21181387364993853,0.066
681,500,PCC,SVM,0.07542057284628156,0.2754205728462816,0.2
682,500,PCC,SVM,0.16009606149029676,0.17609606149029675,0.016
683,500,PCC,SVM,0.01905039745967191,0.4329496025403281,0.452
684,500,PCC,SVM,0.045119796650516686,0.5888802033494833,0.634
685,500,PCC,SVM,0.06271725734341638,0.4047172573434164,0.342
686,500,PCC,SVM,0.013638582436100888,0.4336385824361009,0.42
687,500,PCC,SVM,0.16931679702952918,0.7886832029704708,0.958
688,500,PCC,SVM,0.15740027796478673,0.5925997220352133,0.75
689,500,PCC,SVM,0.07026738009854772,0.4697326199014523,0.54
690,500,PCC,SVM,0.028089995473676188,0.31208999547367616,0.284
691,500,PCC,SVM,0.17618889322040887,0.7198111067795911,0.896
692,500,PCC,SVM,0.09852847517656252,0.33252847517656253,0.234
693,500,PCC,SVM,0.05016698938805492,0.3741669893880549,0.324
694,500,PCC,SVM,0.2326199393904269,0.6753800606095731,0.908
695,500,PCC,SVM,0.012231906616013699,0.5157680933839863,0.528
696,500,PCC,SVM,0.1099463917653688,0.6320536082346312,0.742
697,500,PCC,SVM,0.054924156940428515,0.5350758430595715,0.59
698,500,PCC,SVM,0.08404466691898238,0.5679553330810176,0.652
699,500,PCC,SVM,0.027102696211052824,0.3251026962110528,0.298
700,500,PCC,SVM,0.08198300987064633,0.3219830098706463,0.24
701,500,PCC,SVM,0.031575772485281595,0.3535757724852816,0.322
702,500,PCC,SVM,0.0737066414342464,0.2277066414342464,0.154
703,500,PCC,SVM,0.16884026246341566,0.7051597375365843,0.874
704,500,PCC,SVM,0.05314748529558855,0.3351474852955885,0.282
705,500,PCC,SVM,0.04622532433887572,0.5137746756611243,0.56
706,500,PCC,SVM,0.14413871040707837,0.6458612895929217,0.79
707,500,PCC,SVM,0.1325486482763526,0.6494513517236474,0.782
708,500,PCC,SVM,0.00023577456492890336,0.4382357745649289,0.438
709,500,PCC,SVM,0.03399509778480403,0.44200490221519595,0.476
710,500,PCC,SVM,0.21870246075606503,0.775297539243935,0.994
711,500,PCC,SVM,0.07945284238076522,0.5945471576192348,0.674
712,500,PCC,SVM,0.12521761826341182,0.6887823817365881,0.814
713,500,PCC,SVM,0.15644177116676194,0.7455582288332381,0.902
714,500,PCC,SVM,0.10192787209517085,0.6840721279048292,0.786
715,500,PCC,SVM,0.0942593986964636,0.2782593986964636,0.184
716,500,PCC,SVM,0.04744621067771948,0.5145537893222806,0.562
717,500,PCC,SVM,0.10431943813491462,0.20431943813491463,0.1
718,500,PCC,SVM,0.07552229619497586,0.5764777038050242,0.652
719,500,PCC,SVM,0.17969740670695644,0.7743025932930435,0.954
720,500,PCC,SVM,0.02898195499087125,0.48301804500912876,0.512
721,500,PCC,SVM,0.014376000704011904,0.4463760007040119,0.432
722,500,PCC,SVM,0.15263268395441804,0.18663268395441804,0.034
723,500,PCC,SVM,0.19542840424106056,0.7625715957589394,0.958
724,500,PCC,SVM,0.1453453421504644,0.24734534215046441,0.102
725,500,PCC,SVM,0.13840946742377386,0.17840946742377387,0.04
726,500,PCC,SVM,0.07640408421599132,0.3224040842159913,0.246
727,500,PCC,SVM,0.13709919580529445,0.20109919580529445,0.064
728,500,PCC,SVM,0.015192076867767745,0.43880792313223227,0.454
729,500,PCC,SVM,0.06965042698276713,0.4463495730172329,0.516
730,500,PCC,SVM,0.02927428985257652,0.3412742898525765,0.312
731,500,PCC,SVM,0.12755838248436602,0.177558382484366,0.05
732,500,PCC,SVM,0.12267314064250727,0.23267314064250727,0.11
733,500,PCC,SVM,0.0025694584376000362,0.38143054156239997,0.384
734,500,PCC,SVM,0.1447024633828461,0.2047024633828461,0.06
735,500,PCC,SVM,0.10066960464049579,0.5973303953595042,0.698
736,500,PCC,SVM,0.05977908285843361,0.2657790828584336,0.206
737,500,PCC,SVM,0.053639800779300084,0.3556398007793001,0.302
738,500,PCC,SVM,0.03437810670273428,0.4283781067027343,0.394
739,500,PCC,SVM,0.001491717059365405,0.4145082829406346,0.416
740,500,PCC,SVM,0.13470016270127483,0.13470016270127483,0.0
741,500,PCC,SVM,0.1165717163149071,0.2285717163149071,0.112
742,500,PCC,SVM,0.14475390834421953,0.7172460916557805,0.862
743,500,PCC,SVM,0.15374265810480253,0.15374265810480253,0.0
744,500,PCC,SVM,0.04344253002177112,0.4645574699782289,0.508
745,500,PCC,SVM,0.029398691300605906,0.4586013086993941,0.488
746,500,PCC,SVM,0.0260472269795744,0.3580472269795744,0.332
747,500,PCC,SVM,0.0032159870213920305,0.433215987021392,0.43
748,500,PCC,SVM,0.11596609767110533,0.6640339023288947,0.78
749,500,PCC,SVM,0.15295571930464436,0.6870442806953556,0.84
750,500,PCC,SVM,0.04714995106837816,0.30714995106837817,0.26
751,500,PCC,SVM,0.06363528001506069,0.3856352800150607,0.322
752,500,PCC,SVM,0.05767484048376553,0.2996748404837655,0.242
753,500,PCC,SVM,0.0004976816557115127,0.47750231834428847,0.478
754,500,PCC,SVM,0.04875626829051849,0.6332437317094816,0.682
755,500,PCC,SVM,0.07259020715210365,0.30059020715210366,0.228
756,500,PCC,SVM,0.03389759208712195,0.36389759208712197,0.33
757,500,PCC,SVM,0.17150236117059348,0.7584976388294066,0.93
758,500,PCC,SVM,0.14830409860254012,0.19630409860254014,0.048
759,500,PCC,SVM,0.00813962590359224,0.46813962590359226,0.46
760,500,PCC,SVM,0.08586435722105912,0.6241356427789408,0.71
761,500,PCC,SVM,0.06993285906640537,0.21993285906640536,0.15
762,500,PCC,SVM,0.13363726208667104,0.17963726208667105,0.046
763,500,PCC,SVM,0.0883877154942988,0.2263877154942988,0.138
764,500,PCC,SVM,0.1841368923483866,0.7338631076516134,0.918
765,500,PCC,SVM,0.1448590666391233,0.1528590666391233,0.008
766,500,PCC,SVM,0.07906777119143371,0.2670677711914337,0.188
767,500,PCC,SVM,0.12225754259814009,0.1522575425981401,0.03
768,500,PCC,SVM,0.11402473768802439,0.2240247376880244,0.11
769,500,PCC,SVM,0.0684277340859547,0.5515722659140453,0.62
770,500,PCC,SVM,0.07045277709671383,0.3104527770967138,0.24
771,500,PCC,SVM,0.020288499419765516,0.5477115005802344,0.568
772,500,PCC,SVM,0.072797326695618,0.517202673304382,0.59
773,500,PCC,SVM,0.14910118307300158,0.6988988169269984,0.848
774,500,PCC,SVM,0.15939966130404232,0.16339966130404232,0.004
775,500,PCC,SVM,0.15886682311568479,0.6931331768843152,0.852
776,500,PCC,SVM,0.07439273641658861,0.5436072635834114,0.618
777,500,PCC,SVM,0.08535194024796153,0.24735194024796153,0.162
778,500,PCC,SVM,0.10988266439028416,0.6621173356097159,0.772
779,500,PCC,SVM,0.13786665699983025,0.7161333430001697,0.854
780,500,PCC,SVM,0.07798179619031098,0.331981796190311,0.254
781,500,PCC,SVM,0.17696051337748753,0.7410394866225125,0.918
782,500,PCC,SVM,0.005456380072420719,0.45945638007242073,0.454
783,500,PCC,SVM,0.06435097110326626,0.5376490288967337,0.602
784,500,PCC,SVM,0.20404229706466537,0.7799577029353346,0.984
785,500,PCC,SVM,0.01584161675972523,0.3758416167597252,0.36
786,500,PCC,SVM,0.1515180436184682,0.6604819563815318,0.812
787,500,PCC,SVM,0.04743740844571054,0.36543740844571054,0.318
788,500,PCC,SVM,0.12188925396165373,0.6761107460383463,0.798
789,500,PCC,SVM,0.05699985871428315,0.5430001412857168,0.6
790,500,PCC,SVM,0.07153429249371582,0.2875342924937158,0.216
791,500,PCC,SVM,0.012634122085271482,0.42663412208527146,0.414
792,500,PCC,SVM,0.0431776019711666,0.3591776019711666,0.316
793,500,PCC,SVM,0.11568749613845185,0.19368749613845185,0.078
794,500,PCC,SVM,0.14495002638710405,0.17295002638710405,0.028
795,500,PCC,SVM,0.028026459069679988,0.37402645906967996,0.346
796,500,PCC,SVM,0.175215460472892,0.19321546047289198,0.018
797,500,PCC,SVM,0.09820858977120403,0.26220858977120404,0.164
798,500,PCC,SVM,0.08856584463047845,0.6354341553695215,0.724
799,500,PCC,SVM,0.11016551487218385,0.5978344851278161,0.708
800,500,PCC,SVM,0.10961299176990213,0.6283870082300979,0.738
801,500,PCC,SVM,0.04631291684605615,0.36231291684605615,0.316
802,500,PCC,SVM,0.1518082058435677,0.7381917941564323,0.89
803,500,PCC,SVM,0.06747451018159256,0.5245254898184074,0.592
804,500,PCC,SVM,0.1098756720975263,0.2358756720975263,0.126
805,500,PCC,SVM,0.11179231883562749,0.2537923188356275,0.142
806,500,PCC,SVM,0.10203861310822715,0.5899613868917728,0.692
807,500,PCC,SVM,0.07546907028765709,0.24746907028765708,0.172
808,500,PCC,SVM,0.03171050957180943,0.4742894904281906,0.506
809,500,PCC,SVM,0.20547673989227566,0.7845232601077243,0.99
810,500,PCC,SVM,0.1629213825706668,0.1669213825706668,0.004
811,500,PCC,SVM,0.15692127721292082,0.17292127721292083,0.016
812,500,PCC,SVM,0.2151118630451747,0.7768881369548253,0.992
813,500,PCC,SVM,0.07147398723221288,0.5125260127677871,0.584
814,500,PCC,SVM,0.10239305136331908,0.22839305136331908,0.126
815,500,PCC,SVM,0.16619006616539844,0.7298099338346016,0.896
816,500,PCC,SVM,0.152084222342444,0.727915777657556,0.88
817,500,PCC,SVM,0.03548476434603276,0.5005152356539673,0.536
818,500,PCC,SVM,0.08914616506712036,0.5308538349328796,0.62
819,500,PCC,SVM,0.0736219688217774,0.3456219688217774,0.272
820,500,PCC,SVM,0.13328783278609502,0.183287832786095,0.05
821,500,PCC,SVM,0.05107536217011144,0.5429246378298885,0.594
822,500,PCC,SVM,0.05715218440611053,0.3511521844061105,0.294
823,500,PCC,SVM,0.08471283563868226,0.5772871643613178,0.662
824,500,PCC,SVM,0.13120989573280972,0.7047901042671902,0.836
825,500,PCC,SVM,0.1411981657587958,0.15919816575879578,0.018
826,500,PCC,SVM,0.0678688844964822,0.5261311155035178,0.594
827,500,PCC,SVM,0.07771532322994626,0.30771532322994627,0.23
828,500,PCC,SVM,0.16004990602281355,0.7119500939771864,0.872
829,500,PCC,SVM,0.07202563274728885,0.32402563274728885,0.252
830,500,PCC,SVM,0.062449540350291155,0.5475504596497088,0.61
831,500,PCC,SVM,0.03524752631200001,0.516752473688,0.552
832,500,PCC,SVM,0.01933839017381811,0.41533839017381813,0.396
833,500,PCC,SVM,0.0679271075261979,0.6080728924738021,0.676
834,500,PCC,SVM,0.11177556360815744,0.6122244363918425,0.724
835,500,PCC,SVM,0.05595082024908371,0.5100491797509162,0.566
836,500,PCC,SVM,0.12681361604613817,0.6311863839538618,0.758
837,500,PCC,SVM,0.19855468132933474,0.7834453186706652,0.982
838,500,PCC,SVM,0.012813822271037723,0.40518617772896226,0.418
839,500,PCC,SVM,0.014386648581244943,0.49961335141875507,0.514
840,500,PCC,SVM,0.15178192200587504,0.16378192200587505,0.012
841,500,PCC,SVM,0.12508620403669213,0.6709137959633079,0.796
842,500,PCC,SVM,0.02856886229399591,0.4914311377060041,0.52
843,500,PCC,SVM,0.009066583974687348,0.4150665839746874,0.406
844,500,PCC,SVM,0.11139340116164936,0.20539340116164936,0.094
845,500,PCC,SVM,0.17228117131836518,0.7157188286816348,0.888
846,500,PCC,SVM,0.03630367389564093,0.43030367389564095,0.394
847,500,PCC,SVM,0.08747020370506153,0.5945297962949385,0.682
848,500,PCC,SVM,0.07202625462557782,0.22002625462557782,0.148
849,500,PCC,SVM,0.16585891958653864,0.7941410804134613,0.96
850,500,PCC,SVM,0.0999355155501393,0.2779355155501393,0.178
851,500,PCC,SVM,0.07176018713957283,0.26976018713957284,0.198
852,500,PCC,SVM,0.16430595734581332,0.6936940426541867,0.858
853,500,PCC,SVM,0.17832293496083584,0.7336770650391642,0.912
854,500,PCC,SVM,0.0636156338854443,0.2756156338854443,0.212
855,500,PCC,SVM,0.0034163165375680205,0.464583683462432,0.468
856,500,PCC,SVM,0.09756075748915327,0.6344392425108467,0.732
857,500,PCC,SVM,0.15785532561707405,0.720144674382926,0.878
858,500,PCC,SVM,0.05377412008404425,0.43177412008404426,0.378
859,500,PCC,SVM,0.04514749323958395,0.47085250676041607,0.516
860,500,PCC,SVM,0.11701521481499166,0.6229847851850083,0.74
861,500,PCC,SVM,0.09633179432102834,0.6336682056789716,0.73
862,500,PCC,SVM,0.13263461375708285,0.6493653862429172,0.782
863,500,PCC,SVM,0.04850426413954556,0.5194957358604544,0.568
864,500,PCC,SVM,0.136605502126864,0.240605502126864,0.104
865,500,PCC,SVM,0.18156019495023046,0.7204398050497696,0.902
866,500,PCC,SVM,0.14398983034959156,0.7200101696504084,0.864
867,500,PCC,SVM,0.16330309684714095,0.6346969031528591,0.798
868,500,PCC,SVM,0.11674879216816719,0.2147487921681672,0.098
869,500,PCC,SVM,0.0608714176593155,0.2648714176593155,0.204
870,500,PCC,SVM,0.13609108829289884,0.6059089117071011,0.742
871,500,PCC,SVM,0.14816433784729885,0.17016433784729884,0.022
872,500,PCC,SVM,0.19345954132110865,0.7845404586788913,0.978
873,500,PCC,SVM,0.034501570505210744,0.41050157050521074,0.376
874,500,PCC,SVM,0.0942499063522203,0.6237500936477797,0.718
875,500,PCC,SVM,0.15356459826453073,0.7324354017354693,0.886
876,500,PCC,SVM,0.00851947184885099,0.402519471848851,0.394
877,500,PCC,SVM,0.039420458851210205,0.3574204588512102,0.318
878,500,PCC,SVM,0.05615382215549014,0.5518461778445098,0.608
879,500,PCC,SVM,0.0520562410417299,0.5279437589582701,0.58
880,500,PCC,SVM,0.01849637638736762,0.4264963763873676,0.408
881,500,PCC,SVM,0.061348140019606645,0.5386518599803933,0.6
882,500,PCC,SVM,0.18622778186409505,0.747772218135905,0.934
883,500,PCC,SVM,0.019288059258416757,0.44671194074158327,0.466
884,500,PCC,SVM,0.07739772004227691,0.2733977200422769,0.196
885,500,PCC,SVM,0.0516466458006507,0.4276466458006507,0.376
886,500,PCC,SVM,0.012254223403338316,0.40625422340333833,0.394
887,500,PCC,SVM,0.10541583982918337,0.23541583982918338,0.13
888,500,PCC,SVM,0.0997686397458308,0.2617686397458308,0.162
889,500,PCC,SVM,0.11402557346134812,0.5699744265386519,0.684
890,500,PCC,SVM,0.018610634434662654,0.3566106344346627,0.338
891,500,PCC,SVM,0.20127506073718815,0.7527249392628118,0.954
892,500,PCC,SVM,0.05651915765117044,0.29851915765117043,0.242
893,500,PCC,SVM,0.10960177081369551,0.20760177081369552,0.098
894,500,PCC,SVM,0.13115180619560485,0.6208481938043952,0.752
895,500,PCC,SVM,0.1624811286022566,0.7175188713977434,0.88
896,500,PCC,SVM,0.06246752139442596,0.340467521394426,0.278
897,500,PCC,SVM,0.10412657589239344,0.30612657589239345,0.202
898,500,PCC,SVM,0.0745067890202708,0.2585067890202708,0.184
899,500,PCC,SVM,0.046345871889624524,0.4756541281103755,0.522
900,500,PCC,SVM,0.015614958075367613,0.4523850419246324,0.468
901,500,PCC,SVM,0.044337308740314274,0.3023373087403143,0.258
902,500,PCC,SVM,0.13451989421201643,0.17851989421201644,0.044
903,500,PCC,SVM,0.04476576816206962,0.43523423183793036,0.48
904,500,PCC,SVM,0.20302742389517114,0.7549725761048288,0.958
905,500,PCC,SVM,0.08067199605968067,0.5713280039403194,0.652
906,500,PCC,SVM,0.017506022162118773,0.4764939778378812,0.494
907,500,PCC,SVM,0.119881909889741,0.229881909889741,0.11
908,500,PCC,SVM,0.06005698806228038,0.3120569880622804,0.252
909,500,PCC,SVM,0.045155173231855306,0.3391551732318553,0.294
910,500,PCC,SVM,0.11007261562388426,0.6539273843761158,0.764
911,500,PCC,SVM,0.1335099998412752,0.7424900001587248,0.876
912,500,PCC,SVM,0.17259298391346567,0.7274070160865344,0.9
913,500,PCC,SVM,0.1865295064302035,0.7974704935697965,0.984
914,500,PCC,SVM,0.1755069012519277,0.8064930987480723,0.982
915,500,PCC,SVM,0.21380475271267485,0.7381952472873251,0.952
916,500,PCC,SVM,0.12070373364050815,0.19070373364050816,0.07
917,500,PCC,SVM,0.1030384525347853,0.2390384525347853,0.136
918,500,PCC,SVM,0.05206381432239071,0.3560638143223907,0.304
919,500,PCC,SVM,0.06621453376640046,0.4857854662335996,0.552
920,500,PCC,SVM,0.08075864498914412,0.17675864498914412,0.096
921,500,PCC,SVM,0.15024230748677458,0.6937576925132254,0.844
922,500,PCC,SVM,0.045786789488719504,0.5702132105112805,0.616
923,500,PCC,SVM,0.04432640017165068,0.49767359982834936,0.542
924,500,PCC,SVM,0.08494748230968038,0.2489474823096804,0.164
925,500,PCC,SVM,0.07882438777811795,0.33082438777811796,0.252
926,500,PCC,SVM,0.08475200913162198,0.24475200913162198,0.16
927,500,PCC,SVM,0.14621282638265864,0.7037871736173413,0.85
928,500,PCC,SVM,0.060883948586270664,0.5231160514137293,0.584
929,500,PCC,SVM,0.09591314580345034,0.6380868541965496,0.734
930,500,PCC,SVM,0.06051230566393545,0.35651230566393544,0.296
931,500,PCC,SVM,0.035585360025144175,0.40558536002514417,0.37
932,500,PCC,SVM,0.019483031736816203,0.3845169682631838,0.404
933,500,PCC,SVM,0.11297218287528821,0.6470278171247118,0.76
934,500,PCC,SVM,0.12444466287280287,0.6475553371271972,0.772
935,500,PCC,SVM,0.09950271195052032,0.3055027119505203,0.206
936,500,PCC,SVM,0.20101351911917187,0.7389864808808281,0.94
937,500,PCC,SVM,0.1109405479548139,0.2309405479548139,0.12
938,500,PCC,SVM,0.15892752503091057,0.7370724749690895,0.896
939,500,PCC,SVM,0.11425367322842792,0.21425367322842792,0.1
940,500,PCC,SVM,0.06745832302742338,0.3314583230274234,0.264
941,500,PCC,SVM,0.15992194408210114,0.6860780559178988,0.846
942,500,PCC,SVM,0.07680398213556988,0.2548039821355699,0.178
943,500,PCC,SVM,0.026920423574794627,0.4389204235747946,0.412
944,500,PCC,SVM,0.0046676962345671424,0.44333230376543287,0.448
945,500,PCC,SVM,0.048713031680544305,0.2927130316805443,0.244
946,500,PCC,SVM,0.0675987766080659,0.6424012233919341,0.71
947,500,PCC,SVM,0.12211846377901903,0.727881536220981,0.85
948,500,PCC,SVM,0.1740024478728519,0.6999975521271481,0.874
949,500,PCC,SVM,0.005165963359045955,0.343165963359046,0.338
950,500,PCC,SVM,0.023209129418889418,0.5067908705811106,0.53
951,500,PCC,SVM,0.08797945932794787,0.33597945932794787,0.248
952,500,PCC,SVM,0.07127267937753917,0.31527267937753917,0.244
953,500,PCC,SVM,0.10930358489916123,0.26930358489916123,0.16
954,500,PCC,SVM,0.1899481546415751,0.7500518453584248,0.94
955,500,PCC,SVM,0.15355118060816797,0.732448819391832,0.886
956,500,PCC,SVM,0.11932185320335087,0.6566781467966492,0.776
957,500,PCC,SVM,0.035172081006753064,0.48082791899324695,0.516
958,500,PCC,SVM,0.018927244443984304,0.4710727555560157,0.49
959,500,PCC,SVM,0.04413061751619435,0.4838693824838057,0.528
960,500,PCC,SVM,0.01851492802196153,0.5174850719780385,0.536
961,500,PCC,SVM,0.0106588386892994,0.4233411613107006,0.434
962,500,PCC,SVM,0.09250741478535301,0.22250741478535302,0.13
963,500,PCC,SVM,0.10928614648482388,0.23328614648482388,0.124
964,500,PCC,SVM,0.14488062383899625,0.8071193761610037,0.952
965,500,PCC,SVM,0.0044045799079625025,0.4775954200920375,0.482
966,500,PCC,SVM,0.17859409797463777,0.7734059020253622,0.952
967,500,PCC,SVM,0.07374834972185818,0.23574834972185818,0.162
968,500,PCC,SVM,0.04870517895069704,0.505294821049303,0.554
969,500,PCC,SVM,0.06798148795296785,0.27398148795296784,0.206
970,500,PCC,SVM,0.06999925125283213,0.32199925125283213,0.252
971,500,PCC,SVM,0.1172482096983517,0.1472482096983517,0.03
972,500,PCC,SVM,0.11807031002699594,0.23607031002699594,0.118
973,500,PCC,SVM,0.1621049774252319,0.7538950225747681,0.916
974,500,PCC,SVM,0.04017444921776636,0.36017444921776637,0.32
975,500,PCC,SVM,0.06598345588535925,0.5420165441146407,0.608
976,500,PCC,SVM,0.0051239690183638165,0.4588760309816362,0.464
977,500,PCC,SVM,0.010079991354280227,0.3899200086457198,0.4
978,500,PCC,SVM,0.03985130204335857,0.49014869795664145,0.53
979,500,PCC,SVM,0.08696454727490055,0.27296454727490055,0.186
980,500,PCC,SVM,0.23819041044769285,0.7498095895523071,0.988
981,500,PCC,SVM,0.14711713472438248,0.6708828652756175,0.818
982,500,PCC,SVM,0.1139096451623246,0.6260903548376754,0.74
983,500,PCC,SVM,0.006018590039021332,0.4619814099609787,0.468
984,500,PCC,SVM,0.09839851251033596,0.25039851251033596,0.152
985,500,PCC,SVM,0.18098979696514428,0.7390102030348558,0.92
986,500,PCC,SVM,0.030293118783767392,0.3702931187837674,0.34
987,500,PCC,SVM,0.12994359053477872,0.1799435905347787,0.05
988,500,PCC,SVM,0.0395737474860291,0.3815737474860291,0.342
989,500,PCC,SVM,0.1273237921860516,0.6666762078139484,0.794
990,500,PCC,SVM,0.08879442899813172,0.5332055710018683,0.622
991,500,PCC,SVM,0.12537389670566024,0.6246261032943398,0.75
992,500,PCC,SVM,0.11891044320919986,0.6730895567908002,0.792
993,500,PCC,SVM,0.1041881850066084,0.3141881850066084,0.21
994,500,PCC,SVM,0.16676288577181841,0.7552371142281816,0.922
995,500,PCC,SVM,0.017644552406650804,0.4183554475933492,0.436
996,500,PCC,SVM,0.10458648566942097,0.533413514330579,0.638
997,500,PCC,SVM,0.1637839335660969,0.1657839335660969,0.002
998,500,PCC,SVM,0.213496018637508,0.778503981362492,0.992
999,500,PCC,SVM,0.054526730475932705,0.33452673047593273,0.28
1000,500,PCC,SVM,0.14300256212760856,0.20500256212760856,0.062
1001,500,PCC,SVM,0.00498498850590029,0.45301501149409973,0.458
1002,500,PCC,SVM,0.10321373303615877,0.23121373303615878,0.128
1003,500,PCC,SVM,0.1247792707110246,0.2767792707110246,0.152
1004,500,PCC,SVM,0.0696348294039395,0.5623651705960605,0.632
1005,500,PCC,SVM,0.003112127345506921,0.39511212734550694,0.392
1006,500,PCC,SVM,0.18795978346191766,0.7320402165380824,0.92
1007,500,PCC,SVM,0.05528212414731554,0.37328212414731554,0.318
1008,500,PCC,SVM,0.10228052432907686,0.6237194756709231,0.726
1009,500,PCC,SVM,0.004528909904883194,0.4554710900951168,0.46
1010,500,PCC,SVM,0.07164696489600053,0.5863530351039995,0.658
1011,500,PCC,SVM,0.07079666253739147,0.5272033374626085,0.598
1012,500,PCC,SVM,0.0040686085448076725,0.47606860854480765,0.472
1013,500,PCC,SVM,0.18003622265952968,0.7699637773404703,0.95
1014,500,PCC,SVM,0.048067094002128385,0.3900670940021284,0.342
1015,500,PCC,SVM,0.08948246403442439,0.2654824640344244,0.176
1016,500,PCC,SVM,0.0809634644063153,0.5970365355936847,0.678
1017,500,PCC,SVM,0.1682583793827298,0.6777416206172702,0.846
1018,500,PCC,SVM,0.12442082779524341,0.16442082779524342,0.04
1019,500,PCC,SVM,0.0054533086610270565,0.44254669133897295,0.448
1020,500,PCC,SVM,0.1713949238221143,0.7206050761778857,0.892
1021,500,PCC,SVM,0.10055585536170675,0.6474441446382933,0.748
1022,500,PCC,SVM,0.20586501572642601,0.784134984273574,0.99
1023,500,PCC,SVM,0.04745971324085446,0.48254028675914556,0.53
1024,500,PCC,SVM,0.08346697959740346,0.5745330204025966,0.658
1025,500,PCC,SVM,0.061459417444025555,0.36345941744402555,0.302
1026,500,PCC,SVM,0.18061710114672025,0.7653828988532797,0.946
1027,500,PCC,SVM,0.04057139058836101,0.406571390588361,0.366
1028,500,PCC,SVM,0.12255676958141393,0.6154432304185861,0.738
1029,500,PCC,SVM,0.027589368900513445,0.42958936890051347,0.402
1030,500,PCC,SVM,0.03791659022546556,0.5220834097745345,0.56
1031,500,PCC,SVM,0.11017194168902289,0.6078280583109771,0.718
1032,500,PCC,SVM,0.03948701695851364,0.46851298304148636,0.508
1033,500,PCC,SVM,0.1746956147548433,0.7313043852451567,0.906
1034,500,PCC,SVM,0.014073478972152609,0.4320734789721526,0.418
1035,500,PCC,SVM,0.07611954829735579,0.5698804517026442,0.646
1036,500,PCC,SVM,0.0222036376152015,0.3642036376152015,0.342
1037,500,PCC,SVM,0.028201171885546383,0.43620117188554636,0.408
1038,500,PCC,SVM,0.01056663042620043,0.4294333695737996,0.44
1039,500,PCC,SVM,0.11676920336504018,0.24076920336504018,0.124
1040,500,PCC,SVM,0.11824321815405597,0.20824321815405597,0.09
1041,500,PCC,SVM,0.06236806154873065,0.6036319384512694,0.666
1042,500,PCC,SVM,0.08376185639608957,0.5702381436039105,0.654
1043,500,PCC,SVM,0.08876209928656287,0.5732379007134372,0.662
1044,500,PCC,SVM,0.1555568824114749,0.17355688241147488,0.018
1045,500,PCC,SVM,0.04559934011024097,0.371599340110241,0.326
1046,500,PCC,SVM,0.09595017564754044,0.29195017564754044,0.196
1047,500,PCC,SVM,0.11603048129746918,0.6619695187025308,0.778
1048,500,PCC,SVM,0.14963500015108544,0.7103649998489145,0.86
1049,500,PCC,SVM,0.08237923206716607,0.32837923206716607,0.246
1050,500,PCC,SVM,0.0862258002763776,0.5797741997236224,0.666
1051,500,PCC,SVM,0.11307776163368435,0.24107776163368436,0.128
1052,500,PCC,SVM,0.03996155869614232,0.31396155869614234,0.274
1053,500,PCC,SVM,0.10906330752659746,0.24706330752659747,0.138
1054,500,PCC,SVM,0.04746112817128123,0.3294611281712812,0.282
1055,500,PCC,SVM,0.07544115864678136,0.5985588413532187,0.674
1056,500,PCC,SVM,0.1702613884628016,0.7397386115371984,0.91
1057,500,PCC,SVM,0.07189508785176324,0.27389508785176325,0.202
1058,500,PCC,SVM,0.057438371721542036,0.484561628278458,0.542
1059,500,PCC,SVM,0.10156675009118765,0.5984332499088123,0.7
1060,500,PCC,SVM,0.1894589912412884,0.7625410087587116,0.952
1061,500,PCC,SVM,0.050659622174516694,0.5593403778254833,0.61
1062,500,PCC,SVM,0.04377943883272006,0.29777943883272007,0.254
1063,500,PCC,SVM,0.05018691185905566,0.5738130881409443,0.624
1064,500,PCC,SVM,0.047427080645514264,0.36742708064551427,0.32
1065,500,PCC,SVM,0.1732207955327988,0.8027792044672012,0.976
1066,500,PCC,SVM,0.013524166730102594,0.4115241667301026,0.398
1067,500,PCC,SVM,0.07131815166846056,0.6126818483315395,0.684
1068,500,PCC,SVM,0.14374375334953549,0.16574375334953548,0.022
1069,500,PCC,SVM,0.019570754000316548,0.41957075400031657,0.4
1070,500,PCC,SVM,0.1371534763791986,0.7368465236208014,0.874
1071,500,PCC,SVM,0.05816287537703879,0.5518371246229612,0.61
1072,500,PCC,SVM,0.022761216050752042,0.41923878394924796,0.442
1073,500,PCC,SVM,0.1849158943791156,0.7490841056208845,0.934
1074,500,PCC,SVM,0.1725128889848282,0.6794871110151718,0.852
1075,500,PCC,SVM,0.012940451455005442,0.33494045145500545,0.322
1076,500,PCC,SVM,0.04161416019057096,0.5023858398094291,0.544
1077,500,PCC,SVM,0.028025157200867956,0.45997484279913203,0.488
1078,500,PCC,SVM,0.08555197026612471,0.5464480297338753,0.632
1079,500,PCC,SVM,0.02805643703351468,0.3620564370335147,0.334
1080,500,PCC,SVM,0.05152378748736358,0.2955237874873636,0.244
1081,500,PCC,SVM,0.1791920274779446,0.7328079725220554,0.912
1082,500,PCC,SVM,0.17871957576403907,0.743280424235961,0.922
1083,500,PCC,SVM,0.10256357627552903,0.7394364237244709,0.842
1084,500,PCC,SVM,0.19922665222732006,0.7787733477726799,0.978
1085,500,PCC,SVM,0.11076184673566047,0.6332381532643395,0.744
1086,500,PCC,SVM,0.12524035570332137,0.6387596442966786,0.764
1087,500,PCC,SVM,0.1168253954857823,0.6451746045142177,0.762
1088,500,PCC,SVM,0.028654936685534038,0.45134506331446594,0.48
1089,500,PCC,SVM,0.022133424118400802,0.4338665758815992,0.456
1090,500,PCC,SVM,0.048630483870966634,0.2886304838709666,0.24
1091,500,PCC,SVM,0.07108679282414265,0.5729132071758574,0.644
1092,500,PCC,SVM,0.04715423358674681,0.3351542335867468,0.288
1093,500,PCC,SVM,0.07424181826268683,0.33024181826268684,0.256
1094,500,PCC,SVM,0.05786739809690522,0.5261326019030947,0.584
1095,500,PCC,SVM,0.010380165114527662,0.3976198348854723,0.408
1096,500,PCC,SVM,0.061634809350112035,0.27963480935011203,0.218
1097,500,PCC,SVM,0.1469777250467048,0.6690222749532951,0.816
1098,500,PCC,SVM,0.15664120821169958,0.7033587917883004,0.86
1099,500,PCC,SVM,0.09980928487289817,0.2658092848728982,0.166
1100,500,PCC,SVM,0.15843784675865047,0.16443784675865047,0.006
1101,500,PCC,SVM,0.024748325723500997,0.360748325723501,0.336
1102,500,PCC,SVM,0.12905092290245967,0.6669490770975404,0.796
1103,500,PCC,SVM,0.1428377394237218,0.6951622605762782,0.838
1104,500,PCC,SVM,0.09871089881420256,0.23671089881420257,0.138
1105,500,PCC,SVM,0.09788070777953495,0.6761192922204651,0.774
1106,500,PCC,SVM,0.10225768105368767,0.21625768105368767,0.114
1107,500,PCC,SVM,0.01211776429049466,0.4021177642904947,0.39
1108,500,PCC,SVM,0.21409671715799883,0.7839032828420012,0.998
1109,500,PCC,SVM,0.07913790694750372,0.2711379069475037,0.192
1110,500,PCC,SVM,0.09314396615748763,0.24514396615748762,0.152
1111,500,PCC,SVM,0.014775308187793879,0.4072246918122061,0.422
1112,500,PCC,SVM,0.054261358849433616,0.5637386411505664,0.618
1113,500,PCC,SVM,0.17156892233015142,0.7604310776698486,0.932
1114,500,PCC,SVM,0.16496686191507914,0.8150331380849208,0.98
1115,500,PCC,SVM,0.1383573047035707,0.2063573047035707,0.068
1116,500,PCC,SVM,0.10856368181269999,0.2445636818127,0.136
1117,500,PCC,SVM,0.14853806529403546,0.6414619347059646,0.79
1118,500,PCC,SVM,0.06944527851407306,0.3394452785140731,0.27
1119,500,PCC,SVM,0.16498907030520793,0.7190109296947921,0.884
1120,500,PCC,SVM,0.0811126839662345,0.5808873160337655,0.662
1121,500,PCC,SVM,0.13040908957525216,0.24040908957525214,0.11
1122,500,PCC,SVM,0.12771273259191485,0.7042872674080851,0.832
1123,500,PCC,SVM,0.07892866590821473,0.2549286659082147,0.176
1124,500,PCC,SVM,0.0071931021435625575,0.42919310214356254,0.422
1125,500,PCC,SVM,0.044117380114827354,0.5078826198851727,0.552
1126,500,PCC,SVM,0.01523937563164346,0.48476062436835654,0.5
1127,500,PCC,SVM,0.08636086755578798,0.5996391324442121,0.686
1128,500,PCC,SVM,0.0781454638273753,0.5738545361726247,0.652
1129,500,PCC,SVM,0.19804332776392497,0.793956672236075,0.992
1130,500,PCC,SVM,0.16564757085369275,0.8323524291463072,0.998
1131,500,PCC,SVM,0.0437181402898546,0.4722818597101454,0.516
1132,500,PCC,SVM,0.10029925112733648,0.19429925112733648,0.094
1133,500,PCC,SVM,0.10854075365206406,0.6174592463479359,0.726
1134,500,PCC,SVM,0.20276137019664053,0.7732386298033594,0.976
1135,500,PCC,SVM,0.041953252667374374,0.3599532526673744,0.318
1136,500,PCC,SVM,0.0025119139085458264,0.46251191390854585,0.46
1137,500,PCC,SVM,0.012991388575059826,0.41100861142494016,0.424
1138,500,PCC,SVM,0.12015605571484185,0.17015605571484185,0.05
1139,500,PCC,SVM,0.10458022180446513,0.5674197781955349,0.672
1140,500,PCC,SVM,0.02337842104017329,0.37537842104017327,0.352
1141,500,PCC,SVM,0.13500001290376462,0.6509999870962354,0.786
1142,500,PCC,SVM,0.13763284957613142,0.6943671504238685,0.832
1143,500,PCC,SVM,0.1369395138921149,0.6830604861078851,0.82
1144,500,PCC,SVM,0.012293193701975291,0.4037068062980247,0.416
1145,500,PCC,SVM,0.0523678874315498,0.3723678874315498,0.32
1146,500,PCC,SVM,0.10666752200186325,0.6413324779981368,0.748
1147,500,PCC,SVM,0.13262734832269707,0.667372651677303,0.8
1148,500,PCC,SVM,0.013333746642248567,0.4766662533577514,0.49
1149,500,PCC,SVM,0.15034590554695082,0.7416540944530492,0.892
1150,500,PCC,SVM,0.09998599987602205,0.24198599987602204,0.142
1151,500,PCC,SVM,0.1559916661289562,0.7220083338710438,0.878
1152,500,PCC,SVM,0.10225977282061421,0.19825977282061422,0.096
1153,500,PCC,SVM,0.07585007017034828,0.22785007017034828,0.152
1154,500,PCC,SVM,0.04828279412826658,0.48371720587173345,0.532
1155,500,PCC,SVM,0.140139525143605,0.206139525143605,0.066
1156,500,PCC,SVM,0.14591007612712756,0.19791007612712755,0.052
1157,500,PCC,SVM,0.16435565403337762,0.16435565403337762,0.0
1158,500,PCC,SVM,0.014657830795607674,0.4506578307956077,0.436
1159,500,PCC,SVM,0.11165308777272975,0.6623469122272703,0.774
1160,500,PCC,SVM,0.15137392525477877,0.18537392525477878,0.034
1161,500,PCC,SVM,0.08091378531050963,0.5710862146894904,0.652
1162,500,PCC,SVM,0.12296803197156703,0.6990319680284329,0.822
1163,500,PCC,SVM,0.08603194804575862,0.2540319480457586,0.168
1164,500,PCC,SVM,0.13464324871847624,0.28064324871847623,0.146
1165,500,PCC,SVM,0.14045606663871812,0.7195439333612819,0.86
1166,500,PCC,SVM,0.1507695079487099,0.67123049205129,0.822
1167,500,PCC,SVM,0.034453098970074425,0.5035469010299256,0.538
1168,500,PCC,SVM,0.13595200624075332,0.6820479937592466,0.818
1169,500,PCC,SVM,0.12866594414316782,0.2206659441431678,0.092
1170,500,PCC,SVM,0.006618954197200044,0.3873810458028,0.394
1171,500,PCC,SVM,0.10850294294360574,0.6274970570563942,0.736
1172,500,PCC,SVM,0.08486122677543645,0.34086122677543645,0.256
1173,500,PCC,SVM,0.1255766929105412,0.6264233070894588,0.752
1174,500,PCC,SVM,0.008498408464829688,0.4955015915351703,0.504
1175,500,PCC,SVM,0.10971620150215267,0.6402837984978473,0.75
1176,500,PCC,SVM,0.0011605284975534924,0.46283947150244653,0.464
1177,500,PCC,SVM,0.040480944396076246,0.40648094439607624,0.366
1178,500,PCC,SVM,0.08340850201424524,0.30140850201424524,0.218
1179,500,PCC,SVM,0.07331034357295826,0.28131034357295825,0.208
1180,500,PCC,SVM,0.10482672574070206,0.6451732742592979,0.75
1181,500,PCC,SVM,0.12854272223569307,0.24654272223569307,0.118
1182,500,PCC,SVM,0.13262408016966087,0.21662408016966087,0.084
1183,500,PCC,SVM,0.0858867064435529,0.2618867064435529,0.176
1184,500,PCC,SVM,0.09562970172073132,0.2696297017207313,0.174
1185,500,PCC,SVM,0.12922390250048588,0.6927760974995141,0.822
1186,500,PCC,SVM,0.00845108104427772,0.40645108104427774,0.398
1187,500,PCC,SVM,0.19228962330293975,0.7977103766970602,0.99
1188,500,PCC,SVM,0.11427983494407945,0.25027983494407946,0.136
1189,500,PCC,SVM,0.07723213294088804,0.574767867059112,0.652
1190,500,PCC,SVM,0.017948795018271513,0.4300512049817285,0.448
1191,500,PCC,SVM,0.029687212408840757,0.4216872124088408,0.392
1192,500,PCC,SVM,0.16374667586988023,0.7102533241301198,0.874
1193,500,PCC,SVM,0.1990312945311894,0.7749687054688106,0.974
1194,500,PCC,SVM,0.17972480298812,0.69227519701188,0.872
1195,500,PCC,SVM,0.08246417606419548,0.2744641760641955,0.192
1196,500,PCC,SVM,0.08199656288680437,0.3019965628868044,0.22
1197,500,PCC,SVM,0.04418886105468833,0.6118111389453117,0.656
1198,500,PCC,SVM,0.051642490456843715,0.3396424904568437,0.288
1199,500,PCC,SVM,0.12611443418657386,0.6078855658134261,0.734
1200,500,PCC,SVM,0.04342999336644271,0.5225700066335572,0.566
1201,500,PCC,SVM,0.026906168982169354,0.5230938310178307,0.55
1202,500,PCC,SVM,0.15058577998985967,0.6774142200101403,0.828
1203,500,PCC,SVM,0.10964002199459588,0.6003599780054041,0.71
1204,500,PCC,SVM,0.1550028801938632,0.1810028801938632,0.026
1205,500,PCC,SVM,0.14088345868405472,0.1888834586840547,0.048
1206,500,PCC,SVM,0.061630254530646855,0.5383697454693531,0.6
1207,500,PCC,SVM,0.0065082200143269375,0.47949177998567305,0.486
1208,500,PCC,SVM,0.04981382970954262,0.30981382970954263,0.26
1209,500,PCC,SVM,0.005040788711828115,0.4230407887118281,0.418
1210,500,PCC,SVM,0.13388491455811602,0.622115085441884,0.756
1211,500,PCC,SVM,0.13782077140845594,0.688179228591544,0.826
1212,500,PCC,SVM,0.029599301374332088,0.530400698625668,0.56
1213,500,PCC,SVM,0.030557202669040995,0.414557202669041,0.384
1214,500,PCC,SVM,0.05697166766031775,0.32697166766031777,0.27
1215,500,PCC,SVM,0.005719280404906102,0.5142807195950939,0.52
1216,500,PCC,SVM,0.0456703801445828,0.3596703801445828,0.314
1217,500,PCC,SVM,0.0425140127253103,0.5214859872746896,0.564
1218,500,PCC,SVM,0.098169868250636,0.577830131749364,0.676
1219,500,PCC,SVM,0.14274341418115305,0.20874341418115305,0.066
1220,500,PCC,SVM,0.15049215871053645,0.15049215871053645,0.0
1221,500,PCC,SVM,0.07014100623617972,0.2821410062361797,0.212
1222,500,PCC,SVM,0.16884401360644874,0.7251559863935513,0.894
1223,500,PCC,SVM,0.062411050654513245,0.5835889493454868,0.646
1224,500,PCC,SVM,0.10501980818341236,0.2750198081834124,0.17
1225,500,PCC,SVM,0.13670768243510545,0.7532923175648946,0.89
1226,500,PCC,SVM,0.007478509088166718,0.47547850908816675,0.468
1227,500,PCC,SVM,0.010427819542973227,0.46557218045702675,0.476
1228,500,PCC,SVM,0.2019920220997019,0.7320079779002981,0.934
1229,500,PCC,SVM,0.13860712198433905,0.19660712198433905,0.058
1230,500,PCC,SVM,0.09335374318784875,0.30735374318784875,0.214
1231,500,PCC,SVM,0.028734883664540134,0.5552651163354598,0.584
1232,500,PCC,SVM,0.0658680130241317,0.2598680130241317,0.194
1233,500,PCC,SVM,0.09730389458016742,0.5806961054198326,0.678
1234,500,PCC,SVM,0.06786290703092326,0.28186290703092326,0.214
1235,500,PCC,SVM,0.14245276561747286,0.24045276561747286,0.098
1236,500,PCC,SVM,0.07996326134791529,0.2859632613479153,0.206
1237,500,PCC,SVM,0.018342519199271712,0.4403425191992717,0.422
1238,500,PCC,SVM,0.07204616254565852,0.2480461625456585,0.176
1239,500,PCC,SVM,0.06853872017789511,0.20253872017789512,0.134
1240,500,PCC,SVM,0.16003247182390035,0.6999675281760996,0.86
1241,500,PCC,SVM,0.07535944704198644,0.39535944704198644,0.32
1242,500,PCC,SVM,0.019844788090701226,0.3798447880907012,0.36
1243,500,PCC,SVM,0.12555384063685793,0.17955384063685792,0.054
1244,500,PCC,SVM,0.022973482544938417,0.3789734825449384,0.356
1245,500,PCC,SVM,0.06285745394258851,0.3268574539425885,0.264
1246,500,PCC,SVM,0.06113515790550639,0.5488648420944936,0.61
1247,500,PCC,SVM,0.05979143932931527,0.26379143932931526,0.204
1248,500,PCC,SVM,0.14656954272060352,0.7414304572793965,0.888
1249,500,PCC,SVM,0.16403854771516901,0.763961452284831,0.928
1250,500,PCC,SVM,0.11033298663793867,0.20833298663793867,0.098
1251,500,PCC,SVM,0.13676551518528235,0.24276551518528233,0.106
1252,500,PCC,SVM,0.1164736943990478,0.2304736943990478,0.114
1253,500,PCC,SVM,0.06566428180818062,0.5523357181918194,0.618
1254,500,PCC,SVM,0.13473254024296522,0.2547325402429652,0.12
1255,500,PCC,SVM,0.1636103222121531,0.6883896777878469,0.852
1256,500,PCC,SVM,0.08945264528436592,0.6645473547156341,0.754
1257,500,PCC,SVM,0.1378660487936677,0.6801339512063322,0.818
1258,500,PCC,SVM,0.03917904806323541,0.4868209519367646,0.526
1259,500,PCC,SVM,0.19648942571026728,0.7995105742897327,0.996
1260,500,PCC,SVM,0.1315849104439844,0.1755849104439844,0.044
1261,500,PCC,SVM,0.028044254074608033,0.42804425407460805,0.4
1262,500,PCC,SVM,0.04885107149070855,0.37085107149070856,0.322
1263,500,PCC,SVM,0.16493906741127695,0.783060932588723,0.948
1264,500,PCC,SVM,0.02663359785125119,0.5493664021487488,0.576
1265,500,PCC,SVM,0.13153230539460647,0.6744676946053936,0.806
1266,500,PCC,SVM,0.08242761635663834,0.25242761635663835,0.17
1267,500,PCC,SVM,0.1854862782203467,0.7925137217796533,0.978
1268,500,PCC,SVM,0.020711505347161818,0.4772884946528382,0.498
1269,500,PCC,SVM,0.04109449292971329,0.4509055070702867,0.492
1270,500,PCC,SVM,0.19605076235032504,0.7739492376496749,0.97
1271,500,PCC,SVM,0.022636718393508726,0.40263671839350873,0.38
1272,500,PCC,SVM,0.008804150454503168,0.38719584954549685,0.396
1273,500,PCC,SVM,0.06716258016621146,0.5168374198337885,0.584
1274,500,PCC,SVM,0.10222198516441278,0.23022198516441278,0.128
1275,500,PCC,SVM,0.04764272200870201,0.367642722008702,0.32
1276,500,PCC,SVM,0.09158304542984136,0.28358304542984136,0.192
1277,500,PCC,SVM,0.1232182720909203,0.2252182720909203,0.102
1278,500,PCC,SVM,0.15812156525899213,0.7078784347410079,0.866
1279,500,PCC,SVM,0.06335463663448737,0.5246453633655126,0.588
1280,500,PCC,SVM,0.016726316000495012,0.374726316000495,0.358
1281,500,PCC,SVM,0.0009794103704288126,0.40702058962957116,0.408
1282,500,PCC,SVM,0.001576161400958509,0.4284238385990415,0.43
1283,500,PCC,SVM,0.082728782078612,0.549271217921388,0.632
1284,500,PCC,SVM,0.16625262994845036,0.7597473700515497,0.926
1285,500,PCC,SVM,0.18329219341641556,0.7487078065835845,0.932
1286,500,PCC,SVM,0.04254969375016049,0.4325496937501605,0.39
1287,500,PCC,SVM,0.044395737691338755,0.37239573769133877,0.328
1288,500,PCC,SVM,0.024184389077000046,0.42581561092299997,0.45
1289,500,PCC,SVM,0.04279967855638367,0.5232003214436163,0.566
1290,500,PCC,SVM,0.015369536268538708,0.4446304637314613,0.46
1291,500,PCC,SVM,0.07450005256038794,0.5834999474396121,0.658
1292,500,PCC,SVM,0.04384127247358893,0.5101587275264111,0.554
1293,500,PCC,SVM,0.04051095091918877,0.3605109509191888,0.32
1294,500,PCC,SVM,0.03071567222504573,0.3747156722250457,0.344
1295,500,PCC,SVM,0.01921256078115413,0.35878743921884587,0.378
1296,500,PCC,SVM,0.11945968479402627,0.21345968479402627,0.094
1297,500,PCC,SVM,0.08452355786226787,0.2505235578622679,0.166
1298,500,PCC,SVM,0.08893854051195871,0.6330614594880413,0.722
1299,500,PCC,SVM,0.02336839717788991,0.4113683971778899,0.388
1300,500,PCC,SVM,0.08324435331765348,0.2972443533176535,0.214
1301,500,PCC,SVM,0.04016053696290767,0.5218394630370924,0.562
1302,500,PCC,SVM,0.09943350616532864,0.6545664938346714,0.754
1303,500,PCC,SVM,0.05274464198925333,0.30874464198925333,0.256
1304,500,PCC,SVM,0.1590285054088233,0.6669714945911767,0.826
1305,500,PCC,SVM,0.18023922043037466,0.7457607795696254,0.926
1306,500,PCC,SVM,0.07002892631448931,0.5259710736855107,0.596
1307,500,PCC,SVM,0.08300367685221055,0.5849963231477895,0.668
1308,500,PCC,SVM,0.13456451977189532,0.1865645197718953,0.052
1309,500,PCC,SVM,0.19282489577765405,0.7511751042223459,0.944
1310,500,PCC,SVM,0.013260839828057314,0.40526083982805733,0.392
1311,500,PCC,SVM,0.1448279538098125,0.7771720461901875,0.922
1312,500,PCC,SVM,0.05535549402495443,0.5226445059750455,0.578
1313,500,PCC,SVM,0.16184467522825602,0.16584467522825602,0.004
1314,500,PCC,SVM,0.11660148787059374,0.15460148787059375,0.038
1315,500,PCC,SVM,0.10193572784356819,0.5780642721564319,0.68
1316,500,PCC,SVM,0.03870436795433574,0.5232956320456643,0.562
1317,500,PCC,SVM,0.15539788544574948,0.18139788544574947,0.026
1318,500,PCC,SVM,0.11095077313444368,0.6310492268655563,0.742
1319,500,PCC,SVM,0.15272995565162528,0.6992700443483747,0.852
1320,500,PCC,SVM,0.015754956647691554,0.5117549566476916,0.496
1321,500,PCC,SVM,0.03691520208507393,0.4270847979149261,0.464
1322,500,PCC,SVM,0.15345033965030455,0.15745033965030455,0.004
1323,500,PCC,SVM,0.16243977200165083,0.6235602279983492,0.786
1324,500,PCC,SVM,0.025125645120101958,0.355125645120102,0.33
1325,500,PCC,SVM,0.1848035139092854,0.6931964860907146,0.878
1326,500,PCC,SVM,0.030228936948347607,0.4022289369483476,0.372
1327,500,PCC,SVM,0.0587743846717832,0.5052256153282167,0.564
1328,500,PCC,SVM,0.056138480603156404,0.3261384806031564,0.27
1329,500,PCC,SVM,0.09151654909757609,0.2515165490975761,0.16
1330,500,PCC,SVM,0.11690342448887148,0.6570965755111285,0.774
1331,500,PCC,SVM,0.029077558063270614,0.4669224419367294,0.496
1332,500,PCC,SVM,0.03889329349307524,0.4971067065069248,0.536
1333,500,PCC,SVM,0.17629625890391787,0.7877037410960821,0.964
1334,500,PCC,SVM,0.19632543099195987,0.7656745690080401,0.962
1335,500,PCC,SVM,0.14344870083897232,0.7105512991610277,0.854
1336,500,PCC,SVM,0.09187049007423981,0.2778704900742398,0.186
1337,500,PCC,SVM,0.06656530587761511,0.5274346941223849,0.594
1338,500,PCC,SVM,0.15173908096347222,0.7262609190365278,0.878
1339,500,PCC,SVM,0.0010615427096717367,0.37506154270967174,0.374
1340,500,PCC,SVM,0.11166290198112089,0.2116629019811209,0.1
1341,500,PCC,SVM,0.13811190173954824,0.6718880982604518,0.81
1342,500,PCC,SVM,0.00301321087696943,0.47698678912303055,0.48
1343,500,PCC,SVM,0.057637998587440675,0.5063620014125593,0.564
1344,500,PCC,SVM,0.19408293444570401,0.787917065554296,0.982
1345,500,PCC,SVM,0.05816068756762527,0.5478393124323747,0.606
1346,500,PCC,SVM,0.007955310388695569,0.43195531038869556,0.424
1347,500,PCC,SVM,0.021158990230218944,0.38915899023021894,0.368
1348,500,PCC,SVM,0.0023129444861266224,0.41368705551387336,0.416
1349,500,PCC,SVM,0.11275202950436145,0.23075202950436144,0.118
1350,500,PCC,SVM,0.15302700285359205,0.640972997146408,0.794
1351,500,PCC,SVM,0.13406996453805442,0.7019300354619455,0.836
1352,500,PCC,SVM,0.05572475359066159,0.33972475359066157,0.284
1353,500,PCC,SVM,0.04106688551520843,0.3430668855152084,0.302
1354,500,PCC,SVM,0.13936151560507493,0.7346384843949251,0.874
1355,500,PCC,SVM,0.13055061933494777,0.15255061933494776,0.022
1356,500,PCC,SVM,0.014672696910759897,0.5053273030892401,0.52
1357,500,PCC,SVM,0.005285191041801585,0.45671480895819844,0.462
1358,500,PCC,SVM,0.0921104791317322,0.5978895208682677,0.69
1359,500,PCC,SVM,0.0850385535524609,0.2470385535524609,0.162
1360,500,PCC,SVM,0.07760311892764571,0.5903968810723543,0.668
1361,500,PCC,SVM,0.03244576852083031,0.4084457685208303,0.376
1362,500,PCC,SVM,0.09548397861460645,0.5225160213853935,0.618
1363,500,PCC,SVM,0.14732174878515336,0.18732174878515337,0.04
1364,500,PCC,SVM,0.003346828827582249,0.45665317117241777,0.46
1365,500,PCC,SVM,0.022228262238397023,0.499771737761603,0.522
1366,500,PCC,SVM,0.06780972533185622,0.2818097253318562,0.214
1367,500,PCC,SVM,0.10102235847693028,0.2390223584769303,0.138
1368,500,PCC,SVM,0.10910173836922088,0.2971017383692209,0.188
1369,500,PCC,SVM,0.04285123550287634,0.3868512355028763,0.344
1370,500,PCC,SVM,0.1173477031143578,0.2133477031143578,0.096
1371,500,PCC,SVM,0.18026469550776592,0.765735304492234,0.946
1372,500,PCC,SVM,0.0065233431578942125,0.3974766568421058,0.404
1373,500,PCC,SVM,0.13029070434616696,0.6777092956538331,0.808
1374,500,PCC,SVM,0.1601075394572593,0.8138924605427407,0.974
1375,500,PCC,SVM,0.12635543613700417,0.20635543613700416,0.08
1376,500,PCC,SVM,0.09855895308825169,0.5514410469117483,0.65
1377,500,PCC,SVM,0.16156171196602254,0.7084382880339775,0.87
1378,500,PCC,SVM,0.04647396455630193,0.5875260354436981,0.634
1379,500,PCC,SVM,0.013079742918465143,0.41492025708153485,0.428
1380,500,PCC,SVM,0.008241907985378882,0.4382419079853789,0.43
1381,500,PCC,SVM,0.13418714071154508,0.16818714071154509,0.034
1382,500,PCC,SVM,0.016768613045461844,0.5172313869545382,0.534
1383,500,PCC,SVM,0.19575258834091924,0.7962474116590808,0.992
1384,500,PCC,SVM,0.1802064711020369,0.777793528897963,0.958
1385,500,PCC,SVM,0.13859537188495613,0.17859537188495614,0.04
1386,500,PCC,SVM,0.09612160709135587,0.6078783929086441,0.704
1387,500,PCC,SVM,0.026612553034997655,0.32661255303499764,0.3
1388,500,PCC,SVM,0.1952121391700854,0.7067878608299146,0.902
1389,500,PCC,SVM,0.16074824234591473,0.20474824234591474,0.044
1390,500,PCC,SVM,0.18672574081738302,0.747274259182617,0.934
1391,500,PCC,SVM,0.15721918059537454,0.6787808194046254,0.836
1392,500,PCC,SVM,0.1288990482274358,0.2448990482274358,0.116
1393,500,PCC,SVM,0.1267742266827625,0.1847742266827625,0.058
1394,500,PCC,SVM,0.1512362976754642,0.6827637023245358,0.834
1395,500,PCC,SVM,0.11723450740665728,0.2712345074066573,0.154
1396,500,PCC,SVM,0.04630316978441329,0.48769683021558674,0.534
1397,500,PCC,SVM,0.15016556336775166,0.7638344366322484,0.914
1398,500,PCC,SVM,0.05273187195788087,0.5132681280421191,0.566
1399,500,PCC,SVM,0.017732727363005074,0.4137327273630051,0.396
1400,500,PCC,SVM,0.002730639135107793,0.4412693608648922,0.444
1401,500,PCC,SVM,0.14180076975692316,0.20380076975692316,0.062
1402,500,PCC,SVM,0.20228648117326897,0.765713518826731,0.968
1403,500,PCC,SVM,0.06204212396120207,0.37204212396120206,0.31
1404,500,PCC,SVM,0.0900486014293358,0.2780486014293358,0.188
1405,500,PCC,SVM,0.07132002356687861,0.3573200235668786,0.286
1406,500,PCC,SVM,0.177067712957241,0.786932287042759,0.964
1407,500,PCC,SVM,0.13467426548231337,0.22867426548231337,0.094
1408,500,PCC,SVM,0.1312088525941385,0.7347911474058615,0.866
1409,500,PCC,SVM,0.09658484699125158,0.6094151530087484,0.706
1410,500,PCC,SVM,0.15521747869632907,0.6747825213036709,0.83
1411,500,PCC,SVM,0.18457094311898625,0.7894290568810137,0.974
1412,500,PCC,SVM,0.1683275950936426,0.6736724049063574,0.842
1413,500,PCC,SVM,0.1967929795453348,0.7452070204546651,0.942
1414,500,PCC,SVM,0.1240483033396671,0.2500483033396671,0.126
1415,500,PCC,SVM,0.11635786022119998,0.6776421397788001,0.794
1416,500,PCC,SVM,0.04624058989258917,0.49775941010741087,0.544
1417,500,PCC,SVM,0.04231567578017176,0.4996843242198283,0.542
1418,500,PCC,SVM,0.16979538802166316,0.7282046119783369,0.898
1419,500,PCC,SVM,0.16997488877489786,0.8000251112251021,0.97
1420,500,PCC,SVM,0.07048730932714098,0.633512690672859,0.704
1421,500,PCC,SVM,0.02560711857929232,0.45639288142070766,0.482
1422,500,PCC,SVM,0.020854450119277446,0.43514554988072257,0.456
1423,500,PCC,SVM,0.005704675593466602,0.3917046755934666,0.386
1424,500,PCC,SVM,0.026394221649005234,0.3863942216490052,0.36
1425,500,PCC,SVM,0.03185699592945146,0.4218569959294515,0.39
1426,500,PCC,SVM,0.11144503522040289,0.19944503522040288,0.088
1427,500,PCC,SVM,0.12300065347461851,0.1990006534746185,0.076
1428,500,PCC,SVM,0.1394880303389917,0.6385119696610083,0.778
1429,500,PCC,SVM,0.010544186273239886,0.4565441862732399,0.446
1430,500,PCC,SVM,0.16598946336196385,0.7640105366380362,0.93
1431,500,PCC,SVM,0.062310492768456016,0.549689507231544,0.612
1432,500,PCC,SVM,0.15384746603312033,0.18784746603312033,0.034
1433,500,PCC,SVM,0.11145378566085881,0.2674537856608588,0.156
1434,500,PCC,SVM,0.06379252385777537,0.26779252385777536,0.204
1435,500,PCC,SVM,0.17039599230204105,0.8036040076979589,0.974
1436,500,PCC,SVM,0.07073807579830568,0.2887380757983057,0.218
1437,500,PCC,SVM,0.03373563408692304,0.480264365913077,0.514
1438,500,PCC,SVM,0.18101659475955678,0.7549834052404433,0.936
1439,500,PCC,SVM,0.20182387666744173,0.7741761233325583,0.976
1440,500,PCC,SVM,0.07745227028925622,0.3134522702892562,0.236
1441,500,PCC,SVM,0.11882036650421963,0.16682036650421964,0.048
1442,500,PCC,SVM,0.09299761897901987,0.24499761897901987,0.152
1443,500,PCC,SVM,0.14432969731325446,0.20632969731325446,0.062
1444,500,PCC,SVM,0.05979451515112938,0.2537945151511294,0.194
1445,500,PCC,SVM,0.06352916787852458,0.5044708321214754,0.568
1446,500,PCC,SVM,0.19071943226267007,0.72128056773733,0.912
1447,500,PCC,SVM,0.024277096574611523,0.5117229034253885,0.536
1448,500,PCC,SVM,0.08432882898253957,0.5396711710174604,0.624
1449,500,PCC,SVM,0.08402762277579867,0.2840276227757987,0.2
1450,500,PCC,SVM,0.1272866655739915,0.6727133344260086,0.8
1451,500,PCC,SVM,0.050354947328315136,0.5656450526716849,0.616
1452,500,PCC,SVM,0.12283432397296279,0.7411656760270372,0.864
1453,500,PCC,SVM,0.21260788276146936,0.7353921172385306,0.948
1454,500,PCC,SVM,0.028758140930511933,0.3747581409305119,0.346
1455,500,PCC,SVM,0.12013354808829585,0.21013354808829585,0.09
1456,500,PCC,SVM,0.07719917345725422,0.3011991734572542,0.224
1457,500,PCC,SVM,0.01239475896300496,0.44839475896300496,0.436
1458,500,PCC,SVM,0.19021706176638753,0.7537829382336124,0.944
1459,500,PCC,SVM,0.04145571828997946,0.41945571828997946,0.378
1460,500,PCC,SVM,0.10593425740018647,0.6640657425998135,0.77
1461,500,PCC,SVM,0.035211928268443216,0.5047880717315568,0.54
1462,500,PCC,SVM,0.07813391639672046,0.26013391639672045,0.182
1463,500,PCC,SVM,0.038013616008768736,0.35801361600876874,0.32
1464,500,PCC,SVM,0.0988459922330045,0.5531540077669955,0.652
1465,500,PCC,SVM,0.09448397617578808,0.577516023824212,0.672
1466,500,PCC,SVM,0.028939128815494708,0.4050608711845053,0.434
1467,500,PCC,SVM,0.09528969067381096,0.32328969067381097,0.228
1468,500,PCC,SVM,0.11682076244057926,0.6031792375594207,0.72
1469,500,PCC,SVM,0.08744422338684263,0.25544422338684264,0.168
1470,500,PCC,SVM,0.16415825728595612,0.7718417427140439,0.936
1471,500,PCC,SVM,0.08178629115990882,0.2677862911599088,0.186
1472,500,PCC,SVM,0.11396388081190421,0.2199638808119042,0.106
1473,500,PCC,SVM,0.019610818463898727,0.47638918153610127,0.496
1474,500,PCC,SVM,0.03423268938237778,0.48376731061762224,0.518
1475,500,PCC,SVM,0.003632088578326642,0.5043679114216734,0.508
1476,500,PCC,SVM,0.0031870166119813415,0.43281298338801866,0.436
1477,500,PCC,SVM,0.2183757835716157,0.7756242164283843,0.994
1478,500,PCC,SVM,0.01724705875610477,0.5032470587561048,0.486
1479,500,PCC,SVM,0.01571680043686685,0.4602831995631331,0.476
1480,500,PCC,SVM,0.022824260093037785,0.44282426009303777,0.42
1481,500,PCC,SVM,0.126407637455487,0.192407637455487,0.066
1482,500,PCC,SVM,0.08058764873953517,0.5114123512604648,0.592
1483,500,PCC,SVM,0.07606867511088813,0.30206867511088814,0.226
1484,500,PCC,SVM,0.07179163246203102,0.564208367537969,0.636
1485,500,PCC,SVM,0.14957775275960372,0.19957775275960374,0.05
1486,500,PCC,SVM,0.1833834147836061,0.7966165852163939,0.98
1487,500,PCC,SVM,0.025988755404440678,0.44201124459555935,0.468
1488,500,PCC,SVM,0.1767914583024235,0.7192085416975765,0.896
1489,500,PCC,SVM,0.016655806713330112,0.45734419328666986,0.474
1490,500,PCC,SVM,0.13152574173533604,0.19152574173533604,0.06
1491,500,PCC,SVM,0.12570029306732122,0.6962997069326787,0.822
1492,500,PCC,SVM,0.0759037285562969,0.5720962714437031,0.648
1493,500,PCC,SVM,0.1134298788849466,0.6665701211150534,0.78
1494,500,PCC,SVM,0.006787298737066738,0.42121270126293325,0.428
1495,500,PCC,SVM,0.06911977159906268,0.5668802284009373,0.636
1496,500,PCC,SVM,0.17331365817759503,0.682686341822405,0.856
1497,500,PCC,SVM,0.07104563139896636,0.5589543686010336,0.63
1498,500,PCC,SVM,0.04840214122049269,0.39440214122049266,0.346
1499,500,PCC,SVM,0.07997886449607539,0.5820211355039246,0.662
1500,500,PCC,SVM,0.07991994354346832,0.5900800564565317,0.67
1501,500,PCC,SVM,0.18499684717803988,0.7750031528219601,0.96
1502,500,PCC,SVM,0.008831824779125308,0.3788318247791253,0.37
1503,500,PCC,SVM,0.003552050692416764,0.42755205069241675,0.424
1504,500,PCC,SVM,0.12387077670740998,0.6881292232925901,0.812
1505,500,PCC,SVM,0.01971987651588114,0.48428012348411886,0.504
1506,500,PCC,SVM,0.090435233093208,0.645564766906792,0.736
1507,500,PCC,SVM,0.0071986080663038465,0.46519860806630386,0.458
1508,500,PCC,SVM,0.07179783848863305,0.28579783848863305,0.214
1509,500,PCC,SVM,0.08866814196848649,0.6553318580315135,0.744
1510,500,PCC,SVM,0.10844987259287137,0.23844987259287137,0.13
1511,500,PCC,SVM,0.10255077798294049,0.3005507779829405,0.198
1512,500,PCC,SVM,0.051736013157338556,0.5742639868426614,0.626
1513,500,PCC,SVM,0.11175901261430166,0.6342409873856983,0.746
1514,500,PCC,SVM,0.170245320663149,0.723754679336851,0.894
1515,500,PCC,SVM,0.06621851517748434,0.33821851517748436,0.272
1516,500,PCC,SVM,0.11643636246461726,0.22643636246461726,0.11
1517,500,PCC,SVM,0.1997581988430014,0.7562418011569986,0.956
1518,500,PCC,SVM,0.0853622429315696,0.2393622429315696,0.154
1519,500,PCC,SVM,0.06294818359480725,0.25894818359480726,0.196
1520,500,PCC,SVM,0.03854017337615673,0.3285401733761567,0.29
1521,500,PCC,SVM,0.0361961563904557,0.4918038436095443,0.528
1522,500,PCC,SVM,0.15356859286358127,0.7284314071364187,0.882
1523,500,PCC,SVM,0.11991049953932842,0.6400895004606716,0.76
1524,500,PCC,SVM,0.11467607743373365,0.5933239225662663,0.708
1525,500,PCC,SVM,0.09712436512521905,0.27112436512521904,0.174
1526,500,PCC,SVM,0.01119301054835431,0.3671930105483543,0.356
1527,500,PCC,SVM,0.023633533887704283,0.4543664661122957,0.478
1528,500,PCC,SVM,0.08932767585372625,0.23532767585372624,0.146
1529,500,PCC,SVM,0.0629217620405137,0.3349217620405137,0.272
1530,500,PCC,SVM,0.035127017003341365,0.34312701700334136,0.308
1531,500,PCC,SVM,0.1068400840725518,0.2328400840725518,0.126
1532,500,PCC,SVM,0.03159886367712694,0.5184011363228731,0.55
1533,500,PCC,SVM,0.0909216455126507,0.6130783544873493,0.704
1534,500,PCC,SVM,0.1183161161775953,0.1863161161775953,0.068
1535,500,PCC,SVM,0.02553473994101868,0.4544652600589813,0.48
1536,500,PCC,SVM,0.11736610521406121,0.6646338947859388,0.782
1537,500,PCC,SVM,0.10844612153974531,0.6375538784602547,0.746
1538,500,PCC,SVM,0.13040322202149413,0.6835967779785058,0.814
1539,500,PCC,SVM,0.01773116764840471,0.4657311676484047,0.448
1540,500,PCC,SVM,0.12524959965419824,0.6947504003458017,0.82
1541,500,PCC,SVM,0.06372572577528601,0.303725725775286,0.24
1542,500,PCC,SVM,0.020135047407658813,0.3801350474076588,0.36
1543,500,PCC,SVM,0.09044796172983299,0.266447961729833,0.176
1544,500,PCC,SVM,0.025906153638667273,0.44009384636133275,0.466
1545,500,PCC,SVM,0.03613823128115429,0.4281382312811543,0.392
1546,500,PCC,SVM,0.08739839083550804,0.32739839083550804,0.24
1547,500,PCC,SVM,0.11399470637047249,0.6360052936295275,0.75
1548,500,PCC,SVM,0.07388659455516572,0.3858865945551657,0.312
1549,500,PCC,SVM,0.041071735620954786,0.3130717356209548,0.272
1550,500,PCC,SVM,0.11112304547925905,0.24112304547925906,0.13
1551,500,PCC,SVM,0.009413504121322414,0.4474135041213224,0.438
1552,500,PCC,SVM,0.054779229307054145,0.35677922930705414,0.302
1553,500,PCC,SVM,0.011801179058085642,0.37980117905808564,0.368
1554,500,PCC,SVM,0.06023408551755913,0.29423408551755914,0.234
1555,500,PCC,SVM,0.10479217150359998,0.6572078284964,0.762
1556,500,PCC,SVM,0.16683472248276432,0.7631652775172357,0.93
1557,500,PCC,SVM,0.01638402394967925,0.47961597605032075,0.496
1558,500,PCC,SVM,0.08045709378243204,0.561542906217568,0.642
1559,500,PCC,SVM,0.12484840433763911,0.7411515956623609,0.866
1560,500,PCC,SVM,0.24166699482819254,0.7563330051718075,0.998
1561,500,PCC,SVM,0.06942648767258508,0.5425735123274149,0.612
1562,500,PCC,SVM,0.16995547291834912,0.7180445270816509,0.888
1563,500,PCC,SVM,0.1542493866729051,0.7537506133270949,0.908
1564,500,PCC,SVM,0.12880220271375908,0.661197797286241,0.79
1565,500,PCC,SVM,0.00209382482914211,0.4579061751708579,0.46
1566,500,PCC,SVM,0.12728803864140037,0.20728803864140036,0.08
1567,500,PCC,SVM,0.16236794509552935,0.17636794509552936,0.014
1568,500,PCC,SVM,0.01624650633298358,0.4597534936670164,0.476
1569,500,PCC,SVM,0.027118687200903324,0.46688131279909667,0.494
1570,500,PCC,SVM,0.007487138812563909,0.41348713881256394,0.406
1571,500,PCC,SVM,0.031421531646845136,0.5365784683531548,0.568
1572,500,PCC,SVM,0.04943116109508461,0.5025688389049154,0.552
1573,500,PCC,SVM,0.09848937385107204,0.7375106261489279,0.836
1574,500,PCC,SVM,0.12447867603434733,0.23247867603434733,0.108
1575,500,PCC,SVM,0.06700043734664315,0.29100043734664316,0.224
1576,500,PCC,SVM,0.12731866636618394,0.6646813336338161,0.792
1577,500,PCC,SVM,0.14336133183322208,0.7026386681667779,0.846
1578,500,PCC,SVM,0.19785184652215848,0.7961481534778415,0.994
1579,500,PCC,SVM,0.15955835381614125,0.7124416461838587,0.872
1580,500,PCC,SVM,0.1535041791634184,0.7344958208365816,0.888
1581,500,PCC,SVM,0.03450413591652163,0.34850413591652163,0.314
1582,500,PCC,SVM,0.01854691207974285,0.41854691207974287,0.4
1583,500,PCC,SVM,0.05959607637464004,0.32759607637464006,0.268
1584,500,PCC,SVM,0.0756572944924141,0.5303427055075859,0.606
1585,500,PCC,SVM,0.17287131203766637,0.7651286879623336,0.938
1586,500,PCC,SVM,0.04091683146522063,0.3849168314652206,0.344
1587,500,PCC,SVM,0.04624724676654923,0.5097527532334508,0.556
1588,500,PCC,SVM,0.061652342479119826,0.3576523424791198,0.296
1589,500,PCC,SVM,0.09442031830977057,0.2624203183097706,0.168
1590,500,PCC,SVM,0.05898281807872985,0.25298281807872985,0.194
1591,500,PCC,SVM,0.1427942333458961,0.1987942333458961,0.056
1592,500,PCC,SVM,0.19673111661146225,0.7512688833885377,0.948
1593,500,PCC,SVM,0.00743005702532451,0.3945699429746755,0.402
1594,500,PCC,SVM,0.1426717684857315,0.6913282315142685,0.834
1595,500,PCC,SVM,0.07681295994620263,0.6031870400537974,0.68
1596,500,PCC,SVM,0.07770256402030751,0.2677025640203075,0.19
1597,500,PCC,SVM,0.09863782640314511,0.2726378264031451,0.174
1598,500,PCC,SVM,0.11738171836101263,0.6926182816389874,0.81
1599,500,PCC,SVM,0.04698385631072888,0.3109838563107289,0.264
1600,500,PCC,SVM,0.16502825239946228,0.7469717476005377,0.912
1601,500,PCC,SVM,0.10457852504820722,0.24457852504820723,0.14
1602,500,PCC,SVM,0.0618753443931489,0.6141246556068511,0.676
1603,500,PCC,SVM,0.12418110112290914,0.6898188988770908,0.814
1604,500,PCC,SVM,0.057168521912895315,0.29116852191289533,0.234
1605,500,PCC,SVM,0.04722950719441549,0.3232295071944155,0.276
1606,500,PCC,SVM,0.20165090265074115,0.7623490973492588,0.964
1607,500,PCC,SVM,0.05483012196327153,0.31883012196327154,0.264
1608,500,PCC,SVM,0.004938260860375854,0.42306173913962414,0.428
1609,500,PCC,SVM,0.004973938211667583,0.4369739382116676,0.432
1610,500,PCC,SVM,0.06279498383035148,0.3147949838303515,0.252
1611,500,PCC,SVM,0.12749019609847034,0.6465098039015297,0.774
1612,500,PCC,SVM,0.13343402329303544,0.6365659767069646,0.77
1613,500,PCC,SVM,0.025497382962372805,0.4034973829623728,0.378
1614,500,PCC,SVM,0.14354253136009465,0.6904574686399053,0.834
1615,500,PCC,SVM,0.05971734272601739,0.2717173427260174,0.212
1616,500,PCC,SVM,0.16831374897750226,0.17231374897750226,0.004
1617,500,PCC,SVM,0.05109889300600623,0.5189011069939937,0.57
1618,500,PCC,SVM,0.19616111781666268,0.7978388821833373,0.994
1619,500,PCC,SVM,0.13409197231274142,0.17209197231274143,0.038
1620,500,PCC,SVM,0.09504859954405306,0.30104859954405305,0.206
1621,500,PCC,SVM,0.017173943440941364,0.5008260565590587,0.518
1622,500,PCC,SVM,0.12773597672941217,0.6802640232705879,0.808
1623,500,PCC,SVM,0.13239101834767938,0.22039101834767938,0.088
1624,500,PCC,SVM,0.010243297256292083,0.4042432972562921,0.394
1625,500,PCC,SVM,0.11988397960720987,0.6261160203927901,0.746
1626,500,PCC,SVM,0.027274208070374673,0.39727420807037467,0.37
1627,500,PCC,SVM,0.10679782202604843,0.29479782202604843,0.188
1628,500,PCC,SVM,0.09306292610778932,0.28706292610778933,0.194
1629,500,PCC,SVM,0.0109298475692301,0.4209298475692301,0.41
1630,500,PCC,SVM,0.016685795034310502,0.4613142049656895,0.478
1631,500,PCC,SVM,0.14234588804745496,0.717654111952545,0.86
1632,500,PCC,SVM,0.07898190745176736,0.5630180925482327,0.642
1633,500,PCC,SVM,0.09107440511104437,0.5989255948889556,0.69
1634,500,PCC,SVM,0.187554941154511,0.794445058845489,0.982
1635,500,PCC,SVM,0.011138246346568403,0.4211382463465684,0.41
1636,500,PCC,SVM,0.013011967740017838,0.41501196774001786,0.402
1637,500,PCC,SVM,0.17825148352601983,0.7437485164739802,0.922
1638,500,PCC,SVM,0.07421206860864715,0.31821206860864715,0.244
1639,500,PCC,SVM,0.11718511024143385,0.6108148897585661,0.728
1640,500,PCC,SVM,0.08732017838039052,0.6666798216196095,0.754
1641,500,PCC,SVM,0.12028374437237144,0.21628374437237144,0.096
1642,500,PCC,SVM,0.021540060156149676,0.44645993984385035,0.468
1643,500,PCC,SVM,0.07727563306677232,0.27727563306677233,0.2
1644,500,PCC,SVM,0.09679616759437287,0.28079616759437287,0.184
1645,500,PCC,SVM,0.017888842005898076,0.4798888420058981,0.462
1646,500,PCC,SVM,0.06039373551648475,0.3483937355164847,0.288
1647,500,PCC,SVM,0.09752672846112431,0.6984732715388757,0.796
1648,500,PCC,SVM,0.16610258322858729,0.7398974167714127,0.906
1649,500,PCC,SVM,0.1498326256057586,0.6521673743942414,0.802
1650,500,PCC,SVM,0.08389284079494175,0.34989284079494176,0.266
1651,500,PCC,SVM,0.04706066474324366,0.3210606647432437,0.274
1652,500,PCC,SVM,0.05930793725183303,0.31330793725183304,0.254
1653,500,PCC,SVM,0.10498198521819821,0.23898198521819822,0.134
1654,500,PCC,SVM,0.17346491270739095,0.768535087292609,0.942
1655,500,PCC,SVM,0.008389034740365953,0.410389034740366,0.402
1656,500,PCC,SVM,0.06159804550386008,0.2855980455038601,0.224
1657,500,PCC,SVM,0.15823180816976168,0.6877681918302383,0.846
1658,500,PCC,SVM,0.016320466434957825,0.41432046643495785,0.398
1659,500,PCC,SVM,0.13101992082189468,0.16501992082189468,0.034
1660,500,PCC,SVM,0.10736100603541962,0.2673610060354196,0.16
1661,500,PCC,SVM,0.09028049632332202,0.547719503676678,0.638
1662,500,PCC,SVM,0.1303098244041201,0.6516901755958799,0.782
1663,500,PCC,SVM,0.07645011318424053,0.2864501131842405,0.21
1664,500,PCC,SVM,0.1482130866161686,0.7677869133838314,0.916
1665,500,PCC,SVM,0.1450427362444754,0.7049572637555246,0.85
1666,500,PCC,SVM,0.12466337451235765,0.7233366254876423,0.848
1667,500,PCC,SVM,0.09499303466976158,0.3209930346697616,0.226
1668,500,PCC,SVM,0.13253667956851162,0.18253667956851163,0.05
1669,500,PCC,SVM,0.14709402643750802,0.718905973562492,0.866
1670,500,PCC,SVM,0.05008598816630844,0.35408598816630843,0.304
1671,500,PCC,SVM,0.06444322030203031,0.5535567796979697,0.618
1672,500,PCC,SVM,0.11443700291101633,0.6435629970889837,0.758
1673,500,PCC,SVM,0.09632268966992741,0.2243226896699274,0.128
1674,500,PCC,SVM,0.12649159318656777,0.6535084068134323,0.78
1675,500,PCC,SVM,0.15381473976030746,0.7841852602396925,0.938
1676,500,PCC,SVM,0.1110864593289681,0.6169135406710319,0.728
1677,500,PCC,SVM,0.006536953378422361,0.43346304662157764,0.44
1678,500,PCC,SVM,0.16125815752925143,0.7147418424707486,0.876
1679,500,PCC,SVM,0.026748514882559138,0.4992514851174409,0.526
1680,500,PCC,SVM,0.10593174640603664,0.6380682535939634,0.744
1681,500,PCC,SVM,0.138351417484184,0.681648582515816,0.82
1682,500,PCC,SVM,0.10047716021915853,0.6475228397808415,0.748
1683,500,PCC,SVM,0.011446615933700444,0.2974466159337004,0.286
1684,500,PCC,SVM,0.1061871734862986,0.2221871734862986,0.116
1685,500,PCC,SVM,0.06026810450106457,0.29826810450106456,0.238
1686,500,PCC,SVM,0.027697589106422615,0.4743024108935774,0.502
1687,500,PCC,SVM,0.013729059002571264,0.49027094099742874,0.504
1688,500,PCC,SVM,0.06501849803319515,0.5169815019668048,0.582
1689,500,PCC,SVM,0.018721594608281045,0.41272159460828106,0.394
1690,500,PCC,SVM,0.11395124022595127,0.6720487597740488,0.786
1691,500,PCC,SVM,0.1706325627916938,0.7413674372083062,0.912
1692,500,PCC,SVM,0.058103801008835165,0.30410380100883516,0.246
1693,500,PCC,SVM,0.10895545675077434,0.6270445432492256,0.736
1694,500,PCC,SVM,0.08168070863799226,0.5943192913620078,0.676
1695,500,PCC,SVM,0.000446186717273922,0.5215538132827261,0.522
1696,500,PCC,SVM,0.09202230471600858,0.2800223047160086,0.188
1697,500,PCC,SVM,0.12061285924931209,0.673387140750688,0.794
1698,500,PCC,SVM,0.17245292639405596,0.787547073605944,0.96
1699,500,PCC,SVM,0.08851110515123173,0.6314888948487682,0.72
1700,500,PCC,SVM,0.17642367078022292,0.7395763292197771,0.916
1701,500,PCC,SVM,0.18149395107917743,0.8025060489208226,0.984
1702,500,PCC,SVM,0.027581515678447688,0.37958151567844767,0.352
1703,500,PCC,SVM,0.06527329684758387,0.5727267031524161,0.638
1704,500,PCC,SVM,0.00957147162695593,0.46242852837304405,0.472
1705,500,PCC,SVM,0.19834297696525605,0.7876570230347439,0.986
1706,500,PCC,SVM,0.11402473443237154,0.20602473443237154,0.092
1707,500,PCC,SVM,0.0002967931821419856,0.411703206817858,0.412
1708,500,PCC,SVM,0.15965024073841694,0.7143497592615831,0.874
1709,500,PCC,SVM,0.05474647075315975,0.3387464707531597,0.284
1710,500,PCC,SVM,0.12887076055702718,0.6571292394429729,0.786
1711,500,PCC,SVM,0.019131648841649695,0.4011316488416497,0.382
1712,500,PCC,SVM,0.17690414393656828,0.8010958560634317,0.978
1713,500,PCC,SVM,0.17183447396707352,0.7101655260329265,0.882
1714,500,PCC,SVM,0.04818976849947393,0.3481897684994739,0.3
1715,500,PCC,SVM,0.14656349559541593,0.6234365044045841,0.77
1716,500,PCC,SVM,0.036057397398485846,0.37205739739848587,0.336
1717,500,PCC,SVM,0.0331998474836791,0.5728001525163209,0.606
1718,500,PCC,SVM,0.09034625340291969,0.5676537465970803,0.658
1719,500,PCC,SVM,0.1473445009404043,0.6806554990595957,0.828
1720,500,PCC,SVM,0.14924274182178202,0.173242741821782,0.024
1721,500,PCC,SVM,0.07929425775172752,0.2992942577517275,0.22
1722,500,PCC,SVM,0.09686665385037996,0.61313334614962,0.71
1723,500,PCC,SVM,0.0545251350448791,0.507474864955121,0.562
1724,500,PCC,SVM,0.0008191671977300086,0.49318083280227,0.494
1725,500,PCC,SVM,0.1650608980524832,0.2190608980524832,0.054
1726,500,PCC,SVM,0.03950550375402023,0.3875055037540202,0.348
1727,500,PCC,SVM,0.16358238538690384,0.7004176146130962,0.864
1728,500,PCC,SVM,0.14012336450074597,0.17012336450074597,0.03
1729,500,PCC,SVM,0.016225791604119078,0.4122257916041191,0.396
1730,500,PCC,SVM,0.20252739264722408,0.7414726073527759,0.944
1731,500,PCC,SVM,0.13926282230994308,0.18926282230994307,0.05
1732,500,PCC,SVM,0.13028173494081186,0.6177182650591881,0.748
1733,500,PCC,SVM,0.06398334886519108,0.3199833488651911,0.256
1734,500,PCC,SVM,0.1660342760185255,0.6999657239814745,0.866
1735,500,PCC,SVM,0.08634561144265818,0.6596543885573418,0.746
1736,500,PCC,SVM,0.14161941508412912,0.7423805849158709,0.884
1737,500,PCC,SVM,0.04918908021740051,0.2631890802174005,0.214
1738,500,PCC,SVM,0.04703464714873812,0.4829653528512619,0.53
1739,500,PCC,SVM,0.13773731881593998,0.64026268118406,0.778
1740,500,PCC,SVM,0.05248852251574987,0.29648852251574986,0.244
1741,500,PCC,SVM,0.07002906565730968,0.3000290656573097,0.23
1742,500,PCC,SVM,0.13907868145157465,0.16507868145157464,0.026
1743,500,PCC,SVM,0.18555698985766544,0.7724430101423345,0.958
1744,500,PCC,SVM,0.08911471779711155,0.6208852822028884,0.71
1745,500,PCC,SVM,0.058726235920085745,0.5752737640799143,0.634
1746,500,PCC,SVM,0.08642116366416375,0.6555788363358362,0.742
1747,500,PCC,SVM,0.030884703905137312,0.4991152960948627,0.53
1748,500,PCC,SVM,0.029739941015324345,0.44626005898467563,0.476
1749,500,PCC,SVM,0.002840106323908853,0.45084010632390886,0.448
1750,500,PCC,SVM,0.05341629787896962,0.5865837021210304,0.64
1751,500,PCC,SVM,0.07748148162512991,0.2774814816251299,0.2
1752,500,PCC,SVM,0.18183969801002697,0.706160301989973,0.888
1753,500,PCC,SVM,0.15021205568603024,0.6597879443139698,0.81
1754,500,PCC,SVM,0.02161921343449974,0.3696192134344997,0.348
1755,500,PCC,SVM,0.06046981971304577,0.5175301802869542,0.578
1756,500,PCC,SVM,0.08444255248896301,0.22444255248896303,0.14
1757,500,PCC,SVM,0.18171148926292835,0.7902885107370716,0.972
1758,500,PCC,SVM,0.1716179842029868,0.7303820157970132,0.902
1759,500,PCC,SVM,0.1689201616505297,0.7510798383494703,0.92
1760,500,PCC,SVM,0.06093104257806797,0.392931042578068,0.332
1761,500,PCC,SVM,0.09631205839738441,0.2643120583973844,0.168
1762,500,PCC,SVM,0.10571962176455843,0.3157196217645584,0.21
1763,500,PCC,SVM,0.11560103414653952,0.20560103414653952,0.09
1764,500,PCC,SVM,0.11016170935167138,0.23016170935167138,0.12
1765,500,PCC,SVM,0.11492330686154986,0.18492330686154987,0.07
1766,500,PCC,SVM,0.18682838248538658,0.8011716175146134,0.988
1767,500,PCC,SVM,0.11918843895550969,0.1931884389555097,0.074
1768,500,PCC,SVM,0.10035292655613595,0.23235292655613596,0.132
1769,500,PCC,SVM,0.14905710244379133,0.6769428975562086,0.826
1770,500,PCC,SVM,0.05730071152698857,0.5226992884730114,0.58
1771,500,PCC,SVM,0.13762456524023903,0.636375434759761,0.774
1772,500,PCC,SVM,0.041633620247424674,0.5883663797525753,0.63
1773,500,PCC,SVM,0.15347208782318789,0.7285279121768121,0.882
1774,500,PCC,SVM,0.07962795872496731,0.5583720412750327,0.638
1775,500,PCC,SVM,0.04120842950189635,0.48079157049810367,0.522
1776,500,PCC,SVM,0.11627330942873415,0.5957266905712658,0.712
1777,500,PCC,SVM,0.0013248025613495917,0.4446751974386504,0.446
1778,500,PCC,SVM,0.04639179381999148,0.39239179381999145,0.346
1779,500,PCC,SVM,0.005821136494682744,0.4601788635053173,0.466
1780,500,PCC,SVM,0.09108363929686694,0.25908363929686695,0.168
1781,500,PCC,SVM,0.14150792263297696,0.6544920773670231,0.796
1782,500,PCC,SVM,0.046599770955081665,0.3065997709550817,0.26
1783,500,PCC,SVM,0.10066365984212208,0.2526636598421221,0.152
1784,500,PCC,SVM,0.08600399565660494,0.33200399565660493,0.246
1785,500,PCC,SVM,0.14267446916515136,0.6993255308348486,0.842
1786,500,PCC,SVM,0.029339443456660508,0.3593394434566605,0.33
1787,500,PCC,SVM,0.09246141406222863,0.5935385859377714,0.686
1788,500,PCC,SVM,0.15246909690813193,0.703530903091868,0.856
1789,500,PCC,SVM,0.13012925280071114,0.20612925280071115,0.076
1790,500,PCC,SVM,0.10273834907992252,0.6612616509200775,0.764
1791,500,PCC,SVM,0.019188474391701626,0.3251884743917016,0.306
1792,500,PCC,SVM,0.08031655978252358,0.2963165597825236,0.216
1793,500,PCC,SVM,0.0860472995560232,0.6019527004439768,0.688
1794,500,PCC,SVM,0.17461935782198612,0.7333806421780139,0.908
1795,500,PCC,SVM,0.054333492509175574,0.34833349250917556,0.294
1796,500,PCC,SVM,0.05106879039576884,0.5169312096042311,0.568
1797,500,PCC,SVM,0.07046191982615929,0.35846191982615927,0.288
1798,500,PCC,SVM,0.03745813309757107,0.516541866902429,0.554
1799,500,PCC,SVM,0.07196010879259285,0.5480398912074071,0.62
1800,500,PCC,SVM,0.1027782754349289,0.5072217245650711,0.61
1801,500,PCC,SVM,0.07264269176044957,0.5493573082395504,0.622
1802,500,PCC,SVM,0.09232358570582949,0.2263235857058295,0.134
1803,500,PCC,SVM,0.10923232772452651,0.5827676722754734,0.692
1804,500,PCC,SVM,0.1018080645145617,0.5721919354854383,0.674
1805,500,PCC,SVM,0.07404153126766966,0.6079584687323304,0.682
1806,500,PCC,SVM,0.10385565697250836,0.17785565697250835,0.074
1807,500,PCC,SVM,0.0015908101737632796,0.44440918982623673,0.446
1808,500,PCC,SVM,0.0047478954134976825,0.41274789541349766,0.408
1809,500,PCC,SVM,0.11246932340352625,0.19846932340352624,0.086
1810,500,PCC,SVM,0.05534297671065738,0.2773429767106574,0.222
1811,500,PCC,SVM,0.03034545862510657,0.40965454137489343,0.44
1812,500,PCC,SVM,0.09717131916271127,0.6448286808372887,0.742
1813,500,PCC,SVM,0.06178049350020082,0.2977804935002008,0.236
1814,500,PCC,SVM,0.1281419613896656,0.6998580386103344,0.828
1815,500,PCC,SVM,0.04995043317673037,0.49404956682326967,0.544
1816,500,PCC,SVM,0.11302798463583086,0.6469720153641692,0.76
1817,500,PCC,SVM,0.025024229917721463,0.4469757700822785,0.472
1818,500,PCC,SVM,0.027275025950783793,0.4707249740492162,0.498
1819,500,PCC,SVM,0.06252936372880313,0.5554706362711969,0.618
1820,500,PCC,SVM,0.17962195346138077,0.7463780465386193,0.926
1821,500,PCC,SVM,0.006727963680040139,0.48327203631995985,0.49
1822,500,PCC,SVM,0.026876631052658362,0.5011233689473417,0.528
1823,500,PCC,SVM,0.0746968537955306,0.5253031462044694,0.6
1824,500,PCC,SVM,0.10055575653152515,0.6354442434684748,0.736
1825,500,PCC,SVM,0.13616188236767648,0.2061618823676765,0.07
1826,500,PCC,SVM,0.03292750162963459,0.4810724983703654,0.514
1827,500,PCC,SVM,0.012996242947897862,0.4670037570521021,0.48
1828,500,PCC,SVM,0.16430597024296623,0.7556940297570338,0.92
1829,500,PCC,SVM,0.02614470101472377,0.4658552989852762,0.492
1830,500,PCC,SVM,0.05467490122407287,0.41332509877592716,0.468
1831,500,PCC,SVM,0.20208576345709484,0.7599142365429051,0.962
1832,500,PCC,SVM,0.016078636612430364,0.4660786366124304,0.45
1833,500,PCC,SVM,0.09438156578531975,0.27438156578531975,0.18
1834,500,PCC,SVM,0.06916850680599432,0.2851685068059943,0.216
1835,500,PCC,SVM,0.11547383736513772,0.20947383736513772,0.094
1836,500,PCC,SVM,0.12885331006813394,0.12885331006813394,0.0
1837,500,PCC,SVM,0.0018160196979300491,0.43181601969793004,0.43
1838,500,PCC,SVM,0.11248155889464861,0.6555184411053514,0.768
1839,500,PCC,SVM,0.11083794841845196,0.621162051581548,0.732
1840,500,PCC,SVM,0.15388193107706805,0.18588193107706805,0.032
1841,500,PCC,SVM,0.07554547981985643,0.4924545201801435,0.568
1842,500,PCC,SVM,0.0809344017148971,0.2349344017148971,0.154
1843,500,PCC,SVM,0.16479286111411473,0.7752071388858852,0.94
1844,500,PCC,SVM,0.08664048742509631,0.2526404874250963,0.166
1845,500,PCC,SVM,0.048744894643839354,0.5772551053561606,0.626
1846,500,PCC,SVM,0.004557242460870192,0.3305572424608702,0.326
1847,500,PCC,SVM,0.062147261202189163,0.5778527387978108,0.64
1848,500,PCC,SVM,0.000579190718519973,0.41142080928148,0.412
1849,500,PCC,SVM,0.13625015806422325,0.6217498419357768,0.758
1850,500,PCC,SVM,0.06804514357923216,0.2980451435792322,0.23
1851,500,PCC,SVM,0.16807213737501392,0.7359278626249861,0.904
1852,500,PCC,SVM,0.022275041643120497,0.4777249583568795,0.5
1853,500,PCC,SVM,0.13502881031285996,0.62097118968714,0.756
1854,500,PCC,SVM,0.13341518522281848,0.7145848147771815,0.848
1855,500,PCC,SVM,0.20171464581172704,0.796285354188273,0.998
1856,500,PCC,SVM,0.0527920699334011,0.2747920699334011,0.222
1857,500,PCC,SVM,0.0592497560004846,0.3452497560004846,0.286
1858,500,PCC,SVM,0.06904664845318664,0.31904664845318664,0.25
1859,500,PCC,SVM,0.08027200212167429,0.3422720021216743,0.262
1860,500,PCC,SVM,0.0672362492516898,0.5147637507483102,0.582
1861,500,PCC,SVM,0.20232683788507622,0.7896731621149238,0.992
1862,500,PCC,SVM,0.17991408740822856,0.8100859125917714,0.99
1863,500,PCC,SVM,0.05181514901995121,0.4741848509800488,0.526
1864,500,PCC,SVM,0.09200853013830468,0.5459914698616953,0.638
1865,500,PCC,SVM,0.1661512136483021,0.6918487863516979,0.858
1866,500,PCC,SVM,0.17924576698606842,0.7527542330139316,0.932
1867,500,PCC,SVM,0.0966065073494633,0.2986065073494633,0.202
1868,500,PCC,SVM,0.05127763587217493,0.4767223641278251,0.528
1869,500,PCC,SVM,0.15124903343705398,0.680750966562946,0.832
1870,500,PCC,SVM,0.07538600629669223,0.3773860062966922,0.302
1871,500,PCC,SVM,0.021303053433109342,0.41669694656689066,0.438
1872,500,PCC,SVM,0.18344233365178253,0.8005576663482175,0.984
1873,500,PCC,SVM,0.18721763014547976,0.7967823698545202,0.984
1874,500,PCC,SVM,0.17313758891259923,0.7328624110874008,0.906
1875,500,PCC,SVM,0.1336343764691723,0.6643656235308277,0.798
1876,500,PCC,SVM,0.073653216390831,0.341653216390831,0.268
1877,500,PCC,SVM,0.0220371719060678,0.3420371719060678,0.32
1878,500,PCC,SVM,0.04149486956149928,0.5045051304385008,0.546
1879,500,PCC,SVM,0.06866951309250924,0.4913304869074908,0.56
1880,500,PCC,SVM,0.012447850069913835,0.49155214993008617,0.504
1881,500,PCC,SVM,0.08005175977947943,0.5559482402205206,0.636
1882,500,PCC,SVM,0.00540559129784246,0.41340559129784243,0.408
1883,500,PCC,SVM,0.11613157678176578,0.6318684232182342,0.748
1884,500,PCC,SVM,0.0031914159231157258,0.33519141592311574,0.332
1885,500,PCC,SVM,0.053240509549870196,0.3832405095498702,0.33
1886,500,PCC,SVM,0.10881144517317248,0.23481144517317248,0.126
1887,500,PCC,SVM,0.09212870122779543,0.28012870122779543,0.188
1888,500,PCC,SVM,0.1611923008283772,0.6888076991716228,0.85
1889,500,PCC,SVM,0.00654318478322069,0.4394568152167793,0.446
1890,500,PCC,SVM,0.07436860056247416,0.30036860056247416,0.226
1891,500,PCC,SVM,0.13635101819144213,0.6216489818085579,0.758
1892,500,PCC,SVM,0.0507581285794273,0.5012418714205727,0.552
1893,500,PCC,SVM,0.14068244185390927,0.16068244185390926,0.02
1894,500,PCC,SVM,0.034099148440998095,0.3500991484409981,0.316
1895,500,PCC,SVM,0.1061442872908121,0.2821442872908121,0.176
1896,500,PCC,SVM,0.08078624134370127,0.5732137586562988,0.654
1897,500,PCC,SVM,0.08322067130285388,0.3572206713028539,0.274
1898,500,PCC,SVM,0.14992201876592212,0.21392201876592212,0.064
1899,500,PCC,SVM,0.13781094191014243,0.19181094191014242,0.054
1900,500,PCC,SVM,0.05905107784647812,0.5209489221535218,0.58
1901,500,PCC,SVM,0.16230132302903338,0.18230132302903337,0.02
1902,500,PCC,SVM,0.13738687030144492,0.7106131296985551,0.848
1903,500,PCC,SVM,0.1102397278266912,0.2642397278266912,0.154
1904,500,PCC,SVM,0.05545730191170739,0.5505426980882926,0.606
1905,500,PCC,SVM,0.021537447946346766,0.42246255205365324,0.444
1906,500,PCC,SVM,0.0038831309701451433,0.43811686902985486,0.442
1907,500,PCC,SVM,0.1140477584736018,0.1840477584736018,0.07
1908,500,PCC,SVM,0.13486663141043065,0.6671333685895694,0.802
1909,500,PCC,SVM,0.11949673862494592,0.7725032613750541,0.892
1910,500,PCC,SVM,0.14678976004097388,0.1567897600409739,0.01
1911,500,PCC,SVM,0.0783940514027699,0.2563940514027699,0.178
1912,500,PCC,SVM,0.1787456364194201,0.7232543635805799,0.902
1913,500,PCC,SVM,0.026869703941994838,0.5211302960580052,0.548
1914,500,PCC,SVM,0.09649873098642248,0.24649873098642247,0.15
1915,500,PCC,SVM,0.08092991704005642,0.28292991704005643,0.202
1916,500,PCC,SVM,0.0817259506033321,0.5762740493966679,0.658
1917,500,PCC,SVM,0.11156266298076911,0.6124373370192309,0.724
1918,500,PCC,SVM,0.028237649608562565,0.5697623503914374,0.598
1919,500,PCC,SVM,0.1748678570214166,0.7771321429785834,0.952
1920,500,PCC,SVM,0.02427154121102748,0.4697284587889725,0.494
1921,500,PCC,SVM,0.04208424494856694,0.34208424494856693,0.3
1922,500,PCC,SVM,0.004704789197723991,0.471295210802276,0.476
1923,500,PCC,SVM,0.054129713352372044,0.41212971335237203,0.358
1924,500,PCC,SVM,0.0406737680546542,0.2646737680546542,0.224
1925,500,PCC,SVM,0.15062343295541686,0.19462343295541687,0.044
1926,500,PCC,SVM,0.02273574255738875,0.37473574255738873,0.352
1927,500,PCC,SVM,0.07987699627341627,0.6301230037265837,0.71
1928,500,PCC,SVM,0.14226613711451208,0.16026613711451207,0.018
1929,500,PCC,SVM,0.011701034603798843,0.44970103460379884,0.438
1930,500,PCC,SVM,0.046588051935078756,0.5974119480649213,0.644
1931,500,PCC,SVM,0.06805140383357378,0.5419485961664262,0.61
1932,500,PCC,SVM,0.12340720798851734,0.6525927920114827,0.776
1933,500,PCC,SVM,0.14911152951549778,0.6608884704845023,0.81
1934,500,PCC,SVM,0.10891474099399345,0.6010852590060065,0.71
1935,500,PCC,SVM,0.12018123655424655,0.22218123655424654,0.102
1936,500,PCC,SVM,0.027959231676389418,0.44604076832361056,0.474
1937,500,PCC,SVM,0.07172769776079757,0.5302723022392024,0.602
1938,500,PCC,SVM,0.06335826331529609,0.3073582633152961,0.244
1939,500,PCC,SVM,0.15659384710159574,0.19859384710159575,0.042
1940,500,PCC,SVM,0.0597219567751133,0.2817219567751133,0.222
1941,500,PCC,SVM,0.023817996619750648,0.43018200338024937,0.454
1942,500,PCC,SVM,0.022071606156621126,0.4340716061566211,0.412
1943,500,PCC,SVM,0.10328155956095719,0.2792815595609572,0.176
1944,500,PCC,SVM,0.14425294843922543,0.6797470515607745,0.824
1945,500,PCC,SVM,0.17851455120703696,0.7454854487929631,0.924
1946,500,PCC,SVM,0.08095103231709244,0.28095103231709245,0.2
1947,500,PCC,SVM,0.1652883028491351,0.762711697150865,0.928
1948,500,PCC,SVM,0.13317653006434493,0.14917653006434492,0.016
1949,500,PCC,SVM,0.1784128141082666,0.7455871858917335,0.924
1950,500,PCC,SVM,0.1901773079483715,0.7598226920516284,0.95
1951,500,PCC,SVM,0.14254286297846316,0.15454286297846317,0.012
1952,500,PCC,SVM,0.0918189330345891,0.6701810669654109,0.762
1953,500,PCC,SVM,0.21314872432747722,0.7568512756725227,0.97
1954,500,PCC,SVM,0.18081445552749975,0.7231855444725003,0.904
1955,500,PCC,SVM,0.18978931435355584,0.7802106856464441,0.97
1956,500,PCC,SVM,0.040617738205455556,0.5093822617945445,0.55
1957,500,PCC,SVM,0.12849198718139748,0.20649198718139747,0.078
1958,500,PCC,SVM,0.14216050290548365,0.7058394970945163,0.848
1959,500,PCC,SVM,0.06761576794036406,0.5443842320596359,0.612
1960,500,PCC,SVM,0.048901926429852915,0.5650980735701471,0.614
1961,500,PCC,SVM,0.0006023335577174938,0.4153976664422825,0.416
1962,500,PCC,SVM,0.057320854555440226,0.5126791454445597,0.57
1963,500,PCC,SVM,0.08954948229635312,0.24154948229635312,0.152
1964,500,PCC,SVM,0.09833578842439838,0.6396642115756016,0.738
1965,500,PCC,SVM,0.13959840486873148,0.2135984048687315,0.074
1966,500,PCC,SVM,0.12071793249258911,0.6072820675074109,0.728
1967,500,PCC,SVM,0.13141066614569852,0.7165893338543015,0.848
1968,500,PCC,SVM,0.006337733669777523,0.46566226633022245,0.472
1969,500,PCC,SVM,0.03894634089566634,0.46905365910433366,0.508
1970,500,PCC,SVM,0.04259340126224248,0.3545934012622425,0.312
1971,500,PCC,SVM,0.23090667398143405,0.7370933260185659,0.968
1972,500,PCC,SVM,0.12794446584299302,0.604055534157007,0.732
1973,500,PCC,SVM,0.010113385000345643,0.37811338500034564,0.368
1974,500,PCC,SVM,0.11252508085683505,0.28652508085683503,0.174
1975,500,PCC,SVM,0.06670638465387799,0.284706384653878,0.218
1976,500,PCC,SVM,0.005133780065307791,0.45686621993469223,0.462
1977,500,PCC,SVM,0.17964893872594323,0.7623510612740567,0.942
1978,500,PCC,SVM,0.08851293261248683,0.6454870673875132,0.734
1979,500,PCC,SVM,0.05251487828851073,0.2665148782885107,0.214
1980,500,PCC,SVM,0.14084698774847138,0.7171530122515286,0.858
1981,500,PCC,SVM,0.001757457941893359,0.37624254205810664,0.378
1982,500,PCC,SVM,0.13290353783994147,0.7170964621600585,0.85
1983,500,PCC,SVM,0.042390611878225015,0.282390611878225,0.24
1984,500,PCC,SVM,0.08716463824424159,0.5308353617557584,0.618
1985,500,PCC,SVM,0.1987940893397594,0.7272059106602407,0.926
1986,500,PCC,SVM,0.06824657384668831,0.3242465738466883,0.256
1987,500,PCC,SVM,0.0801726641966054,0.6118273358033945,0.692
1988,500,PCC,SVM,0.20852904874682332,0.7774709512531767,0.986
1989,500,PCC,SVM,0.09125457480297461,0.2412545748029746,0.15
1990,500,PCC,SVM,0.12776814708485884,0.21576814708485884,0.088
1991,500,PCC,SVM,0.10449278496194814,0.5695072150380519,0.674
1992,500,PCC,SVM,0.04615400089305183,0.38415400089305185,0.338
1993,500,PCC,SVM,0.09690606574018021,0.16690606574018022,0.07
1994,500,PCC,SVM,0.007851623871342472,0.4661483761286575,0.474
1995,500,PCC,SVM,0.1307544205764306,0.6212455794235694,0.752
1996,500,PCC,SVM,0.05070432086330573,0.3347043208633057,0.284
1997,500,PCC,SVM,0.010335607295191451,0.34433560729519147,0.334
1998,500,PCC,SVM,0.1374312223958587,0.7065687776041413,0.844
1999,500,PCC,SVM,0.06473458623913403,0.455265413760866,0.52
