,bag_id,bag_size,method,classifier,mae,pred_pos,true_pos
0,0,100,PACC,SVM,0.14906971206533348,0.6209302879346665,0.77
1,1,100,PACC,SVM,0.015660487306030035,0.44566048730603003,0.43
2,2,100,PACC,SVM,0.10253605902368768,0.7474639409763123,0.85
3,3,100,PACC,SVM,0.13049691497670413,0.5595030850232958,0.69
4,4,100,PACC,SVM,0.12373509165810384,0.21373509165810384,0.09
5,5,100,PACC,SVM,0.19560134895720227,0.7743986510427977,0.97
6,6,100,PACC,SVM,0.14857376042230264,0.6114262395776974,0.76
7,7,100,PACC,SVM,0.12866927674998863,0.6513307232500114,0.78
8,8,100,PACC,SVM,0.07232880627785884,0.19232880627785884,0.12
9,9,100,PACC,SVM,0.01638644304219483,0.4336135569578052,0.45
10,10,100,PACC,SVM,0.054551203743986254,0.42455120374398625,0.37
11,11,100,PACC,SVM,0.21562166752503176,0.7043783324749683,0.92
12,12,100,PACC,SVM,0.05997381077029684,0.5800261892297032,0.64
13,13,100,PACC,SVM,0.16958745440250256,0.6504125455974974,0.82
14,14,100,PACC,SVM,0.025529248648185066,0.46552924864818507,0.44
15,15,100,PACC,SVM,0.05880491266980695,0.27880491266980695,0.22
16,16,100,PACC,SVM,0.027305468809503908,0.5226945311904961,0.55
17,17,100,PACC,SVM,0.08089476831890932,0.14089476831890932,0.06
18,18,100,PACC,SVM,0.14207017599985505,0.6779298240001449,0.82
19,19,100,PACC,SVM,0.06856162424201973,0.5614383757579803,0.63
20,20,100,PACC,SVM,0.10230592671273309,0.6476940732872669,0.75
21,21,100,PACC,SVM,0.0002959011162398939,0.3497040988837601,0.35
22,22,100,PACC,SVM,0.22587761466882872,0.7441223853311713,0.97
23,23,100,PACC,SVM,0.186659651584012,0.703340348415988,0.89
24,24,100,PACC,SVM,0.10106449780576299,0.668935502194237,0.77
25,25,100,PACC,SVM,0.0029535904326218054,0.1870464095673782,0.19
26,26,100,PACC,SVM,0.004354579535529535,0.4556454204644705,0.46
27,27,100,PACC,SVM,0.14089912142611807,0.18089912142611808,0.04
28,28,100,PACC,SVM,0.10227486623273821,0.2522748662327382,0.15
29,29,100,PACC,SVM,0.13767836796681543,0.5423216320331846,0.68
30,30,100,PACC,SVM,0.1325706367610746,0.6074293632389254,0.74
31,31,100,PACC,SVM,0.18108326108533424,0.7789167389146657,0.96
32,32,100,PACC,SVM,0.02716803095963788,0.3471680309596379,0.32
33,33,100,PACC,SVM,0.001899120793058262,0.37189912079305826,0.37
34,34,100,PACC,SVM,0.05038101317448823,0.4096189868255118,0.46
35,35,100,PACC,SVM,0.020922790907559496,0.2009227909075595,0.18
36,36,100,PACC,SVM,0.12582280818618133,0.24582280818618132,0.12
37,37,100,PACC,SVM,0.020992544169385063,0.49099254416938504,0.47
38,38,100,PACC,SVM,0.10473770532369628,0.3247377053236963,0.22
39,39,100,PACC,SVM,0.08694773277494505,0.573052267225055,0.66
40,40,100,PACC,SVM,0.004072512496058445,0.42592748750394155,0.43
41,41,100,PACC,SVM,0.1416197253794007,0.6883802746205993,0.83
42,42,100,PACC,SVM,0.08383074135643998,0.61616925864356,0.7
43,43,100,PACC,SVM,0.00775137078278082,0.3177513707827808,0.31
44,44,100,PACC,SVM,0.12921266768120376,0.7007873323187962,0.83
45,45,100,PACC,SVM,0.1431702567081734,0.6568297432918266,0.8
46,46,100,PACC,SVM,0.03918146340410805,0.41918146340410806,0.38
47,47,100,PACC,SVM,0.036561900027759775,0.3165619000277598,0.28
48,48,100,PACC,SVM,0.051218563076297796,0.6287814369237023,0.68
49,49,100,PACC,SVM,0.08216082187282653,0.21216082187282653,0.13
50,50,100,PACC,SVM,0.05946045898263008,0.24946045898263008,0.19
51,51,100,PACC,SVM,0.15588810301773345,0.15588810301773345,0.0
52,52,100,PACC,SVM,0.08711250314718655,0.6928874968528135,0.78
53,53,100,PACC,SVM,0.07224201169879974,0.5877579883012003,0.66
54,54,100,PACC,SVM,0.09434764992199185,0.6056523500780081,0.7
55,55,100,PACC,SVM,0.07992548623991769,0.7000745137600823,0.78
56,56,100,PACC,SVM,0.047181493570167155,0.40281850642983286,0.45
57,57,100,PACC,SVM,0.0603611787350255,0.49963882126497455,0.56
58,58,100,PACC,SVM,0.10249652930790543,0.23249652930790543,0.13
59,59,100,PACC,SVM,0.07718778039553216,0.18718778039553216,0.11
60,60,100,PACC,SVM,0.05240934093501903,0.607590659064981,0.66
61,61,100,PACC,SVM,0.022872536863798143,0.4928725368637981,0.47
62,62,100,PACC,SVM,0.044761210853199396,0.5152387891468007,0.56
63,63,100,PACC,SVM,0.15930519208939253,0.6006948079106075,0.76
64,64,100,PACC,SVM,0.027686329887607886,0.6023136701123921,0.63
65,65,100,PACC,SVM,0.07830563924228473,0.4716943607577153,0.55
66,66,100,PACC,SVM,0.03789982358216426,0.5121001764178358,0.55
67,67,100,PACC,SVM,0.025213293598928044,0.32521329359892803,0.3
68,68,100,PACC,SVM,0.15102206263314571,0.18102206263314571,0.03
69,69,100,PACC,SVM,0.03423109695300186,0.46423109695300185,0.43
70,70,100,PACC,SVM,0.08146673324424522,0.2914667332442452,0.21
71,71,100,PACC,SVM,0.00585443957307874,0.3941455604269213,0.4
72,72,100,PACC,SVM,0.11398965354404134,0.7360103464559586,0.85
73,73,100,PACC,SVM,0.08929527767305015,0.31929527767305016,0.23
74,74,100,PACC,SVM,0.11226127442616442,0.16226127442616442,0.05
75,75,100,PACC,SVM,0.025230116595898078,0.3052301165958981,0.28
76,76,100,PACC,SVM,0.040611785139360146,0.3306117851393601,0.29
77,77,100,PACC,SVM,0.0882375227219675,0.5717624772780325,0.66
78,78,100,PACC,SVM,0.04496193668318382,0.5050380633168162,0.55
79,79,100,PACC,SVM,0.07723746581919733,0.7027625341808027,0.78
80,80,100,PACC,SVM,0.11502493388022295,0.5449750661197771,0.66
81,81,100,PACC,SVM,0.041646614388320236,0.44164661438832026,0.4
82,82,100,PACC,SVM,0.08842387938867513,0.7215761206113249,0.81
83,83,100,PACC,SVM,0.041104624307303106,0.2011046243073031,0.16
84,84,100,PACC,SVM,0.13241192697654483,0.15241192697654482,0.02
85,85,100,PACC,SVM,0.08932031830122691,0.1793203183012269,0.09
86,86,100,PACC,SVM,0.06794008198944834,0.6520599180105516,0.72
87,87,100,PACC,SVM,0.015548036260076559,0.4755480362600766,0.46
88,88,100,PACC,SVM,0.13379664449205106,0.29379664449205106,0.16
89,89,100,PACC,SVM,0.07101082499441735,0.42898917500558265,0.5
90,90,100,PACC,SVM,0.09545573133495966,0.24545573133495965,0.15
91,91,100,PACC,SVM,0.11837004561342801,0.5716299543865719,0.69
92,92,100,PACC,SVM,0.0043124235002485745,0.43568757649975143,0.44
93,93,100,PACC,SVM,0.05402787163403849,0.3259721283659615,0.38
94,94,100,PACC,SVM,0.026034408329932923,0.3260344083299329,0.3
95,95,100,PACC,SVM,0.0986870872169181,0.5313129127830819,0.63
96,96,100,PACC,SVM,0.01887492479745706,0.37887492479745705,0.36
97,97,100,PACC,SVM,0.07339047337026526,0.15339047337026526,0.08
98,98,100,PACC,SVM,0.0804443640028298,0.1904443640028298,0.11
99,99,100,PACC,SVM,0.1316166483950456,0.8283833516049544,0.96
100,100,100,PACC,SVM,0.16935254018480594,0.7306474598151941,0.9
101,101,100,PACC,SVM,0.07147266141867037,0.6185273385813296,0.69
102,102,100,PACC,SVM,0.07572707942905593,0.33572707942905594,0.26
103,103,100,PACC,SVM,0.1736993617692445,0.7863006382307555,0.96
104,104,100,PACC,SVM,0.12848494018812295,0.6415150598118771,0.77
105,105,100,PACC,SVM,0.04919857553072149,0.6608014244692785,0.71
106,106,100,PACC,SVM,0.03375236126842579,0.4062476387315742,0.44
107,107,100,PACC,SVM,0.04405602060959524,0.31405602060959525,0.27
108,108,100,PACC,SVM,0.08687075715948908,0.17687075715948908,0.09
109,109,100,PACC,SVM,0.12550522010609244,0.7744947798939076,0.9
110,110,100,PACC,SVM,0.03744199019917965,0.41255800980082036,0.45
111,111,100,PACC,SVM,0.08180864189161313,0.28180864189161314,0.2
112,112,100,PACC,SVM,0.04013038372839928,0.34013038372839927,0.3
113,113,100,PACC,SVM,0.07259969770477975,0.4974003022952202,0.57
114,114,100,PACC,SVM,0.060669615226751045,0.23066961522675106,0.17
115,115,100,PACC,SVM,0.16049788371135376,0.6895021162886462,0.85
116,116,100,PACC,SVM,0.07280675825159333,0.6771932417484067,0.75
117,117,100,PACC,SVM,0.1095240348568427,0.6004759651431573,0.71
118,118,100,PACC,SVM,0.0015682630007274323,0.4315682630007274,0.43
119,119,100,PACC,SVM,0.03017555317588283,0.5898244468241172,0.62
120,120,100,PACC,SVM,0.06860766420228159,0.5113923357977184,0.58
121,121,100,PACC,SVM,0.062105527449866194,0.5778944725501338,0.64
122,122,100,PACC,SVM,0.14812894723528763,0.22812894723528762,0.08
123,123,100,PACC,SVM,0.04676987998287996,0.45676987998287993,0.41
124,124,100,PACC,SVM,0.11608133055864156,0.15608133055864157,0.04
125,125,100,PACC,SVM,0.0024926294927704595,0.49249262949277045,0.49
126,126,100,PACC,SVM,0.06787203776814699,0.387872037768147,0.32
127,127,100,PACC,SVM,0.12707034938556255,0.26707034938556257,0.14
128,128,100,PACC,SVM,0.11030827487053535,0.21030827487053536,0.1
129,129,100,PACC,SVM,0.025039415590208725,0.5549605844097912,0.58
130,130,100,PACC,SVM,0.09923017849829488,0.2692301784982949,0.17
131,131,100,PACC,SVM,0.2167612001076712,0.7032387998923288,0.92
132,132,100,PACC,SVM,0.0325267628476531,0.5474732371523469,0.58
133,133,100,PACC,SVM,0.08349744829188221,0.42349744829188224,0.34
134,134,100,PACC,SVM,0.03644430502036877,0.5535556949796312,0.59
135,135,100,PACC,SVM,0.1115851469550372,0.1315851469550372,0.02
136,136,100,PACC,SVM,0.12925418260216037,0.8207458173978396,0.95
137,137,100,PACC,SVM,0.03760456791449407,0.517604567914494,0.48
138,138,100,PACC,SVM,0.12045466287436457,0.6595453371256355,0.78
139,139,100,PACC,SVM,0.08524446991684774,0.16524446991684774,0.08
140,140,100,PACC,SVM,0.04105824417288795,0.43894175582711203,0.48
141,141,100,PACC,SVM,0.035043220978101586,0.4549567790218984,0.49
142,142,100,PACC,SVM,0.1304984667437744,0.7995015332562256,0.93
143,143,100,PACC,SVM,0.05898312229299085,0.5110168777070091,0.57
144,144,100,PACC,SVM,0.028068216426490822,0.44193178357350915,0.47
145,145,100,PACC,SVM,0.06683561909670804,0.32683561909670805,0.26
146,146,100,PACC,SVM,0.01815643304488057,0.3481564330448806,0.33
147,147,100,PACC,SVM,0.01405162750412381,0.5340516275041238,0.52
148,148,100,PACC,SVM,0.046470991466432576,0.47647099146643257,0.43
149,149,100,PACC,SVM,0.1375534968999422,0.1575534968999422,0.02
150,150,100,PACC,SVM,0.114738525031293,0.705261474968707,0.82
151,151,100,PACC,SVM,0.1660824755818493,0.7239175244181507,0.89
152,152,100,PACC,SVM,0.07619669058737794,0.21619669058737795,0.14
153,153,100,PACC,SVM,0.03412037791040634,0.5158796220895937,0.55
154,154,100,PACC,SVM,0.13695033065725004,0.23695033065725005,0.1
155,155,100,PACC,SVM,0.14722101485294092,0.5227789851470591,0.67
156,156,100,PACC,SVM,0.022638128700406823,0.30263812870040685,0.28
157,157,100,PACC,SVM,0.060022445750260944,0.5899775542497391,0.65
158,158,100,PACC,SVM,0.13287201222788003,0.5871279877721199,0.72
159,159,100,PACC,SVM,0.12560380501293755,0.6343961949870625,0.76
160,160,100,PACC,SVM,0.14675692066653542,0.24675692066653543,0.1
161,161,100,PACC,SVM,0.1950896361397645,0.7149103638602355,0.91
162,162,100,PACC,SVM,0.03904868223515265,0.26904868223515266,0.23
163,163,100,PACC,SVM,0.04741250194716609,0.07741250194716609,0.03
164,164,100,PACC,SVM,0.10959098859678551,0.44040901140321453,0.55
165,165,100,PACC,SVM,0.02034911742753992,0.3903491174275399,0.37
166,166,100,PACC,SVM,0.17609476492747667,0.6439052350725233,0.82
167,167,100,PACC,SVM,0.11545147417274959,0.6845485258272505,0.8
168,168,100,PACC,SVM,0.07419152957605157,0.38419152957605157,0.31
169,169,100,PACC,SVM,0.17193011150332116,0.7780698884966788,0.95
170,170,100,PACC,SVM,0.02841025187262325,0.31841025187262323,0.29
171,171,100,PACC,SVM,0.02121604470958277,0.48878395529041724,0.51
172,172,100,PACC,SVM,0.07013583990954664,0.32013583990954664,0.25
173,173,100,PACC,SVM,0.16811661627460484,0.7618833837253952,0.93
174,174,100,PACC,SVM,0.0880771699398312,0.2480771699398312,0.16
175,175,100,PACC,SVM,0.18264542391568528,0.2226454239156853,0.04
176,176,100,PACC,SVM,0.012243423159970956,0.44224342315997095,0.43
177,177,100,PACC,SVM,0.23448701426530172,0.7555129857346983,0.99
178,178,100,PACC,SVM,0.1560764950594521,0.7339235049405479,0.89
179,179,100,PACC,SVM,0.09065731204796734,0.6493426879520326,0.74
180,180,100,PACC,SVM,0.15606313834988284,0.7339368616501172,0.89
181,181,100,PACC,SVM,0.179489466085338,0.710510533914662,0.89
182,182,100,PACC,SVM,0.03177480466426574,0.47822519533573427,0.51
183,183,100,PACC,SVM,0.03668841228195496,0.34668841228195496,0.31
184,184,100,PACC,SVM,0.09733911735518874,0.6726608826448113,0.77
185,185,100,PACC,SVM,0.11772182944059606,0.542278170559404,0.66
186,186,100,PACC,SVM,0.02026649469306696,0.39026649469306696,0.37
187,187,100,PACC,SVM,0.09196817365081383,0.18196817365081383,0.09
188,188,100,PACC,SVM,0.148957264994807,0.591042735005193,0.74
189,189,100,PACC,SVM,0.008162275213378978,0.268162275213379,0.26
190,190,100,PACC,SVM,0.1451575305305649,0.7848424694694351,0.93
191,191,100,PACC,SVM,0.03643601554214837,0.27643601554214836,0.24
192,192,100,PACC,SVM,0.06987684153372464,0.18987684153372464,0.12
193,193,100,PACC,SVM,0.1294125802650692,0.7005874197349308,0.83
194,194,100,PACC,SVM,0.0973903261527597,0.2473903261527597,0.15
195,195,100,PACC,SVM,0.12152492962136238,0.2915249296213624,0.17
196,196,100,PACC,SVM,0.07683345771748973,0.5131665422825102,0.59
197,197,100,PACC,SVM,0.08561574796587479,0.7843842520341252,0.87
198,198,100,PACC,SVM,0.05922374070974609,0.2492237407097461,0.19
199,199,100,PACC,SVM,0.05324871098290751,0.3632487109829075,0.31
200,200,100,PACC,SVM,0.10103011303704967,0.6689698869629503,0.77
201,201,100,PACC,SVM,0.2038989708186899,0.7661010291813101,0.97
202,202,100,PACC,SVM,0.06159894572135782,0.4384010542786422,0.5
203,203,100,PACC,SVM,0.15349574473022404,0.29349574473022405,0.14
204,204,100,PACC,SVM,0.1638296737509259,0.17382967375092592,0.01
205,205,100,PACC,SVM,0.08664149791828771,0.3066414979182877,0.22
206,206,100,PACC,SVM,0.11466046021082898,0.244660460210829,0.13
207,207,100,PACC,SVM,0.07756206637754492,0.5924379336224551,0.67
208,208,100,PACC,SVM,0.14571895712760813,0.2657189571276081,0.12
209,209,100,PACC,SVM,0.036548042695780936,0.46345195730421906,0.5
210,210,100,PACC,SVM,0.12722557389008093,0.562774426109919,0.69
211,211,100,PACC,SVM,0.0445177174024054,0.5354822825975946,0.58
212,212,100,PACC,SVM,0.09965793196785244,0.28965793196785244,0.19
213,213,100,PACC,SVM,0.12301021199510098,0.6769897880048991,0.8
214,214,100,PACC,SVM,0.0818226776318115,0.6281773223681885,0.71
215,215,100,PACC,SVM,0.11002828872587223,0.6199717112741278,0.73
216,216,100,PACC,SVM,0.08864901525516192,0.21864901525516192,0.13
217,217,100,PACC,SVM,0.10591421990210467,0.22591421990210467,0.12
218,218,100,PACC,SVM,0.19459918783028274,0.7254008121697173,0.92
219,219,100,PACC,SVM,0.016244649969215985,0.37375535003078403,0.39
220,220,100,PACC,SVM,0.0007663174633689707,0.299233682536631,0.3
221,221,100,PACC,SVM,0.006173518971901826,0.4861735189719018,0.48
222,222,100,PACC,SVM,0.09523107627052751,0.5647689237294725,0.66
223,223,100,PACC,SVM,0.1786151545427732,0.7713848454572267,0.95
224,224,100,PACC,SVM,0.0032744517577480425,0.276725548242252,0.28
225,225,100,PACC,SVM,0.1975518209643271,0.7224481790356729,0.92
226,226,100,PACC,SVM,0.15630055492503556,0.17630055492503555,0.02
227,227,100,PACC,SVM,0.03975493531556373,0.5102450646844363,0.55
228,228,100,PACC,SVM,0.12533172943762583,0.5046682705623742,0.63
229,229,100,PACC,SVM,0.12569054876389277,0.22569054876389277,0.1
230,230,100,PACC,SVM,0.07481396783625785,0.21481396783625786,0.14
231,231,100,PACC,SVM,0.028134380877858967,0.43813438087785894,0.41
232,232,100,PACC,SVM,0.16917888887753152,0.7908211111224684,0.96
233,233,100,PACC,SVM,0.02451431248777214,0.5654856875122278,0.59
234,234,100,PACC,SVM,0.21090566352463946,0.7190943364753606,0.93
235,235,100,PACC,SVM,0.11769953660026256,0.6823004633997375,0.8
236,236,100,PACC,SVM,0.010851148075295414,0.4491488519247046,0.46
237,237,100,PACC,SVM,0.14650798636819085,0.6334920136318092,0.78
238,238,100,PACC,SVM,0.15930765692605148,0.1693076569260515,0.01
239,239,100,PACC,SVM,0.11117659385848577,0.21117659385848578,0.1
240,240,100,PACC,SVM,0.12753768930967802,0.6924623106903219,0.82
241,241,100,PACC,SVM,0.12647454526910884,0.6635254547308912,0.79
242,242,100,PACC,SVM,0.08761606273963521,0.3176160627396352,0.23
243,243,100,PACC,SVM,0.03903727312064004,0.49096272687936,0.53
244,244,100,PACC,SVM,0.034216005889061596,0.5657839941109384,0.6
245,245,100,PACC,SVM,0.16746427463188018,0.6925357253681198,0.86
246,246,100,PACC,SVM,0.07928569712498945,0.5207143028750105,0.6
247,247,100,PACC,SVM,0.02551803487108356,0.43551803487108354,0.41
248,248,100,PACC,SVM,0.007915761541757715,0.3620842384582423,0.37
249,249,100,PACC,SVM,9.603850614436915e-05,0.42009603850614435,0.42
250,250,100,PACC,SVM,0.031383691816534,0.618616308183466,0.65
251,251,100,PACC,SVM,0.17106009287380042,0.6889399071261996,0.86
252,252,100,PACC,SVM,0.039963714160828834,0.4100362858391712,0.45
253,253,100,PACC,SVM,0.06366632992738491,0.3036663299273849,0.24
254,254,100,PACC,SVM,0.10820107979870766,0.33820107979870767,0.23
255,255,100,PACC,SVM,0.1514389438745023,0.5885610561254977,0.74
256,256,100,PACC,SVM,0.1329812192500608,0.6770187807499393,0.81
257,257,100,PACC,SVM,0.09452391318226286,0.19452391318226286,0.1
258,258,100,PACC,SVM,0.08978912059801991,0.1497891205980199,0.06
259,259,100,PACC,SVM,0.07476546649395854,0.5152345335060414,0.59
260,260,100,PACC,SVM,0.10166879224777065,0.24166879224777066,0.14
261,261,100,PACC,SVM,0.11276282645324953,0.7072371735467504,0.82
262,262,100,PACC,SVM,0.010572981514402668,0.32057298151440267,0.31
263,263,100,PACC,SVM,0.10427712928560734,0.24427712928560735,0.14
264,264,100,PACC,SVM,0.1689693186606509,0.7510306813393491,0.92
265,265,100,PACC,SVM,0.09202099923337295,0.25202099923337296,0.16
266,266,100,PACC,SVM,0.017733886577692815,0.29773388657769284,0.28
267,267,100,PACC,SVM,0.10027896778634196,0.25027896778634195,0.15
268,268,100,PACC,SVM,0.07111963009032195,0.18111963009032195,0.11
269,269,100,PACC,SVM,0.1359344210753846,0.15593442107538458,0.02
270,270,100,PACC,SVM,0.14472207930305298,0.19472207930305296,0.05
271,271,100,PACC,SVM,0.09429016760628914,0.26429016760628915,0.17
272,272,100,PACC,SVM,0.1281095961765183,0.1781095961765183,0.05
273,273,100,PACC,SVM,0.08399563515488873,0.5060043648451112,0.59
274,274,100,PACC,SVM,0.02904016873256421,0.6509598312674358,0.68
275,275,100,PACC,SVM,0.012509580636285378,0.4025095806362854,0.39
276,276,100,PACC,SVM,0.01332514771656873,0.32332514771656873,0.31
277,277,100,PACC,SVM,0.06068101754120009,0.4393189824587999,0.5
278,278,100,PACC,SVM,0.11838677542924303,0.751613224570757,0.87
279,279,100,PACC,SVM,0.1637262051691737,0.6862737948308263,0.85
280,280,100,PACC,SVM,0.097239233974276,0.137239233974276,0.04
281,281,100,PACC,SVM,0.10794451553923973,0.2879445155392397,0.18
282,282,100,PACC,SVM,0.07456854321216003,0.30456854321216004,0.23
283,283,100,PACC,SVM,0.09096957175705739,0.3309695717570574,0.24
284,284,100,PACC,SVM,0.06084907186871247,0.5091509281312875,0.57
285,285,100,PACC,SVM,0.029787355384349623,0.4397873553843496,0.41
286,286,100,PACC,SVM,0.16108178473012486,0.20108178473012486,0.04
287,287,100,PACC,SVM,0.030174158769372683,0.4001741587693727,0.37
288,288,100,PACC,SVM,0.049402987581713353,0.47059701241828666,0.52
289,289,100,PACC,SVM,0.051461489552565826,0.15146148955256583,0.1
290,290,100,PACC,SVM,0.12913895054231295,0.700861049457687,0.83
291,291,100,PACC,SVM,0.16764993590781574,0.21764993590781576,0.05
292,292,100,PACC,SVM,0.16482613149948944,0.7551738685005106,0.92
293,293,100,PACC,SVM,0.11399257658879972,0.2039925765887997,0.09
294,294,100,PACC,SVM,0.10430931412682432,0.7356906858731757,0.84
295,295,100,PACC,SVM,0.14872293710919648,0.7512770628908035,0.9
296,296,100,PACC,SVM,0.14381578067813428,0.8261842193218657,0.97
297,297,100,PACC,SVM,0.15990281435589282,0.6400971856441072,0.8
298,298,100,PACC,SVM,0.08485450276469786,0.6851454972353022,0.77
299,299,100,PACC,SVM,0.12147309191732125,0.5185269080826788,0.64
300,300,100,PACC,SVM,0.11708373940195982,0.6529162605980402,0.77
301,301,100,PACC,SVM,0.07191221059889416,0.20191221059889417,0.13
302,302,100,PACC,SVM,0.018388256378708112,0.5116117436212919,0.53
303,303,100,PACC,SVM,0.03811502153561891,0.4718849784643811,0.51
304,304,100,PACC,SVM,0.14278453327881668,0.7072154667211833,0.85
305,305,100,PACC,SVM,0.01394667583513598,0.473946675835136,0.46
306,306,100,PACC,SVM,0.009119566501093357,0.37088043349890665,0.38
307,307,100,PACC,SVM,0.09255089757589241,0.5374491024241076,0.63
308,308,100,PACC,SVM,0.07079824626497189,0.3307982462649719,0.26
309,309,100,PACC,SVM,0.07795794700247066,0.20795794700247067,0.13
310,310,100,PACC,SVM,0.0050564354381797405,0.46494356456182023,0.47
311,311,100,PACC,SVM,0.04123814926699271,0.4512381492669927,0.41
312,312,100,PACC,SVM,0.06033149751195885,0.29033149751195886,0.23
313,313,100,PACC,SVM,0.033925250722219635,0.3939252507222196,0.36
314,314,100,PACC,SVM,0.005510722027289916,0.35448927797271007,0.36
315,315,100,PACC,SVM,0.011293720078596914,0.3312937200785969,0.32
316,316,100,PACC,SVM,0.018894580150801255,0.38889458015080125,0.37
317,317,100,PACC,SVM,0.11821674829351303,0.561783251706487,0.68
318,318,100,PACC,SVM,0.016065184565305812,0.3060651845653058,0.29
319,319,100,PACC,SVM,0.15425974890525274,0.7857402510947472,0.94
320,320,100,PACC,SVM,0.16009026419156414,0.7499097358084359,0.91
321,321,100,PACC,SVM,0.028014936583211525,0.5080149365832115,0.48
322,322,100,PACC,SVM,0.0030412970965875696,0.31695870290341244,0.32
323,323,100,PACC,SVM,0.06374538334574298,0.46625461665425705,0.53
324,324,100,PACC,SVM,0.10872944217962122,0.7312705578203788,0.84
325,325,100,PACC,SVM,0.033554820267892915,0.6164451797321071,0.65
326,326,100,PACC,SVM,0.07731348768652979,0.7226865123134703,0.8
327,327,100,PACC,SVM,0.06696272747801335,0.4630372725219867,0.53
328,328,100,PACC,SVM,0.03784371334653791,0.5921562866534621,0.63
329,329,100,PACC,SVM,0.06235513019227795,0.342355130192278,0.28
330,330,100,PACC,SVM,0.11307996590208991,0.6169200340979101,0.73
331,331,100,PACC,SVM,0.10746295207781104,0.30746295207781105,0.2
332,332,100,PACC,SVM,0.1132500451305899,0.57674995486941,0.69
333,333,100,PACC,SVM,0.12340339654956589,0.7365966034504341,0.86
334,334,100,PACC,SVM,0.11102358742691909,0.2410235874269191,0.13
335,335,100,PACC,SVM,0.09732510924100046,0.5126748907589995,0.61
336,336,100,PACC,SVM,0.163461815638947,0.253461815638947,0.09
337,337,100,PACC,SVM,0.12153909482372383,0.5984609051762761,0.72
338,338,100,PACC,SVM,0.09936721463428065,0.17936721463428065,0.08
339,339,100,PACC,SVM,0.1753872535794313,0.7546127464205687,0.93
340,340,100,PACC,SVM,0.1541290280405615,0.2841290280405615,0.13
341,341,100,PACC,SVM,0.2233160773059487,0.7266839226940512,0.95
342,342,100,PACC,SVM,0.10214498555755269,0.6978550144424474,0.8
343,343,100,PACC,SVM,0.016933443195340403,0.6069334431953404,0.59
344,344,100,PACC,SVM,0.11895382612647998,0.66104617387352,0.78
345,345,100,PACC,SVM,0.10290899750443261,0.6870910024955674,0.79
346,346,100,PACC,SVM,0.1769066655363437,0.7630933344636562,0.94
347,347,100,PACC,SVM,0.0383445527022358,0.2883445527022358,0.25
348,348,100,PACC,SVM,0.13559969218811863,0.45440030781188134,0.59
349,349,100,PACC,SVM,0.12027957526737865,0.21027957526737864,0.09
350,350,100,PACC,SVM,0.04848562079739882,0.5615143792026012,0.61
351,351,100,PACC,SVM,0.08441924852793395,0.25441924852793396,0.17
352,352,100,PACC,SVM,0.012461044600946214,0.5724610446009463,0.56
353,353,100,PACC,SVM,0.09726132316344493,0.472738676836555,0.57
354,354,100,PACC,SVM,0.016371660338839245,0.4436283396611608,0.46
355,355,100,PACC,SVM,0.03703298866410565,0.48296701133589437,0.52
356,356,100,PACC,SVM,0.17218046051497304,0.587819539485027,0.76
357,357,100,PACC,SVM,0.04613848953726396,0.7438615104627361,0.79
358,358,100,PACC,SVM,0.06547752416701302,0.42452247583298697,0.49
359,359,100,PACC,SVM,0.040006807316853465,0.5499931926831465,0.59
360,360,100,PACC,SVM,0.1366846256580152,0.7933153743419848,0.93
361,361,100,PACC,SVM,0.07450104138346599,0.18450104138346599,0.11
362,362,100,PACC,SVM,0.07316870600937626,0.18316870600937626,0.11
363,363,100,PACC,SVM,0.1209513200211484,0.2009513200211484,0.08
364,364,100,PACC,SVM,0.13438098659190145,0.5156190134080986,0.65
365,365,100,PACC,SVM,0.011285617175387397,0.3987143828246126,0.41
366,366,100,PACC,SVM,0.11201825187235592,0.6579817481276441,0.77
367,367,100,PACC,SVM,0.05316185444694066,0.6168381455530594,0.67
368,368,100,PACC,SVM,0.01463832813571242,0.34463832813571244,0.33
369,369,100,PACC,SVM,0.21472806349502693,0.6752719365049731,0.89
370,370,100,PACC,SVM,0.10831028562772149,0.6516897143722785,0.76
371,371,100,PACC,SVM,0.06713757179423901,0.33713757179423903,0.27
372,372,100,PACC,SVM,0.037587844023531825,0.3975878440235318,0.36
373,373,100,PACC,SVM,0.023433640926194044,0.28656635907380595,0.31
374,374,100,PACC,SVM,0.08855373993866356,0.23855373993866355,0.15
375,375,100,PACC,SVM,0.11786551503796355,0.25786551503796357,0.14
376,376,100,PACC,SVM,0.2140062284771701,0.71599377152283,0.93
377,377,100,PACC,SVM,0.030077757415301165,0.46007775741530116,0.43
378,378,100,PACC,SVM,0.016143267474312273,0.3961432674743123,0.38
379,379,100,PACC,SVM,0.08414023932937853,0.6358597606706214,0.72
380,380,100,PACC,SVM,0.014832548625442032,0.535167451374558,0.55
381,381,100,PACC,SVM,0.13225051637337737,0.7977494836266227,0.93
382,382,100,PACC,SVM,0.09854103153287863,0.6814589684671214,0.78
383,383,100,PACC,SVM,0.034202234641024454,0.5042022346410244,0.47
384,384,100,PACC,SVM,0.012812859167905033,0.38281285916790503,0.37
385,385,100,PACC,SVM,0.1847645009273725,0.7952354990726275,0.98
386,386,100,PACC,SVM,0.0656332222706354,0.6443667777293646,0.71
387,387,100,PACC,SVM,0.2375226538157298,0.7124773461842702,0.95
388,388,100,PACC,SVM,0.08814719120418367,0.19814719120418367,0.11
389,389,100,PACC,SVM,0.20001955261315008,0.6499804473868499,0.85
390,390,100,PACC,SVM,0.13603415178089995,0.49396584821910006,0.63
391,391,100,PACC,SVM,0.11932567550862536,0.23932567550862535,0.12
392,392,100,PACC,SVM,0.11104562695028602,0.46895437304971394,0.58
393,393,100,PACC,SVM,0.069232281012229,0.610767718987771,0.68
394,394,100,PACC,SVM,0.11155672153763672,0.12155672153763672,0.01
395,395,100,PACC,SVM,0.03573309114420403,0.414266908855796,0.45
396,396,100,PACC,SVM,0.13321999083006764,0.6867800091699323,0.82
397,397,100,PACC,SVM,0.036778011944721745,0.3267780119447217,0.29
398,398,100,PACC,SVM,0.020201533073017475,0.42979846692698254,0.45
399,399,100,PACC,SVM,0.0730321668587372,0.3669678331412628,0.44
400,400,100,PACC,SVM,0.04951799826433789,0.3495179982643379,0.3
401,401,100,PACC,SVM,0.181838683499287,0.728161316500713,0.91
402,402,100,PACC,SVM,0.12904172132932334,0.6509582786706767,0.78
403,403,100,PACC,SVM,0.11281065987430129,0.2228106598743013,0.11
404,404,100,PACC,SVM,0.22507660085597148,0.7649233991440285,0.99
405,405,100,PACC,SVM,0.21776279468878434,0.6522372053112157,0.87
406,406,100,PACC,SVM,0.0018590131323696357,0.28185901313236966,0.28
407,407,100,PACC,SVM,0.15657934250959593,0.673420657490404,0.83
408,408,100,PACC,SVM,0.12532706704649182,0.22532706704649183,0.1
409,409,100,PACC,SVM,0.16366989369837825,0.8263301063016217,0.99
410,410,100,PACC,SVM,0.09312932858884926,0.5668706714111508,0.66
411,411,100,PACC,SVM,0.009811455274381653,0.6401885447256184,0.65
412,412,100,PACC,SVM,0.1593280875852425,0.2493280875852425,0.09
413,413,100,PACC,SVM,0.20366287176943176,0.6863371282305682,0.89
414,414,100,PACC,SVM,0.14533756160097483,0.16533756160097482,0.02
415,415,100,PACC,SVM,0.10751481298260629,0.3475148129826063,0.24
416,416,100,PACC,SVM,0.07410299387197597,0.21410299387197598,0.14
417,417,100,PACC,SVM,0.1678092009053076,0.6021907990946924,0.77
418,418,100,PACC,SVM,0.046350462955341926,0.23635046295534193,0.19
419,419,100,PACC,SVM,0.13525920934785474,0.7747407906521453,0.91
420,420,100,PACC,SVM,0.09687828019872602,0.553121719801274,0.65
421,421,100,PACC,SVM,0.14485129287911142,0.17485129287911141,0.03
422,422,100,PACC,SVM,0.13794665666122136,0.13794665666122136,0.0
423,423,100,PACC,SVM,0.08483709291399912,0.13483709291399912,0.05
424,424,100,PACC,SVM,0.10139954749580904,0.49860045250419094,0.6
425,425,100,PACC,SVM,0.12201691995809893,0.6779830800419011,0.8
426,426,100,PACC,SVM,0.09545422716273946,0.3254542271627395,0.23
427,427,100,PACC,SVM,0.08883710741532302,0.7511628925846769,0.84
428,428,100,PACC,SVM,0.08216770375289602,0.13216770375289602,0.05
429,429,100,PACC,SVM,0.13394064050786758,0.6660593594921325,0.8
430,430,100,PACC,SVM,0.18307295888462594,0.7369270411153741,0.92
431,431,100,PACC,SVM,0.10354268002554912,0.6664573199744509,0.77
432,432,100,PACC,SVM,0.13999440219859005,0.5500055978014099,0.69
433,433,100,PACC,SVM,0.10092836118965487,0.7290716388103451,0.83
434,434,100,PACC,SVM,0.14728450694761405,0.18728450694761406,0.04
435,435,100,PACC,SVM,0.027593165040462164,0.22759316504046218,0.2
436,436,100,PACC,SVM,0.10669388082614631,0.2266938808261463,0.12
437,437,100,PACC,SVM,0.004134559889353517,0.5041345598893535,0.5
438,438,100,PACC,SVM,0.11972807042241507,0.6202719295775849,0.74
439,439,100,PACC,SVM,0.021843306544702235,0.6081566934552978,0.63
440,440,100,PACC,SVM,0.1163607252917297,0.7336392747082703,0.85
441,441,100,PACC,SVM,0.11190080977257313,0.26190080977257313,0.15
442,442,100,PACC,SVM,0.12431414199739965,0.6056858580026003,0.73
443,443,100,PACC,SVM,0.050666060848309546,0.24066606084830955,0.19
444,444,100,PACC,SVM,0.041123218552333196,0.3111232185523332,0.27
445,445,100,PACC,SVM,0.12734209258760532,0.5726579074123946,0.7
446,446,100,PACC,SVM,0.22737548411492658,0.7526245158850734,0.98
447,447,100,PACC,SVM,0.09612312215584329,0.5138768778441567,0.61
448,448,100,PACC,SVM,0.0742990963922428,0.1242990963922428,0.05
449,449,100,PACC,SVM,0.03319448540173253,0.5768055145982675,0.61
450,450,100,PACC,SVM,0.17927404631679852,0.21927404631679853,0.04
451,451,100,PACC,SVM,0.11141594394580967,0.7685840560541903,0.88
452,452,100,PACC,SVM,0.1918737068771742,0.5081262931228258,0.7
453,453,100,PACC,SVM,0.06411044285950032,0.23411044285950033,0.17
454,454,100,PACC,SVM,0.09732593645390347,0.18732593645390347,0.09
455,455,100,PACC,SVM,0.058318385166715475,0.23831838516671547,0.18
456,456,100,PACC,SVM,0.1436992815517234,0.8363007184482766,0.98
457,457,100,PACC,SVM,0.06803928748055749,0.3819607125194425,0.45
458,458,100,PACC,SVM,0.12990391000107693,0.6500960899989231,0.78
459,459,100,PACC,SVM,0.10708402320560917,0.5229159767943908,0.63
460,460,100,PACC,SVM,0.02822550416275138,0.5417744958372486,0.57
461,461,100,PACC,SVM,0.12639100555759641,0.2663910055575964,0.14
462,462,100,PACC,SVM,0.2106851108274732,0.7293148891725267,0.94
463,463,100,PACC,SVM,0.02029334609603073,0.3202933460960307,0.3
464,464,100,PACC,SVM,0.10716915273228123,0.4628308472677187,0.57
465,465,100,PACC,SVM,0.027680605794311752,0.6623193942056882,0.69
466,466,100,PACC,SVM,0.04643106634970218,0.5935689336502978,0.64
467,467,100,PACC,SVM,0.19945386996594383,0.7405461300340561,0.94
468,468,100,PACC,SVM,0.10306765010463131,0.24306765010463133,0.14
469,469,100,PACC,SVM,0.013475796776330595,0.5134757967763306,0.5
470,470,100,PACC,SVM,0.035635845932756316,0.43563584593275634,0.4
471,471,100,PACC,SVM,0.030728467106508006,0.500728467106508,0.47
472,472,100,PACC,SVM,0.11686948955040395,0.22686948955040395,0.11
473,473,100,PACC,SVM,0.07532146662392991,0.20532146662392992,0.13
474,474,100,PACC,SVM,0.07264314965773183,0.34264314965773185,0.27
475,475,100,PACC,SVM,0.05260133697259928,0.35260133697259927,0.3
476,476,100,PACC,SVM,0.0012445163608800769,0.42124451636088006,0.42
477,477,100,PACC,SVM,0.07709745404814983,0.5329025459518502,0.61
478,478,100,PACC,SVM,0.0015644930424951742,0.6315644930424952,0.63
479,479,100,PACC,SVM,0.0029695808182528816,0.41296958081825286,0.41
480,480,100,PACC,SVM,0.007712382137235574,0.4077123821372356,0.4
481,481,100,PACC,SVM,0.013403118129207747,0.22340311812920774,0.21
482,482,100,PACC,SVM,0.038427632261630706,0.5415723677383693,0.58
483,483,100,PACC,SVM,0.029362997171288374,0.33936299717128837,0.31
484,484,100,PACC,SVM,0.10436156567797333,0.13436156567797333,0.03
485,485,100,PACC,SVM,0.011688176054945765,0.42168817605494574,0.41
486,486,100,PACC,SVM,0.002612608664424698,0.47261260866442467,0.47
487,487,100,PACC,SVM,0.09996993657098965,0.31996993657098965,0.22
488,488,100,PACC,SVM,0.04562018372910304,0.5243798162708969,0.57
489,489,100,PACC,SVM,0.02564274256114163,0.5343572574388584,0.56
490,490,100,PACC,SVM,0.11516572785973223,0.5848342721402677,0.7
491,491,100,PACC,SVM,0.08425843078373152,0.5557415692162685,0.64
492,492,100,PACC,SVM,0.026159911391426927,0.6238400886085731,0.65
493,493,100,PACC,SVM,0.052265570178819165,0.36226557017881916,0.31
494,494,100,PACC,SVM,0.08857498800299912,0.6914250119970009,0.78
495,495,100,PACC,SVM,0.0475783409733741,0.49242165902662594,0.54
496,496,100,PACC,SVM,0.006261781555960633,0.42373821844403936,0.43
497,497,100,PACC,SVM,0.08488153172389867,0.5351184682761013,0.62
498,498,100,PACC,SVM,0.04823636532913783,0.4082363653291378,0.36
499,499,100,PACC,SVM,0.033982823541848395,0.4760171764581516,0.51
500,500,100,PACC,SVM,0.12704082151488172,0.6029591784851183,0.73
501,501,100,PACC,SVM,0.1946321666906522,0.6853678333093478,0.88
502,502,100,PACC,SVM,0.1533363505924359,0.7666636494075642,0.92
503,503,100,PACC,SVM,0.013396254738040292,0.5133962547380403,0.5
504,504,100,PACC,SVM,0.0589639248172093,0.4610360751827907,0.52
505,505,100,PACC,SVM,0.13448544860112277,0.6555145513988773,0.79
506,506,100,PACC,SVM,0.03495134582216941,0.3449513458221694,0.31
507,507,100,PACC,SVM,0.168016951877077,0.661983048122923,0.83
508,508,100,PACC,SVM,0.013092146804708604,0.4769078531952914,0.49
509,509,100,PACC,SVM,0.10879808657523136,0.21879808657523137,0.11
510,510,100,PACC,SVM,0.1134849035849125,0.1834849035849125,0.07
511,511,100,PACC,SVM,0.1171734547790344,0.7228265452209656,0.84
512,512,100,PACC,SVM,0.13431763067851432,0.18431763067851434,0.05
513,513,100,PACC,SVM,0.054479279816206705,0.33447927981620673,0.28
514,514,100,PACC,SVM,0.0062823853526389195,0.33628238535263894,0.33
515,515,100,PACC,SVM,0.08531989120948505,0.25531989120948506,0.17
516,516,100,PACC,SVM,0.1263738822570079,0.4363738822570079,0.31
517,517,100,PACC,SVM,0.0819870679009499,0.6580129320990501,0.74
518,518,100,PACC,SVM,0.17058010623381772,0.18058010623381773,0.01
519,519,100,PACC,SVM,0.1660543465885056,0.6539456534114944,0.82
520,520,100,PACC,SVM,0.16696818278710812,0.6830318172128919,0.85
521,521,100,PACC,SVM,0.043079691659762887,0.4130796916597629,0.37
522,522,100,PACC,SVM,0.08673199878315158,0.23673199878315157,0.15
523,523,100,PACC,SVM,0.018657824233882292,0.5813421757661177,0.6
524,524,100,PACC,SVM,0.14404223649871806,0.25404223649871804,0.11
525,525,100,PACC,SVM,0.005846482028722733,0.3658464820287227,0.36
526,526,100,PACC,SVM,0.191599286895606,0.7584007131043939,0.95
527,527,100,PACC,SVM,0.18314984236336196,0.806850157636638,0.99
528,528,100,PACC,SVM,0.12976810956943585,0.6402318904305642,0.77
529,529,100,PACC,SVM,0.06343649436334142,0.3734364943633414,0.31
530,530,100,PACC,SVM,0.10028967262442356,0.5797103273755765,0.68
531,531,100,PACC,SVM,0.09841210121523725,0.6015878987847627,0.7
532,532,100,PACC,SVM,0.03699678249017785,0.41699678249017785,0.38
533,533,100,PACC,SVM,0.01779269445091536,0.6222073055490847,0.64
534,534,100,PACC,SVM,0.13754384929651364,0.14754384929651365,0.01
535,535,100,PACC,SVM,0.0533161402839869,0.2533161402839869,0.2
536,536,100,PACC,SVM,0.013570203243628232,0.5064297967563718,0.52
537,537,100,PACC,SVM,0.08343133908318989,0.2434313390831899,0.16
538,538,100,PACC,SVM,0.06760691399368185,0.22760691399368185,0.16
539,539,100,PACC,SVM,0.17797641680944132,0.6520235831905586,0.83
540,540,100,PACC,SVM,0.2404698301526994,0.7395301698473006,0.98
541,541,100,PACC,SVM,0.07305515676994861,0.47694484323005143,0.55
542,542,100,PACC,SVM,0.0878935011887988,0.7421064988112012,0.83
543,543,100,PACC,SVM,0.18016537028998802,0.809834629710012,0.99
544,544,100,PACC,SVM,0.125750165458132,0.265750165458132,0.14
545,545,100,PACC,SVM,0.005170522182955661,0.44517052218295566,0.44
546,546,100,PACC,SVM,0.025098646120780943,0.41509864612078096,0.39
547,547,100,PACC,SVM,0.1511779400833626,0.23117794008336262,0.08
548,548,100,PACC,SVM,0.11835966255750607,0.6316403374424939,0.75
549,549,100,PACC,SVM,0.005291860225269729,0.4352918602252697,0.43
550,550,100,PACC,SVM,0.033691303255543315,0.4263086967444567,0.46
551,551,100,PACC,SVM,0.09583248160538232,0.24583248160538232,0.15
552,552,100,PACC,SVM,0.009219998552312703,0.1892199985523127,0.18
553,553,100,PACC,SVM,0.22052372452485625,0.6794762754751438,0.9
554,554,100,PACC,SVM,0.10990868592588282,0.14990868592588283,0.04
555,555,100,PACC,SVM,0.08504946339103561,0.3150494633910356,0.23
556,556,100,PACC,SVM,0.057778610784019635,0.3477786107840196,0.29
557,557,100,PACC,SVM,0.08987452715150224,0.40012547284849775,0.49
558,558,100,PACC,SVM,0.06917793889843293,0.510822061101567,0.58
559,559,100,PACC,SVM,0.04026961329565687,0.4497303867043431,0.49
560,560,100,PACC,SVM,0.06901574121296054,0.14901574121296055,0.08
561,561,100,PACC,SVM,0.08830388849177695,0.32830388849177694,0.24
562,562,100,PACC,SVM,0.1708240864870335,0.6691759135129665,0.84
563,563,100,PACC,SVM,0.13341061083678524,0.49658938916321477,0.63
564,564,100,PACC,SVM,0.14059374721064394,0.4994062527893561,0.64
565,565,100,PACC,SVM,0.05386024978638848,0.6161397502136116,0.67
566,566,100,PACC,SVM,0.10209343893372513,0.6579065610662749,0.76
567,567,100,PACC,SVM,0.11729726117961976,0.16729726117961977,0.05
568,568,100,PACC,SVM,0.029263925416617265,0.38926392541661725,0.36
569,569,100,PACC,SVM,0.03132961144140578,0.5613296114414058,0.53
570,570,100,PACC,SVM,0.09562676098660577,0.4256267609866058,0.33
571,571,100,PACC,SVM,0.12196333283165406,0.7180366671683459,0.84
572,572,100,PACC,SVM,0.04686490605760707,0.4331350939423929,0.48
573,573,100,PACC,SVM,0.10641035613600991,0.6535896438639901,0.76
574,574,100,PACC,SVM,0.14240895589050007,0.7075910441094999,0.85
575,575,100,PACC,SVM,0.02138508105743192,0.4786149189425681,0.5
576,576,100,PACC,SVM,0.12810977662025924,0.7718902233797408,0.9
577,577,100,PACC,SVM,0.02407717839002199,0.555922821609978,0.58
578,578,100,PACC,SVM,0.13368895261330194,0.716311047386698,0.85
579,579,100,PACC,SVM,0.023245039310092475,0.3632450393100925,0.34
580,580,100,PACC,SVM,0.08400490709360542,0.4059950929063946,0.49
581,581,100,PACC,SVM,0.0009541890997181168,0.5290458109002819,0.53
582,582,100,PACC,SVM,0.10033338485726884,0.20033338485726884,0.1
583,583,100,PACC,SVM,0.029976076461174506,0.3600239235388255,0.39
584,584,100,PACC,SVM,0.1638614004005059,0.7461385995994941,0.91
585,585,100,PACC,SVM,0.09062632436156348,0.5393736756384365,0.63
586,586,100,PACC,SVM,0.08114232419699438,0.2511423241969944,0.17
587,587,100,PACC,SVM,0.008663134638965564,0.3386631346389656,0.33
588,588,100,PACC,SVM,0.09967747275732508,0.2896774727573251,0.19
589,589,100,PACC,SVM,0.17470506573640998,0.19470506573640997,0.02
590,590,100,PACC,SVM,0.20452088611444819,0.7154791138855519,0.92
591,591,100,PACC,SVM,0.02681856247658171,0.4668185624765817,0.44
592,592,100,PACC,SVM,0.0842673390539786,0.3842673390539786,0.3
593,593,100,PACC,SVM,0.12264117184771495,0.467358828152285,0.59
594,594,100,PACC,SVM,0.20476040769875606,0.20476040769875606,0.0
595,595,100,PACC,SVM,0.05604255787301521,0.3260425578730152,0.27
596,596,100,PACC,SVM,0.12177865254162734,0.5782213474583726,0.7
597,597,100,PACC,SVM,0.029944270673532336,0.6000557293264677,0.63
598,598,100,PACC,SVM,0.2262371519733124,0.7537628480266876,0.98
599,599,100,PACC,SVM,0.09847743557044009,0.5215225644295599,0.62
600,600,100,PACC,SVM,0.006876838657750184,0.4631231613422498,0.47
601,601,100,PACC,SVM,0.038750282457912455,0.7212497175420876,0.76
602,602,100,PACC,SVM,0.22627085392828683,0.6737291460717132,0.9
603,603,100,PACC,SVM,0.10118803108782859,0.6188119689121714,0.72
604,604,100,PACC,SVM,0.13219015415072455,0.8278098458492754,0.96
605,605,100,PACC,SVM,0.14861113792292657,0.6313888620770735,0.78
606,606,100,PACC,SVM,0.1541720559765556,0.7058279440234444,0.86
607,607,100,PACC,SVM,0.09967318935187085,0.20967318935187085,0.11
608,608,100,PACC,SVM,0.0885293559051249,0.6414706440948751,0.73
609,609,100,PACC,SVM,0.017907111753080962,0.42209288824691904,0.44
610,610,100,PACC,SVM,0.07285188721017138,0.47714811278982866,0.55
611,611,100,PACC,SVM,0.11746100692988137,0.5325389930701186,0.65
612,612,100,PACC,SVM,0.24040322224403698,0.719596777755963,0.96
613,613,100,PACC,SVM,0.187024360513789,0.792975639486211,0.98
614,614,100,PACC,SVM,0.037604538852282876,0.3176045388522829,0.28
615,615,100,PACC,SVM,0.09514612216482699,0.634853877835173,0.73
616,616,100,PACC,SVM,0.11102437027905776,0.6289756297209422,0.74
617,617,100,PACC,SVM,0.047354178341114106,0.38735417834111413,0.34
618,618,100,PACC,SVM,0.06833008155867018,0.18833008155867018,0.12
619,619,100,PACC,SVM,0.11961800682673454,0.15961800682673455,0.04
620,620,100,PACC,SVM,0.024310373514755734,0.7456896264852443,0.77
621,621,100,PACC,SVM,0.004986432087803805,0.4849864320878038,0.48
622,622,100,PACC,SVM,0.1980762798616621,0.7819237201383379,0.98
623,623,100,PACC,SVM,0.00045800763901532315,0.4595419923609847,0.46
624,624,100,PACC,SVM,0.1952494920516542,0.7747505079483458,0.97
625,625,100,PACC,SVM,0.014438267786069381,0.3955617322139306,0.41
626,626,100,PACC,SVM,0.10442057147924533,0.6855794285207547,0.79
627,627,100,PACC,SVM,0.1169645703098567,0.1969645703098567,0.08
628,628,100,PACC,SVM,0.08534092499595675,0.4646590750040433,0.55
629,629,100,PACC,SVM,0.08826267613195071,0.7117373238680493,0.8
630,630,100,PACC,SVM,0.14155185003564164,0.7784481499643584,0.92
631,631,100,PACC,SVM,0.12250286866767368,0.6974971313323263,0.82
632,632,100,PACC,SVM,0.18485146378381725,0.21485146378381725,0.03
633,633,100,PACC,SVM,0.014030679162237214,0.3840306791622372,0.37
634,634,100,PACC,SVM,0.11230995442498659,0.1523099544249866,0.04
635,635,100,PACC,SVM,0.0768353102242994,0.1768353102242994,0.1
636,636,100,PACC,SVM,0.05231772460027584,0.6176822753997242,0.67
637,637,100,PACC,SVM,0.12814216988139548,0.5818578301186045,0.71
638,638,100,PACC,SVM,0.04344130922777334,0.7265586907722267,0.77
639,639,100,PACC,SVM,0.12129827058019937,0.7387017294198006,0.86
640,640,100,PACC,SVM,0.03650067076069563,0.6934993292393044,0.73
641,641,100,PACC,SVM,0.07718005231618286,0.7228199476838172,0.8
642,642,100,PACC,SVM,0.12788448975934902,0.16788448975934903,0.04
643,643,100,PACC,SVM,0.104025194967416,0.334025194967416,0.23
644,644,100,PACC,SVM,0.006240005994974984,0.626240005994975,0.62
645,645,100,PACC,SVM,0.12458574116218113,0.7254142588378188,0.85
646,646,100,PACC,SVM,0.13666401462285527,0.13666401462285527,0.0
647,647,100,PACC,SVM,0.05745663747357971,0.4525433625264203,0.51
648,648,100,PACC,SVM,0.09092728329590027,0.5790727167040998,0.67
649,649,100,PACC,SVM,0.17170454470722793,0.19170454470722792,0.02
650,650,100,PACC,SVM,0.0015086736356785813,0.39849132636432144,0.4
651,651,100,PACC,SVM,0.188009341160568,0.701990658839432,0.89
652,652,100,PACC,SVM,0.1207560909969474,0.5492439090030526,0.67
653,653,100,PACC,SVM,0.14387382317921346,0.37387382317921347,0.23
654,654,100,PACC,SVM,0.06628819488051274,0.7837118051194872,0.85
655,655,100,PACC,SVM,0.02276701563171879,0.31723298436828123,0.34
656,656,100,PACC,SVM,0.229487911672707,0.620512088327293,0.85
657,657,100,PACC,SVM,0.02301930833656962,0.3130193083365696,0.29
658,658,100,PACC,SVM,0.05497006575651531,0.5350299342434847,0.59
659,659,100,PACC,SVM,0.008714730903705392,0.3812852690962946,0.39
660,660,100,PACC,SVM,0.01807320952498792,0.28807320952498794,0.27
661,661,100,PACC,SVM,0.10761774865396978,0.7723822513460302,0.88
662,662,100,PACC,SVM,0.038284490038267255,0.21828449003826725,0.18
663,663,100,PACC,SVM,0.09713144499648653,0.17713144499648653,0.08
664,664,100,PACC,SVM,0.05617800317767846,0.28382199682232157,0.34
665,665,100,PACC,SVM,0.09172296921823997,0.61827703078176,0.71
666,666,100,PACC,SVM,0.13912495517977785,0.6608750448202222,0.8
667,667,100,PACC,SVM,0.15043161587627008,0.8395683841237299,0.99
668,668,100,PACC,SVM,0.08654446019340722,0.3765444601934072,0.29
669,669,100,PACC,SVM,0.0030852900263065863,0.39691470997369344,0.4
670,670,100,PACC,SVM,0.05555615544761597,0.18555615544761597,0.13
671,671,100,PACC,SVM,0.061831705280258165,0.5081682947197418,0.57
672,672,100,PACC,SVM,0.20663587569659514,0.7833641243034049,0.99
673,673,100,PACC,SVM,0.08967573266080742,0.6103242673391925,0.7
674,674,100,PACC,SVM,0.04319637179240221,0.5468036282075978,0.59
675,675,100,PACC,SVM,0.02268747463940579,0.4126874746394058,0.39
676,676,100,PACC,SVM,0.2414885737295297,0.6685114262704703,0.91
677,677,100,PACC,SVM,0.003250665073339931,0.48674933492666006,0.49
678,678,100,PACC,SVM,0.09107936748301865,0.22107936748301865,0.13
679,679,100,PACC,SVM,0.02665343241612189,0.3333465675838781,0.36
680,680,100,PACC,SVM,0.11999496925815217,0.17999496925815217,0.06
681,681,100,PACC,SVM,0.06324180428398318,0.2632418042839832,0.2
682,682,100,PACC,SVM,0.14624498529265084,0.15624498529265085,0.01
683,683,100,PACC,SVM,0.03887451555425364,0.48887451555425365,0.45
684,684,100,PACC,SVM,0.042218563214048266,0.5877814367859517,0.63
685,685,100,PACC,SVM,0.02807467100267097,0.31192532899732905,0.34
686,686,100,PACC,SVM,0.011731950694890192,0.4082680493051098,0.42
687,687,100,PACC,SVM,0.21668292220140306,0.7333170777985969,0.95
688,688,100,PACC,SVM,0.13806358259897156,0.6119364174010284,0.75
689,689,100,PACC,SVM,0.04539425807059577,0.49460574192940426,0.54
690,690,100,PACC,SVM,0.00925742073419844,0.2707425792658016,0.28
691,691,100,PACC,SVM,0.14368299008171104,0.746317009918289,0.89
692,692,100,PACC,SVM,0.07058910828685586,0.30058910828685587,0.23
693,693,100,PACC,SVM,0.09332401860800293,0.41332401860800294,0.32
694,694,100,PACC,SVM,0.12731893181514975,0.7726810681848503,0.9
695,695,100,PACC,SVM,0.05294300573203414,0.4670569942679659,0.52
696,696,100,PACC,SVM,0.10612638313833855,0.6338736168616614,0.74
697,697,100,PACC,SVM,0.04530592659198951,0.5446940734080105,0.59
698,698,100,PACC,SVM,0.07772568936195834,0.5722743106380417,0.65
699,699,100,PACC,SVM,0.05293485582213969,0.3429348558221397,0.29
700,700,100,PACC,SVM,0.045028050298389855,0.28502805029838985,0.24
701,701,100,PACC,SVM,0.010352754846521484,0.3096472451534785,0.32
702,702,100,PACC,SVM,0.0953362519591463,0.2453362519591463,0.15
703,703,100,PACC,SVM,0.17464457916901688,0.6953554208309831,0.87
704,704,100,PACC,SVM,0.002644173398464955,0.27735582660153507,0.28
705,705,100,PACC,SVM,0.07399861771175975,0.4860013822882403,0.56
706,706,100,PACC,SVM,0.07113311661609922,0.7188668833839008,0.79
707,707,100,PACC,SVM,0.1252144386809937,0.6547855613190063,0.78
708,708,100,PACC,SVM,0.007055040472311924,0.4370550404723119,0.43
709,709,100,PACC,SVM,0.06069713362947099,0.409302866370529,0.47
710,710,100,PACC,SVM,0.18462663342193564,0.8053733665780644,0.99
711,711,100,PACC,SVM,0.07506201282750846,0.5949379871724916,0.67
712,712,100,PACC,SVM,0.1929299749156872,0.6170700250843129,0.81
713,713,100,PACC,SVM,0.1413561807846444,0.7586438192153556,0.9
714,714,100,PACC,SVM,0.10309627137679289,0.6769037286232071,0.78
715,715,100,PACC,SVM,0.07076189923495357,0.25076189923495357,0.18
716,716,100,PACC,SVM,0.09083785960881419,0.46916214039118587,0.56
717,717,100,PACC,SVM,0.11902507449600827,0.21902507449600828,0.1
718,718,100,PACC,SVM,0.16760937461260572,0.4823906253873943,0.65
719,719,100,PACC,SVM,0.14099371635445024,0.8090062836455497,0.95
720,720,100,PACC,SVM,0.04053662830896276,0.46946337169103725,0.51
721,721,100,PACC,SVM,0.013103018831614688,0.4431030188316147,0.43
722,722,100,PACC,SVM,0.12459438172597295,0.15459438172597295,0.03
723,723,100,PACC,SVM,0.17329022923582638,0.7767097707641736,0.95
724,724,100,PACC,SVM,0.08136934644702531,0.18136934644702532,0.1
725,725,100,PACC,SVM,0.12025795714155196,0.16025795714155197,0.04
726,726,100,PACC,SVM,0.054574227538234266,0.29457422753823426,0.24
727,727,100,PACC,SVM,0.11510263968590168,0.17510263968590167,0.06
728,728,100,PACC,SVM,0.11871514329338467,0.33128485670661534,0.45
729,729,100,PACC,SVM,0.04188633717549339,0.4681136628245066,0.51
730,730,100,PACC,SVM,0.009555089487144619,0.3195550894871446,0.31
731,731,100,PACC,SVM,0.16704193734725264,0.21704193734725266,0.05
732,732,100,PACC,SVM,0.0596306715407333,0.1696306715407333,0.11
733,733,100,PACC,SVM,0.025745867616847162,0.35425413238315284,0.38
734,734,100,PACC,SVM,0.10602812200248887,0.16602812200248887,0.06
735,735,100,PACC,SVM,0.10616570508283274,0.5838342949171672,0.69
736,736,100,PACC,SVM,0.08201354767957536,0.28201354767957537,0.2
737,737,100,PACC,SVM,0.028056665280822568,0.32805666528082256,0.3
738,738,100,PACC,SVM,0.019040315292516596,0.4090403152925166,0.39
739,739,100,PACC,SVM,0.013973569722481372,0.3960264302775186,0.41
740,740,100,PACC,SVM,0.12260045936119483,0.12260045936119483,0.0
741,741,100,PACC,SVM,0.07823447610034347,0.18823447610034347,0.11
742,742,100,PACC,SVM,0.18760172206011705,0.6723982779398829,0.86
743,743,100,PACC,SVM,0.15210763581311426,0.15210763581311426,0.0
744,744,100,PACC,SVM,0.052058856944470544,0.44794114305552946,0.5
745,745,100,PACC,SVM,0.03771262473429321,0.4422873752657068,0.48
746,746,100,PACC,SVM,0.017702499956789186,0.31229750004321083,0.33
747,747,100,PACC,SVM,0.00031384649416604793,0.42968615350583395,0.43
748,748,100,PACC,SVM,0.08947759000321076,0.6905224099967893,0.78
749,749,100,PACC,SVM,0.08790231697414141,0.7520976830258586,0.84
750,750,100,PACC,SVM,0.023765606682118523,0.23623439331788149,0.26
751,751,100,PACC,SVM,0.09681492017674576,0.41681492017674576,0.32
752,752,100,PACC,SVM,0.06267770027119263,0.3026777002711926,0.24
753,753,100,PACC,SVM,0.08256071627850481,0.38743928372149516,0.47
754,754,100,PACC,SVM,0.09124913146883329,0.5887508685311668,0.68
755,755,100,PACC,SVM,0.032709363594106006,0.252709363594106,0.22
756,756,100,PACC,SVM,0.006024483800742997,0.336024483800743,0.33
757,757,100,PACC,SVM,0.2331571318056449,0.6968428681943551,0.93
758,758,100,PACC,SVM,0.12273330175417443,0.16273330175417444,0.04
759,759,100,PACC,SVM,0.01662237494412655,0.44337762505587347,0.46
760,760,100,PACC,SVM,0.1275047965663636,0.5824952034336364,0.71
761,761,100,PACC,SVM,0.09460578568941269,0.24460578568941269,0.15
762,762,100,PACC,SVM,0.0850676810675155,0.1250676810675155,0.04
763,763,100,PACC,SVM,0.1183607931407005,0.2483607931407005,0.13
764,764,100,PACC,SVM,0.15932091496486112,0.7506790850351389,0.91
765,765,100,PACC,SVM,0.1314814982281624,0.1314814982281624,0.0
766,766,100,PACC,SVM,0.13060072305277698,0.310600723052777,0.18
767,767,100,PACC,SVM,0.17800644312872563,0.20800644312872563,0.03
768,768,100,PACC,SVM,0.08086281834467147,0.19086281834467148,0.11
769,769,100,PACC,SVM,0.07794542570455554,0.5420545742954445,0.62
770,770,100,PACC,SVM,0.017239625480178822,0.2572396254801788,0.24
771,771,100,PACC,SVM,0.0959940098184075,0.46400599018159255,0.56
772,772,100,PACC,SVM,0.06535853095254796,0.524641469047452,0.59
773,773,100,PACC,SVM,0.13670610466481126,0.7032938953351887,0.84
774,774,100,PACC,SVM,0.12413966452458197,0.12413966452458197,0.0
775,775,100,PACC,SVM,0.10437252033603461,0.7456274796639654,0.85
776,776,100,PACC,SVM,0.057820604778059614,0.5521793952219404,0.61
777,777,100,PACC,SVM,0.02379090952973903,0.18379090952973903,0.16
778,778,100,PACC,SVM,0.10560015501631426,0.6643998449836858,0.77
779,779,100,PACC,SVM,0.14850904130162568,0.7014909586983743,0.85
780,780,100,PACC,SVM,0.030267605438460632,0.28026760543846063,0.25
781,781,100,PACC,SVM,0.18639732813989307,0.723602671860107,0.91
782,782,100,PACC,SVM,0.005970747784947827,0.4440292522150522,0.45
783,783,100,PACC,SVM,0.08679048551573032,0.5132095144842697,0.6
784,784,100,PACC,SVM,0.17183841189352989,0.8081615881064701,0.98
785,785,100,PACC,SVM,0.036234520139376614,0.3962345201393766,0.36
786,786,100,PACC,SVM,0.09781722155323291,0.7121827784467671,0.81
787,787,100,PACC,SVM,0.03353443772180753,0.27646556227819247,0.31
788,788,100,PACC,SVM,0.13006943294030682,0.6599305670596932,0.79
789,789,100,PACC,SVM,0.06942406548344005,0.5305759345165599,0.6
790,790,100,PACC,SVM,0.031365811246106795,0.2413658112461068,0.21
791,791,100,PACC,SVM,0.015751453992575826,0.4257514539925758,0.41
792,792,100,PACC,SVM,0.00925777828323926,0.31925777828323926,0.31
793,793,100,PACC,SVM,0.17730150811921216,0.24730150811921217,0.07
794,794,100,PACC,SVM,0.10115993045425503,0.12115993045425504,0.02
795,795,100,PACC,SVM,0.035929885951611784,0.30407011404838824,0.34
796,796,100,PACC,SVM,0.09463419843462795,0.10463419843462794,0.01
797,797,100,PACC,SVM,0.07536631667289564,0.23536631667289565,0.16
798,798,100,PACC,SVM,0.1439606494837773,0.5760393505162227,0.72
799,799,100,PACC,SVM,0.04252858197304299,0.657471418026957,0.7
800,800,100,PACC,SVM,0.096918208824615,0.633081791175385,0.73
801,801,100,PACC,SVM,0.035248967819138666,0.34524896781913866,0.31
802,802,100,PACC,SVM,0.134084063757558,0.755915936242442,0.89
803,803,100,PACC,SVM,0.028674037366190896,0.5613259626338091,0.59
804,804,100,PACC,SVM,0.08749036287878226,0.20749036287878225,0.12
805,805,100,PACC,SVM,0.07265158478080411,0.21265158478080412,0.14
806,806,100,PACC,SVM,0.09204482728303587,0.5979551727169641,0.69
807,807,100,PACC,SVM,0.11409227992944806,0.2840922799294481,0.17
808,808,100,PACC,SVM,0.01221579060248601,0.512215790602486,0.5
809,809,100,PACC,SVM,0.17663625838282826,0.8133637416171717,0.99
810,810,100,PACC,SVM,0.11513923842377567,0.11513923842377567,0.0
811,811,100,PACC,SVM,0.11902381824472065,0.12902381824472064,0.01
812,812,100,PACC,SVM,0.18398990301119622,0.8060100969888038,0.99
813,813,100,PACC,SVM,0.03300841587391368,0.5469915841260863,0.58
814,814,100,PACC,SVM,0.04913741620127057,0.16913741620127057,0.12
815,815,100,PACC,SVM,0.10986668539292166,0.7801333146070784,0.89
816,816,100,PACC,SVM,0.1790245939346462,0.7009754060653538,0.88
817,817,100,PACC,SVM,0.000573005394362669,0.5305730053943627,0.53
818,818,100,PACC,SVM,0.06392376915494336,0.5560762308450566,0.62
819,819,100,PACC,SVM,0.08879166485912071,0.35879166485912073,0.27
820,820,100,PACC,SVM,0.12668025687696516,0.17668025687696517,0.05
821,821,100,PACC,SVM,0.008648744313576318,0.5813512556864237,0.59
822,822,100,PACC,SVM,0.06140493299197014,0.3514049329919701,0.29
823,823,100,PACC,SVM,0.12693465315217356,0.5330653468478265,0.66
824,824,100,PACC,SVM,0.16645436352381127,0.6635456364761887,0.83
825,825,100,PACC,SVM,0.17226129008565036,0.18226129008565037,0.01
826,826,100,PACC,SVM,0.0040056714639600255,0.5859943285360399,0.59
827,827,100,PACC,SVM,0.06990252657682575,0.29990252657682576,0.23
828,828,100,PACC,SVM,0.1441446347066776,0.7258553652933224,0.87
829,829,100,PACC,SVM,0.05385431438142152,0.3038543143814215,0.25
830,830,100,PACC,SVM,0.04614521047492082,0.5638547895250792,0.61
831,831,100,PACC,SVM,0.006685369839635857,0.5433146301603642,0.55
832,832,100,PACC,SVM,0.010747651433132444,0.37925234856686757,0.39
833,833,100,PACC,SVM,0.09037294226768178,0.5796270577323183,0.67
834,834,100,PACC,SVM,0.07542320219774568,0.6445767978022543,0.72
835,835,100,PACC,SVM,0.045210036829487765,0.5147899631705123,0.56
836,836,100,PACC,SVM,0.1401671954810102,0.6098328045189898,0.75
837,837,100,PACC,SVM,0.15921158168939187,0.8207884183106081,0.98
838,838,100,PACC,SVM,0.03244926745918375,0.3775507325408162,0.41
839,839,100,PACC,SVM,0.009775835998022009,0.500224164001978,0.51
840,840,100,PACC,SVM,0.1417797316236793,0.1517797316236793,0.01
841,841,100,PACC,SVM,0.07625124581715059,0.7137487541828494,0.79
842,842,100,PACC,SVM,0.07758746487724233,0.4424125351227577,0.52
843,843,100,PACC,SVM,0.025152350251404942,0.42515235025140496,0.4
844,844,100,PACC,SVM,0.10946861104526981,0.1994686110452698,0.09
845,845,100,PACC,SVM,0.09739965294836761,0.7826003470516324,0.88
846,846,100,PACC,SVM,0.01193791659792165,0.40193791659792166,0.39
847,847,100,PACC,SVM,0.1127333287952742,0.5672666712047258,0.68
848,848,100,PACC,SVM,0.12717823572575743,0.26717823572575744,0.14
849,849,100,PACC,SVM,0.1937868166039921,0.7662131833960079,0.96
850,850,100,PACC,SVM,0.1260356095247335,0.2960356095247335,0.17
851,851,100,PACC,SVM,0.030983960955946188,0.2209839609559462,0.19
852,852,100,PACC,SVM,0.11807571928312488,0.7319242807168751,0.85
853,853,100,PACC,SVM,0.2361099838424654,0.6738900161575346,0.91
854,854,100,PACC,SVM,0.034582991409788405,0.2445829914097884,0.21
855,855,100,PACC,SVM,0.006991574745067619,0.46699157474506764,0.46
856,856,100,PACC,SVM,0.042788676543888626,0.6872113234561114,0.73
857,857,100,PACC,SVM,0.15567062887198824,0.7143293711280118,0.87
858,858,100,PACC,SVM,0.0588598780921345,0.4288598780921345,0.37
859,859,100,PACC,SVM,0.04900841368949693,0.4609915863105031,0.51
860,860,100,PACC,SVM,0.11437816417214342,0.6256218358278566,0.74
861,861,100,PACC,SVM,0.08943447430764773,0.6405655256923523,0.73
862,862,100,PACC,SVM,0.15860452189657714,0.6213954781034229,0.78
863,863,100,PACC,SVM,0.031212763152259626,0.5287872368477404,0.56
864,864,100,PACC,SVM,0.09488968005567791,0.19488968005567792,0.1
865,865,100,PACC,SVM,0.289000383661017,0.610999616338983,0.9
866,866,100,PACC,SVM,0.1176991661959007,0.7423008338040993,0.86
867,867,100,PACC,SVM,0.07761021595745121,0.7123897840425488,0.79
868,868,100,PACC,SVM,0.08254397653097695,0.17254397653097694,0.09
869,869,100,PACC,SVM,0.04823315498022873,0.24823315498022874,0.2
870,870,100,PACC,SVM,0.14810293022187637,0.5918970697781236,0.74
871,871,100,PACC,SVM,0.10979287980508105,0.12979287980508106,0.02
872,872,100,PACC,SVM,0.16475726593829232,0.8052427340617077,0.97
873,873,100,PACC,SVM,0.02683371878067642,0.3968337187806764,0.37
874,874,100,PACC,SVM,0.04530008482573966,0.6646999151742603,0.71
875,875,100,PACC,SVM,0.18151429264853403,0.698485707351466,0.88
876,876,100,PACC,SVM,0.02637920715888914,0.41637920715888915,0.39
877,877,100,PACC,SVM,0.03464968853332967,0.34464968853332967,0.31
878,878,100,PACC,SVM,0.06329875720788403,0.536701242792116,0.6
879,879,100,PACC,SVM,0.07970443806021232,0.5002955619397876,0.58
880,880,100,PACC,SVM,0.027242535929908773,0.4272425359299088,0.4
881,881,100,PACC,SVM,0.08206523554292833,0.5179347644570717,0.6
882,882,100,PACC,SVM,0.2727087386432028,0.6572912613567973,0.93
883,883,100,PACC,SVM,0.030635378913918987,0.42936462108608103,0.46
884,884,100,PACC,SVM,0.08974547641354735,0.27974547641354736,0.19
885,885,100,PACC,SVM,0.019165492192703915,0.3891654921927039,0.37
886,886,100,PACC,SVM,0.06777563279279875,0.45777563279279876,0.39
887,887,100,PACC,SVM,0.10098283245397413,0.23098283245397414,0.13
888,888,100,PACC,SVM,0.10584276738484102,0.26584276738484103,0.16
889,889,100,PACC,SVM,0.08468264335616171,0.5953173566438383,0.68
890,890,100,PACC,SVM,0.01236699140584635,0.34236699140584637,0.33
891,891,100,PACC,SVM,0.17071970425534022,0.7792802957446597,0.95
892,892,100,PACC,SVM,0.03215081658215607,0.27215081658215606,0.24
893,893,100,PACC,SVM,0.17072168471903879,0.2607216847190388,0.09
894,894,100,PACC,SVM,0.06360479808971431,0.6863952019102857,0.75
895,895,100,PACC,SVM,0.22311576558012147,0.6568842344198785,0.88
896,896,100,PACC,SVM,0.04550886275128241,0.3155088627512824,0.27
897,897,100,PACC,SVM,0.10743923724861737,0.3074392372486174,0.2
898,898,100,PACC,SVM,0.10291521830028427,0.28291521830028427,0.18
899,899,100,PACC,SVM,0.06486741373268584,0.4551325862673142,0.52
900,900,100,PACC,SVM,0.010093469990708703,0.4700934699907087,0.46
901,901,100,PACC,SVM,0.032403184092184345,0.28240318409218435,0.25
902,902,100,PACC,SVM,0.06977048475275924,0.10977048475275925,0.04
903,903,100,PACC,SVM,0.00038412763197653854,0.47961587236802344,0.48
904,904,100,PACC,SVM,0.1269355050515475,0.8230644949484525,0.95
905,905,100,PACC,SVM,0.08649795196139654,0.5635020480386035,0.65
906,906,100,PACC,SVM,0.0737836601457651,0.4162163398542349,0.49
907,907,100,PACC,SVM,0.12447214466877611,0.2344721446687761,0.11
908,908,100,PACC,SVM,0.06895199868990992,0.3189519986899099,0.25
909,909,100,PACC,SVM,0.016821720554009212,0.3068217205540092,0.29
910,910,100,PACC,SVM,0.12908445410822056,0.6309155458917795,0.76
911,911,100,PACC,SVM,0.07728691178195657,0.7927130882180434,0.87
912,912,100,PACC,SVM,0.16889070111833104,0.731109298881669,0.9
913,913,100,PACC,SVM,0.21077857408706058,0.7692214259129394,0.98
914,914,100,PACC,SVM,0.14598721960638072,0.8340127803936193,0.98
915,915,100,PACC,SVM,0.13946343975986353,0.8105365602401364,0.95
916,916,100,PACC,SVM,0.1253314615877709,0.1953314615877709,0.07
917,917,100,PACC,SVM,0.15248040333849033,0.28248040333849034,0.13
918,918,100,PACC,SVM,0.007677596660263519,0.3076775966602635,0.3
919,919,100,PACC,SVM,0.02328391980128597,0.5267160801987141,0.55
920,920,100,PACC,SVM,0.09841728399596003,0.18841728399596003,0.09
921,921,100,PACC,SVM,0.1206441317397835,0.7193558682602165,0.84
922,922,100,PACC,SVM,0.06016066990611568,0.5498393300938843,0.61
923,923,100,PACC,SVM,0.016311187066748167,0.5236888129332519,0.54
924,924,100,PACC,SVM,0.0751570372486112,0.2351570372486112,0.16
925,925,100,PACC,SVM,0.07775800286102952,0.3277580028610295,0.25
926,926,100,PACC,SVM,0.0842154853340224,0.2442154853340224,0.16
927,927,100,PACC,SVM,0.0935623162707454,0.7564376837292546,0.85
928,928,100,PACC,SVM,0.09926704187707336,0.4807329581229266,0.58
929,929,100,PACC,SVM,0.10046702078536907,0.6295329792146309,0.73
930,930,100,PACC,SVM,0.0022576187207091203,0.2922576187207091,0.29
931,931,100,PACC,SVM,0.013293850377476213,0.3567061496225238,0.37
932,932,100,PACC,SVM,0.09043812854354105,0.4904381285435411,0.4
933,933,100,PACC,SVM,0.13069217609141615,0.6293078239085839,0.76
934,934,100,PACC,SVM,0.08931996268673925,0.6806800373132608,0.77
935,935,100,PACC,SVM,0.06180959026562399,0.261809590265624,0.2
936,936,100,PACC,SVM,0.1932120153860135,0.7467879846139864,0.94
937,937,100,PACC,SVM,0.11536656545412602,0.23536656545412601,0.12
938,938,100,PACC,SVM,0.14957627321789801,0.740423726782102,0.89
939,939,100,PACC,SVM,0.11856385858417334,0.21856385858417335,0.1
940,940,100,PACC,SVM,0.009023550350585718,0.2690235503505857,0.26
941,941,100,PACC,SVM,0.159475758845802,0.680524241154198,0.84
942,942,100,PACC,SVM,0.05272745305873716,0.22272745305873717,0.17
943,943,100,PACC,SVM,0.02908688977570395,0.4390868897757039,0.41
944,944,100,PACC,SVM,0.014378464532413815,0.4543784645324138,0.44
945,945,100,PACC,SVM,0.0025430268713613757,0.24254302687136137,0.24
946,946,100,PACC,SVM,0.12015045154751047,0.5898495484524895,0.71
947,947,100,PACC,SVM,0.18733113701142956,0.6626688629885704,0.85
948,948,100,PACC,SVM,0.1415718027005961,0.7284281972994039,0.87
949,949,100,PACC,SVM,0.06032696621246059,0.3903269662124606,0.33
950,950,100,PACC,SVM,0.03222229324123904,0.5622222932412391,0.53
951,951,100,PACC,SVM,0.07199754755104326,0.31199754755104325,0.24
952,952,100,PACC,SVM,0.09571467022596075,0.33571467022596074,0.24
953,953,100,PACC,SVM,0.0456605404141997,0.2056605404141997,0.16
954,954,100,PACC,SVM,0.18496792134949658,0.7550320786505034,0.94
955,955,100,PACC,SVM,0.152071131567863,0.727928868432137,0.88
956,956,100,PACC,SVM,0.08555099021600776,0.6844490097839923,0.77
957,957,100,PACC,SVM,0.0010943453114785617,0.5089056546885214,0.51
958,958,100,PACC,SVM,0.026120800467388294,0.4638791995326117,0.49
959,959,100,PACC,SVM,0.03276005761012424,0.4872399423898758,0.52
960,960,100,PACC,SVM,0.05364506456296564,0.4763549354370344,0.53
961,961,100,PACC,SVM,0.027009781590791704,0.4029902184092083,0.43
962,962,100,PACC,SVM,0.10171833961260196,0.23171833961260196,0.13
963,963,100,PACC,SVM,0.12014652999297368,0.24014652999297367,0.12
964,964,100,PACC,SVM,0.2400872876836122,0.7099127123163878,0.95
965,965,100,PACC,SVM,0.05105831928249638,0.4289416807175036,0.48
966,966,100,PACC,SVM,0.2315985973036081,0.7184014026963919,0.95
967,967,100,PACC,SVM,0.09370281165413549,0.2537028116541355,0.16
968,968,100,PACC,SVM,0.014788251299037047,0.535211748700963,0.55
969,969,100,PACC,SVM,0.051785532295310355,0.25178553229531037,0.2
970,970,100,PACC,SVM,0.04366252235551188,0.2936625223555119,0.25
971,971,100,PACC,SVM,0.11853632751080467,0.14853632751080467,0.03
972,972,100,PACC,SVM,0.12462878185100727,0.23462878185100727,0.11
973,973,100,PACC,SVM,0.18674550969276804,0.723254490307232,0.91
974,974,100,PACC,SVM,0.0007972575751449829,0.319202742424855,0.32
975,975,100,PACC,SVM,0.03906981706033841,0.5609301829396616,0.6
976,976,100,PACC,SVM,0.0023513759356582065,0.4576486240643418,0.46
977,977,100,PACC,SVM,0.04385356516267569,0.4438535651626757,0.4
978,978,100,PACC,SVM,0.04992595371675218,0.48007404628324785,0.53
979,979,100,PACC,SVM,0.1521291031465981,0.3321291031465981,0.18
980,980,100,PACC,SVM,0.17268629960392945,0.8073137003960705,0.98
981,981,100,PACC,SVM,0.1347186144765531,0.675281385523447,0.81
982,982,100,PACC,SVM,0.11773917227434183,0.6222608277256582,0.74
983,983,100,PACC,SVM,0.02203581687806866,0.43796418312193136,0.46
984,984,100,PACC,SVM,0.07303076571976552,0.22303076571976552,0.15
985,985,100,PACC,SVM,0.1167173470307381,0.8032826529692619,0.92
986,986,100,PACC,SVM,0.024987644529481212,0.36498764452948124,0.34
987,987,100,PACC,SVM,0.13724179051643987,0.18724179051643988,0.05
988,988,100,PACC,SVM,0.033154017669668356,0.30684598233033167,0.34
989,989,100,PACC,SVM,0.22951885368326563,0.5604811463167344,0.79
990,990,100,PACC,SVM,0.07056955467763859,0.5494304453223614,0.62
991,991,100,PACC,SVM,0.10079156660381416,0.6492084333961858,0.75
992,992,100,PACC,SVM,0.15725821649873384,0.6327417835012662,0.79
993,993,100,PACC,SVM,0.0645380505255965,0.2745380505255965,0.21
994,994,100,PACC,SVM,0.13787451025920017,0.7821254897407999,0.92
995,995,100,PACC,SVM,0.003641881556999016,0.433641881556999,0.43
996,996,100,PACC,SVM,0.10219289578639612,0.5278071042136039,0.63
997,997,100,PACC,SVM,0.13935860670154007,0.13935860670154007,0.0
998,998,100,PACC,SVM,0.22382902564869744,0.7661709743513025,0.99
999,999,100,PACC,SVM,0.017312903529137724,0.2626870964708623,0.28
1000,1000,100,PACC,SVM,0.17742896163990995,0.23742896163990995,0.06
1001,1001,100,PACC,SVM,0.056683677383913444,0.39331632261608657,0.45
1002,1002,100,PACC,SVM,0.07490204669712913,0.19490204669712913,0.12
1003,1003,100,PACC,SVM,0.04882833602430853,0.19882833602430852,0.15
1004,1004,100,PACC,SVM,0.08801607048895255,0.5419839295110475,0.63
1005,1005,100,PACC,SVM,0.030236488440311182,0.4202364884403112,0.39
1006,1006,100,PACC,SVM,0.16495343448686217,0.7550465655131379,0.92
1007,1007,100,PACC,SVM,0.002653937304639975,0.30734606269536,0.31
1008,1008,100,PACC,SVM,0.06939485838972936,0.6506051416102706,0.72
1009,1009,100,PACC,SVM,0.00717864467103102,0.452821355328969,0.46
1010,1010,100,PACC,SVM,0.05199884595510562,0.5980011540448944,0.65
1011,1011,100,PACC,SVM,0.0548180522081998,0.5351819477918002,0.59
1012,1012,100,PACC,SVM,0.023797688639604242,0.44620231136039573,0.47
1013,1013,100,PACC,SVM,0.16426710804552225,0.7857328919544777,0.95
1014,1014,100,PACC,SVM,0.03514658358659367,0.30485341641340635,0.34
1015,1015,100,PACC,SVM,0.09458486534463825,0.26458486534463826,0.17
1016,1016,100,PACC,SVM,0.09991262701168735,0.5700873729883127,0.67
1017,1017,100,PACC,SVM,0.17835583021747237,0.6616441697825276,0.84
1018,1018,100,PACC,SVM,0.16457047743769185,0.20457047743769186,0.04
1019,1019,100,PACC,SVM,0.01721876030554942,0.4572187603055494,0.44
1020,1020,100,PACC,SVM,0.22382767992454877,0.6661723200754512,0.89
1021,1021,100,PACC,SVM,0.08908931534700826,0.6509106846529917,0.74
1022,1022,100,PACC,SVM,0.22687594678880618,0.7631240532111938,0.99
1023,1023,100,PACC,SVM,0.04151935383361116,0.48848064616638887,0.53
1024,1024,100,PACC,SVM,0.03865558402804403,0.611344415971956,0.65
1025,1025,100,PACC,SVM,0.07417559628289183,0.3741755962828918,0.3
1026,1026,100,PACC,SVM,0.17225548525344114,0.7677445147465588,0.94
1027,1027,100,PACC,SVM,0.03580381910600777,0.39580381910600776,0.36
1028,1028,100,PACC,SVM,0.1463048270116244,0.5836951729883756,0.73
1029,1029,100,PACC,SVM,0.024064523995560638,0.3759354760044394,0.4
1030,1030,100,PACC,SVM,0.05180450661959457,0.5081954933804055,0.56
1031,1031,100,PACC,SVM,0.10072602066706171,0.6092739793329383,0.71
1032,1032,100,PACC,SVM,0.0458826194194456,0.4541173805805544,0.5
1033,1033,100,PACC,SVM,0.14215759724358912,0.7578424027564109,0.9
1034,1034,100,PACC,SVM,0.016190622760262008,0.426190622760262,0.41
1035,1035,100,PACC,SVM,0.05808792648839256,0.5819120735116075,0.64
1036,1036,100,PACC,SVM,0.05326610613119942,0.39326610613119944,0.34
1037,1037,100,PACC,SVM,0.09287782304370834,0.49287782304370836,0.4
1038,1038,100,PACC,SVM,0.04387914991319164,0.39612085008680836,0.44
1039,1039,100,PACC,SVM,0.07365194037084818,0.19365194037084818,0.12
1040,1040,100,PACC,SVM,0.12482701478000233,0.21482701478000232,0.09
1041,1041,100,PACC,SVM,0.05877702488282888,0.6012229751171712,0.66
1042,1042,100,PACC,SVM,0.04309244648994026,0.6069075535100598,0.65
1043,1043,100,PACC,SVM,0.12759792097099543,0.5324020790290046,0.66
1044,1044,100,PACC,SVM,0.12513424508116422,0.13513424508116423,0.01
1045,1045,100,PACC,SVM,0.08359665141258582,0.4035966514125858,0.32
1046,1046,100,PACC,SVM,0.09934187287406665,0.28934187287406665,0.19
1047,1047,100,PACC,SVM,0.14654371870834992,0.6234562812916501,0.77
1048,1048,100,PACC,SVM,0.19809942626051447,0.6619005737394855,0.86
1049,1049,100,PACC,SVM,0.057975769896472296,0.2979757698964723,0.24
1050,1050,100,PACC,SVM,0.11850309609934817,0.5414969039006519,0.66
1051,1051,100,PACC,SVM,0.046982325072233405,0.1669823250722334,0.12
1052,1052,100,PACC,SVM,0.08696062638633356,0.3569606263863336,0.27
1053,1053,100,PACC,SVM,0.12712437187948933,0.25712437187948933,0.13
1054,1054,100,PACC,SVM,0.05634597099598765,0.3363459709959877,0.28
1055,1055,100,PACC,SVM,0.07881407850230493,0.5911859214976951,0.67
1056,1056,100,PACC,SVM,0.15122171775472348,0.7587782822452765,0.91
1057,1057,100,PACC,SVM,0.06253255061144924,0.26253255061144926,0.2
1058,1058,100,PACC,SVM,0.05103815884888063,0.4889618411511194,0.54
1059,1059,100,PACC,SVM,0.12346956331209902,0.5765304366879009,0.7
1060,1060,100,PACC,SVM,0.1847612875491178,0.7652387124508822,0.95
1061,1061,100,PACC,SVM,0.0400803912301021,0.5699196087698979,0.61
1062,1062,100,PACC,SVM,0.058248043495371604,0.3082480434953716,0.25
1063,1063,100,PACC,SVM,0.04794322127136563,0.5720567787286344,0.62
1064,1064,100,PACC,SVM,0.04552007168706118,0.3655200716870612,0.32
1065,1065,100,PACC,SVM,0.11715359582332374,0.8528464041766762,0.97
1066,1066,100,PACC,SVM,0.016001558650839853,0.37399844134916016,0.39
1067,1067,100,PACC,SVM,0.1695112418515935,0.5104887581484066,0.68
1068,1068,100,PACC,SVM,0.15887566646540666,0.17887566646540665,0.02
1069,1069,100,PACC,SVM,0.00970650902936715,0.3902934909706329,0.4
1070,1070,100,PACC,SVM,0.06800072893291509,0.8019992710670849,0.87
1071,1071,100,PACC,SVM,0.04614630619715765,0.5638536938028423,0.61
1072,1072,100,PACC,SVM,0.02244747912110373,0.41755252087889627,0.44
1073,1073,100,PACC,SVM,0.1421702606626024,0.7878297393373976,0.93
1074,1074,100,PACC,SVM,0.14479625989797618,0.7052037401020238,0.85
1075,1075,100,PACC,SVM,0.04436252304565241,0.3643625230456524,0.32
1076,1076,100,PACC,SVM,0.09340967843536735,0.4465903215646327,0.54
1077,1077,100,PACC,SVM,0.016610327881518228,0.46338967211848175,0.48
1078,1078,100,PACC,SVM,0.11240866106094272,0.5175913389390573,0.63
1079,1079,100,PACC,SVM,0.01096862049490982,0.34096862049490984,0.33
1080,1080,100,PACC,SVM,0.04330939197799516,0.28330939197799515,0.24
1081,1081,100,PACC,SVM,0.18096368026046894,0.7290363197395311,0.91
1082,1082,100,PACC,SVM,0.1759324613264427,0.7440675386735573,0.92
1083,1083,100,PACC,SVM,0.17580046449016207,0.6641995355098379,0.84
1084,1084,100,PACC,SVM,0.24849322580504174,0.7215067741949582,0.97
1085,1085,100,PACC,SVM,0.1410588865813045,0.5989411134186955,0.74
1086,1086,100,PACC,SVM,0.10238288647774518,0.6576171135222548,0.76
1087,1087,100,PACC,SVM,0.14088232471884432,0.6191176752811557,0.76
1088,1088,100,PACC,SVM,0.009531924706484896,0.4895319247064849,0.48
1089,1089,100,PACC,SVM,0.013057631111538182,0.43694236888846183,0.45
1090,1090,100,PACC,SVM,0.13886561804208436,0.37886561804208435,0.24
1091,1091,100,PACC,SVM,0.08928185109839892,0.5507181489016011,0.64
1092,1092,100,PACC,SVM,0.0356382876763931,0.3156382876763931,0.28
1093,1093,100,PACC,SVM,0.06659419679728568,0.3165941967972857,0.25
1094,1094,100,PACC,SVM,0.02591713370476989,0.5540828662952301,0.58
1095,1095,100,PACC,SVM,0.013883107799751992,0.38611689220024803,0.4
1096,1096,100,PACC,SVM,0.07847400758975773,0.2884740075897577,0.21
1097,1097,100,PACC,SVM,0.1392647124065246,0.6707352875934754,0.81
1098,1098,100,PACC,SVM,0.12930623391227303,0.730693766087727,0.86
1099,1099,100,PACC,SVM,0.07572532368949131,0.2357253236894913,0.16
1100,1100,100,PACC,SVM,0.13309269738089305,0.13309269738089305,0.0
1101,1101,100,PACC,SVM,0.044942178325843685,0.3749421783258437,0.33
1102,1102,100,PACC,SVM,0.14325285459624593,0.6467471454037541,0.79
1103,1103,100,PACC,SVM,0.11506950132697513,0.7149304986730248,0.83
1104,1104,100,PACC,SVM,0.1469129867623286,0.2769129867623286,0.13
1105,1105,100,PACC,SVM,0.1382605270733821,0.6317394729266179,0.77
1106,1106,100,PACC,SVM,0.0943965473026533,0.2043965473026533,0.11
1107,1107,100,PACC,SVM,0.007983115316742229,0.39798311531674224,0.39
1108,1108,100,PACC,SVM,0.27409882491283033,0.7159011750871697,0.99
1109,1109,100,PACC,SVM,0.10623128515729496,0.29623128515729497,0.19
1110,1110,100,PACC,SVM,0.0520483130887911,0.2020483130887911,0.15
1111,1111,100,PACC,SVM,0.009247519387243552,0.41075248061275643,0.42
1112,1112,100,PACC,SVM,0.04206869470180152,0.5679313052981985,0.61
1113,1113,100,PACC,SVM,0.13366110132580655,0.7963388986741935,0.93
1114,1114,100,PACC,SVM,0.2037650599112445,0.7762349400887555,0.98
1115,1115,100,PACC,SVM,0.11841875874450855,0.17841875874450855,0.06
1116,1116,100,PACC,SVM,0.13293928473523858,0.2629392847352386,0.13
1117,1117,100,PACC,SVM,0.10503139371320769,0.6849686062867923,0.79
1118,1118,100,PACC,SVM,0.01784175456087561,0.28784175456087563,0.27
1119,1119,100,PACC,SVM,0.15906470359978953,0.7209352964002105,0.88
1120,1120,100,PACC,SVM,0.16626840336986565,0.4937315966301344,0.66
1121,1121,100,PACC,SVM,0.0794133666598578,0.1894133666598578,0.11
1122,1122,100,PACC,SVM,0.10257184836623712,0.7274281516337628,0.83
1123,1123,100,PACC,SVM,0.07305078861476913,0.24305078861476914,0.17
1124,1124,100,PACC,SVM,0.022735578900856757,0.39726442109914323,0.42
1125,1125,100,PACC,SVM,0.08364016395746698,0.46635983604253306,0.55
1126,1126,100,PACC,SVM,0.05553728336405367,0.44446271663594633,0.5
1127,1127,100,PACC,SVM,0.05679722187690439,0.6232027781230957,0.68
1128,1128,100,PACC,SVM,0.03636819706044758,0.6136318029395524,0.65
1129,1129,100,PACC,SVM,0.19249773117894808,0.7975022688210519,0.99
1130,1130,100,PACC,SVM,0.14527439189567903,0.844725608104321,0.99
1131,1131,100,PACC,SVM,0.030238242974575336,0.4797617570254247,0.51
1132,1132,100,PACC,SVM,0.09826900445292294,0.18826900445292294,0.09
1133,1133,100,PACC,SVM,0.09748429701311379,0.6225157029868862,0.72
1134,1134,100,PACC,SVM,0.19622014077074446,0.7737798592292555,0.97
1135,1135,100,PACC,SVM,0.06462268247658182,0.3746226824765818,0.31
1136,1136,100,PACC,SVM,0.009784915831044738,0.46978491583104476,0.46
1137,1137,100,PACC,SVM,0.03810205997970473,0.4581020599797047,0.42
1138,1138,100,PACC,SVM,0.08989894246650133,0.13989894246650134,0.05
1139,1139,100,PACC,SVM,0.03668428662289236,0.6333157133771077,0.67
1140,1140,100,PACC,SVM,0.055015964651381866,0.40501596465138184,0.35
1141,1141,100,PACC,SVM,0.135414230393877,0.644585769606123,0.78
1142,1142,100,PACC,SVM,0.13190131377752468,0.6980986862224753,0.83
1143,1143,100,PACC,SVM,0.16746221781940684,0.6525377821805931,0.82
1144,1144,100,PACC,SVM,0.02847090462993135,0.4384709046299313,0.41
1145,1145,100,PACC,SVM,0.04200616000302093,0.36200616000302094,0.32
1146,1146,100,PACC,SVM,0.090158844278313,0.649841155721687,0.74
1147,1147,100,PACC,SVM,0.09569468822703198,0.7043053117729681,0.8
1148,1148,100,PACC,SVM,0.006586417272130718,0.4965864172721307,0.49
1149,1149,100,PACC,SVM,0.16956248614689773,0.7204375138531023,0.89
1150,1150,100,PACC,SVM,0.07055043296171568,0.2105504329617157,0.14
1151,1151,100,PACC,SVM,0.15612757373921582,0.7138724262607842,0.87
1152,1152,100,PACC,SVM,0.12348289900557799,0.213482899005578,0.09
1153,1153,100,PACC,SVM,0.12307546503137243,0.2730754650313724,0.15
1154,1154,100,PACC,SVM,0.05634298932638232,0.4736570106736177,0.53
1155,1155,100,PACC,SVM,0.14869982906437496,0.20869982906437495,0.06
1156,1156,100,PACC,SVM,0.16113441533591893,0.21113441533591895,0.05
1157,1157,100,PACC,SVM,0.20243563641014212,0.20243563641014212,0.0
1158,1158,100,PACC,SVM,0.06711375487516646,0.36288624512483353,0.43
1159,1159,100,PACC,SVM,0.1210721465958613,0.6489278534041387,0.77
1160,1160,100,PACC,SVM,0.12881720294790341,0.1588172029479034,0.03
1161,1161,100,PACC,SVM,0.10913738134986306,0.540862618650137,0.65
1162,1162,100,PACC,SVM,0.16201163033904298,0.657988369660957,0.82
1163,1163,100,PACC,SVM,0.1038980935030824,0.2638980935030824,0.16
1164,1164,100,PACC,SVM,0.1273088828864804,0.2673088828864804,0.14
1165,1165,100,PACC,SVM,0.1277240623035778,0.7322759376964222,0.86
1166,1166,100,PACC,SVM,0.1782349441959452,0.6417650558040547,0.82
1167,1167,100,PACC,SVM,0.04242887251054883,0.5724288725105489,0.53
1168,1168,100,PACC,SVM,0.16503202633632863,0.6449679736636714,0.81
1169,1169,100,PACC,SVM,0.13430761722075324,0.22430761722075324,0.09
1170,1170,100,PACC,SVM,0.058991450891873964,0.448991450891874,0.39
1171,1171,100,PACC,SVM,0.09426307630839525,0.6357369236916047,0.73
1172,1172,100,PACC,SVM,0.08947768457531913,0.3394776845753191,0.25
1173,1173,100,PACC,SVM,0.14047948083964112,0.6095205191603589,0.75
1174,1174,100,PACC,SVM,0.03882324271138815,0.46117675728861185,0.5
1175,1175,100,PACC,SVM,0.11100118396466396,0.638998816035336,0.75
1176,1176,100,PACC,SVM,0.041009683808987896,0.5010096838089879,0.46
1177,1177,100,PACC,SVM,0.048021732779453985,0.40802173277945397,0.36
1178,1178,100,PACC,SVM,0.07196745075471842,0.2819674507547184,0.21
1179,1179,100,PACC,SVM,0.07163786762469182,0.27163786762469183,0.2
1180,1180,100,PACC,SVM,0.11992752661725692,0.6300724733827431,0.75
1181,1181,100,PACC,SVM,0.1002707402276601,0.2102707402276601,0.11
1182,1182,100,PACC,SVM,0.1626079654495829,0.2426079654495829,0.08
1183,1183,100,PACC,SVM,0.12804093747367393,0.29804093747367394,0.17
1184,1184,100,PACC,SVM,0.06711106145923745,0.23711106145923747,0.17
1185,1185,100,PACC,SVM,0.07721548538788503,0.7427845146121149,0.82
1186,1186,100,PACC,SVM,0.05636166382232438,0.33363833617767563,0.39
1187,1187,100,PACC,SVM,0.17412688266726206,0.8158731173327379,0.99
1188,1188,100,PACC,SVM,0.08557319771184788,0.21557319771184788,0.13
1189,1189,100,PACC,SVM,0.061211458176622435,0.5887885418233776,0.65
1190,1190,100,PACC,SVM,0.010559211793243373,0.4505592117932434,0.44
1191,1191,100,PACC,SVM,0.0007453620162452546,0.39074536201624527,0.39
1192,1192,100,PACC,SVM,0.18182318155195187,0.6881768184480481,0.87
1193,1193,100,PACC,SVM,0.15116443489346665,0.8188355651065333,0.97
1194,1194,100,PACC,SVM,0.17984329362121,0.69015670637879,0.87
1195,1195,100,PACC,SVM,0.11748160596973534,0.30748160596973534,0.19
1196,1196,100,PACC,SVM,0.15473103011014935,0.37473103011014935,0.22
1197,1197,100,PACC,SVM,0.016284961469494985,0.633715038530505,0.65
1198,1198,100,PACC,SVM,0.09174715235849662,0.37174715235849665,0.28
1199,1199,100,PACC,SVM,0.03792365313528123,0.6920763468647187,0.73
1200,1200,100,PACC,SVM,0.13421484506355158,0.4257851549364485,0.56
1201,1201,100,PACC,SVM,0.08002590824749767,0.4699740917525024,0.55
1202,1202,100,PACC,SVM,0.07402613051243101,0.7459738694875689,0.82
1203,1203,100,PACC,SVM,0.12021292693295604,0.5897870730670439,0.71
1204,1204,100,PACC,SVM,0.10790512259645384,0.12790512259645384,0.02
1205,1205,100,PACC,SVM,0.12816932306456322,0.16816932306456323,0.04
1206,1206,100,PACC,SVM,0.06368605779902647,0.5363139422009735,0.6
1207,1207,100,PACC,SVM,0.056706497705058756,0.5367064977050587,0.48
1208,1208,100,PACC,SVM,0.0283348454531393,0.2883348454531393,0.26
1209,1209,100,PACC,SVM,0.047971942449380967,0.45797194244938094,0.41
1210,1210,100,PACC,SVM,0.14542233341068578,0.6045776665893142,0.75
1211,1211,100,PACC,SVM,0.11956476070685196,0.700435239293148,0.82
1212,1212,100,PACC,SVM,0.049126579592582376,0.5108734204074177,0.56
1213,1213,100,PACC,SVM,0.014609448086577048,0.39460944808657705,0.38
1214,1214,100,PACC,SVM,0.05164423677855928,0.3216442367785593,0.27
1215,1215,100,PACC,SVM,0.005312240133422019,0.514687759866578,0.52
1216,1216,100,PACC,SVM,0.06505462193345679,0.3750546219334568,0.31
1217,1217,100,PACC,SVM,0.04349474860035574,0.5165052513996443,0.56
1218,1218,100,PACC,SVM,0.003941301243746365,0.6739413012437464,0.67
1219,1219,100,PACC,SVM,0.1564899467802286,0.2164899467802286,0.06
1220,1220,100,PACC,SVM,0.16844710505024332,0.16844710505024332,0.0
1221,1221,100,PACC,SVM,0.08737207816255924,0.29737207816255923,0.21
1222,1222,100,PACC,SVM,0.13130376353719708,0.7586962364628029,0.89
1223,1223,100,PACC,SVM,0.09820308744112749,0.5417969125588725,0.64
1224,1224,100,PACC,SVM,0.07938469192785638,0.2493846919278564,0.17
1225,1225,100,PACC,SVM,0.15268555520496752,0.7373144447950325,0.89
1226,1226,100,PACC,SVM,0.03482520792868388,0.4948252079286839,0.46
1227,1227,100,PACC,SVM,0.022195475693337963,0.447804524306662,0.47
1228,1228,100,PACC,SVM,0.18587446929914941,0.7441255307008506,0.93
1229,1229,100,PACC,SVM,0.12438003400816959,0.1743800340081696,0.05
1230,1230,100,PACC,SVM,0.08711642799709926,0.29711642799709925,0.21
1231,1231,100,PACC,SVM,0.09045808493770224,0.4895419150622977,0.58
1232,1232,100,PACC,SVM,0.03206162407675736,0.22206162407675736,0.19
1233,1233,100,PACC,SVM,0.059122391354503256,0.6108776086454968,0.67
1234,1234,100,PACC,SVM,0.046060680087353284,0.2560606800873533,0.21
1235,1235,100,PACC,SVM,0.045899063488691966,0.13589906348869196,0.09
1236,1236,100,PACC,SVM,0.09525663993221162,0.29525663993221163,0.2
1237,1237,100,PACC,SVM,0.026619850684661883,0.3933801493153381,0.42
1238,1238,100,PACC,SVM,0.08977397662107509,0.2597739766210751,0.17
1239,1239,100,PACC,SVM,0.097887599280193,0.227887599280193,0.13
1240,1240,100,PACC,SVM,0.10479963467399889,0.7552003653260011,0.86
1241,1241,100,PACC,SVM,0.03469812263756605,0.35469812263756606,0.32
1242,1242,100,PACC,SVM,0.00013992848209670727,0.3598600715179033,0.36
1243,1243,100,PACC,SVM,0.10719597964444423,0.15719597964444423,0.05
1244,1244,100,PACC,SVM,0.02234378083656663,0.3723437808365666,0.35
1245,1245,100,PACC,SVM,0.04879426987692165,0.30879426987692166,0.26
1246,1246,100,PACC,SVM,0.1380377670696014,0.4719622329303986,0.61
1247,1247,100,PACC,SVM,0.0326182443705941,0.2326182443705941,0.2
1248,1248,100,PACC,SVM,0.1295973810844614,0.7504026189155386,0.88
1249,1249,100,PACC,SVM,0.17105521819716807,0.748944781802832,0.92
1250,1250,100,PACC,SVM,0.09397325556548372,0.18397325556548372,0.09
1251,1251,100,PACC,SVM,0.14155008646025052,0.24155008646025053,0.1
1252,1252,100,PACC,SVM,0.10699427235189525,0.21699427235189525,0.11
1253,1253,100,PACC,SVM,0.08145258382229814,0.5285474161777018,0.61
1254,1254,100,PACC,SVM,0.11685332426427494,0.23685332426427494,0.12
1255,1255,100,PACC,SVM,0.1848858546212898,0.6651141453787102,0.85
1256,1256,100,PACC,SVM,0.10760777475344552,0.6423922252465545,0.75
1257,1257,100,PACC,SVM,0.12820349192030012,0.6817965080796999,0.81
1258,1258,100,PACC,SVM,0.001872222286318781,0.5218722222863188,0.52
1259,1259,100,PACC,SVM,0.22273194922440076,0.7672680507755992,0.99
1260,1260,100,PACC,SVM,0.1431791894127816,0.1831791894127816,0.04
1261,1261,100,PACC,SVM,0.0030953351593884793,0.4030953351593885,0.4
1262,1262,100,PACC,SVM,0.006631455344974335,0.31336854465502567,0.32
1263,1263,100,PACC,SVM,0.2024600971090572,0.7375399028909427,0.94
1264,1264,100,PACC,SVM,0.09805880982119303,0.4719411901788069,0.57
1265,1265,100,PACC,SVM,0.09518157810045624,0.7048184218995438,0.8
1266,1266,100,PACC,SVM,0.11055549861488376,0.28055549861488377,0.17
1267,1267,100,PACC,SVM,0.145142470463271,0.824857529536729,0.97
1268,1268,100,PACC,SVM,0.059535264240871466,0.4304647357591285,0.49
1269,1269,100,PACC,SVM,0.028743890524677962,0.46125610947532203,0.49
1270,1270,100,PACC,SVM,0.1721793459916936,0.7978206540083064,0.97
1271,1271,100,PACC,SVM,0.013811251858836748,0.39381125185883675,0.38
1272,1272,100,PACC,SVM,0.08557692736353523,0.47557692736353524,0.39
1273,1273,100,PACC,SVM,0.07389577108977974,0.5061042289102202,0.58
1274,1274,100,PACC,SVM,0.11306684894405969,0.23306684894405968,0.12
1275,1275,100,PACC,SVM,0.06155460882767505,0.38155460882767506,0.32
1276,1276,100,PACC,SVM,0.1067443208032513,0.2967443208032513,0.19
1277,1277,100,PACC,SVM,0.08125945169452467,0.18125945169452468,0.1
1278,1278,100,PACC,SVM,0.13799906280857788,0.7220009371914221,0.86
1279,1279,100,PACC,SVM,0.044511901973789736,0.5354880980262102,0.58
1280,1280,100,PACC,SVM,0.04520345306920742,0.3952034530692074,0.35
1281,1281,100,PACC,SVM,0.024974143508738167,0.4249741435087382,0.4
1282,1282,100,PACC,SVM,0.01472221180874983,0.4447222118087498,0.43
1283,1283,100,PACC,SVM,0.0646496896816845,0.5653503103183155,0.63
1284,1284,100,PACC,SVM,0.15130611633844004,0.76869388366156,0.92
1285,1285,100,PACC,SVM,0.20533813935548928,0.7246618606445108,0.93
1286,1286,100,PACC,SVM,0.007090955875785954,0.39709095587578597,0.39
1287,1287,100,PACC,SVM,0.01479231669999126,0.30520768330000875,0.32
1288,1288,100,PACC,SVM,0.03457885724177323,0.48457885724177324,0.45
1289,1289,100,PACC,SVM,0.040483318710580196,0.5195166812894199,0.56
1290,1290,100,PACC,SVM,0.032972374970368645,0.49297237497036867,0.46
1291,1291,100,PACC,SVM,0.0739178404247336,0.5760821595752664,0.65
1292,1292,100,PACC,SVM,0.05726469890588559,0.49273530109411445,0.55
1293,1293,100,PACC,SVM,0.0929627612074771,0.4129627612074771,0.32
1294,1294,100,PACC,SVM,0.03786453574564702,0.37786453574564705,0.34
1295,1295,100,PACC,SVM,0.013767913617064753,0.38376791361706475,0.37
1296,1296,100,PACC,SVM,0.08587731348892352,0.17587731348892352,0.09
1297,1297,100,PACC,SVM,0.062264951080687914,0.22226495108068792,0.16
1298,1298,100,PACC,SVM,0.04621132465874733,0.6737886753412526,0.72
1299,1299,100,PACC,SVM,0.025452516290441207,0.4054525162904412,0.38
1300,1300,100,PACC,SVM,0.08769572091860947,0.29769572091860946,0.21
1301,1301,100,PACC,SVM,0.09152794942198844,0.4684720505780116,0.56
1302,1302,100,PACC,SVM,0.13051173935261673,0.6194882606473833,0.75
1303,1303,100,PACC,SVM,0.07535373436243353,0.32535373436243353,0.25
1304,1304,100,PACC,SVM,0.12377435589265662,0.6962256441073433,0.82
1305,1305,100,PACC,SVM,0.18225920794128025,0.7377407920587198,0.92
1306,1306,100,PACC,SVM,0.10369004067898324,0.4863099593210167,0.59
1307,1307,100,PACC,SVM,0.1221646541593957,0.5378353458406043,0.66
1308,1308,100,PACC,SVM,0.1064283798566404,0.1564283798566404,0.05
1309,1309,100,PACC,SVM,0.1542490963101233,0.7857509036898767,0.94
1310,1310,100,PACC,SVM,0.02249836327354021,0.4124983632735402,0.39
1311,1311,100,PACC,SVM,0.188086290070691,0.731913709929309,0.92
1312,1312,100,PACC,SVM,0.043130172513803355,0.5268698274861966,0.57
1313,1313,100,PACC,SVM,0.14398783178471222,0.14398783178471222,0.0
1314,1314,100,PACC,SVM,0.0891246637558432,0.1191246637558432,0.03
1315,1315,100,PACC,SVM,0.11190532808361964,0.5680946719163804,0.68
1316,1316,100,PACC,SVM,0.021328434451479694,0.5386715655485204,0.56
1317,1317,100,PACC,SVM,0.14739231374624148,0.16739231374624147,0.02
1318,1318,100,PACC,SVM,0.1964987182332527,0.5435012817667473,0.74
1319,1319,100,PACC,SVM,0.15519681638627136,0.6948031836137286,0.85
1320,1320,100,PACC,SVM,0.043713904570994444,0.5337139045709944,0.49
1321,1321,100,PACC,SVM,0.06569505796073,0.52569505796073,0.46
1322,1322,100,PACC,SVM,0.18743816476156572,0.18743816476156572,0.0
1323,1323,100,PACC,SVM,0.1514558958982155,0.6285441041017845,0.78
1324,1324,100,PACC,SVM,0.0029804869147956325,0.33298048691479565,0.33
1325,1325,100,PACC,SVM,0.13477505620255636,0.7352249437974436,0.87
1326,1326,100,PACC,SVM,0.014089228217124272,0.38408922821712427,0.37
1327,1327,100,PACC,SVM,0.0431681380754001,0.5168318619246,0.56
1328,1328,100,PACC,SVM,0.0716243159481949,0.3416243159481949,0.27
1329,1329,100,PACC,SVM,0.05189520834754813,0.21189520834754813,0.16
1330,1330,100,PACC,SVM,0.15410386177790747,0.6158961382220925,0.77
1331,1331,100,PACC,SVM,0.024410273335751964,0.514410273335752,0.49
1332,1332,100,PACC,SVM,0.021612486764601924,0.5083875132353981,0.53
1333,1333,100,PACC,SVM,0.18659389584282837,0.7734061041571716,0.96
1334,1334,100,PACC,SVM,0.16256945731271621,0.7974305426872837,0.96
1335,1335,100,PACC,SVM,0.15816981608447944,0.6918301839155205,0.85
1336,1336,100,PACC,SVM,0.09453438367719574,0.27453438367719574,0.18
1337,1337,100,PACC,SVM,0.1326175943038953,0.45738240569610467,0.59
1338,1338,100,PACC,SVM,0.19078202840635783,0.6792179715936422,0.87
1339,1339,100,PACC,SVM,0.025266835865209836,0.39526683586520983,0.37
1340,1340,100,PACC,SVM,0.060292589639750926,0.16029258963975093,0.1
1341,1341,100,PACC,SVM,0.06522427395964703,0.744775726040353,0.81
1342,1342,100,PACC,SVM,0.04499127495774552,0.43500872504225446,0.48
1343,1343,100,PACC,SVM,0.028282227594955578,0.5317177724050445,0.56
1344,1344,100,PACC,SVM,0.17207487006521216,0.8079251299347878,0.98
1345,1345,100,PACC,SVM,0.07405169460203076,0.5259483053979692,0.6
1346,1346,100,PACC,SVM,0.026487583825261174,0.44648758382526116,0.42
1347,1347,100,PACC,SVM,0.08237084009555445,0.44237084009555444,0.36
1348,1348,100,PACC,SVM,0.01807975042530563,0.4280797504253056,0.41
1349,1349,100,PACC,SVM,0.0669064499000261,0.1769064499000261,0.11
1350,1350,100,PACC,SVM,0.15159847407035854,0.6384015259296415,0.79
1351,1351,100,PACC,SVM,0.17090023757893258,0.6590997624210674,0.83
1352,1352,100,PACC,SVM,0.07628848705740704,0.35628848705740707,0.28
1353,1353,100,PACC,SVM,0.028506907605302167,0.2714930923946978,0.3
1354,1354,100,PACC,SVM,0.165684906076085,0.704315093923915,0.87
1355,1355,100,PACC,SVM,0.14158029294264857,0.16158029294264856,0.02
1356,1356,100,PACC,SVM,0.04745266639152329,0.4725473336084767,0.52
1357,1357,100,PACC,SVM,0.003693789337059994,0.46369378933706,0.46
1358,1358,100,PACC,SVM,0.10808769387025563,0.5819123061297443,0.69
1359,1359,100,PACC,SVM,0.05369123527020658,0.2136912352702066,0.16
1360,1360,100,PACC,SVM,0.055233204747058284,0.6047667952529417,0.66
1361,1361,100,PACC,SVM,0.005560475171421275,0.37556047517142127,0.37
1362,1362,100,PACC,SVM,0.04615479439658665,0.5638452056034133,0.61
1363,1363,100,PACC,SVM,0.12969495043564563,0.16969495043564564,0.04
1364,1364,100,PACC,SVM,0.0006149395978238825,0.4606149395978239,0.46
1365,1365,100,PACC,SVM,0.08680180001316329,0.43319819998683673,0.52
1366,1366,100,PACC,SVM,0.10202530317108052,0.3120253031710805,0.21
1367,1367,100,PACC,SVM,0.148159217824969,0.278159217824969,0.13
1368,1368,100,PACC,SVM,0.08055255326947425,0.26055255326947424,0.18
1369,1369,100,PACC,SVM,0.0066119205254215885,0.3466119205254216,0.34
1370,1370,100,PACC,SVM,0.10519040008240366,0.19519040008240365,0.09
1371,1371,100,PACC,SVM,0.22323848832509352,0.7167615116749064,0.94
1372,1372,100,PACC,SVM,0.04814297526390632,0.3518570247360937,0.4
1373,1373,100,PACC,SVM,0.16611016900359066,0.6338898309964094,0.8
1374,1374,100,PACC,SVM,0.16510858159683117,0.8048914184031688,0.97
1375,1375,100,PACC,SVM,0.12677567799902617,0.2067756779990262,0.08
1376,1376,100,PACC,SVM,0.019606598224545357,0.6303934017754547,0.65
1377,1377,100,PACC,SVM,0.16756332651111883,0.7024366734888812,0.87
1378,1378,100,PACC,SVM,0.09709941736259209,0.5329005826374079,0.63
1379,1379,100,PACC,SVM,0.00943927730288907,0.4105607226971109,0.42
1380,1380,100,PACC,SVM,0.05381568146830917,0.3761843185316908,0.43
1381,1381,100,PACC,SVM,0.20581794902498618,0.23581794902498618,0.03
1382,1382,100,PACC,SVM,0.01118610329365266,0.5188138967063474,0.53
1383,1383,100,PACC,SVM,0.1934490830353146,0.7965509169646854,0.99
1384,1384,100,PACC,SVM,0.15499025556573032,0.7950097444342696,0.95
1385,1385,100,PACC,SVM,0.11884730386125089,0.1588473038612509,0.04
1386,1386,100,PACC,SVM,0.1135883398028622,0.5864116601971378,0.7
1387,1387,100,PACC,SVM,0.006648802884441418,0.3066488028844414,0.3
1388,1388,100,PACC,SVM,0.1839908974118164,0.7160091025881836,0.9
1389,1389,100,PACC,SVM,0.16722031627585607,0.20722031627585608,0.04
1390,1390,100,PACC,SVM,0.16655080017039214,0.7634491998296079,0.93
1391,1391,100,PACC,SVM,0.13829118486875758,0.6917088151312424,0.83
1392,1392,100,PACC,SVM,0.11209421196837681,0.2220942119683768,0.11
1393,1393,100,PACC,SVM,0.0947773319388744,0.1447773319388744,0.05
1394,1394,100,PACC,SVM,0.16214363272004606,0.6678563672799539,0.83
1395,1395,100,PACC,SVM,0.1179324624702758,0.2679324624702758,0.15
1396,1396,100,PACC,SVM,0.03966605324417688,0.49033394675582315,0.53
1397,1397,100,PACC,SVM,0.1944671857076551,0.7155328142923449,0.91
1398,1398,100,PACC,SVM,0.03975480929720421,0.5202451907027958,0.56
1399,1399,100,PACC,SVM,0.04567444696380191,0.4356744469638019,0.39
1400,1400,100,PACC,SVM,0.017867331886837146,0.45786733188683715,0.44
1401,1401,100,PACC,SVM,0.13873776153688622,0.19873776153688621,0.06
1402,1402,100,PACC,SVM,0.13875099274503244,0.8212490072549675,0.96
1403,1403,100,PACC,SVM,0.0019746841548636818,0.3080253158451363,0.31
1404,1404,100,PACC,SVM,0.13597274930320108,0.3159727493032011,0.18
1405,1405,100,PACC,SVM,0.02134181907544508,0.3013418190754451,0.28
1406,1406,100,PACC,SVM,0.2161399422383834,0.7438600577616166,0.96
1407,1407,100,PACC,SVM,0.07143614832306697,0.16143614832306696,0.09
1408,1408,100,PACC,SVM,0.19341845455824802,0.666581545441752,0.86
1409,1409,100,PACC,SVM,0.12939225316036485,0.5706077468396351,0.7
1410,1410,100,PACC,SVM,0.12493179201563198,0.705068207984368,0.83
1411,1411,100,PACC,SVM,0.18130700511521514,0.7886929948847848,0.97
1412,1412,100,PACC,SVM,0.13370161981547402,0.706298380184526,0.84
1413,1413,100,PACC,SVM,0.23313150447908404,0.7068684955209159,0.94
1414,1414,100,PACC,SVM,0.08264343866449522,0.20264343866449522,0.12
1415,1415,100,PACC,SVM,0.20462485367044592,0.5853751463295541,0.79
1416,1416,100,PACC,SVM,0.07245359493924819,0.46754640506075185,0.54
1417,1417,100,PACC,SVM,0.0032960077909868213,0.5367039922090132,0.54
1418,1418,100,PACC,SVM,0.18218327889150243,0.7078167211084976,0.89
1419,1419,100,PACC,SVM,0.22555596933265476,0.7444440306673452,0.97
1420,1420,100,PACC,SVM,0.10677495291091887,0.5932250470890811,0.7
1421,1421,100,PACC,SVM,0.05247732822059803,0.532477328220598,0.48
1422,1422,100,PACC,SVM,0.029293031147135107,0.4792930311471351,0.45
1423,1423,100,PACC,SVM,0.01760688760826168,0.3976068876082617,0.38
1424,1424,100,PACC,SVM,0.025986496253540325,0.33401350374645966,0.36
1425,1425,100,PACC,SVM,0.025231110966144776,0.4152311109661448,0.39
1426,1426,100,PACC,SVM,0.10637406457717082,0.18637406457717082,0.08
1427,1427,100,PACC,SVM,0.13720157598891897,0.20720157598891897,0.07
1428,1428,100,PACC,SVM,0.12246041464532953,0.6475395853546705,0.77
1429,1429,100,PACC,SVM,0.024813661724177427,0.4151863382758226,0.44
1430,1430,100,PACC,SVM,0.1832467975752744,0.7467532024247256,0.93
1431,1431,100,PACC,SVM,0.07347008469783445,0.5365299153021655,0.61
1432,1432,100,PACC,SVM,0.1498383584155737,0.1798383584155737,0.03
1433,1433,100,PACC,SVM,0.13984354373577282,0.2898435437357728,0.15
1434,1434,100,PACC,SVM,0.04044039148908746,0.24044039148908747,0.2
1435,1435,100,PACC,SVM,0.1596606786207173,0.8103393213792827,0.97
1436,1436,100,PACC,SVM,0.07825835559909514,0.28825835559909513,0.21
1437,1437,100,PACC,SVM,0.03669114694267572,0.4733088530573243,0.51
1438,1438,100,PACC,SVM,0.1725134159736753,0.7574865840263247,0.93
1439,1439,100,PACC,SVM,0.20225139767625167,0.7677486023237483,0.97
1440,1440,100,PACC,SVM,0.06886310900615947,0.2988631090061595,0.23
1441,1441,100,PACC,SVM,0.13621352561950467,0.17621352561950468,0.04
1442,1442,100,PACC,SVM,0.08783893875144513,0.23783893875144513,0.15
1443,1443,100,PACC,SVM,0.1184325353107328,0.1784325353107328,0.06
1444,1444,100,PACC,SVM,0.07106229480634929,0.2610622948063493,0.19
1445,1445,100,PACC,SVM,0.044676846303654094,0.515323153696346,0.56
1446,1446,100,PACC,SVM,0.20758186999871353,0.7024181300012865,0.91
1447,1447,100,PACC,SVM,0.015747859472410863,0.5142521405275892,0.53
1448,1448,100,PACC,SVM,0.05778072047790772,0.5622192795220923,0.62
1449,1449,100,PACC,SVM,0.09427540146484337,0.2942754014648434,0.2
1450,1450,100,PACC,SVM,0.159719103498278,0.640280896501722,0.8
1451,1451,100,PACC,SVM,0.0607917505868627,0.5492082494131373,0.61
1452,1452,100,PACC,SVM,0.17698131034871534,0.6830186896512846,0.86
1453,1453,100,PACC,SVM,0.20738845017112484,0.7326115498288751,0.94
1454,1454,100,PACC,SVM,0.05033709441716211,0.39033709441716213,0.34
1455,1455,100,PACC,SVM,0.1256117166821811,0.2156117166821811,0.09
1456,1456,100,PACC,SVM,0.08350324617382929,0.3035032461738293,0.22
1457,1457,100,PACC,SVM,0.04300024032097338,0.4730002403209734,0.43
1458,1458,100,PACC,SVM,0.23761523964232878,0.7023847603576712,0.94
1459,1459,100,PACC,SVM,0.031936634174841216,0.3380633658251588,0.37
1460,1460,100,PACC,SVM,0.14510527137696905,0.624894728623031,0.77
1461,1461,100,PACC,SVM,0.06436700113626548,0.47563299886373456,0.54
1462,1462,100,PACC,SVM,0.11709198838270207,0.29709198838270207,0.18
1463,1463,100,PACC,SVM,0.0556191463822559,0.3756191463822559,0.32
1464,1464,100,PACC,SVM,0.08538271714859624,0.5646172828514038,0.65
1465,1465,100,PACC,SVM,0.02140779931085013,0.6485922006891499,0.67
1466,1466,100,PACC,SVM,0.05209662957639477,0.3779033704236052,0.43
1467,1467,100,PACC,SVM,0.10989491272426502,0.329894912724265,0.22
1468,1468,100,PACC,SVM,0.10328089574991117,0.6167191042500888,0.72
1469,1469,100,PACC,SVM,0.0903526904575637,0.2503526904575637,0.16
1470,1470,100,PACC,SVM,0.19392975782698474,0.7360702421730153,0.93
1471,1471,100,PACC,SVM,0.10552513446958439,0.2855251344695844,0.18
1472,1472,100,PACC,SVM,0.14521536361589615,0.24521536361589616,0.1
1473,1473,100,PACC,SVM,0.05498595079965751,0.4350140492003425,0.49
1474,1474,100,PACC,SVM,0.01247242797008119,0.5224724279700812,0.51
1475,1475,100,PACC,SVM,0.009866623085633242,0.49013337691436676,0.5
1476,1476,100,PACC,SVM,0.013407291346929306,0.4434072913469293,0.43
1477,1477,100,PACC,SVM,0.1370083462129168,0.8529916537870832,0.99
1478,1478,100,PACC,SVM,0.021002180563364226,0.45899781943663576,0.48
1479,1479,100,PACC,SVM,0.02990755472786427,0.4400924452721357,0.47
1480,1480,100,PACC,SVM,0.04237956492264494,0.37762043507735504,0.42
1481,1481,100,PACC,SVM,0.12948499175506561,0.1894849917550656,0.06
1482,1482,100,PACC,SVM,0.054341786117102275,0.5356582138828977,0.59
1483,1483,100,PACC,SVM,0.07072099010840197,0.29072099010840197,0.22
1484,1484,100,PACC,SVM,0.10276665527319417,0.5272333447268058,0.63
1485,1485,100,PACC,SVM,0.11386063115383778,0.16386063115383778,0.05
1486,1486,100,PACC,SVM,0.2553083659746701,0.7246916340253299,0.98
1487,1487,100,PACC,SVM,0.007654570408464123,0.46765457040846414,0.46
1488,1488,100,PACC,SVM,0.17672550634465467,0.7132744936553453,0.89
1489,1489,100,PACC,SVM,0.01761586968979173,0.4876158696897917,0.47
1490,1490,100,PACC,SVM,0.16329331567455008,0.22329331567455007,0.06
1491,1491,100,PACC,SVM,0.04729364240572276,0.7727063575942772,0.82
1492,1492,100,PACC,SVM,0.07011188573041027,0.5698881142695897,0.64
1493,1493,100,PACC,SVM,0.1717245261270084,0.6082754738729916,0.78
1494,1494,100,PACC,SVM,0.008311019379275697,0.4283110193792757,0.42
1495,1495,100,PACC,SVM,0.09049838882109396,0.539501611178906,0.63
1496,1496,100,PACC,SVM,0.16624688610245353,0.6837531138975464,0.85
1497,1497,100,PACC,SVM,0.027441095230135604,0.6025589047698644,0.63
1498,1498,100,PACC,SVM,0.04606352513232065,0.3860635251323207,0.34
1499,1499,100,PACC,SVM,0.06850436187142983,0.5914956381285702,0.66
1500,1500,100,PACC,SVM,0.09697391401302347,0.5730260859869766,0.67
1501,1501,100,PACC,SVM,0.2234726969573746,0.7365273030426254,0.96
1502,1502,100,PACC,SVM,0.055327172117638324,0.4253271721176383,0.37
1503,1503,100,PACC,SVM,0.047008658402340864,0.46700865840234085,0.42
1504,1504,100,PACC,SVM,0.19505644976823033,0.6149435502317697,0.81
1505,1505,100,PACC,SVM,0.05597554524145071,0.4440244547585493,0.5
1506,1506,100,PACC,SVM,0.10415815542234141,0.6258418445776586,0.73
1507,1507,100,PACC,SVM,0.04494193946093328,0.4949419394609333,0.45
1508,1508,100,PACC,SVM,0.05941005538919672,0.2694100553891967,0.21
1509,1509,100,PACC,SVM,0.10155696576277318,0.6384430342372268,0.74
1510,1510,100,PACC,SVM,0.1094506947862855,0.2394506947862855,0.13
1511,1511,100,PACC,SVM,0.0774675899084073,0.2674675899084073,0.19
1512,1512,100,PACC,SVM,0.026462696283195086,0.6464626962831951,0.62
1513,1513,100,PACC,SVM,0.12380147955817788,0.6161985204418221,0.74
1514,1514,100,PACC,SVM,0.20526239764575904,0.684737602354241,0.89
1515,1515,100,PACC,SVM,0.09657537172406122,0.36657537172406124,0.27
1516,1516,100,PACC,SVM,0.12689508403389,0.23689508403389,0.11
1517,1517,100,PACC,SVM,0.2169080295539626,0.7330919704460374,0.95
1518,1518,100,PACC,SVM,0.023539666276853305,0.1735396662768533,0.15
1519,1519,100,PACC,SVM,0.053558918784336745,0.24355891878433675,0.19
1520,1520,100,PACC,SVM,0.059890669552105535,0.3498906695521055,0.29
1521,1521,100,PACC,SVM,0.050538234140902805,0.4694617658590972,0.52
1522,1522,100,PACC,SVM,0.13843965191862762,0.7415603480813724,0.88
1523,1523,100,PACC,SVM,0.1064792535675263,0.6535207464324737,0.76
1524,1524,100,PACC,SVM,0.09490053886271455,0.6050994611372854,0.7
1525,1525,100,PACC,SVM,0.060656110747799585,0.2306561107477996,0.17
1526,1526,100,PACC,SVM,0.020758428324820166,0.37075842832482014,0.35
1527,1527,100,PACC,SVM,0.008296442144463845,0.4782964421444638,0.47
1528,1528,100,PACC,SVM,0.0699784123297657,0.20997841232976572,0.14
1529,1529,100,PACC,SVM,0.07300226647358365,0.3430022664735837,0.27
1530,1530,100,PACC,SVM,0.06676842483681034,0.3667684248368103,0.3
1531,1531,100,PACC,SVM,0.08931816891853761,0.2093181689185376,0.12
1532,1532,100,PACC,SVM,0.016665664251294565,0.5333343357487055,0.55
1533,1533,100,PACC,SVM,0.07815313663204904,0.6218468633679509,0.7
1534,1534,100,PACC,SVM,0.07276047115705456,0.13276047115705455,0.06
1535,1535,100,PACC,SVM,0.09013470231170057,0.3898652976882994,0.48
1536,1536,100,PACC,SVM,0.16056205639848242,0.6194379436015176,0.78
1537,1537,100,PACC,SVM,0.10309202136150686,0.6369079786384931,0.74
1538,1538,100,PACC,SVM,0.18992685777238738,0.6200731422276127,0.81
1539,1539,100,PACC,SVM,0.057871310040574664,0.49787131004057467,0.44
1540,1540,100,PACC,SVM,0.15075871874254432,0.6692412812574556,0.82
1541,1541,100,PACC,SVM,0.08074913056686084,0.32074913056686083,0.24
1542,1542,100,PACC,SVM,0.0254236756813791,0.3854236756813791,0.36
1543,1543,100,PACC,SVM,0.09271363624958742,0.26271363624958743,0.17
1544,1544,100,PACC,SVM,0.006437529406071452,0.46643752940607147,0.46
1545,1545,100,PACC,SVM,0.037014809775893776,0.4270148097758938,0.39
1546,1546,100,PACC,SVM,0.10737479145259565,0.34737479145259564,0.24
1547,1547,100,PACC,SVM,0.1285206041911895,0.6214793958088105,0.75
1548,1548,100,PACC,SVM,0.012125134610779409,0.3221251346107794,0.31
1549,1549,100,PACC,SVM,0.03552206192539942,0.30552206192539944,0.27
1550,1550,100,PACC,SVM,0.08858229348245958,0.21858229348245958,0.13
1551,1551,100,PACC,SVM,0.013821950144430162,0.44382195014443016,0.43
1552,1552,100,PACC,SVM,0.031450414795606174,0.33145041479560616,0.3
1553,1553,100,PACC,SVM,0.05419590808086849,0.4141959080808685,0.36
1554,1554,100,PACC,SVM,0.05655094863964541,0.2865509486396454,0.23
1555,1555,100,PACC,SVM,0.1286839768357646,0.6313160231642354,0.76
1556,1556,100,PACC,SVM,0.21527689785842274,0.7147231021415773,0.93
1557,1557,100,PACC,SVM,0.007636476686013416,0.4823635233139866,0.49
1558,1558,100,PACC,SVM,0.14180838031170595,0.49819161968829406,0.64
1559,1559,100,PACC,SVM,0.15206196508764636,0.7079380349123536,0.86
1560,1560,100,PACC,SVM,0.1855444450300745,0.8044555549699255,0.99
1561,1561,100,PACC,SVM,0.08359485860533611,0.5264051413946639,0.61
1562,1562,100,PACC,SVM,0.1961575860725726,0.6838424139274274,0.88
1563,1563,100,PACC,SVM,0.24543389793321813,0.6545661020667819,0.9
1564,1564,100,PACC,SVM,0.09995592858681346,0.6900440714131866,0.79
1565,1565,100,PACC,SVM,0.03955764840644321,0.4204423515935568,0.46
1566,1566,100,PACC,SVM,0.13705303058458873,0.21705303058458872,0.08
1567,1567,100,PACC,SVM,0.18537345589288853,0.19537345589288854,0.01
1568,1568,100,PACC,SVM,0.004074520130837478,0.47407452013083745,0.47
1569,1569,100,PACC,SVM,0.04653426907400632,0.4434657309259937,0.49
1570,1570,100,PACC,SVM,0.003599545178500363,0.4035995451785004,0.4
1571,1571,100,PACC,SVM,0.018948922138093405,0.5410510778619066,0.56
1572,1572,100,PACC,SVM,0.008061006642299806,0.5419389933577002,0.55
1573,1573,100,PACC,SVM,0.1247225773917775,0.7052774226082225,0.83
1574,1574,100,PACC,SVM,0.09403117737523345,0.19403117737523345,0.1
1575,1575,100,PACC,SVM,0.03428250751293635,0.25428250751293635,0.22
1576,1576,100,PACC,SVM,0.16974974206618,0.62025025793382,0.79
1577,1577,100,PACC,SVM,0.1088826982823008,0.7311173017176992,0.84
1578,1578,100,PACC,SVM,0.19371857747589583,0.7962814225241042,0.99
1579,1579,100,PACC,SVM,0.21171481483331978,0.6582851851666802,0.87
1580,1580,100,PACC,SVM,0.14188706106765536,0.7381129389323446,0.88
1581,1581,100,PACC,SVM,0.01833951853786875,0.32833951853786875,0.31
1582,1582,100,PACC,SVM,0.07960282573286581,0.47960282573286583,0.4
1583,1583,100,PACC,SVM,0.0018156407337865388,0.25818435926621347,0.26
1584,1584,100,PACC,SVM,0.09745736198223975,0.5025426380177602,0.6
1585,1585,100,PACC,SVM,0.12795990035271365,0.8020400996472864,0.93
1586,1586,100,PACC,SVM,0.03375180298949004,0.37375180298949007,0.34
1587,1587,100,PACC,SVM,0.06099981796432985,0.4890001820356702,0.55
1588,1588,100,PACC,SVM,0.05274712456246733,0.3427471245624673,0.29
1589,1589,100,PACC,SVM,0.04979347388644484,0.20979347388644484,0.16
1590,1590,100,PACC,SVM,0.051080961628759414,0.24108096162875942,0.19
1591,1591,100,PACC,SVM,0.19280559022565102,0.242805590225651,0.05
1592,1592,100,PACC,SVM,0.16960857427054998,0.77039142572945,0.94
1593,1593,100,PACC,SVM,0.03964468958193823,0.43964468958193825,0.4
1594,1594,100,PACC,SVM,0.1353872655806836,0.6946127344193164,0.83
1595,1595,100,PACC,SVM,0.05336778814046994,0.6266322118595301,0.68
1596,1596,100,PACC,SVM,0.0775604246899309,0.2675604246899309,0.19
1597,1597,100,PACC,SVM,0.07453777565005329,0.2445377756500533,0.17
1598,1598,100,PACC,SVM,0.13503107242179002,0.67496892757821,0.81
1599,1599,100,PACC,SVM,0.029957875566689718,0.2899578755666897,0.26
1600,1600,100,PACC,SVM,0.14748496957950863,0.7625150304204914,0.91
1601,1601,100,PACC,SVM,0.06356889806860141,0.20356889806860143,0.14
1602,1602,100,PACC,SVM,0.05337622135775666,0.6166237786422434,0.67
1603,1603,100,PACC,SVM,0.1465146019621537,0.6634853980378463,0.81
1604,1604,100,PACC,SVM,0.07071232102688726,0.3007123210268873,0.23
1605,1605,100,PACC,SVM,0.06572044444720831,0.33572044444720833,0.27
1606,1606,100,PACC,SVM,0.1976409101905855,0.7623590898094145,0.96
1607,1607,100,PACC,SVM,0.08758048303840016,0.34758048303840017,0.26
1608,1608,100,PACC,SVM,0.009159006583368656,0.41084099341663133,0.42
1609,1609,100,PACC,SVM,0.003494364394052707,0.4265056356059473,0.43
1610,1610,100,PACC,SVM,0.10073202657693592,0.3507320265769359,0.25
1611,1611,100,PACC,SVM,0.11529490206282111,0.6547050979371789,0.77
1612,1612,100,PACC,SVM,0.1515862873763545,0.6184137126236455,0.77
1613,1613,100,PACC,SVM,0.0024940309230664925,0.3675059690769335,0.37
1614,1614,100,PACC,SVM,0.08504984443356933,0.7449501555664306,0.83
1615,1615,100,PACC,SVM,0.08061182804935665,0.29061182804935665,0.21
1616,1616,100,PACC,SVM,0.15496600614435407,0.15496600614435407,0.0
1617,1617,100,PACC,SVM,0.0692313099120564,0.5007686900879436,0.57
1618,1618,100,PACC,SVM,0.14840990287222355,0.8415900971277764,0.99
1619,1619,100,PACC,SVM,0.08641140499268084,0.11641140499268084,0.03
1620,1620,100,PACC,SVM,0.07978047924011122,0.27978047924011124,0.2
1621,1621,100,PACC,SVM,0.06264439500437041,0.4473556049956296,0.51
1622,1622,100,PACC,SVM,0.193456573987128,0.606543426012872,0.8
1623,1623,100,PACC,SVM,0.07383178349843118,0.15383178349843118,0.08
1624,1624,100,PACC,SVM,0.022318680255558554,0.41231868025555857,0.39
1625,1625,100,PACC,SVM,0.19892334032517167,0.5410766596748283,0.74
1626,1626,100,PACC,SVM,0.02480867339444809,0.3948086733944481,0.37
1627,1627,100,PACC,SVM,0.05094678189267693,0.23094678189267692,0.18
1628,1628,100,PACC,SVM,0.08796130512713568,0.2779613051271357,0.19
1629,1629,100,PACC,SVM,0.007888877936369942,0.4178888779363699,0.41
1630,1630,100,PACC,SVM,0.05830976845159136,0.4116902315484086,0.47
1631,1631,100,PACC,SVM,0.16643060427025735,0.6935693957297426,0.86
1632,1632,100,PACC,SVM,0.0820006105356127,0.5579993894643873,0.64
1633,1633,100,PACC,SVM,0.08998991242927279,0.6000100875707272,0.69
1634,1634,100,PACC,SVM,0.18637022992405938,0.7936297700759406,0.98
1635,1635,100,PACC,SVM,0.018795478957717382,0.42879547895771736,0.41
1636,1636,100,PACC,SVM,0.029995769252718463,0.37000423074728156,0.4
1637,1637,100,PACC,SVM,0.12257079127071446,0.7974292087292856,0.92
1638,1638,100,PACC,SVM,0.07301499784264104,0.31301499784264103,0.24
1639,1639,100,PACC,SVM,0.13039110402336307,0.5896088959766369,0.72
1640,1640,100,PACC,SVM,0.07657530948496594,0.6734246905150341,0.75
1641,1641,100,PACC,SVM,0.13864680253434558,0.22864680253434558,0.09
1642,1642,100,PACC,SVM,0.016010314672311954,0.44398968532768807,0.46
1643,1643,100,PACC,SVM,0.056699479766933736,0.25669947976693375,0.2
1644,1644,100,PACC,SVM,0.03354601590422218,0.21354601590422218,0.18
1645,1645,100,PACC,SVM,0.011897964335327582,0.4718979643353276,0.46
1646,1646,100,PACC,SVM,0.023343633364022065,0.3033436333640221,0.28
1647,1647,100,PACC,SVM,0.07970457869993519,0.7102954213000648,0.79
1648,1648,100,PACC,SVM,0.1419278664518766,0.7580721335481234,0.9
1649,1649,100,PACC,SVM,0.13863004050903427,0.6613699594909658,0.8
1650,1650,100,PACC,SVM,0.08558906710618774,0.34558906710618775,0.26
1651,1651,100,PACC,SVM,0.015893606789979975,0.28589360678998,0.27
1652,1652,100,PACC,SVM,0.0230783197258696,0.2730783197258696,0.25
1653,1653,100,PACC,SVM,0.08749749342358051,0.21749749342358052,0.13
1654,1654,100,PACC,SVM,0.18206229523802941,0.7579377047619705,0.94
1655,1655,100,PACC,SVM,0.04171743083393081,0.3582825691660692,0.4
1656,1656,100,PACC,SVM,0.06686141968948053,0.28686141968948053,0.22
1657,1657,100,PACC,SVM,0.18352981997717022,0.6564701800228298,0.84
1658,1658,100,PACC,SVM,0.012664449034900105,0.3773355509650999,0.39
1659,1659,100,PACC,SVM,0.11220698307122426,0.14220698307122426,0.03
1660,1660,100,PACC,SVM,0.07866725041929301,0.23866725041929301,0.16
1661,1661,100,PACC,SVM,0.08446216902363779,0.5455378309763622,0.63
1662,1662,100,PACC,SVM,0.14908219992874627,0.6309178000712538,0.78
1663,1663,100,PACC,SVM,0.06665836965494112,0.2766583696549411,0.21
1664,1664,100,PACC,SVM,0.16312762320943353,0.7468723767905665,0.91
1665,1665,100,PACC,SVM,0.16737127322160905,0.6826287267783909,0.85
1666,1666,100,PACC,SVM,0.10935385369634676,0.7306461463036532,0.84
1667,1667,100,PACC,SVM,0.1392710078984881,0.3592710078984881,0.22
1668,1668,100,PACC,SVM,0.14257922053787536,0.19257922053787538,0.05
1669,1669,100,PACC,SVM,0.18851000155404507,0.6714899984459549,0.86
1670,1670,100,PACC,SVM,0.07988607521115632,0.3798860752111563,0.3
1671,1671,100,PACC,SVM,0.05581936253950415,0.5541806374604958,0.61
1672,1672,100,PACC,SVM,0.10323092973702896,0.646769070262971,0.75
1673,1673,100,PACC,SVM,0.06998815097097696,0.18998815097097696,0.12
1674,1674,100,PACC,SVM,0.09267749939327308,0.687322500606727,0.78
1675,1675,100,PACC,SVM,0.1938661206423471,0.736133879357653,0.93
1676,1676,100,PACC,SVM,0.06080379895071908,0.6591962010492809,0.72
1677,1677,100,PACC,SVM,0.00748712497991022,0.4325128750200898,0.44
1678,1678,100,PACC,SVM,0.18416458409604342,0.6858354159039566,0.87
1679,1679,100,PACC,SVM,0.052726422849150745,0.4672735771508493,0.52
1680,1680,100,PACC,SVM,0.07967028100127116,0.6603297189987288,0.74
1681,1681,100,PACC,SVM,0.12378738909173825,0.6962126109082617,0.82
1682,1682,100,PACC,SVM,0.07154514229231013,0.6684548577076899,0.74
1683,1683,100,PACC,SVM,0.019042663367593582,0.2990426633675936,0.28
1684,1684,100,PACC,SVM,0.10795727078953456,0.21795727078953456,0.11
1685,1685,100,PACC,SVM,0.021534928063099174,0.2515349280630992,0.23
1686,1686,100,PACC,SVM,0.014333012412540258,0.5143330124125403,0.5
1687,1687,100,PACC,SVM,0.03638725340682847,0.46361274659317153,0.5
1688,1688,100,PACC,SVM,0.10649838713671783,0.47350161286328213,0.58
1689,1689,100,PACC,SVM,0.0034981303053478463,0.39349813030534786,0.39
1690,1690,100,PACC,SVM,0.07781344163160464,0.7021865583683954,0.78
1691,1691,100,PACC,SVM,0.1431754673349387,0.7668245326650613,0.91
1692,1692,100,PACC,SVM,0.05927602125387632,0.2992760212538763,0.24
1693,1693,100,PACC,SVM,0.057770803627816836,0.6722291963721831,0.73
1694,1694,100,PACC,SVM,0.1119631157940405,0.5580368842059595,0.67
1695,1695,100,PACC,SVM,0.05550859998289287,0.46449140001710715,0.52
1696,1696,100,PACC,SVM,0.04961657478879422,0.22961657478879421,0.18
1697,1697,100,PACC,SVM,0.11435894464505203,0.675641055354948,0.79
1698,1698,100,PACC,SVM,0.20321404075300442,0.7567859592469955,0.96
1699,1699,100,PACC,SVM,0.16096125938120265,0.5590387406187973,0.72
1700,1700,100,PACC,SVM,0.1992278128088555,0.7107721871911445,0.91
1701,1701,100,PACC,SVM,0.1999027945996753,0.7800972054003247,0.98
1702,1702,100,PACC,SVM,0.0038119559652072255,0.34618804403479275,0.35
1703,1703,100,PACC,SVM,0.11110855754824389,0.5188914424517561,0.63
1704,1704,100,PACC,SVM,0.0376763598008617,0.5076763598008617,0.47
1705,1705,100,PACC,SVM,0.18052246285991458,0.7994775371400854,0.98
1706,1706,100,PACC,SVM,0.08364651260761499,0.173646512607615,0.09
1707,1707,100,PACC,SVM,0.04461514456105048,0.45461514456105045,0.41
1708,1708,100,PACC,SVM,0.19251365152524202,0.677486348474758,0.87
1709,1709,100,PACC,SVM,0.06665179316695763,0.34665179316695766,0.28
1710,1710,100,PACC,SVM,0.18211942845474904,0.597880571545251,0.78
1711,1711,100,PACC,SVM,0.008742000833142693,0.3887420008331427,0.38
1712,1712,100,PACC,SVM,0.15871346547321463,0.8112865345267853,0.97
1713,1713,100,PACC,SVM,0.1976895170876629,0.6823104829123371,0.88
1714,1714,100,PACC,SVM,0.04202434895007906,0.34202434895007905,0.3
1715,1715,100,PACC,SVM,0.1444195984019716,0.6255804015980284,0.77
1716,1716,100,PACC,SVM,0.018006930408670185,0.31199306959132983,0.33
1717,1717,100,PACC,SVM,0.03354340871939887,0.5664565912806011,0.6
1718,1718,100,PACC,SVM,0.08270405133218706,0.567295948667813,0.65
1719,1719,100,PACC,SVM,0.12314596292459523,0.6968540370754047,0.82
1720,1720,100,PACC,SVM,0.12933875099190043,0.14933875099190042,0.02
1721,1721,100,PACC,SVM,0.07022296846372053,0.29022296846372053,0.22
1722,1722,100,PACC,SVM,0.1372287255677056,0.5727712744322944,0.71
1723,1723,100,PACC,SVM,0.08440412926241297,0.4755958707375871,0.56
1724,1724,100,PACC,SVM,0.025777504841090648,0.46422249515890934,0.49
1725,1725,100,PACC,SVM,0.14232433272584588,0.19232433272584587,0.05
1726,1726,100,PACC,SVM,0.0033789822284557847,0.3433789822284558,0.34
1727,1727,100,PACC,SVM,0.1389021742999672,0.7210978257000328,0.86
1728,1728,100,PACC,SVM,0.15250355615344274,0.18250355615344274,0.03
1729,1729,100,PACC,SVM,0.05517687663696247,0.4451768766369625,0.39
1730,1730,100,PACC,SVM,0.22701532081249243,0.7129846791875075,0.94
1731,1731,100,PACC,SVM,0.11265360711012297,0.16265360711012297,0.05
1732,1732,100,PACC,SVM,0.09827457931066863,0.6417254206893314,0.74
1733,1733,100,PACC,SVM,0.07194048679368237,0.32194048679368237,0.25
1734,1734,100,PACC,SVM,0.17299230120145015,0.6870076987985498,0.86
1735,1735,100,PACC,SVM,0.11082954057551253,0.6291704594244875,0.74
1736,1736,100,PACC,SVM,0.17998143501405706,0.700018564985943,0.88
1737,1737,100,PACC,SVM,0.07574052672801243,0.2857405267280124,0.21
1738,1738,100,PACC,SVM,0.07100941840742087,0.45899058159257916,0.53
1739,1739,100,PACC,SVM,0.10505295549702398,0.664947044502976,0.77
1740,1740,100,PACC,SVM,0.0914636713241031,0.3314636713241031,0.24
1741,1741,100,PACC,SVM,0.09414058849496612,0.32414058849496613,0.23
1742,1742,100,PACC,SVM,0.1900512252583039,0.2100512252583039,0.02
1743,1743,100,PACC,SVM,0.18725016148890017,0.7627498385110998,0.95
1744,1744,100,PACC,SVM,0.061744735345595214,0.6482552646544048,0.71
1745,1745,100,PACC,SVM,0.06738703957105507,0.5626129604289449,0.63
1746,1746,100,PACC,SVM,0.10770709876115081,0.6322929012388492,0.74
1747,1747,100,PACC,SVM,0.056661443287423674,0.47333855671257635,0.53
1748,1748,100,PACC,SVM,0.01637091092096038,0.4536290890790396,0.47
1749,1749,100,PACC,SVM,0.006500969017550429,0.44650096901755043,0.44
1750,1750,100,PACC,SVM,0.0874587052112904,0.5525412947887096,0.64
1751,1751,100,PACC,SVM,0.03422462098250542,0.23422462098250543,0.2
1752,1752,100,PACC,SVM,0.13603238060555334,0.7439676193944467,0.88
1753,1753,100,PACC,SVM,0.08227351598201083,0.7277264840179892,0.81
1754,1754,100,PACC,SVM,0.01883944195409004,0.35883944195409007,0.34
1755,1755,100,PACC,SVM,0.05240630058597051,0.5175936994140294,0.57
1756,1756,100,PACC,SVM,0.09061940710301103,0.23061940710301104,0.14
1757,1757,100,PACC,SVM,0.17917436834060663,0.7908256316593933,0.97
1758,1758,100,PACC,SVM,0.1332410719630912,0.7667589280369088,0.9
1759,1759,100,PACC,SVM,0.22132069428614354,0.6986793057138565,0.92
1760,1760,100,PACC,SVM,0.0404472405580974,0.3704472405580974,0.33
1761,1761,100,PACC,SVM,0.06492828488745603,0.22492828488745603,0.16
1762,1762,100,PACC,SVM,0.026602738738210646,0.23660273873821064,0.21
1763,1763,100,PACC,SVM,0.1257830219535744,0.2157830219535744,0.09
1764,1764,100,PACC,SVM,0.09457022801707365,0.21457022801707365,0.12
1765,1765,100,PACC,SVM,0.11252178614634037,0.18252178614634038,0.07
1766,1766,100,PACC,SVM,0.17137023655911432,0.8086297634408857,0.98
1767,1767,100,PACC,SVM,0.09546871715660182,0.16546871715660183,0.07
1768,1768,100,PACC,SVM,0.1251533024474314,0.2551533024474314,0.13
1769,1769,100,PACC,SVM,0.17146612376339043,0.6485338762366095,0.82
1770,1770,100,PACC,SVM,0.09391500772188871,0.48608499227811125,0.58
1771,1771,100,PACC,SVM,0.15920782198385675,0.6107921780161433,0.77
1772,1772,100,PACC,SVM,0.08894189614548942,0.5410581038545106,0.63
1773,1773,100,PACC,SVM,0.1529752257245599,0.7270247742754401,0.88
1774,1774,100,PACC,SVM,0.040361475959614035,0.589638524040386,0.63
1775,1775,100,PACC,SVM,0.05523263225401054,0.4647673677459895,0.52
1776,1776,100,PACC,SVM,0.0557796705471677,0.6542203294528323,0.71
1777,1777,100,PACC,SVM,0.04783840592153421,0.4878384059215342,0.44
1778,1778,100,PACC,SVM,0.0245451083772133,0.3645451083772133,0.34
1779,1779,100,PACC,SVM,0.0612591472474166,0.3987408527525834,0.46
1780,1780,100,PACC,SVM,0.10347444773818718,0.2634744477381872,0.16
1781,1781,100,PACC,SVM,0.08783074582492345,0.7021692541750766,0.79
1782,1782,100,PACC,SVM,0.002682488765446245,0.25731751123455376,0.26
1783,1783,100,PACC,SVM,0.051697681393276684,0.20169768139327668,0.15
1784,1784,100,PACC,SVM,0.06932378309191956,0.30932378309191955,0.24
1785,1785,100,PACC,SVM,0.15052701978666438,0.6894729802133356,0.84
1786,1786,100,PACC,SVM,0.054245072982080145,0.38424507298208016,0.33
1787,1787,100,PACC,SVM,0.1349362616004468,0.5450637383995532,0.68
1788,1788,100,PACC,SVM,0.2132130834288175,0.6367869165711825,0.85
1789,1789,100,PACC,SVM,0.16600082688673345,0.23600082688673346,0.07
1790,1790,100,PACC,SVM,0.11983934920005102,0.640160650799949,0.76
1791,1791,100,PACC,SVM,0.06047680001400607,0.36047680001400606,0.3
1792,1792,100,PACC,SVM,0.0487561332150446,0.2587561332150446,0.21
1793,1793,100,PACC,SVM,0.12075407987443076,0.5592459201255693,0.68
1794,1794,100,PACC,SVM,0.19116399115070937,0.7088360088492907,0.9
1795,1795,100,PACC,SVM,0.06979744508064561,0.3597974450806456,0.29
1796,1796,100,PACC,SVM,0.03252242199746114,0.5274775780025389,0.56
1797,1797,100,PACC,SVM,0.022081499669302396,0.3020814996693024,0.28
1798,1798,100,PACC,SVM,0.03980545654177936,0.5101945434582207,0.55
1799,1799,100,PACC,SVM,0.0702894614825691,0.5497105385174309,0.62
1800,1800,100,PACC,SVM,0.07229734394331411,0.5377026560566859,0.61
1801,1801,100,PACC,SVM,0.06260345384196275,0.5573965461580372,0.62
1802,1802,100,PACC,SVM,0.0937083682815506,0.2237083682815506,0.13
1803,1803,100,PACC,SVM,0.10477627996691108,0.5852237200330889,0.69
1804,1804,100,PACC,SVM,0.12602369768326438,0.5439763023167357,0.67
1805,1805,100,PACC,SVM,0.09844878867811568,0.5815512113218844,0.68
1806,1806,100,PACC,SVM,0.09495654274321616,0.16495654274321617,0.07
1807,1807,100,PACC,SVM,0.0104859797192845,0.4504859797192845,0.44
1808,1808,100,PACC,SVM,0.0041369336184760575,0.39586306638152396,0.4
1809,1809,100,PACC,SVM,0.09337355508272412,0.17337355508272412,0.08
1810,1810,100,PACC,SVM,0.07893932550800428,0.2989393255080043,0.22
1811,1811,100,PACC,SVM,0.01179060105583879,0.4282093989441612,0.44
1812,1812,100,PACC,SVM,0.08332219945435826,0.6566778005456417,0.74
1813,1813,100,PACC,SVM,0.023044620148082257,0.25304462014808227,0.23
1814,1814,100,PACC,SVM,0.16291546391134037,0.6570845360886596,0.82
1815,1815,100,PACC,SVM,0.04378465204324594,0.4962153479567541,0.54
1816,1816,100,PACC,SVM,0.04602914414611303,0.713970855853887,0.76
1817,1817,100,PACC,SVM,0.019700841334065522,0.4897008413340655,0.47
1818,1818,100,PACC,SVM,0.013943667928306036,0.503943667928306,0.49
1819,1819,100,PACC,SVM,0.1026226753799444,0.5073773246200556,0.61
1820,1820,100,PACC,SVM,0.1794159440612253,0.7405840559387747,0.92
1821,1821,100,PACC,SVM,0.05537313321442544,0.43462686678557455,0.49
1822,1822,100,PACC,SVM,0.1259314117269174,0.3940685882730826,0.52
1823,1823,100,PACC,SVM,0.07370683435874159,0.5262931656412584,0.6
1824,1824,100,PACC,SVM,0.09766726124248815,0.6323327387575118,0.73
1825,1825,100,PACC,SVM,0.13053254424896746,0.20053254424896746,0.07
1826,1826,100,PACC,SVM,0.036387491870675914,0.4736125081293241,0.51
1827,1827,100,PACC,SVM,0.02732261148422649,0.4526773885157735,0.48
1828,1828,100,PACC,SVM,0.18949831237912862,0.7305016876208714,0.92
1829,1829,100,PACC,SVM,0.012809266982936274,0.4771907330170637,0.49
1830,1830,100,PACC,SVM,0.02259877163181545,0.48259877163181547,0.46
1831,1831,100,PACC,SVM,0.14936713606775953,0.8106328639322404,0.96
1832,1832,100,PACC,SVM,0.002736245427431283,0.44726375457256873,0.45
1833,1833,100,PACC,SVM,0.04576121453601714,0.22576121453601714,0.18
1834,1834,100,PACC,SVM,0.022811763238753002,0.232811763238753,0.21
1835,1835,100,PACC,SVM,0.07746884928220929,0.1674688492822093,0.09
1836,1836,100,PACC,SVM,0.1712225174076668,0.1712225174076668,0.0
1837,1837,100,PACC,SVM,0.03607746173652027,0.3939225382634797,0.43
1838,1838,100,PACC,SVM,0.15109702226925004,0.60890297773075,0.76
1839,1839,100,PACC,SVM,0.13248663491158896,0.597513365088411,0.73
1840,1840,100,PACC,SVM,0.16293090393276283,0.19293090393276283,0.03
1841,1841,100,PACC,SVM,0.06423504869921193,0.4957649513007881,0.56
1842,1842,100,PACC,SVM,0.061738469840308424,0.21173846984030842,0.15
1843,1843,100,PACC,SVM,0.1567484258529367,0.7832515741470633,0.94
1844,1844,100,PACC,SVM,0.042458526972936506,0.2024585269729365,0.16
1845,1845,100,PACC,SVM,0.11694905568236658,0.5030509443176334,0.62
1846,1846,100,PACC,SVM,0.034833508218529596,0.3548335082185296,0.32
1847,1847,100,PACC,SVM,0.04314481293799499,0.596855187062005,0.64
1848,1848,100,PACC,SVM,0.002204509938693533,0.4122045099386935,0.41
1849,1849,100,PACC,SVM,0.1277884599137905,0.6222115400862095,0.75
1850,1850,100,PACC,SVM,0.03772795894725836,0.26772795894725837,0.23
1851,1851,100,PACC,SVM,0.16102629694367765,0.7389737030563224,0.9
1852,1852,100,PACC,SVM,0.003741712059713076,0.5037417120597131,0.5
1853,1853,100,PACC,SVM,0.1511990976410248,0.5988009023589752,0.75
1854,1854,100,PACC,SVM,0.20988629890001498,0.630113701099985,0.84
1855,1855,100,PACC,SVM,0.21225895751476498,0.777741042485235,0.99
1856,1856,100,PACC,SVM,0.043662678802920046,0.26366267880292005,0.22
1857,1857,100,PACC,SVM,0.07338431765331849,0.3533843176533185,0.28
1858,1858,100,PACC,SVM,0.0411439989223325,0.2911439989223325,0.25
1859,1859,100,PACC,SVM,0.06682561095853745,0.32682561095853746,0.26
1860,1860,100,PACC,SVM,0.06603864086090805,0.5139613591390919,0.58
1861,1861,100,PACC,SVM,0.21138755063929937,0.7786124493607006,0.99
1862,1862,100,PACC,SVM,0.21696150405400372,0.7730384959459963,0.99
1863,1863,100,PACC,SVM,0.06784752925599485,0.45215247074400516,0.52
1864,1864,100,PACC,SVM,0.053824010647938514,0.5761759893520615,0.63
1865,1865,100,PACC,SVM,0.15225839606041602,0.697741603939584,0.85
1866,1866,100,PACC,SVM,0.1682111630416956,0.7617888369583045,0.93
1867,1867,100,PACC,SVM,0.07336535308856956,0.2733653530885696,0.2
1868,1868,100,PACC,SVM,0.08376837075793686,0.43623162924206316,0.52
1869,1869,100,PACC,SVM,0.14032306338979128,0.6896769366102087,0.83
1870,1870,100,PACC,SVM,0.027745167835703244,0.32774516783570323,0.3
1871,1871,100,PACC,SVM,0.04209328539612062,0.3879067146038794,0.43
1872,1872,100,PACC,SVM,0.18861356408126972,0.7913864359187303,0.98
1873,1873,100,PACC,SVM,0.23074218527088253,0.7492578147291175,0.98
1874,1874,100,PACC,SVM,0.17258485182019923,0.7274151481798008,0.9
1875,1875,100,PACC,SVM,0.1308311404367849,0.6591688595632151,0.79
1876,1876,100,PACC,SVM,0.04215946471286652,0.30215946471286653,0.26
1877,1877,100,PACC,SVM,0.001263306763471972,0.321263306763472,0.32
1878,1878,100,PACC,SVM,0.012112521580199154,0.5278874784198009,0.54
1879,1879,100,PACC,SVM,0.04811132937277107,0.511888670627229,0.56
1880,1880,100,PACC,SVM,0.0072323790285687695,0.5072323790285688,0.5
1881,1881,100,PACC,SVM,0.07173369257690032,0.5582663074230997,0.63
1882,1882,100,PACC,SVM,0.046638567403519626,0.3533614325964804,0.4
1883,1883,100,PACC,SVM,0.13662668041722148,0.6033733195827785,0.74
1884,1884,100,PACC,SVM,0.050860359029430424,0.38086035902943044,0.33
1885,1885,100,PACC,SVM,0.01931320398867392,0.3106867960113261,0.33
1886,1886,100,PACC,SVM,0.10038477852573005,0.22038477852573005,0.12
1887,1887,100,PACC,SVM,0.08137960517861048,0.2613796051786105,0.18
1888,1888,100,PACC,SVM,0.16195906054734033,0.6880409394526597,0.85
1889,1889,100,PACC,SVM,0.0636432855717709,0.3763567144282291,0.44
1890,1890,100,PACC,SVM,0.045594682202881515,0.2655946822028815,0.22
1891,1891,100,PACC,SVM,0.11326803199900093,0.6367319680009991,0.75
1892,1892,100,PACC,SVM,0.05021383436934013,0.4997861656306599,0.55
1893,1893,100,PACC,SVM,0.21424703227728586,0.23424703227728585,0.02
1894,1894,100,PACC,SVM,0.08949888543084311,0.3994988854308431,0.31
1895,1895,100,PACC,SVM,0.0963347811525386,0.2663347811525386,0.17
1896,1896,100,PACC,SVM,0.06133649195141033,0.5886635080485897,0.65
1897,1897,100,PACC,SVM,0.08261261706309247,0.3526126170630925,0.27
1898,1898,100,PACC,SVM,0.12158429763882,0.18158429763882,0.06
1899,1899,100,PACC,SVM,0.15006285953123083,0.20006285953123082,0.05
1900,1900,100,PACC,SVM,0.04243666318968542,0.5375633368103145,0.58
1901,1901,100,PACC,SVM,0.16108042440065376,0.18108042440065375,0.02
1902,1902,100,PACC,SVM,0.16298384840575086,0.6770161515942491,0.84
1903,1903,100,PACC,SVM,0.09796100950770761,0.2479610095077076,0.15
1904,1904,100,PACC,SVM,0.03405376839766072,0.5659462316023393,0.6
1905,1905,100,PACC,SVM,0.004270929088949826,0.44427092908894983,0.44
1906,1906,100,PACC,SVM,0.0059183661139585175,0.4459183661139585,0.44
1907,1907,100,PACC,SVM,0.08970097466936547,0.15970097466936548,0.07
1908,1908,100,PACC,SVM,0.08968119168424837,0.7103188083157517,0.8
1909,1909,100,PACC,SVM,0.14938161619130452,0.7406183838086955,0.89
1910,1910,100,PACC,SVM,0.10107750309910009,0.11107750309910008,0.01
1911,1911,100,PACC,SVM,0.022668191802640347,0.14733180819735966,0.17
1912,1912,100,PACC,SVM,0.15091696789456466,0.7490830321054354,0.9
1913,1913,100,PACC,SVM,0.022005401527308788,0.5179945984726912,0.54
1914,1914,100,PACC,SVM,0.0022848142385417936,0.1477151857614582,0.15
1915,1915,100,PACC,SVM,0.01349341685049707,0.21349341685049708,0.2
1916,1916,100,PACC,SVM,0.08561139286992003,0.56438860713008,0.65
1917,1917,100,PACC,SVM,0.12336567053678837,0.5966343294632116,0.72
1918,1918,100,PACC,SVM,0.06126431692753742,0.5287356830724625,0.59
1919,1919,100,PACC,SVM,0.22013225658359648,0.7298677434164035,0.95
1920,1920,100,PACC,SVM,0.008582755481556348,0.48141724451844364,0.49
1921,1921,100,PACC,SVM,0.08252333832259912,0.3825233383225991,0.3
1922,1922,100,PACC,SVM,0.002152280566155129,0.4721522805661551,0.47
1923,1923,100,PACC,SVM,0.0026048403107784,0.3473951596892216,0.35
1924,1924,100,PACC,SVM,0.03979270077501271,0.2597927007750127,0.22
1925,1925,100,PACC,SVM,0.11762408224961793,0.15762408224961794,0.04
1926,1926,100,PACC,SVM,0.06671137851885156,0.41671137851885154,0.35
1927,1927,100,PACC,SVM,0.1261649840256197,0.5838350159743803,0.71
1928,1928,100,PACC,SVM,0.11869098607004726,0.12869098607004725,0.01
1929,1929,100,PACC,SVM,0.023015811514577045,0.40698418848542295,0.43
1930,1930,100,PACC,SVM,0.04202710249330455,0.5979728975066955,0.64
1931,1931,100,PACC,SVM,0.0673755002344204,0.5426244997655796,0.61
1932,1932,100,PACC,SVM,0.10851824362687412,0.6614817563731259,0.77
1933,1933,100,PACC,SVM,0.2258504460193287,0.5841495539806714,0.81
1934,1934,100,PACC,SVM,0.07789315471820801,0.632106845281792,0.71
1935,1935,100,PACC,SVM,0.0984185691506631,0.1984185691506631,0.1
1936,1936,100,PACC,SVM,0.02978509137357377,0.4402149086264262,0.47
1937,1937,100,PACC,SVM,0.095668978532788,0.504331021467212,0.6
1938,1938,100,PACC,SVM,0.0753670519585194,0.3153670519585194,0.24
1939,1939,100,PACC,SVM,0.16016535208249985,0.20016535208249986,0.04
1940,1940,100,PACC,SVM,0.00020938057404315535,0.21979061942595685,0.22
1941,1941,100,PACC,SVM,0.032639935716302027,0.417360064283698,0.45
1942,1942,100,PACC,SVM,0.05102000416794156,0.3589799958320584,0.41
1943,1943,100,PACC,SVM,0.06761247161218156,0.23761247161218157,0.17
1944,1944,100,PACC,SVM,0.09694715771045204,0.7230528422895479,0.82
1945,1945,100,PACC,SVM,0.19755171182148878,0.7224482881785113,0.92
1946,1946,100,PACC,SVM,0.07361605907328583,0.27361605907328584,0.2
1947,1947,100,PACC,SVM,0.14180419213862228,0.7781958078613778,0.92
1948,1948,100,PACC,SVM,0.13079382091102845,0.14079382091102846,0.01
1949,1949,100,PACC,SVM,0.11459320970860964,0.8054067902913904,0.92
1950,1950,100,PACC,SVM,0.20245208428931571,0.7475479157106842,0.95
1951,1951,100,PACC,SVM,0.11855718294420385,0.12855718294420385,0.01
1952,1952,100,PACC,SVM,0.11176173903407238,0.6482382609659276,0.76
1953,1953,100,PACC,SVM,0.204774053714873,0.765225946285127,0.97
1954,1954,100,PACC,SVM,0.13466254724553095,0.7653374527544691,0.9
1955,1955,100,PACC,SVM,0.23654262716293895,0.733457372837061,0.97
1956,1956,100,PACC,SVM,0.06810860451690193,0.4818913954830981,0.55
1957,1957,100,PACC,SVM,0.14588989416290227,0.21588989416290227,0.07
1958,1958,100,PACC,SVM,0.1925028672028236,0.6474971327971764,0.84
1959,1959,100,PACC,SVM,0.07438770392696847,0.5356122960730315,0.61
1960,1960,100,PACC,SVM,0.07414309447581302,0.535856905524187,0.61
1961,1961,100,PACC,SVM,0.016008437534731412,0.39399156246526856,0.41
1962,1962,100,PACC,SVM,0.04000011121014635,0.5299998887898536,0.57
1963,1963,100,PACC,SVM,0.13724489616152755,0.28724489616152754,0.15
1964,1964,100,PACC,SVM,0.08656864960300259,0.6434313503969974,0.73
1965,1965,100,PACC,SVM,0.1062971132181603,0.1762971132181603,0.07
1966,1966,100,PACC,SVM,0.11605873524420163,0.6039412647557983,0.72
1967,1967,100,PACC,SVM,0.13285541766781184,0.7071445823321881,0.84
1968,1968,100,PACC,SVM,0.0652725590597068,0.40472744094029317,0.47
1969,1969,100,PACC,SVM,0.027720815270104615,0.5277208152701046,0.5
1970,1970,100,PACC,SVM,0.004774670507948386,0.3147746705079484,0.31
1971,1971,100,PACC,SVM,0.17589865822584805,0.7841013417741519,0.96
1972,1972,100,PACC,SVM,0.08297667905956019,0.6470233209404398,0.73
1973,1973,100,PACC,SVM,0.05425802351728831,0.4142580235172883,0.36
1974,1974,100,PACC,SVM,0.1273053105045522,0.2973053105045522,0.17
1975,1975,100,PACC,SVM,0.055044246294029237,0.26504424629402923,0.21
1976,1976,100,PACC,SVM,0.01975626285938764,0.47975626285938766,0.46
1977,1977,100,PACC,SVM,0.1842223390967438,0.7557776609032562,0.94
1978,1978,100,PACC,SVM,0.12050682192410533,0.6094931780758946,0.73
1979,1979,100,PACC,SVM,0.08875918306259997,0.29875918306259996,0.21
1980,1980,100,PACC,SVM,0.1277603197760835,0.7222396802239165,0.85
1981,1981,100,PACC,SVM,0.010955059055660576,0.3590449409443394,0.37
1982,1982,100,PACC,SVM,0.13319360642104683,0.7168063935789531,0.85
1983,1983,100,PACC,SVM,0.0296264354791535,0.2103735645208465,0.24
1984,1984,100,PACC,SVM,0.059715737646099165,0.5502842623539008,0.61
1985,1985,100,PACC,SVM,0.15527829644997426,0.7647217035500258,0.92
1986,1986,100,PACC,SVM,0.062049939091238626,0.3120499390912386,0.25
1987,1987,100,PACC,SVM,0.06184196137336828,0.6281580386266317,0.69
1988,1988,100,PACC,SVM,0.19993638588235962,0.7800636141176404,0.98
1989,1989,100,PACC,SVM,0.11264678351492505,0.26264678351492504,0.15
1990,1990,100,PACC,SVM,0.13132536364884334,0.21132536364884336,0.08
1991,1991,100,PACC,SVM,0.12460895902883595,0.5453910409711641,0.67
1992,1992,100,PACC,SVM,0.022538775742322048,0.35253877574232206,0.33
1993,1993,100,PACC,SVM,0.1102746858843677,0.1802746858843677,0.07
1994,1994,100,PACC,SVM,0.027952029077376317,0.44204797092262366,0.47
1995,1995,100,PACC,SVM,0.07959715229454079,0.6704028477054592,0.75
1996,1996,100,PACC,SVM,0.058350261449004126,0.33835026144900415,0.28
1997,1997,100,PACC,SVM,0.024205700352765147,0.35420570035276516,0.33
1998,1998,100,PACC,SVM,0.1682299318729541,0.6717700681270459,0.84
1999,1999,100,PACC,SVM,0.027198510355038452,0.49280148964496157,0.52
2000,0,200,PACC,SVM,0.13172263710963095,0.6382773628903691,0.77
2001,1,200,PACC,SVM,0.006110381785274177,0.4411103817852742,0.435
2002,2,200,PACC,SVM,0.11052968212601866,0.7444703178739813,0.855
2003,3,200,PACC,SVM,0.08046674724715697,0.614533252752843,0.695
2004,4,200,PACC,SVM,0.09423779131220303,0.18423779131220303,0.09
2005,5,200,PACC,SVM,0.22610289577855092,0.7488971042214491,0.975
2006,6,200,PACC,SVM,0.06650110305852563,0.6934988969414744,0.76
2007,7,200,PACC,SVM,0.12126437579550586,0.6637356242044942,0.785
2008,8,200,PACC,SVM,0.0955478480702219,0.2205478480702219,0.125
2009,9,200,PACC,SVM,0.014426109035171997,0.435573890964828,0.45
2010,10,200,PACC,SVM,0.015623890735865398,0.3856238907358654,0.37
2011,11,200,PACC,SVM,0.20816851385873136,0.7168314861412687,0.925
2012,12,200,PACC,SVM,0.046684264992382984,0.593315735007617,0.64
2013,13,200,PACC,SVM,0.12826886235108426,0.6917311376489157,0.82
2014,14,200,PACC,SVM,0.00377835015614969,0.4362216498438503,0.44
2015,15,200,PACC,SVM,0.065162078778741,0.290162078778741,0.225
2016,16,200,PACC,SVM,0.04422983250109069,0.5057701674989094,0.55
2017,17,200,PACC,SVM,0.10488456971328042,0.16488456971328042,0.06
2018,18,200,PACC,SVM,0.14571211927679362,0.6792878807232063,0.825
2019,19,200,PACC,SVM,0.07887375004179398,0.551126249958206,0.63
2020,20,200,PACC,SVM,0.10159908565883136,0.6534009143411686,0.755
2021,21,200,PACC,SVM,0.027752204719379003,0.377752204719379,0.35
2022,22,200,PACC,SVM,0.21178588434100465,0.7582141156589953,0.97
2023,23,200,PACC,SVM,0.16387605267319705,0.726123947326803,0.89
2024,24,200,PACC,SVM,0.11472695820139589,0.6602730417986041,0.775
2025,25,200,PACC,SVM,0.09163936576478665,0.28163936576478665,0.19
2026,26,200,PACC,SVM,0.01728430969921929,0.44771569030078073,0.465
2027,27,200,PACC,SVM,0.13429708010852057,0.17429708010852057,0.04
2028,28,200,PACC,SVM,0.07596344051192203,0.22596344051192202,0.15
2029,29,200,PACC,SVM,0.08623773637209375,0.5937622636279063,0.68
2030,30,200,PACC,SVM,0.08873561438238364,0.6512643856176163,0.74
2031,31,200,PACC,SVM,0.1950836019102401,0.7699163980897599,0.965
2032,32,200,PACC,SVM,0.020541992888241933,0.34554199288824194,0.325
2033,33,200,PACC,SVM,0.023575210232059496,0.3935752102320595,0.37
2034,34,200,PACC,SVM,0.028581455443081993,0.493581455443082,0.465
2035,35,200,PACC,SVM,0.1056325173044192,0.2906325173044192,0.185
2036,36,200,PACC,SVM,0.12830841921568964,0.25330841921568964,0.125
2037,37,200,PACC,SVM,0.019854604289409716,0.45514539571059026,0.475
2038,38,200,PACC,SVM,0.08177688415667858,0.3067768841566786,0.225
2039,39,200,PACC,SVM,0.08475213785593183,0.5802478621440682,0.665
2040,40,200,PACC,SVM,0.00588784182264801,0.440887841822648,0.435
2041,41,200,PACC,SVM,0.14139427513911906,0.6886057248608809,0.83
2042,42,200,PACC,SVM,0.12645105751707075,0.5735489424829292,0.7
2043,43,200,PACC,SVM,0.052852836728978836,0.36285283672897883,0.31
2044,44,200,PACC,SVM,0.13924753750369723,0.6907524624963027,0.83
2045,45,200,PACC,SVM,0.13012962607338374,0.6698703739266163,0.8
2046,46,200,PACC,SVM,0.037117124645611344,0.42211712464561135,0.385
2047,47,200,PACC,SVM,0.04548289333382616,0.33048289333382613,0.285
2048,48,200,PACC,SVM,0.07931893360278541,0.6006810663972146,0.68
2049,49,200,PACC,SVM,0.0841050182315621,0.21910501823156212,0.135
2050,50,200,PACC,SVM,0.08920821150314828,0.2842082115031483,0.195
2051,51,200,PACC,SVM,0.18007104888489592,0.18507104888489592,0.005
2052,52,200,PACC,SVM,0.13147986610367957,0.6535201338963205,0.785
2053,53,200,PACC,SVM,0.1023565748397598,0.5576434251602402,0.66
2054,54,200,PACC,SVM,0.10097425661269599,0.604025743387304,0.705
2055,55,200,PACC,SVM,0.11529203720391312,0.6647079627960869,0.78
2056,56,200,PACC,SVM,0.0465640714431233,0.4084359285568767,0.455
2057,57,200,PACC,SVM,0.001598140848293017,0.566598140848293,0.565
2058,58,200,PACC,SVM,0.06518397317953731,0.20018397317953732,0.135
2059,59,200,PACC,SVM,0.07125788010865676,0.18125788010865676,0.11
2060,60,200,PACC,SVM,0.09486403017351719,0.5701359698264828,0.665
2061,61,200,PACC,SVM,0.017966041547522293,0.4520339584524777,0.47
2062,62,200,PACC,SVM,0.028089068733301747,0.5369109312666982,0.565
2063,63,200,PACC,SVM,0.0673731228258011,0.6926268771741989,0.76
2064,64,200,PACC,SVM,0.11365275689828847,0.5163472431017115,0.63
2065,65,200,PACC,SVM,0.028539346935304577,0.5214606530646955,0.55
2066,66,200,PACC,SVM,0.06403932556434605,0.490960674435654,0.555
2067,67,200,PACC,SVM,0.09010176043937751,0.3901017604393775,0.3
2068,68,200,PACC,SVM,0.10722636193453838,0.13722636193453838,0.03
2069,69,200,PACC,SVM,0.021973651499422042,0.41302634850057796,0.435
2070,70,200,PACC,SVM,0.06326149425181823,0.2732614942518182,0.21
2071,71,200,PACC,SVM,0.03458250691455461,0.43958250691455464,0.405
2072,72,200,PACC,SVM,0.1692710808590998,0.6807289191409002,0.85
2073,73,200,PACC,SVM,0.08233433960098605,0.31233433960098606,0.23
2074,74,200,PACC,SVM,0.1421530639860922,0.1971530639860922,0.055
2075,75,200,PACC,SVM,0.06201299558521689,0.3420129955852169,0.28
2076,76,200,PACC,SVM,0.05512115746512619,0.34512115746512617,0.29
2077,77,200,PACC,SVM,0.05176611885513227,0.6082338811448678,0.66
2078,78,200,PACC,SVM,0.051774907499637646,0.5032250925003624,0.555
2079,79,200,PACC,SVM,0.15439371627320364,0.6256062837267964,0.78
2080,80,200,PACC,SVM,0.10804842503249046,0.5519515749675096,0.66
2081,81,200,PACC,SVM,0.043556209699233905,0.44855620969923393,0.405
2082,82,200,PACC,SVM,0.09341141491253213,0.7165885850874679,0.81
2083,83,200,PACC,SVM,0.11061124470674608,0.2756112447067461,0.165
2084,84,200,PACC,SVM,0.1507235844163421,0.17072358441634208,0.02
2085,85,200,PACC,SVM,0.14938350340430556,0.23938350340430556,0.09
2086,86,200,PACC,SVM,0.0951134243705587,0.6248865756294413,0.72
2087,87,200,PACC,SVM,0.012340972778920378,0.44765902722107964,0.46
2088,88,200,PACC,SVM,0.11262743896449764,0.27262743896449765,0.16
2089,89,200,PACC,SVM,0.04705381570526296,0.45294618429473704,0.5
2090,90,200,PACC,SVM,0.07951037001699054,0.22951037001699054,0.15
2091,91,200,PACC,SVM,0.11878407430313143,0.5762159256968685,0.695
2092,92,200,PACC,SVM,0.026823861287092077,0.4718238612870921,0.445
2093,93,200,PACC,SVM,0.0038218692997047943,0.3838218692997048,0.38
2094,94,200,PACC,SVM,0.027814171224013196,0.3278141712240132,0.3
2095,95,200,PACC,SVM,0.06802834443830452,0.5619716555616955,0.63
2096,96,200,PACC,SVM,0.0326482181231284,0.3926482181231284,0.36
2097,97,200,PACC,SVM,0.12672200624621066,0.21172200624621068,0.085
2098,98,200,PACC,SVM,0.11498148852382774,0.22998148852382774,0.115
2099,99,200,PACC,SVM,0.2218007978539812,0.7381992021460188,0.96
2100,100,200,PACC,SVM,0.1955761099654978,0.7094238900345022,0.905
2101,101,200,PACC,SVM,0.09543340733602201,0.5995665926639779,0.695
2102,102,200,PACC,SVM,0.08624971442802432,0.35124971442802433,0.265
2103,103,200,PACC,SVM,0.20481834411957023,0.7601816558804297,0.965
2104,104,200,PACC,SVM,0.1014903180205865,0.6735096819794135,0.775
2105,105,200,PACC,SVM,0.1098885043881388,0.6051114956118612,0.715
2106,106,200,PACC,SVM,0.005274589314225919,0.4397254106857741,0.445
2107,107,200,PACC,SVM,0.056760479040979306,0.3267604790409793,0.27
2108,108,200,PACC,SVM,0.10576102768749066,0.20076102768749066,0.095
2109,109,200,PACC,SVM,0.1668102072975689,0.7331897927024311,0.9
2110,110,200,PACC,SVM,0.01014003723887641,0.4448599627611236,0.455
2111,111,200,PACC,SVM,0.08290604539586205,0.28290604539586206,0.2
2112,112,200,PACC,SVM,0.029397243344171597,0.3343972433441716,0.305
2113,113,200,PACC,SVM,0.0413269760563284,0.5336730239436716,0.575
2114,114,200,PACC,SVM,0.10696363900791822,0.2819636390079182,0.175
2115,115,200,PACC,SVM,0.1160503949259638,0.7389496050740362,0.855
2116,116,200,PACC,SVM,0.08536002652177066,0.6696399734782293,0.755
2117,117,200,PACC,SVM,0.08560780890775432,0.6293921910922456,0.715
2118,118,200,PACC,SVM,0.018972699752508926,0.41102730024749107,0.43
2119,119,200,PACC,SVM,0.07946269764192915,0.5455373023580709,0.625
2120,120,200,PACC,SVM,0.03980646195588555,0.5401935380441144,0.58
2121,121,200,PACC,SVM,0.07211059935822084,0.5728894006417792,0.645
2122,122,200,PACC,SVM,0.09178696856966458,0.17178696856966458,0.08
2123,123,200,PACC,SVM,0.01072956638064615,0.42572956638064613,0.415
2124,124,200,PACC,SVM,0.12834770267269133,0.16834770267269134,0.04
2125,125,200,PACC,SVM,0.030066490504847665,0.4599335094951523,0.49
2126,126,200,PACC,SVM,0.05954568823291939,0.3845456882329194,0.325
2127,127,200,PACC,SVM,0.09606063581108759,0.2360606358110876,0.14
2128,128,200,PACC,SVM,0.08958774972830166,0.18958774972830167,0.1
2129,129,200,PACC,SVM,0.05611880317156048,0.5288811968284395,0.585
2130,130,200,PACC,SVM,0.07974851919139644,0.24974851919139646,0.17
2131,131,200,PACC,SVM,0.18360699960448068,0.7413930003955194,0.925
2132,132,200,PACC,SVM,0.06861658311791974,0.5113834168820802,0.58
2133,133,200,PACC,SVM,0.04631070240157381,0.3913107024015738,0.345
2134,134,200,PACC,SVM,0.04501428351944681,0.5449857164805532,0.59
2135,135,200,PACC,SVM,0.13579652589215793,0.15579652589215792,0.02
2136,136,200,PACC,SVM,0.1806239013239851,0.7743760986760149,0.955
2137,137,200,PACC,SVM,0.012344261140437351,0.49234426114043733,0.48
2138,138,200,PACC,SVM,0.1507910037661918,0.6292089962338082,0.78
2139,139,200,PACC,SVM,0.12320442075920245,0.20320442075920245,0.08
2140,140,200,PACC,SVM,0.036369970012194885,0.4486300299878051,0.485
2141,141,200,PACC,SVM,0.013813082464114446,0.47618691753588555,0.49
2142,142,200,PACC,SVM,0.16875704918161905,0.766242950818381,0.935
2143,143,200,PACC,SVM,0.08987553333988119,0.48012446666011876,0.57
2144,144,200,PACC,SVM,0.02389139277861918,0.4461086072213808,0.47
2145,145,200,PACC,SVM,0.06684002063560018,0.3318400206356002,0.265
2146,146,200,PACC,SVM,0.021055794382407955,0.35105579438240797,0.33
2147,147,200,PACC,SVM,0.055470611199262276,0.46452938880073774,0.52
2148,148,200,PACC,SVM,0.00854459540618685,0.42645540459381315,0.435
2149,149,200,PACC,SVM,0.1130297743554211,0.1330297743554211,0.02
2150,150,200,PACC,SVM,0.12504098143619014,0.6999590185638098,0.825
2151,151,200,PACC,SVM,0.1210019229453605,0.7739980770546395,0.895
2152,152,200,PACC,SVM,0.11156489515565654,0.25156489515565655,0.14
2153,153,200,PACC,SVM,0.08292455156059914,0.4670754484394009,0.55
2154,154,200,PACC,SVM,0.07590658690769665,0.18090658690769665,0.105
2155,155,200,PACC,SVM,0.13491077441476917,0.5350892255852309,0.67
2156,156,200,PACC,SVM,0.05285377605669772,0.33285377605669775,0.28
2157,157,200,PACC,SVM,0.11818168221048175,0.5368183177895183,0.655
2158,158,200,PACC,SVM,0.11951159980891868,0.6054884001910813,0.725
2159,159,200,PACC,SVM,0.09743545799528941,0.6675645420047106,0.765
2160,160,200,PACC,SVM,0.09810800955471437,0.20310800955471436,0.105
2161,161,200,PACC,SVM,0.17283329822305993,0.7421667017769401,0.915
2162,162,200,PACC,SVM,0.08774562713294007,0.3177456271329401,0.23
2163,163,200,PACC,SVM,0.13136544338226358,0.16636544338226358,0.035
2164,164,200,PACC,SVM,0.036611875632647894,0.5133881243673521,0.55
2165,165,200,PACC,SVM,0.000170609064588656,0.36982939093541134,0.37
2166,166,200,PACC,SVM,0.12791546327139658,0.6970845367286034,0.825
2167,167,200,PACC,SVM,0.12677698142794636,0.6782230185720537,0.805
2168,168,200,PACC,SVM,0.07697917613542327,0.39197917613542327,0.315
2169,169,200,PACC,SVM,0.1811950328524612,0.7688049671475388,0.95
2170,170,200,PACC,SVM,0.08695593231776244,0.3769559323177624,0.29
2171,171,200,PACC,SVM,0.046575870404365616,0.4684241295956344,0.515
2172,172,200,PACC,SVM,0.06292428582138304,0.31792428582138305,0.255
2173,173,200,PACC,SVM,0.19004399543046346,0.7449560045695366,0.935
2174,174,200,PACC,SVM,0.1392315297124138,0.2992315297124138,0.16
2175,175,200,PACC,SVM,0.1286783736445457,0.16867837364454571,0.04
2176,176,200,PACC,SVM,0.01986682215173352,0.4151331778482665,0.435
2177,177,200,PACC,SVM,0.19426553214372644,0.7957344678562736,0.99
2178,178,200,PACC,SVM,0.20083946855081924,0.6891605314491808,0.89
2179,179,200,PACC,SVM,0.07364440036035791,0.6713555996396421,0.745
2180,180,200,PACC,SVM,0.1391106720785178,0.7508893279214822,0.89
2181,181,200,PACC,SVM,0.1550981675197115,0.7349018324802885,0.89
2182,182,200,PACC,SVM,0.02718260510015663,0.4878173948998434,0.515
2183,183,200,PACC,SVM,0.037743238335958496,0.3527432383359585,0.315
2184,184,200,PACC,SVM,0.07696931244705241,0.6930306875529476,0.77
2185,185,200,PACC,SVM,0.0546595963439338,0.6053404036560662,0.66
2186,186,200,PACC,SVM,0.01231007157651881,0.3823100715765188,0.37
2187,187,200,PACC,SVM,0.09164748233543255,0.18164748233543254,0.09
2188,188,200,PACC,SVM,0.07410607369076516,0.6708939263092348,0.745
2189,189,200,PACC,SVM,0.04520040865593733,0.30520040865593734,0.26
2190,190,200,PACC,SVM,0.14726659885203097,0.7877334011479691,0.935
2191,191,200,PACC,SVM,0.0850268640804579,0.3250268640804579,0.24
2192,192,200,PACC,SVM,0.13247532670577628,0.25247532670577627,0.12
2193,193,200,PACC,SVM,0.10419162578837649,0.7258083742116235,0.83
2194,194,200,PACC,SVM,0.12268912502481352,0.2726891250248135,0.15
2195,195,200,PACC,SVM,0.08938290425392509,0.2643829042539251,0.175
2196,196,200,PACC,SVM,0.07616268596554332,0.5188373140344567,0.595
2197,197,200,PACC,SVM,0.211764845370217,0.658235154629783,0.87
2198,198,200,PACC,SVM,0.08924471318880828,0.2842447131888083,0.195
2199,199,200,PACC,SVM,0.021123298389315814,0.3311232983893158,0.31
2200,200,200,PACC,SVM,0.16185651324454142,0.6131434867554586,0.775
2201,201,200,PACC,SVM,0.21303617751277004,0.7569638224872299,0.97
2202,202,200,PACC,SVM,0.0632085919653872,0.4367914080346128,0.5
2203,203,200,PACC,SVM,0.06971617897837554,0.20971617897837555,0.14
2204,204,200,PACC,SVM,0.14808920446001264,0.15808920446001265,0.01
2205,205,200,PACC,SVM,0.07845195620472187,0.3034519562047219,0.225
2206,206,200,PACC,SVM,0.1167233424510318,0.2467233424510318,0.13
2207,207,200,PACC,SVM,0.09288253559456372,0.5821174644054363,0.675
2208,208,200,PACC,SVM,0.09367892772393027,0.21367892772393027,0.12
2209,209,200,PACC,SVM,0.052019297420095034,0.45298070257990497,0.505
2210,210,200,PACC,SVM,0.09487090483813476,0.5951290951618652,0.69
2211,211,200,PACC,SVM,0.044096456678157425,0.5359035433218425,0.58
2212,212,200,PACC,SVM,0.04627081044458378,0.2412708104445838,0.195
2213,213,200,PACC,SVM,0.07068075917541372,0.7293192408245863,0.8
2214,214,200,PACC,SVM,0.10593072409199589,0.6090692759080041,0.715
2215,215,200,PACC,SVM,0.12237650639035502,0.612623493609645,0.735
2216,216,200,PACC,SVM,0.1101541652851939,0.2401541652851939,0.13
2217,217,200,PACC,SVM,0.0872494646395133,0.2072494646395133,0.12
2218,218,200,PACC,SVM,0.16197736230220583,0.7630226376977942,0.925
2219,219,200,PACC,SVM,0.011333929345605842,0.40633392934560586,0.395
2220,220,200,PACC,SVM,0.012134467785607062,0.31213446778560705,0.3
2221,221,200,PACC,SVM,0.03515223182968963,0.44984776817031036,0.485
2222,222,200,PACC,SVM,0.10955217863332223,0.5504478213666778,0.66
2223,223,200,PACC,SVM,0.20977038463201148,0.7452296153679885,0.955
2224,224,200,PACC,SVM,0.02787493415002751,0.3128749341500275,0.285
2225,225,200,PACC,SVM,0.19260083832525698,0.7273991616747431,0.92
2226,226,200,PACC,SVM,0.12021521838452785,0.14021521838452786,0.02
2227,227,200,PACC,SVM,0.09229556021840957,0.4627044397815905,0.555
2228,228,200,PACC,SVM,0.08127079861482733,0.5487292013851727,0.63
2229,229,200,PACC,SVM,0.11458110059450434,0.21958110059450434,0.105
2230,230,200,PACC,SVM,0.10087255623466798,0.240872556234668,0.14
2231,231,200,PACC,SVM,0.026613435374001404,0.3883865646259986,0.415
2232,232,200,PACC,SVM,0.17179102733381457,0.7932089726661854,0.965
2233,233,200,PACC,SVM,0.024436068431477387,0.5705639315685226,0.595
2234,234,200,PACC,SVM,0.1533208239529965,0.7766791760470035,0.93
2235,235,200,PACC,SVM,0.12974628187077175,0.6702537181292283,0.8
2236,236,200,PACC,SVM,0.02404922220918354,0.4409507777908165,0.465
2237,237,200,PACC,SVM,0.14729619741367106,0.632703802586329,0.78
2238,238,200,PACC,SVM,0.12676969906990831,0.14176969906990833,0.015
2239,239,200,PACC,SVM,0.08730671062016566,0.19230671062016566,0.105
2240,240,200,PACC,SVM,0.13886422507182272,0.6861357749281772,0.825
2241,241,200,PACC,SVM,0.15635858312933293,0.6386414168706671,0.795
2242,242,200,PACC,SVM,0.07234170785538505,0.30234170785538506,0.23
2243,243,200,PACC,SVM,0.06455696975114417,0.46544303024885586,0.53
2244,244,200,PACC,SVM,0.06423290465022391,0.5407670953497761,0.605
2245,245,200,PACC,SVM,0.15891076393089454,0.7060892360691055,0.865
2246,246,200,PACC,SVM,0.06601829104451284,0.5339817089554871,0.6
2247,247,200,PACC,SVM,0.0034100339939070468,0.413410033993907,0.41
2248,248,200,PACC,SVM,0.0026748020512876725,0.37267480205128767,0.37
2249,249,200,PACC,SVM,0.0032719798087705865,0.4282719798087706,0.425
2250,250,200,PACC,SVM,0.07258502205513728,0.5774149779448627,0.65
2251,251,200,PACC,SVM,0.17322154314173532,0.6917784568582647,0.865
2252,252,200,PACC,SVM,0.028812097348506094,0.4211879026514939,0.45
2253,253,200,PACC,SVM,0.0300083826835999,0.2750083826835999,0.245
2254,254,200,PACC,SVM,0.03368926034992842,0.2686892603499284,0.235
2255,255,200,PACC,SVM,0.10903191491943243,0.6359680850805676,0.745
2256,256,200,PACC,SVM,0.14335367954871914,0.6716463204512808,0.815
2257,257,200,PACC,SVM,0.09133149618953333,0.19633149618953333,0.105
2258,258,200,PACC,SVM,0.08620483659078745,0.15120483659078746,0.065
2259,259,200,PACC,SVM,0.012856437889486094,0.5771435621105139,0.59
2260,260,200,PACC,SVM,0.11859802901229952,0.2635980290122995,0.145
2261,261,200,PACC,SVM,0.1196129543914356,0.7003870456085644,0.82
2262,262,200,PACC,SVM,0.030084703391171308,0.3400847033911713,0.31
2263,263,200,PACC,SVM,0.11569505019846571,0.2556950501984657,0.14
2264,264,200,PACC,SVM,0.15386636528732,0.76613363471268,0.92
2265,265,200,PACC,SVM,0.07453481880337373,0.23953481880337374,0.165
2266,266,200,PACC,SVM,0.05614385288600493,0.33614385288600496,0.28
2267,267,200,PACC,SVM,0.08988668100011743,0.23988668100011742,0.15
2268,268,200,PACC,SVM,0.12082920183977915,0.23582920183977915,0.115
2269,269,200,PACC,SVM,0.1292387559426633,0.14923875594266328,0.02
2270,270,200,PACC,SVM,0.15034213146051564,0.20534213146051564,0.055
2271,271,200,PACC,SVM,0.06452345472882795,0.23452345472882796,0.17
2272,272,200,PACC,SVM,0.11959351453044405,0.16959351453044405,0.05
2273,273,200,PACC,SVM,0.06731625613025372,0.5226837438697463,0.59
2274,274,200,PACC,SVM,0.10273211410617566,0.5772678858938244,0.68
2275,275,200,PACC,SVM,0.012687177254459836,0.3773128227455402,0.39
2276,276,200,PACC,SVM,0.01833929181206473,0.33333929181206473,0.315
2277,277,200,PACC,SVM,0.05563857084193191,0.4443614291580681,0.5
2278,278,200,PACC,SVM,0.1459226727432663,0.7290773272567337,0.875
2279,279,200,PACC,SVM,0.19310039018579472,0.6568996098142053,0.85
2280,280,200,PACC,SVM,0.14045003196797504,0.18045003196797504,0.04
2281,281,200,PACC,SVM,0.10761986963243847,0.28761986963243846,0.18
2282,282,200,PACC,SVM,0.043876722221227016,0.278876722221227,0.235
2283,283,200,PACC,SVM,0.051508170474521275,0.29650817047452127,0.245
2284,284,200,PACC,SVM,0.073379306980422,0.49662069301957795,0.57
2285,285,200,PACC,SVM,0.02293110268098847,0.43793110268098845,0.415
2286,286,200,PACC,SVM,0.1268239745589263,0.1718239745589263,0.045
2287,287,200,PACC,SVM,0.007797298978784728,0.3777972989787847,0.37
2288,288,200,PACC,SVM,0.0024728412264348743,0.5224728412264349,0.52
2289,289,200,PACC,SVM,0.11834814507465133,0.21834814507465133,0.1
2290,290,200,PACC,SVM,0.1377316277559124,0.6922683722440875,0.83
2291,291,200,PACC,SVM,0.13178370499742575,0.18178370499742577,0.05
2292,292,200,PACC,SVM,0.13718609391743997,0.7828139060825601,0.92
2293,293,200,PACC,SVM,0.11813649226147158,0.21313649226147158,0.095
2294,294,200,PACC,SVM,0.1338534209588812,0.7061465790411188,0.84
2295,295,200,PACC,SVM,0.1850167563252031,0.7149832436747969,0.9
2296,296,200,PACC,SVM,0.22971249629716217,0.7452875037028378,0.975
2297,297,200,PACC,SVM,0.1614175866723131,0.638582413327687,0.8
2298,298,200,PACC,SVM,0.12470234236361855,0.6502976576363815,0.775
2299,299,200,PACC,SVM,0.07245880832813956,0.5675411916718605,0.64
2300,300,200,PACC,SVM,0.10574924753501302,0.669250752464987,0.775
2301,301,200,PACC,SVM,0.0872316317311072,0.2172316317311072,0.13
2302,302,200,PACC,SVM,0.05409639597455268,0.48090360402544735,0.535
2303,303,200,PACC,SVM,0.04577583000199037,0.46422416999800964,0.51
2304,304,200,PACC,SVM,0.10003027864540026,0.7549697213545997,0.855
2305,305,200,PACC,SVM,0.033938990282751214,0.4260610097172488,0.46
2306,306,200,PACC,SVM,0.016196466093629514,0.3688035339063705,0.385
2307,307,200,PACC,SVM,0.07358476406492964,0.5614152359350704,0.635
2308,308,200,PACC,SVM,0.0608098561389126,0.3258098561389126,0.265
2309,309,200,PACC,SVM,0.09551088394249821,0.23051088394249822,0.135
2310,310,200,PACC,SVM,0.020606356463730158,0.4543936435362698,0.475
2311,311,200,PACC,SVM,0.01961803961874109,0.43461803961874107,0.415
2312,312,200,PACC,SVM,0.07610490422099445,0.30610490422099446,0.23
2313,313,200,PACC,SVM,0.02115842226638176,0.38615842226638175,0.365
2314,314,200,PACC,SVM,0.005340364053470381,0.37034036405347037,0.365
2315,315,200,PACC,SVM,0.03828618281705953,0.36328618281705954,0.325
2316,316,200,PACC,SVM,0.051228424309500475,0.4262284243095005,0.375
2317,317,200,PACC,SVM,0.08318137725990071,0.6018186227400993,0.685
2318,318,200,PACC,SVM,0.06296947277770742,0.3579694727777074,0.295
2319,319,200,PACC,SVM,0.1751031302208026,0.7698968697791974,0.945
2320,320,200,PACC,SVM,0.18197700079899626,0.7330229992010038,0.915
2321,321,200,PACC,SVM,0.013496789464979564,0.4665032105350204,0.48
2322,322,200,PACC,SVM,0.014813612905417384,0.3398136129054174,0.325
2323,323,200,PACC,SVM,0.0629385496430262,0.47206145035697383,0.535
2324,324,200,PACC,SVM,0.1537733086462757,0.6912266913537243,0.845
2325,325,200,PACC,SVM,0.0752972493547649,0.5747027506452351,0.65
2326,326,200,PACC,SVM,0.1277382828364504,0.6722617171635497,0.8
2327,327,200,PACC,SVM,0.03626609287510435,0.4937339071248957,0.53
2328,328,200,PACC,SVM,0.09693873965581323,0.5330612603441868,0.63
2329,329,200,PACC,SVM,0.025430393771560367,0.31043039377156034,0.285
2330,330,200,PACC,SVM,0.06869557186327802,0.661304428136722,0.73
2331,331,200,PACC,SVM,0.07666039986245188,0.2766603998624519,0.2
2332,332,200,PACC,SVM,0.09402694165041203,0.5959730583495879,0.69
2333,333,200,PACC,SVM,0.11318168291457942,0.7468183170854206,0.86
2334,334,200,PACC,SVM,0.09178600263791276,0.22178600263791276,0.13
2335,335,200,PACC,SVM,0.12646879737958278,0.4835312026204172,0.61
2336,336,200,PACC,SVM,0.11318435093178983,0.20818435093178983,0.095
2337,337,200,PACC,SVM,0.0987072632721947,0.6262927367278053,0.725
2338,338,200,PACC,SVM,0.1397179180177906,0.21971791801779061,0.08
2339,339,200,PACC,SVM,0.16627504829834172,0.7687249517016583,0.935
2340,340,200,PACC,SVM,0.09867285946632676,0.23367285946632677,0.135
2341,341,200,PACC,SVM,0.2268344806898045,0.7281655193101955,0.955
2342,342,200,PACC,SVM,0.12129037446677293,0.6787096255332271,0.8
2343,343,200,PACC,SVM,0.06892751508898476,0.5210724849110152,0.59
2344,344,200,PACC,SVM,0.13866325636961585,0.6413367436303842,0.78
2345,345,200,PACC,SVM,0.13424502689016438,0.6607549731098357,0.795
2346,346,200,PACC,SVM,0.19145002902837893,0.753549970971621,0.945
2347,347,200,PACC,SVM,0.042547701417808004,0.292547701417808,0.25
2348,348,200,PACC,SVM,0.07037181192495312,0.5196281880750468,0.59
2349,349,200,PACC,SVM,0.1488087078965505,0.24380870789655051,0.095
2350,350,200,PACC,SVM,0.05031351794190131,0.5646864820580987,0.615
2351,351,200,PACC,SVM,0.10780708637726774,0.27780708637726775,0.17
2352,352,200,PACC,SVM,0.059874252735118816,0.5001257472648812,0.56
2353,353,200,PACC,SVM,0.04962026794296115,0.5203797320570388,0.57
2354,354,200,PACC,SVM,0.04054651366312767,0.42445348633687235,0.465
2355,355,200,PACC,SVM,0.09450791411066845,0.4254920858893316,0.52
2356,356,200,PACC,SVM,0.10766390615943522,0.6523360938405648,0.76
2357,357,200,PACC,SVM,0.11145978164952242,0.6835402183504776,0.795
2358,358,200,PACC,SVM,0.022057561791552605,0.4679424382084474,0.49
2359,359,200,PACC,SVM,0.06135541683818069,0.5336445831618193,0.595
2360,360,200,PACC,SVM,0.2034842350628503,0.7265157649371498,0.93
2361,361,200,PACC,SVM,0.0994946287413123,0.2144946287413123,0.115
2362,362,200,PACC,SVM,0.09303428318581021,0.20803428318581021,0.115
2363,363,200,PACC,SVM,0.1230914691070263,0.2080914691070263,0.085
2364,364,200,PACC,SVM,0.08517257233402464,0.5698274276659754,0.655
2365,365,200,PACC,SVM,0.003990961754162581,0.4110090382458374,0.415
2366,366,200,PACC,SVM,0.1411755743969797,0.6288244256030203,0.77
2367,367,200,PACC,SVM,0.0780455391857916,0.5919544608142084,0.67
2368,368,200,PACC,SVM,0.043471163861703466,0.3734711638617035,0.33
2369,369,200,PACC,SVM,0.18370017423004137,0.7112998257699586,0.895
2370,370,200,PACC,SVM,0.11837967330128163,0.6416203266987184,0.76
2371,371,200,PACC,SVM,0.06728852324778645,0.33728852324778646,0.27
2372,372,200,PACC,SVM,0.057486060780126025,0.417486060780126,0.36
2373,373,200,PACC,SVM,0.025735691913664815,0.3357356919136648,0.31
2374,374,200,PACC,SVM,0.12134985790847655,0.27634985790847655,0.155
2375,375,200,PACC,SVM,0.12913967153747222,0.2741396715374722,0.145
2376,376,200,PACC,SVM,0.1567383117208333,0.7782616882791668,0.935
2377,377,200,PACC,SVM,0.01604976602539354,0.45104976602539354,0.435
2378,378,200,PACC,SVM,0.030569434671345763,0.41056943467134577,0.38
2379,379,200,PACC,SVM,0.12142668342411289,0.6035733165758871,0.725
2380,380,200,PACC,SVM,0.05593096980400336,0.4940690301959967,0.55
2381,381,200,PACC,SVM,0.13490957841643036,0.8000904215835697,0.935
2382,382,200,PACC,SVM,0.19385884379190366,0.5861411562080964,0.78
2383,383,200,PACC,SVM,0.011863176246996732,0.46313682375300325,0.475
2384,384,200,PACC,SVM,0.01784546061746828,0.3571545393825317,0.375
2385,385,200,PACC,SVM,0.18833736828692316,0.7966626317130768,0.985
2386,386,200,PACC,SVM,0.1217847761798384,0.5932152238201616,0.715
2387,387,200,PACC,SVM,0.1506195810969676,0.7993804189030324,0.95
2388,388,200,PACC,SVM,0.11000694226966888,0.22500694226966889,0.115
2389,389,200,PACC,SVM,0.14835700056725287,0.7016429994327471,0.85
2390,390,200,PACC,SVM,0.0734256278605524,0.5615743721394476,0.635
2391,391,200,PACC,SVM,0.10321409530667341,0.2232140953066734,0.12
2392,392,200,PACC,SVM,0.043992033502063044,0.5410079664979369,0.585
2393,393,200,PACC,SVM,0.11390058571990813,0.5710994142800919,0.685
2394,394,200,PACC,SVM,0.14930990623236842,0.15930990623236843,0.01
2395,395,200,PACC,SVM,0.03709564636089996,0.48709564636089997,0.45
2396,396,200,PACC,SVM,0.1540076386071495,0.6709923613928505,0.825
2397,397,200,PACC,SVM,0.04809801687981996,0.34309801687981994,0.295
2398,398,200,PACC,SVM,0.017900765247469863,0.43709923475253015,0.455
2399,399,200,PACC,SVM,0.021219916606144973,0.461219916606145,0.44
2400,400,200,PACC,SVM,0.027884546596137372,0.32788454659613736,0.3
2401,401,200,PACC,SVM,0.17609195358381402,0.738908046416186,0.915
2402,402,200,PACC,SVM,0.1046291992726347,0.6753708007273653,0.78
2403,403,200,PACC,SVM,0.09655744765496892,0.20655744765496892,0.11
2404,404,200,PACC,SVM,0.16059891617586108,0.8344010838241389,0.995
2405,405,200,PACC,SVM,0.09854920926444166,0.7764507907355583,0.875
2406,406,200,PACC,SVM,0.06275789882020638,0.3427578988202064,0.28
2407,407,200,PACC,SVM,0.15446137946011873,0.6805386205398812,0.835
2408,408,200,PACC,SVM,0.1496006726258064,0.2546006726258064,0.105
2409,409,200,PACC,SVM,0.21139758645993234,0.7836024135400677,0.995
2410,410,200,PACC,SVM,0.11018336229836456,0.5548166377016355,0.665
2411,411,200,PACC,SVM,0.0848532476817937,0.5651467523182063,0.65
2412,412,200,PACC,SVM,0.09732696641469438,0.18732696641469437,0.09
2413,413,200,PACC,SVM,0.1282009226950841,0.7667990773049159,0.895
2414,414,200,PACC,SVM,0.1504571914809875,0.17545719148098748,0.025
2415,415,200,PACC,SVM,0.004422361549537235,0.23557763845046276,0.24
2416,416,200,PACC,SVM,0.10692149419828675,0.24692149419828677,0.14
2417,417,200,PACC,SVM,0.09727479650670223,0.6777252034932978,0.775
2418,418,200,PACC,SVM,0.07369443414596616,0.26869443414596617,0.195
2419,419,200,PACC,SVM,0.1765698705751696,0.7334301294248304,0.91
2420,420,200,PACC,SVM,0.05849152782004563,0.5965084721799544,0.655
2421,421,200,PACC,SVM,0.12415935843180684,0.15915935843180684,0.035
2422,422,200,PACC,SVM,0.12767557526395576,0.13267557526395576,0.005
2423,423,200,PACC,SVM,0.15146219864998928,0.2014621986499893,0.05
2424,424,200,PACC,SVM,0.09963409287960634,0.5053659071203936,0.605
2425,425,200,PACC,SVM,0.1354829632341148,0.6645170367658852,0.8
2426,426,200,PACC,SVM,0.05308852413967741,0.2880885241396774,0.235
2427,427,200,PACC,SVM,0.10294984158631793,0.742050158413682,0.845
2428,428,200,PACC,SVM,0.14531755166622665,0.20031755166622664,0.055
2429,429,200,PACC,SVM,0.14084174889421042,0.6591582511057896,0.8
2430,430,200,PACC,SVM,0.22475893000190073,0.7002410699980993,0.925
2431,431,200,PACC,SVM,0.14543038755965065,0.6245696124403494,0.77
2432,432,200,PACC,SVM,0.08932767731529634,0.6056723226847036,0.695
2433,433,200,PACC,SVM,0.08778524769681684,0.7472147523031831,0.835
2434,434,200,PACC,SVM,0.13307201905899527,0.17307201905899527,0.04
2435,435,200,PACC,SVM,0.0625017892895256,0.2625017892895256,0.2
2436,436,200,PACC,SVM,0.09854189838116612,0.2185418983811661,0.12
2437,437,200,PACC,SVM,0.019340559935413004,0.480659440064587,0.5
2438,438,200,PACC,SVM,0.10169583925469095,0.643304160745309,0.745
2439,439,200,PACC,SVM,0.09138548080360143,0.5386145191963986,0.63
2440,440,200,PACC,SVM,0.12946971691901488,0.7205302830809851,0.85
2441,441,200,PACC,SVM,0.07889040381754775,0.23389040381754775,0.155
2442,442,200,PACC,SVM,0.11601054148130807,0.6139894585186919,0.73
2443,443,200,PACC,SVM,0.11336717556538933,0.30336717556538934,0.19
2444,444,200,PACC,SVM,0.07054669552464332,0.34054669552464334,0.27
2445,445,200,PACC,SVM,0.10204125856656665,0.6029587414334333,0.705
2446,446,200,PACC,SVM,0.22784179115802816,0.7521582088419718,0.98
2447,447,200,PACC,SVM,0.05114339978745286,0.5588566002125471,0.61
2448,448,200,PACC,SVM,0.09227543177194185,0.14227543177194185,0.05
2449,449,200,PACC,SVM,0.1252929092132925,0.4897070907867075,0.615
2450,450,200,PACC,SVM,0.12133252898435043,0.16133252898435044,0.04
2451,451,200,PACC,SVM,0.19205775604844422,0.6879422439515558,0.88
2452,452,200,PACC,SVM,0.09091608740098456,0.6140839125990154,0.705
2453,453,200,PACC,SVM,0.08085634200432054,0.25085634200432055,0.17
2454,454,200,PACC,SVM,0.10112570699384399,0.19112570699384399,0.09
2455,455,200,PACC,SVM,0.0940602395039532,0.2740602395039532,0.18
2456,456,200,PACC,SVM,0.2170096006893908,0.7629903993106092,0.98
2457,457,200,PACC,SVM,0.018271793194637953,0.43672820680536206,0.455
2458,458,200,PACC,SVM,0.10322738325349823,0.6767726167465018,0.78
2459,459,200,PACC,SVM,0.05638252034642943,0.5786174796535706,0.635
2460,460,200,PACC,SVM,0.021418502356902458,0.5485814976430975,0.57
2461,461,200,PACC,SVM,0.1255765063428331,0.2705765063428331,0.145
2462,462,200,PACC,SVM,0.1799919748490273,0.7650080251509727,0.945
2463,463,200,PACC,SVM,0.0021344379386391,0.2978655620613609,0.3
2464,464,200,PACC,SVM,0.06333007266891744,0.5116699273310825,0.575
2465,465,200,PACC,SVM,0.13276392545808346,0.5622360745419165,0.695
2466,466,200,PACC,SVM,0.0657459334791004,0.5792540665208996,0.645
2467,467,200,PACC,SVM,0.21504115988779793,0.724958840112202,0.94
2468,468,200,PACC,SVM,0.048470096866631895,0.19347009686663189,0.145
2469,469,200,PACC,SVM,0.06251305058105405,0.44248694941894595,0.505
2470,470,200,PACC,SVM,0.007053391523583086,0.39294660847641694,0.4
2471,471,200,PACC,SVM,0.08287153763404104,0.38712846236595894,0.47
2472,472,200,PACC,SVM,0.09133553440572782,0.20633553440572783,0.115
2473,473,200,PACC,SVM,0.10948133946718899,0.239481339467189,0.13
2474,474,200,PACC,SVM,0.06438298388205027,0.3393829838820503,0.275
2475,475,200,PACC,SVM,0.06437474471294319,0.3643747447129432,0.3
2476,476,200,PACC,SVM,0.006435630849122298,0.4314356308491223,0.425
2477,477,200,PACC,SVM,0.08928077402384638,0.5207192259761536,0.61
2478,478,200,PACC,SVM,0.06634738703545118,0.5636526129645488,0.63
2479,479,200,PACC,SVM,0.030499257933291668,0.3795007420667083,0.41
2480,480,200,PACC,SVM,0.006035956685344179,0.4110359566853442,0.405
2481,481,200,PACC,SVM,0.03968345435577916,0.25468345435577916,0.215
2482,482,200,PACC,SVM,0.04198633733682433,0.5430136626631756,0.585
2483,483,200,PACC,SVM,0.06269229865882758,0.3776922986588276,0.315
2484,484,200,PACC,SVM,0.13853048166303325,0.17353048166303325,0.035
2485,485,200,PACC,SVM,0.02340714028221824,0.39159285971778174,0.415
2486,486,200,PACC,SVM,0.006936345367357322,0.46306365463264265,0.47
2487,487,200,PACC,SVM,0.09153135597224052,0.3165313559722405,0.225
2488,488,200,PACC,SVM,0.061448523702458235,0.5085514762975417,0.57
2489,489,200,PACC,SVM,0.07578517406479485,0.4892148259352051,0.565
2490,490,200,PACC,SVM,0.10775000506251675,0.5922499949374832,0.7
2491,491,200,PACC,SVM,0.08261305848148437,0.5623869415185156,0.645
2492,492,200,PACC,SVM,0.07127296296681729,0.5787270370331827,0.65
2493,493,200,PACC,SVM,0.04659184794153742,0.3615918479415374,0.315
2494,494,200,PACC,SVM,0.08761148729813295,0.6973885127018671,0.785
2495,495,200,PACC,SVM,0.04492176082854704,0.500078239171453,0.545
2496,496,200,PACC,SVM,0.053882786430944296,0.4838827864309443,0.43
2497,497,200,PACC,SVM,0.02692411761649738,0.5980758823835026,0.625
2498,498,200,PACC,SVM,0.026656115409000647,0.38665611540900063,0.36
2499,499,200,PACC,SVM,0.02053902765795801,0.489460972342042,0.51
2500,500,200,PACC,SVM,0.1429983801422393,0.5920016198577607,0.735
2501,501,200,PACC,SVM,0.18519854497339983,0.6998014550266002,0.885
2502,502,200,PACC,SVM,0.15804474405357416,0.7619552559464259,0.92
2503,503,200,PACC,SVM,0.031084886372519216,0.4689151136274808,0.5
2504,504,200,PACC,SVM,0.026343093379133098,0.4936569066208669,0.52
2505,505,200,PACC,SVM,0.130598309184893,0.664401690815107,0.795
2506,506,200,PACC,SVM,0.02032536564637405,0.33032536564637405,0.31
2507,507,200,PACC,SVM,0.11908924459096049,0.7159107554090395,0.835
2508,508,200,PACC,SVM,0.01735840800352728,0.5073584080035273,0.49
2509,509,200,PACC,SVM,0.1176344238203592,0.2326344238203592,0.115
2510,510,200,PACC,SVM,0.13198665918408625,0.20198665918408626,0.07
2511,511,200,PACC,SVM,0.167435650416493,0.672564349583507,0.84
2512,512,200,PACC,SVM,0.16320772448690868,0.21820772448690867,0.055
2513,513,200,PACC,SVM,0.03304027979294277,0.3130402797929428,0.28
2514,514,200,PACC,SVM,0.029997071099423123,0.35999707109942314,0.33
2515,515,200,PACC,SVM,0.08598692229430657,0.2559869222943066,0.17
2516,516,200,PACC,SVM,0.058150511896629564,0.36815051189662956,0.31
2517,517,200,PACC,SVM,0.04156511949180719,0.6984348805081928,0.74
2518,518,200,PACC,SVM,0.13107873812618825,0.14107873812618826,0.01
2519,519,200,PACC,SVM,0.14145358777554984,0.6835464122244501,0.825
2520,520,200,PACC,SVM,0.19997563085023928,0.6550243691497607,0.855
2521,521,200,PACC,SVM,0.019976509004876464,0.35002349099512353,0.37
2522,522,200,PACC,SVM,0.10253611525690129,0.2525361152569013,0.15
2523,523,200,PACC,SVM,0.03223507381624369,0.5677649261837563,0.6
2524,524,200,PACC,SVM,0.11333767628014589,0.2283376762801459,0.115
2525,525,200,PACC,SVM,0.033955187932421194,0.3939551879324212,0.36
2526,526,200,PACC,SVM,0.22212032382204017,0.7328796761779598,0.955
2527,527,200,PACC,SVM,0.21257187768201036,0.7824281223179896,0.995
2528,528,200,PACC,SVM,0.08404688305912722,0.6859531169408728,0.77
2529,529,200,PACC,SVM,0.07381526501225066,0.38381526501225066,0.31
2530,530,200,PACC,SVM,0.10232891558021118,0.5826710844197889,0.685
2531,531,200,PACC,SVM,0.09330192756712563,0.6116980724328743,0.705
2532,532,200,PACC,SVM,0.012491723280487144,0.37250827671951287,0.385
2533,533,200,PACC,SVM,0.08476971420402724,0.5552302857959728,0.64
2534,534,200,PACC,SVM,0.11198982668005851,0.1219898266800585,0.01
2535,535,200,PACC,SVM,0.13414581724776517,0.33914581724776516,0.205
2536,536,200,PACC,SVM,0.06985574129482192,0.4551442587051781,0.525
2537,537,200,PACC,SVM,0.07916905978999439,0.2391690597899944,0.16
2538,538,200,PACC,SVM,0.07279943309011719,0.2377994330901172,0.165
2539,539,200,PACC,SVM,0.08409317911628522,0.7509068208837147,0.835
2540,540,200,PACC,SVM,0.1818879899714555,0.8031120100285445,0.985
2541,541,200,PACC,SVM,0.03039965892971419,0.5246003410702859,0.555
2542,542,200,PACC,SVM,0.13993975444785112,0.6950602455521488,0.835
2543,543,200,PACC,SVM,0.1762623701079531,0.8137376298920469,0.99
2544,544,200,PACC,SVM,0.10561364266919118,0.2456136426691912,0.14
2545,545,200,PACC,SVM,0.007853583215225002,0.437146416784775,0.445
2546,546,200,PACC,SVM,0.032022985474384535,0.42202298547438455,0.39
2547,547,200,PACC,SVM,0.11295037328676309,0.1929503732867631,0.08
2548,548,200,PACC,SVM,0.14567900907217834,0.6093209909278217,0.755
2549,549,200,PACC,SVM,0.0022411823596722447,0.42775881764032775,0.43
2550,550,200,PACC,SVM,0.015264194512345675,0.4802641945123457,0.465
2551,551,200,PACC,SVM,0.10627268471044946,0.25627268471044945,0.15
2552,552,200,PACC,SVM,0.06308843125707114,0.24308843125707114,0.18
2553,553,200,PACC,SVM,0.17213991596233913,0.7328600840376609,0.905
2554,554,200,PACC,SVM,0.11821720057606383,0.15821720057606384,0.04
2555,555,200,PACC,SVM,0.06663083964549807,0.2966308396454981,0.23
2556,556,200,PACC,SVM,0.014249210894243858,0.30424921089424384,0.29
2557,557,200,PACC,SVM,0.0076937582320057984,0.4823062417679942,0.49
2558,558,200,PACC,SVM,0.04387119584811139,0.5411288041518886,0.585
2559,559,200,PACC,SVM,0.030244665878079557,0.45975533412192043,0.49
2560,560,200,PACC,SVM,0.14876249504083022,0.2287624950408302,0.08
2561,561,200,PACC,SVM,0.06375680338585904,0.30375680338585903,0.24
2562,562,200,PACC,SVM,0.16629737460472427,0.6737026253952757,0.84
2563,563,200,PACC,SVM,0.08224440020626944,0.5527555997937306,0.635
2564,564,200,PACC,SVM,0.06259969676398636,0.5824003032360137,0.645
2565,565,200,PACC,SVM,0.06651202251536137,0.6034879774846387,0.67
2566,566,200,PACC,SVM,0.12381556951777062,0.6361844304822294,0.76
2567,567,200,PACC,SVM,0.12920859749234256,0.18420859749234256,0.055
2568,568,200,PACC,SVM,0.008631199142622836,0.3736311991426228,0.365
2569,569,200,PACC,SVM,0.029515337214001236,0.5054846627859988,0.535
2570,570,200,PACC,SVM,0.017661423172727286,0.3526614231727273,0.335
2571,571,200,PACC,SVM,0.11860140853523327,0.7213985914647667,0.84
2572,572,200,PACC,SVM,0.005868164811747845,0.47413183518825214,0.48
2573,573,200,PACC,SVM,0.10784914262587075,0.6571508573741293,0.765
2574,574,200,PACC,SVM,0.16671669842210712,0.6832833015778929,0.85
2575,575,200,PACC,SVM,0.040873824258981006,0.459126175741019,0.5
2576,576,200,PACC,SVM,0.14432052739599,0.76067947260401,0.905
2577,577,200,PACC,SVM,0.009091943095654753,0.5940919430956547,0.585
2578,578,200,PACC,SVM,0.12254111703886406,0.7274588829611359,0.85
2579,579,200,PACC,SVM,0.026243788971685944,0.36624378897168597,0.34
2580,580,200,PACC,SVM,0.05079091798507657,0.44420908201492343,0.495
2581,581,200,PACC,SVM,0.03762484219164686,0.49237515780835317,0.53
2582,582,200,PACC,SVM,0.11815777236493705,0.21815777236493705,0.1
2583,583,200,PACC,SVM,0.04468529262221682,0.43968529262221684,0.395
2584,584,200,PACC,SVM,0.17008563785915987,0.7449143621408402,0.915
2585,585,200,PACC,SVM,0.031924251938837855,0.5980757480611621,0.63
2586,586,200,PACC,SVM,0.12004307932879943,0.2950430793287994,0.175
2587,587,200,PACC,SVM,0.0344783599520293,0.3694783599520293,0.335
2588,588,200,PACC,SVM,0.10264524656288415,0.29264524656288415,0.19
2589,589,200,PACC,SVM,0.10277489948575934,0.12277489948575934,0.02
2590,590,200,PACC,SVM,0.1351260510517006,0.7898739489482994,0.925
2591,591,200,PACC,SVM,0.022015571246395305,0.4670155712463953,0.445
2592,592,200,PACC,SVM,0.06774054573788246,0.37274054573788246,0.305
2593,593,200,PACC,SVM,0.029468487765166973,0.565531512234833,0.595
2594,594,200,PACC,SVM,0.12693422116106065,0.13193422116106066,0.005
2595,595,200,PACC,SVM,0.05068892722399365,0.3256889272239937,0.275
2596,596,200,PACC,SVM,0.10553906140531621,0.5944609385946837,0.7
2597,597,200,PACC,SVM,0.042435889092045764,0.5875641109079542,0.63
2598,598,200,PACC,SVM,0.18071521236579668,0.7992847876342033,0.98
2599,599,200,PACC,SVM,0.04671381663845775,0.5732861833615422,0.62
2600,600,200,PACC,SVM,0.019228452759991854,0.4557715472400081,0.475
2601,601,200,PACC,SVM,0.08825180838592384,0.6717481916140762,0.76
2602,602,200,PACC,SVM,0.14185097735811902,0.758149022641881,0.9
2603,603,200,PACC,SVM,0.09095445593349316,0.6290455440665068,0.72
2604,604,200,PACC,SVM,0.2034468285724892,0.7565531714275108,0.96
2605,605,200,PACC,SVM,0.09259625395769588,0.6874037460423041,0.78
2606,606,200,PACC,SVM,0.15496389607111571,0.7100361039288843,0.865
2607,607,200,PACC,SVM,0.08936876655035937,0.19936876655035937,0.11
2608,608,200,PACC,SVM,0.11072905972241143,0.6192709402775886,0.73
2609,609,200,PACC,SVM,0.02020938095459396,0.41979061904540604,0.44
2610,610,200,PACC,SVM,0.03642158616732416,0.5135784138326759,0.55
2611,611,200,PACC,SVM,0.062189785901016204,0.5878102140989838,0.65
2612,612,200,PACC,SVM,0.14901776338712602,0.815982236612874,0.965
2613,613,200,PACC,SVM,0.15040207590411692,0.8295979240958831,0.98
2614,614,200,PACC,SVM,0.07409305847810688,0.35909305847810685,0.285
2615,615,200,PACC,SVM,0.09904650534229109,0.6309534946577089,0.73
2616,616,200,PACC,SVM,0.10728704010528545,0.6377129598947145,0.745
2617,617,200,PACC,SVM,0.048194978879627814,0.3931949788796278,0.345
2618,618,200,PACC,SVM,0.11085266670216273,0.23085266670216273,0.12
2619,619,200,PACC,SVM,0.15823664786016672,0.19823664786016673,0.04
2620,620,200,PACC,SVM,0.12295585039112888,0.6520441496088711,0.775
2621,621,200,PACC,SVM,0.03870037210451521,0.4462996278954848,0.485
2622,622,200,PACC,SVM,0.2154953690068313,0.7695046309931687,0.985
2623,623,200,PACC,SVM,0.001567824446158217,0.46156782444615824,0.46
2624,624,200,PACC,SVM,0.19647610503616875,0.7785238949638312,0.975
2625,625,200,PACC,SVM,0.006586721332851042,0.416586721332851,0.41
2626,626,200,PACC,SVM,0.1442149360181293,0.6457850639818707,0.79
2627,627,200,PACC,SVM,0.11147953706653195,0.19147953706653195,0.08
2628,628,200,PACC,SVM,0.013891440824742696,0.5411085591752574,0.555
2629,629,200,PACC,SVM,0.10974295577374193,0.6902570442262581,0.8
2630,630,200,PACC,SVM,0.17670909592421336,0.7432909040757867,0.92
2631,631,200,PACC,SVM,0.09921132390915632,0.7207886760908436,0.82
2632,632,200,PACC,SVM,0.13568335150472452,0.17068335150472452,0.035
2633,633,200,PACC,SVM,0.02688787096109324,0.39688787096109324,0.37
2634,634,200,PACC,SVM,0.12954777328451123,0.1745477732845112,0.045
2635,635,200,PACC,SVM,0.10918164902634077,0.21418164902634076,0.105
2636,636,200,PACC,SVM,0.08448361462784837,0.5905163853721517,0.675
2637,637,200,PACC,SVM,0.11056968453868288,0.5994303154613171,0.71
2638,638,200,PACC,SVM,0.11705121209651359,0.6529487879034864,0.77
2639,639,200,PACC,SVM,0.13068869995056787,0.7343113000494321,0.865
2640,640,200,PACC,SVM,0.09915330048109072,0.6358466995189093,0.735
2641,641,200,PACC,SVM,0.10471247590413801,0.695287524095862,0.8
2642,642,200,PACC,SVM,0.10414401865356064,0.14914401865356064,0.045
2643,643,200,PACC,SVM,0.0877453943615383,0.3177453943615383,0.23
2644,644,200,PACC,SVM,0.0945479206504537,0.5254520793495463,0.62
2645,645,200,PACC,SVM,0.15015990834681558,0.7048400916531844,0.855
2646,646,200,PACC,SVM,0.12223358733084204,0.12223358733084204,0.0
2647,647,200,PACC,SVM,0.010765248298904129,0.5207652482989041,0.51
2648,648,200,PACC,SVM,0.12384650108887718,0.5511534989111229,0.675
2649,649,200,PACC,SVM,0.13812609341582155,0.16312609341582154,0.025
2650,650,200,PACC,SVM,0.020571440802204355,0.4205714408022044,0.4
2651,651,200,PACC,SVM,0.17259865576227074,0.7224013442377293,0.895
2652,652,200,PACC,SVM,0.11834800171544779,0.5516519982845522,0.67
2653,653,200,PACC,SVM,0.06580416982350046,0.30080416982350044,0.235
2654,654,200,PACC,SVM,0.11838433151268413,0.7316156684873159,0.85
2655,655,200,PACC,SVM,0.009000275706729177,0.35400027570672915,0.345
2656,656,200,PACC,SVM,0.17791227224126827,0.6720877277587317,0.85
2657,657,200,PACC,SVM,0.04309392695664638,0.33809392695664636,0.295
2658,658,200,PACC,SVM,0.07451937432589151,0.5154806256741085,0.59
2659,659,200,PACC,SVM,0.0073601248013561715,0.4023601248013562,0.395
2660,660,200,PACC,SVM,0.06544822871426498,0.335448228714265,0.27
2661,661,200,PACC,SVM,0.14012706279626785,0.7448729372037322,0.885
2662,662,200,PACC,SVM,0.08552139463066571,0.2705213946306657,0.185
2663,663,200,PACC,SVM,0.10523647189200318,0.18523647189200318,0.08
2664,664,200,PACC,SVM,0.07366223774552777,0.4136622377455278,0.34
2665,665,200,PACC,SVM,0.10759735566335438,0.6074026443366456,0.715
2666,666,200,PACC,SVM,0.0922432276337134,0.7127567723662867,0.805
2667,667,200,PACC,SVM,0.21008823290836753,0.7849117670916325,0.995
2668,668,200,PACC,SVM,0.036482596894162445,0.33148259689416243,0.295
2669,669,200,PACC,SVM,0.004344158847998658,0.40065584115200137,0.405
2670,670,200,PACC,SVM,0.10335101116111323,0.23835101116111324,0.135
2671,671,200,PACC,SVM,0.02155689055282617,0.5484431094471738,0.57
2672,672,200,PACC,SVM,0.20376894638800058,0.7912310536119994,0.995
2673,673,200,PACC,SVM,0.06090708987125504,0.6390929101287449,0.7
2674,674,200,PACC,SVM,0.04062698378250529,0.5543730162174947,0.595
2675,675,200,PACC,SVM,0.00476793450499674,0.39476793450499675,0.39
2676,676,200,PACC,SVM,0.16462004347835912,0.7503799565216409,0.915
2677,677,200,PACC,SVM,0.045923556001067234,0.44907644399893276,0.495
2678,678,200,PACC,SVM,0.11185518239313949,0.2418551823931395,0.13
2679,679,200,PACC,SVM,0.002170278474025289,0.3628297215259747,0.365
2680,680,200,PACC,SVM,0.1132946977753039,0.1782946977753039,0.065
2681,681,200,PACC,SVM,0.052564895096174125,0.25256489509617414,0.2
2682,682,200,PACC,SVM,0.13355691268186887,0.14855691268186885,0.015
2683,683,200,PACC,SVM,0.006437762246343848,0.44356223775365616,0.45
2684,684,200,PACC,SVM,0.08216854794710482,0.5478314520528952,0.63
2685,685,200,PACC,SVM,0.03322198281692795,0.373221982816928,0.34
2686,686,200,PACC,SVM,0.024226355094647656,0.39577364490535233,0.42
2687,687,200,PACC,SVM,0.19768298660546524,0.7573170133945347,0.955
2688,688,200,PACC,SVM,0.0839139509029928,0.6660860490970072,0.75
2689,689,200,PACC,SVM,0.058639395141412975,0.48136060485858706,0.54
2690,690,200,PACC,SVM,0.08088984811114808,0.3608898481111481,0.28
2691,691,200,PACC,SVM,0.18560949429800688,0.7093905057019931,0.895
2692,692,200,PACC,SVM,0.08503679314706897,0.32003679314706895,0.235
2693,693,200,PACC,SVM,0.03513217016998654,0.36013217016998655,0.325
2694,694,200,PACC,SVM,0.18777306973360908,0.717226930266391,0.905
2695,695,200,PACC,SVM,0.03416411994373886,0.49083588005626116,0.525
2696,696,200,PACC,SVM,0.07669644581511181,0.6633035541848882,0.74
2697,697,200,PACC,SVM,0.06536175621638518,0.5246382437836148,0.59
2698,698,200,PACC,SVM,0.07485700635167525,0.5751429936483248,0.65
2699,699,200,PACC,SVM,0.04669278875386307,0.34169278875386305,0.295
2700,700,200,PACC,SVM,0.10068888842430151,0.3406888884243015,0.24
2701,701,200,PACC,SVM,0.05194261501703712,0.3719426150170371,0.32
2702,702,200,PACC,SVM,0.12641103959243197,0.28141103959243197,0.155
2703,703,200,PACC,SVM,0.14219187017043156,0.7278081298295684,0.87
2704,704,200,PACC,SVM,0.04681842342251913,0.32681842342251916,0.28
2705,705,200,PACC,SVM,0.05730822557483406,0.502691774425166,0.56
2706,706,200,PACC,SVM,0.14483928121607326,0.6451607187839268,0.79
2707,707,200,PACC,SVM,0.1132569315916202,0.6667430684083798,0.78
2708,708,200,PACC,SVM,0.03136035326649744,0.40363964673350256,0.435
2709,709,200,PACC,SVM,0.02167382350774627,0.4533261764922537,0.475
2710,710,200,PACC,SVM,0.1922755119218177,0.7977244880781823,0.99
2711,711,200,PACC,SVM,0.0872747387069921,0.582725261293008,0.67
2712,712,200,PACC,SVM,0.13111746890860265,0.6788825310913974,0.81
2713,713,200,PACC,SVM,0.15702018160917264,0.7429798183908274,0.9
2714,714,200,PACC,SVM,0.10158616841408896,0.6834138315859111,0.785
2715,715,200,PACC,SVM,0.07398517191714893,0.2589851719171489,0.185
2716,716,200,PACC,SVM,0.06035811192131857,0.4996418880786815,0.56
2717,717,200,PACC,SVM,0.11117947715324333,0.21117947715324334,0.1
2718,718,200,PACC,SVM,0.09285458066827845,0.5571454193317216,0.65
2719,719,200,PACC,SVM,0.15580350936004783,0.7991964906399521,0.955
2720,720,200,PACC,SVM,0.018227983316915886,0.5282279833169159,0.51
2721,721,200,PACC,SVM,0.02333829369548479,0.4066617063045152,0.43
2722,722,200,PACC,SVM,0.1074164688000738,0.1424164688000738,0.035
2723,723,200,PACC,SVM,0.20324485668334513,0.7517551433166548,0.955
2724,724,200,PACC,SVM,0.08959161785021724,0.18959161785021725,0.1
2725,725,200,PACC,SVM,0.1343787937158053,0.1743787937158053,0.04
2726,726,200,PACC,SVM,0.015020458603550557,0.26002045860355055,0.245
2727,727,200,PACC,SVM,0.11338579589165487,0.17838579589165487,0.065
2728,728,200,PACC,SVM,0.041458590475134616,0.49645859047513463,0.455
2729,729,200,PACC,SVM,0.009085641372514552,0.5059143586274855,0.515
2730,730,200,PACC,SVM,0.04975832833536564,0.35975832833536564,0.31
2731,731,200,PACC,SVM,0.11051137343365817,0.16051137343365818,0.05
2732,732,200,PACC,SVM,0.10894347398305788,0.21894347398305788,0.11
2733,733,200,PACC,SVM,0.0068486363143573925,0.3731513636856426,0.38
2734,734,200,PACC,SVM,0.11117517177308656,0.17117517177308655,0.06
2735,735,200,PACC,SVM,0.09055393679523527,0.6044460632047647,0.695
2736,736,200,PACC,SVM,0.056694731966016904,0.2616947319660169,0.205
2737,737,200,PACC,SVM,0.06973813875879376,0.36973813875879374,0.3
2738,738,200,PACC,SVM,0.05017440803297307,0.4401744080329731,0.39
2739,739,200,PACC,SVM,0.02220140318703695,0.43720140318703693,0.415
2740,740,200,PACC,SVM,0.12852882745478492,0.12852882745478492,0.0
2741,741,200,PACC,SVM,0.112099383947436,0.222099383947436,0.11
2742,742,200,PACC,SVM,0.13418431509356188,0.7258156849064381,0.86
2743,743,200,PACC,SVM,0.16067573041073474,0.16067573041073474,0.0
2744,744,200,PACC,SVM,0.035591069198666,0.469408930801334,0.505
2745,745,200,PACC,SVM,0.010451525584715404,0.4745484744152846,0.485
2746,746,200,PACC,SVM,0.015965553910077757,0.34596555391007777,0.33
2747,747,200,PACC,SVM,0.01619185199292905,0.41380814800707094,0.43
2748,748,200,PACC,SVM,0.13171847966944905,0.648281520330551,0.78
2749,749,200,PACC,SVM,0.126736565329013,0.713263434670987,0.84
2750,750,200,PACC,SVM,0.03731038621938315,0.29731038621938316,0.26
2751,751,200,PACC,SVM,0.03308466969482449,0.3530846696948245,0.32
2752,752,200,PACC,SVM,0.08268360003071379,0.3226836000307138,0.24
2753,753,200,PACC,SVM,0.03045239405474892,0.44454760594525106,0.475
2754,754,200,PACC,SVM,0.12884290899358297,0.5511570910064171,0.68
2755,755,200,PACC,SVM,0.07745849446272549,0.3024584944627255,0.225
2756,756,200,PACC,SVM,0.027344136232131167,0.3573441362321312,0.33
2757,757,200,PACC,SVM,0.2095978760311138,0.7204021239688863,0.93
2758,758,200,PACC,SVM,0.12776619684811263,0.17276619684811262,0.045
2759,759,200,PACC,SVM,0.011813288619271,0.448186711380729,0.46
2760,760,200,PACC,SVM,0.08626219892472109,0.6237378010752789,0.71
2761,761,200,PACC,SVM,0.12006389212774302,0.270063892127743,0.15
2762,762,200,PACC,SVM,0.09273673186338367,0.13773673186338367,0.045
2763,763,200,PACC,SVM,0.10407790469622497,0.23907790469622497,0.135
2764,764,200,PACC,SVM,0.14581792136194482,0.7691820786380552,0.915
2765,765,200,PACC,SVM,0.16992902274175933,0.17492902274175934,0.005
2766,766,200,PACC,SVM,0.04320264198641363,0.22820264198641363,0.185
2767,767,200,PACC,SVM,0.14140296521587545,0.17140296521587545,0.03
2768,768,200,PACC,SVM,0.04629776608581919,0.1562977660858192,0.11
2769,769,200,PACC,SVM,0.09659948721013978,0.5234005127898602,0.62
2770,770,200,PACC,SVM,0.07753247228001847,0.31753247228001846,0.24
2771,771,200,PACC,SVM,0.09991245430611728,0.46508754569388266,0.565
2772,772,200,PACC,SVM,0.0641280051165104,0.5258719948834896,0.59
2773,773,200,PACC,SVM,0.20160706321291533,0.6433929367870846,0.845
2774,774,200,PACC,SVM,0.14334939277063752,0.14334939277063752,0.0
2775,775,200,PACC,SVM,0.17851521749594357,0.6714847825040564,0.85
2776,776,200,PACC,SVM,0.07452676248912316,0.5404732375108768,0.615
2777,777,200,PACC,SVM,0.10309227130443996,0.26309227130443996,0.16
2778,778,200,PACC,SVM,0.11586107239882548,0.6541389276011745,0.77
2779,779,200,PACC,SVM,0.15424456390204155,0.7007554360979584,0.855
2780,780,200,PACC,SVM,0.031646837415369944,0.28164683741536994,0.25
2781,781,200,PACC,SVM,0.21373438258799782,0.7012656174120022,0.915
2782,782,200,PACC,SVM,0.0017297562456640714,0.44827024375433594,0.45
2783,783,200,PACC,SVM,0.07222679476312155,0.5277732052368784,0.6
2784,784,200,PACC,SVM,0.15971776147135897,0.820282238528641,0.98
2785,785,200,PACC,SVM,0.06367404027164797,0.42367404027164796,0.36
2786,786,200,PACC,SVM,0.1289237151798106,0.6810762848201894,0.81
2787,787,200,PACC,SVM,0.09122958578521734,0.40622958578521734,0.315
2788,788,200,PACC,SVM,0.1004671987987823,0.6945328012012177,0.795
2789,789,200,PACC,SVM,0.036116362450622885,0.5638836375493771,0.6
2790,790,200,PACC,SVM,0.07019525394353451,0.2851952539435345,0.215
2791,791,200,PACC,SVM,0.05077847339871516,0.3592215266012848,0.41
2792,792,200,PACC,SVM,0.027204437097501588,0.3422044370975016,0.315
2793,793,200,PACC,SVM,0.10484178733990764,0.17984178733990763,0.075
2794,794,200,PACC,SVM,0.14418409552535882,0.16918409552535882,0.025
2795,795,200,PACC,SVM,0.02653221150217694,0.3715322115021769,0.345
2796,796,200,PACC,SVM,0.165666768351091,0.180666768351091,0.015
2797,797,200,PACC,SVM,0.08862570830739006,0.25362570830739006,0.165
2798,798,200,PACC,SVM,0.12592503934732657,0.5990749606526734,0.725
2799,799,200,PACC,SVM,0.08148772390711423,0.6235122760928857,0.705
2800,800,200,PACC,SVM,0.10154862440162149,0.6334513755983785,0.735
2801,801,200,PACC,SVM,0.018836824894597537,0.33383682489459754,0.315
2802,802,200,PACC,SVM,0.15544456134196527,0.7345554386580347,0.89
2803,803,200,PACC,SVM,0.05889654839978031,0.5311034516002197,0.59
2804,804,200,PACC,SVM,0.10806485148588288,0.23306485148588288,0.125
2805,805,200,PACC,SVM,0.10391414679946959,0.2439141467994696,0.14
2806,806,200,PACC,SVM,0.10088241014320809,0.5891175898567919,0.69
2807,807,200,PACC,SVM,0.0949835904265858,0.2649835904265858,0.17
2808,808,200,PACC,SVM,0.0028047367584220773,0.5021952632415779,0.505
2809,809,200,PACC,SVM,0.21912829705055836,0.7708717029494416,0.99
2810,810,200,PACC,SVM,0.1379062955332802,0.1379062955332802,0.0
2811,811,200,PACC,SVM,0.1461191467966914,0.16111914679669143,0.015
2812,812,200,PACC,SVM,0.18434526138153928,0.8056547386184607,0.99
2813,813,200,PACC,SVM,0.027316076794263844,0.5526839232057361,0.58
2814,814,200,PACC,SVM,0.11687206116251872,0.24187206116251872,0.125
2815,815,200,PACC,SVM,0.1466067053535024,0.7483932946464976,0.895
2816,816,200,PACC,SVM,0.14061521903229457,0.7393847809677054,0.88
2817,817,200,PACC,SVM,0.032649506554765284,0.5023504934452347,0.535
2818,818,200,PACC,SVM,0.07467243726986084,0.5453275627301392,0.62
2819,819,200,PACC,SVM,0.04040744613216957,0.3104074461321696,0.27
2820,820,200,PACC,SVM,0.11496860755607034,0.16496860755607035,0.05
2821,821,200,PACC,SVM,0.04498147407281461,0.5450185259271854,0.59
2822,822,200,PACC,SVM,0.06552798789070441,0.3555279878907044,0.29
2823,823,200,PACC,SVM,0.058345607107058495,0.6016543928929415,0.66
2824,824,200,PACC,SVM,0.12222807019483728,0.7127719298051627,0.835
2825,825,200,PACC,SVM,0.13525694749248612,0.1502569474924861,0.015
2826,826,200,PACC,SVM,0.07554074679335532,0.5194592532066447,0.595
2827,827,200,PACC,SVM,0.05569924918186184,0.28569924918186185,0.23
2828,828,200,PACC,SVM,0.16356013801636027,0.7064398619836397,0.87
2829,829,200,PACC,SVM,0.043475002274345365,0.29347500227434536,0.25
2830,830,200,PACC,SVM,0.0932763309044925,0.5167236690955075,0.61
2831,831,200,PACC,SVM,0.03789956747352663,0.5121004325264734,0.55
2832,832,200,PACC,SVM,0.018842881791792943,0.41384288179179296,0.395
2833,833,200,PACC,SVM,0.08668346268400073,0.5883165373159993,0.675
2834,834,200,PACC,SVM,0.10207422136316835,0.6229257786368316,0.725
2835,835,200,PACC,SVM,0.04545522265794055,0.5195447773420594,0.565
2836,836,200,PACC,SVM,0.09248063504338822,0.6625193649566118,0.755
2837,837,200,PACC,SVM,0.15377087234442954,0.8262291276555704,0.98
2838,838,200,PACC,SVM,0.002955538810922087,0.4120444611890779,0.415
2839,839,200,PACC,SVM,0.03307617034225002,0.47692382965775,0.51
2840,840,200,PACC,SVM,0.13692507825657405,0.14692507825657405,0.01
2841,841,200,PACC,SVM,0.11885984972836838,0.6761401502716317,0.795
2842,842,200,PACC,SVM,0.023635153328726344,0.4963648466712737,0.52
2843,843,200,PACC,SVM,0.030108546384426615,0.43510854638442664,0.405
2844,844,200,PACC,SVM,0.10011919583983786,0.19011919583983786,0.09
2845,845,200,PACC,SVM,0.16020777897954008,0.7247922210204599,0.885
2846,846,200,PACC,SVM,0.0269010896936811,0.3680989103063189,0.395
2847,847,200,PACC,SVM,0.06749973994404934,0.6125002600559507,0.68
2848,848,200,PACC,SVM,0.09670670075822255,0.24170670075822254,0.145
2849,849,200,PACC,SVM,0.20994342612308992,0.75005657387691,0.96
2850,850,200,PACC,SVM,0.08462997289984203,0.259629972899842,0.175
2851,851,200,PACC,SVM,0.06692357112686931,0.2619235711268693,0.195
2852,852,200,PACC,SVM,0.20587547156356778,0.6491245284364322,0.855
2853,853,200,PACC,SVM,0.13039228966912242,0.7796077103308776,0.91
2854,854,200,PACC,SVM,0.04977899690420365,0.25977899690420364,0.21
2855,855,200,PACC,SVM,0.029047671320689306,0.4359523286793107,0.465
2856,856,200,PACC,SVM,0.1276946501484474,0.6023053498515526,0.73
2857,857,200,PACC,SVM,0.1418976255038834,0.7331023744961166,0.875
2858,858,200,PACC,SVM,0.02577126605465685,0.40077126605465685,0.375
2859,859,200,PACC,SVM,0.04567879925928209,0.4693212007407179,0.515
2860,860,200,PACC,SVM,0.10293019716884944,0.6370698028311506,0.74
2861,861,200,PACC,SVM,0.09688272669774733,0.6331172733022526,0.73
2862,862,200,PACC,SVM,0.1124305744251678,0.6675694255748322,0.78
2863,863,200,PACC,SVM,0.04817869380370321,0.5168213061962967,0.565
2864,864,200,PACC,SVM,0.08391046476638736,0.18391046476638737,0.1
2865,865,200,PACC,SVM,0.1815494979856893,0.7184505020143107,0.9
2866,866,200,PACC,SVM,0.1643999558261955,0.7006000441738045,0.865
2867,867,200,PACC,SVM,0.1197360123346165,0.6752639876653835,0.795
2868,868,200,PACC,SVM,0.07126406990038661,0.1662640699003866,0.095
2869,869,200,PACC,SVM,0.06877574390994351,0.2687757439099435,0.2
2870,870,200,PACC,SVM,0.04417774715447109,0.6958222528455289,0.74
2871,871,200,PACC,SVM,0.13616784067386659,0.15616784067386658,0.02
2872,872,200,PACC,SVM,0.22775008208778036,0.7472499179122196,0.975
2873,873,200,PACC,SVM,0.03276429682736742,0.3422357031726326,0.375
2874,874,200,PACC,SVM,0.08961254135179708,0.6253874586482029,0.715
2875,875,200,PACC,SVM,0.1655417624141936,0.7194582375858064,0.885
2876,876,200,PACC,SVM,0.004130613041431863,0.3941306130414319,0.39
2877,877,200,PACC,SVM,0.061990685567404946,0.37699068556740495,0.315
2878,878,200,PACC,SVM,0.0748078334161778,0.5301921665838222,0.605
2879,879,200,PACC,SVM,0.05109457743575396,0.528905422564246,0.58
2880,880,200,PACC,SVM,0.000507718372033894,0.40449228162796613,0.405
2881,881,200,PACC,SVM,0.03874642285950647,0.5612535771404935,0.6
2882,882,200,PACC,SVM,0.14062523681305994,0.7943747631869401,0.935
2883,883,200,PACC,SVM,0.000600048308039336,0.4643999516919607,0.465
2884,884,200,PACC,SVM,0.0778525907662444,0.2728525907662444,0.195
2885,885,200,PACC,SVM,0.006510000953670159,0.38151000095367016,0.375
2886,886,200,PACC,SVM,0.0441549906674768,0.4341549906674768,0.39
2887,887,200,PACC,SVM,0.08196170478153356,0.21196170478153356,0.13
2888,888,200,PACC,SVM,0.1349786183455328,0.2949786183455328,0.16
2889,889,200,PACC,SVM,0.101259570438758,0.578740429561242,0.68
2890,890,200,PACC,SVM,0.03936323879575038,0.3743632387957504,0.335
2891,891,200,PACC,SVM,0.154965045112321,0.795034954887679,0.95
2892,892,200,PACC,SVM,0.08861092985803803,0.328610929858038,0.24
2893,893,200,PACC,SVM,0.10650695248398243,0.20150695248398243,0.095
2894,894,200,PACC,SVM,0.08894857161035952,0.6610514283896405,0.75
2895,895,200,PACC,SVM,0.19518221371194966,0.6848177862880503,0.88
2896,896,200,PACC,SVM,0.025474119978686538,0.30047411997868656,0.275
2897,897,200,PACC,SVM,0.07660117847007503,0.27660117847007504,0.2
2898,898,200,PACC,SVM,0.07027647701557316,0.25527647701557316,0.185
2899,899,200,PACC,SVM,0.048219492176900525,0.4717805078230995,0.52
2900,900,200,PACC,SVM,0.0015433976802772809,0.4665433976802773,0.465
2901,901,200,PACC,SVM,0.05307386368819622,0.3080738636881962,0.255
2902,902,200,PACC,SVM,0.09649636075915634,0.14149636075915634,0.045
2903,903,200,PACC,SVM,0.02660118624404506,0.4533988137559549,0.48
2904,904,200,PACC,SVM,0.15992658125948267,0.7950734187405173,0.955
2905,905,200,PACC,SVM,0.041727710576709875,0.6082722894232901,0.65
2906,906,200,PACC,SVM,0.04301294030452191,0.4519870596954781,0.495
2907,907,200,PACC,SVM,0.060023802875695406,0.1700238028756954,0.11
2908,908,200,PACC,SVM,0.036640875209695056,0.28664087520969506,0.25
2909,909,200,PACC,SVM,0.04692941454524091,0.3369294145452409,0.29
2910,910,200,PACC,SVM,0.1214564870404301,0.6385435129595699,0.76
2911,911,200,PACC,SVM,0.17627274688922434,0.6987272531107757,0.875
2912,912,200,PACC,SVM,0.18015892016067048,0.7198410798393295,0.9
2913,913,200,PACC,SVM,0.21459480796288477,0.7654051920371152,0.98
2914,914,200,PACC,SVM,0.1652328213599149,0.8147671786400851,0.98
2915,915,200,PACC,SVM,0.1695458407356698,0.7804541592643301,0.95
2916,916,200,PACC,SVM,0.0883919661559962,0.1583919661559962,0.07
2917,917,200,PACC,SVM,0.07356358800986157,0.20856358800986158,0.135
2918,918,200,PACC,SVM,0.08603920343561988,0.38603920343561987,0.3
2919,919,200,PACC,SVM,0.019059855041725804,0.5690598550417258,0.55
2920,920,200,PACC,SVM,0.09230352970733655,0.18730352970733655,0.095
2921,921,200,PACC,SVM,0.15313226053474316,0.6918677394652568,0.845
2922,922,200,PACC,SVM,0.06910728790799303,0.545892712092007,0.615
2923,923,200,PACC,SVM,0.03853153631619255,0.5014684636838075,0.54
2924,924,200,PACC,SVM,0.08579287386183473,0.25079287386183474,0.165
2925,925,200,PACC,SVM,0.051526273483790686,0.3015262734837907,0.25
2926,926,200,PACC,SVM,0.12202739415447075,0.28202739415447076,0.16
2927,927,200,PACC,SVM,0.18294314715482984,0.6670568528451701,0.85
2928,928,200,PACC,SVM,0.026689997731094706,0.5533100022689053,0.58
2929,929,200,PACC,SVM,0.11318549631178654,0.6218145036882134,0.735
2930,930,200,PACC,SVM,0.059041747316385895,0.3540417473163859,0.295
2931,931,200,PACC,SVM,0.011136156064137037,0.38113615606413703,0.37
2932,932,200,PACC,SVM,0.013646500034650233,0.3863534999653498,0.4
2933,933,200,PACC,SVM,0.10470433796687117,0.6552956620331288,0.76
2934,934,200,PACC,SVM,0.10636146652559841,0.6636385334744016,0.77
2935,935,200,PACC,SVM,0.02777895086853388,0.23277895086853387,0.205
2936,936,200,PACC,SVM,0.15575117196336818,0.7842488280366318,0.94
2937,937,200,PACC,SVM,0.12858583610989455,0.24858583610989454,0.12
2938,938,200,PACC,SVM,0.1605222629228653,0.7344777370771347,0.895
2939,939,200,PACC,SVM,0.11297386354555564,0.21297386354555564,0.1
2940,940,200,PACC,SVM,0.0647977015973103,0.3247977015973103,0.26
2941,941,200,PACC,SVM,0.22537025450042658,0.6196297454995734,0.845
2942,942,200,PACC,SVM,0.09647003567467133,0.2714700356746713,0.175
2943,943,200,PACC,SVM,0.020808993112387264,0.3891910068876127,0.41
2944,944,200,PACC,SVM,0.011711613815235222,0.4332883861847648,0.445
2945,945,200,PACC,SVM,0.07520604671004721,0.3202060467100472,0.245
2946,946,200,PACC,SVM,0.09485410055702048,0.6151458994429795,0.71
2947,947,200,PACC,SVM,0.15670352121447984,0.6932964787855201,0.85
2948,948,200,PACC,SVM,0.18848573319913997,0.68151426680086,0.87
2949,949,200,PACC,SVM,0.041322250455288645,0.37632225045528866,0.335
2950,950,200,PACC,SVM,0.06923252783837885,0.46076747216162117,0.53
2951,951,200,PACC,SVM,0.08475537960322743,0.3297553796032274,0.245
2952,952,200,PACC,SVM,0.058439757281610105,0.2984397572816101,0.24
2953,953,200,PACC,SVM,0.0843422907266819,0.2443422907266819,0.16
2954,954,200,PACC,SVM,0.20064373697505744,0.7393562630249425,0.94
2955,955,200,PACC,SVM,0.14632117835666547,0.7386788216433345,0.885
2956,956,200,PACC,SVM,0.12031941495852727,0.6546805850414728,0.775
2957,957,200,PACC,SVM,0.045484240498316675,0.46951575950168334,0.515
2958,958,200,PACC,SVM,0.024042211741642838,0.46595778825835715,0.49
2959,959,200,PACC,SVM,0.002059240643033866,0.5270592406430339,0.525
2960,960,200,PACC,SVM,0.02512336625222955,0.5098766337477705,0.535
2961,961,200,PACC,SVM,0.037371962437402984,0.392628037562597,0.43
2962,962,200,PACC,SVM,0.09326201898983344,0.22326201898983344,0.13
2963,963,200,PACC,SVM,0.08702306399370782,0.21202306399370782,0.125
2964,964,200,PACC,SVM,0.17109270961746992,0.77890729038253,0.95
2965,965,200,PACC,SVM,0.02691583913587603,0.45308416086412395,0.48
2966,966,200,PACC,SVM,0.17569020371340893,0.774309796286591,0.95
2967,967,200,PACC,SVM,0.06698024461559196,0.22698024461559196,0.16
2968,968,200,PACC,SVM,0.04177889724413286,0.5082211027558672,0.55
2969,969,200,PACC,SVM,0.07157789308043797,0.27657789308043795,0.205
2970,970,200,PACC,SVM,0.04590157466688244,0.29590157466688244,0.25
2971,971,200,PACC,SVM,0.13703462345362932,0.16703462345362932,0.03
2972,972,200,PACC,SVM,0.09861490528808083,0.21361490528808083,0.115
2973,973,200,PACC,SVM,0.16731058647073604,0.747689413529264,0.915
2974,974,200,PACC,SVM,0.00037727582754015776,0.31962272417245985,0.32
2975,975,200,PACC,SVM,0.079138883152862,0.525861116847138,0.605
2976,976,200,PACC,SVM,0.016595129475796166,0.44840487052420386,0.465
2977,977,200,PACC,SVM,0.011012735035947407,0.3889872649640526,0.4
2978,978,200,PACC,SVM,0.024696061553612147,0.5053039384463879,0.53
2979,979,200,PACC,SVM,0.06559292793008376,0.25059292793008375,0.185
2980,980,200,PACC,SVM,0.18354755702789105,0.8014524429721089,0.985
2981,981,200,PACC,SVM,0.09912363310381467,0.7158763668961853,0.815
2982,982,200,PACC,SVM,0.119490493624693,0.620509506375307,0.74
2983,983,200,PACC,SVM,0.027917585920279875,0.43708241407972015,0.465
2984,984,200,PACC,SVM,0.06422949766858893,0.21422949766858893,0.15
2985,985,200,PACC,SVM,0.21886785198717562,0.7011321480128244,0.92
2986,986,200,PACC,SVM,0.054906076954430116,0.39490607695443014,0.34
2987,987,200,PACC,SVM,0.133489426482157,0.18348942648215702,0.05
2988,988,200,PACC,SVM,0.029024801036294123,0.36902480103629415,0.34
2989,989,200,PACC,SVM,0.1212736025845973,0.6687263974154027,0.79
2990,990,200,PACC,SVM,0.08604223494038221,0.5339577650596178,0.62
2991,991,200,PACC,SVM,0.12602655541619456,0.6239734445838054,0.75
2992,992,200,PACC,SVM,0.1247813103646056,0.6652186896353944,0.79
2993,993,200,PACC,SVM,0.05230156784697257,0.26230156784697256,0.21
2994,994,200,PACC,SVM,0.1902828262162285,0.7297171737837715,0.92
2995,995,200,PACC,SVM,0.014425713062338918,0.4494257130623389,0.435
2996,996,200,PACC,SVM,0.0704754407865491,0.5645245592134509,0.635
2997,997,200,PACC,SVM,0.1500706722514172,0.1500706722514172,0.0
2998,998,200,PACC,SVM,0.21563519317244206,0.7743648068275579,0.99
2999,999,200,PACC,SVM,0.0699862003071926,0.34998620030719263,0.28
3000,1000,200,PACC,SVM,0.11572021532382185,0.17572021532382184,0.06
3001,1001,200,PACC,SVM,0.017063520525574638,0.4379364794744254,0.455
3002,1002,200,PACC,SVM,0.1090259158358598,0.2340259158358598,0.125
3003,1003,200,PACC,SVM,0.11028718006487873,0.2602871800648787,0.15
3004,1004,200,PACC,SVM,0.092129203147166,0.537870796852834,0.63
3005,1005,200,PACC,SVM,0.006148463625189837,0.39614846362518985,0.39
3006,1006,200,PACC,SVM,0.13518849803246802,0.784811501967532,0.92
3007,1007,200,PACC,SVM,0.07285118626589565,0.38785118626589565,0.315
3008,1008,200,PACC,SVM,0.07291403971675314,0.6520859602832468,0.725
3009,1009,200,PACC,SVM,0.024207878510255965,0.43579212148974406,0.46
3010,1010,200,PACC,SVM,0.03516633397857316,0.6198336660214269,0.655
3011,1011,200,PACC,SVM,0.0538911355838263,0.5411088644161737,0.595
3012,1012,200,PACC,SVM,0.02003092398487999,0.44996907601512,0.47
3013,1013,200,PACC,SVM,0.2070625705332193,0.7429374294667807,0.95
3014,1014,200,PACC,SVM,0.05503511965069485,0.3950351196506949,0.34
3015,1015,200,PACC,SVM,0.1086277111686873,0.2836277111686873,0.175
3016,1016,200,PACC,SVM,0.14642177934453882,0.5285782206554612,0.675
3017,1017,200,PACC,SVM,0.17759754194310673,0.6674024580568932,0.845
3018,1018,200,PACC,SVM,0.12964380120495048,0.16964380120495048,0.04
3019,1019,200,PACC,SVM,0.011805340213451143,0.43319465978654886,0.445
3020,1020,200,PACC,SVM,0.1228301617400509,0.7671698382599491,0.89
3021,1021,200,PACC,SVM,0.08783548360744486,0.6571645163925551,0.745
3022,1022,200,PACC,SVM,0.18273920962136414,0.8072607903786359,0.99
3023,1023,200,PACC,SVM,0.07247645237516492,0.4575235476248351,0.53
3024,1024,200,PACC,SVM,0.05292200075171227,0.6020779992482878,0.655
3025,1025,200,PACC,SVM,0.07918462293479378,0.37918462293479377,0.3
3026,1026,200,PACC,SVM,0.17732997995420574,0.7676700200457942,0.945
3027,1027,200,PACC,SVM,0.02018908857803048,0.3448109114219695,0.365
3028,1028,200,PACC,SVM,0.07052676744626019,0.6644732325537398,0.735
3029,1029,200,PACC,SVM,0.0015410843914842043,0.3984589156085158,0.4
3030,1030,200,PACC,SVM,0.037591756199403026,0.522408243800597,0.56
3031,1031,200,PACC,SVM,0.14841013068422004,0.5665898693157799,0.715
3032,1032,200,PACC,SVM,0.020484716984706053,0.48451528301529395,0.505
3033,1033,200,PACC,SVM,0.1610987561313646,0.7439012438686354,0.905
3034,1034,200,PACC,SVM,0.019262519527134814,0.39573748047286517,0.415
3035,1035,200,PACC,SVM,0.07106807297962348,0.5739319270203765,0.645
3036,1036,200,PACC,SVM,0.018002855545125374,0.3580028555451254,0.34
3037,1037,200,PACC,SVM,0.014044540321141996,0.419044540321142,0.405
3038,1038,200,PACC,SVM,0.017565300524221117,0.4224346994757789,0.44
3039,1039,200,PACC,SVM,0.08882897470016188,0.21382897470016188,0.125
3040,1040,200,PACC,SVM,0.1525301415908033,0.2425301415908033,0.09
3041,1041,200,PACC,SVM,0.09158422390985776,0.5734157760901423,0.665
3042,1042,200,PACC,SVM,0.06923096375653359,0.5857690362434664,0.655
3043,1043,200,PACC,SVM,0.09671099617455192,0.5632890038254481,0.66
3044,1044,200,PACC,SVM,0.14491259163120074,0.15991259163120072,0.015
3045,1045,200,PACC,SVM,0.03363881738609098,0.358638817386091,0.325
3046,1046,200,PACC,SVM,0.074613018994872,0.269613018994872,0.195
3047,1047,200,PACC,SVM,0.13285896808922093,0.6421410319107791,0.775
3048,1048,200,PACC,SVM,0.1406389880034109,0.7193610119965891,0.86
3049,1049,200,PACC,SVM,0.0613792140482895,0.3063792140482895,0.245
3050,1050,200,PACC,SVM,0.09495413944340159,0.5700458605565984,0.665
3051,1051,200,PACC,SVM,0.1347029231582269,0.2597029231582269,0.125
3052,1052,200,PACC,SVM,0.044216646661456915,0.31921664666145694,0.275
3053,1053,200,PACC,SVM,0.09177512113197553,0.22677512113197554,0.135
3054,1054,200,PACC,SVM,0.0256355108032168,0.3056355108032168,0.28
3055,1055,200,PACC,SVM,0.04236839537119386,0.6276316046288062,0.67
3056,1056,200,PACC,SVM,0.16433753949901309,0.745662460500987,0.91
3057,1057,200,PACC,SVM,0.05738276929449676,0.25738276929449677,0.2
3058,1058,200,PACC,SVM,0.030281574023345748,0.5097184259766543,0.54
3059,1059,200,PACC,SVM,0.08458269584920286,0.6154173041507971,0.7
3060,1060,200,PACC,SVM,0.1745188889839222,0.7754811110160778,0.95
3061,1061,200,PACC,SVM,0.051113435918014094,0.5588865640819859,0.61
3062,1062,200,PACC,SVM,0.029533560016725524,0.28453356001672553,0.255
3063,1063,200,PACC,SVM,0.06057489277953987,0.5644251072204601,0.625
3064,1064,200,PACC,SVM,0.055665130269390295,0.3756651302693903,0.32
3065,1065,200,PACC,SVM,0.22786264755148056,0.7471373524485194,0.975
3066,1066,200,PACC,SVM,0.003952106314046022,0.39895210631404604,0.395
3067,1067,200,PACC,SVM,0.061968188963995696,0.6230318110360044,0.685
3068,1068,200,PACC,SVM,0.17178136086460757,0.19178136086460756,0.02
3069,1069,200,PACC,SVM,0.02839418860594306,0.4283941886059431,0.4
3070,1070,200,PACC,SVM,0.12340288092360263,0.7515971190763974,0.875
3071,1071,200,PACC,SVM,0.07745548611723863,0.5325445138827614,0.61
3072,1072,200,PACC,SVM,0.018567780571687786,0.4585677805716878,0.44
3073,1073,200,PACC,SVM,0.16955304275893168,0.7654469572410684,0.935
3074,1074,200,PACC,SVM,0.19453149650187007,0.6554685034981299,0.85
3075,1075,200,PACC,SVM,0.03697577005918823,0.35697577005918824,0.32
3076,1076,200,PACC,SVM,0.03360961384956407,0.506390386150436,0.54
3077,1077,200,PACC,SVM,0.04852942299639107,0.4364705770036089,0.485
3078,1078,200,PACC,SVM,0.041534383523898266,0.5884656164761017,0.63
3079,1079,200,PACC,SVM,0.07113190599710795,0.40113190599710796,0.33
3080,1080,200,PACC,SVM,0.004614564074907929,0.24461456407490792,0.24
3081,1081,200,PACC,SVM,0.14234188506455725,0.7676581149354428,0.91
3082,1082,200,PACC,SVM,0.1598749418503458,0.7601250581496543,0.92
3083,1083,200,PACC,SVM,0.14411082438368683,0.6958891756163131,0.84
3084,1084,200,PACC,SVM,0.22767992651509716,0.7473200734849028,0.975
3085,1085,200,PACC,SVM,0.09947947697318382,0.6405205230268162,0.74
3086,1086,200,PACC,SVM,0.11600483308087028,0.6439951669191297,0.76
3087,1087,200,PACC,SVM,0.11259391229262894,0.6474060877073711,0.76
3088,1088,200,PACC,SVM,0.010392097365974018,0.46960790263402596,0.48
3089,1089,200,PACC,SVM,0.03208107325766907,0.42291892674233095,0.455
3090,1090,200,PACC,SVM,0.06755021816202911,0.3075502181620291,0.24
3091,1091,200,PACC,SVM,0.05982663865723559,0.5801733613427644,0.64
3092,1092,200,PACC,SVM,0.03628859519694194,0.3212885951969419,0.285
3093,1093,200,PACC,SVM,0.06750968180377648,0.3225096818037765,0.255
3094,1094,200,PACC,SVM,0.033750474820542054,0.5512495251794579,0.585
3095,1095,200,PACC,SVM,0.022607993857148678,0.4276079938571487,0.405
3096,1096,200,PACC,SVM,0.049550517432186275,0.26455051743218627,0.215
3097,1097,200,PACC,SVM,0.09944657779716937,0.7155534222028306,0.815
3098,1098,200,PACC,SVM,0.21272509203597945,0.6472749079640205,0.86
3099,1099,200,PACC,SVM,0.05800494053779967,0.22300494053779968,0.165
3100,1100,200,PACC,SVM,0.16188129973481533,0.16688129973481533,0.005
3101,1101,200,PACC,SVM,0.014944267691545388,0.3499442676915454,0.335
3102,1102,200,PACC,SVM,0.17130592005290668,0.6236940799470934,0.795
3103,1103,200,PACC,SVM,0.15864484652831012,0.6763551534716898,0.835
3104,1104,200,PACC,SVM,0.08430345990749472,0.21930345990749472,0.135
3105,1105,200,PACC,SVM,0.09766781201366226,0.6723321879863378,0.77
3106,1106,200,PACC,SVM,0.11303356326106655,0.22803356326106655,0.115
3107,1107,200,PACC,SVM,0.030699963724920953,0.42069996372492097,0.39
3108,1108,200,PACC,SVM,0.19545670309343433,0.7995432969065657,0.995
3109,1109,200,PACC,SVM,0.04320116711061239,0.2332011671106124,0.19
3110,1110,200,PACC,SVM,0.13677904801903565,0.28677904801903564,0.15
3111,1111,200,PACC,SVM,0.017499133491690022,0.43749913349169,0.42
3112,1112,200,PACC,SVM,0.09722879286540775,0.5177712071345922,0.615
3113,1113,200,PACC,SVM,0.20735774881321856,0.7226422511867815,0.93
3114,1114,200,PACC,SVM,0.19097008174508723,0.7890299182549128,0.98
3115,1115,200,PACC,SVM,0.12584944646007365,0.19084944646007365,0.065
3116,1116,200,PACC,SVM,0.09201733881620058,0.2270173388162006,0.135
3117,1117,200,PACC,SVM,0.11019359547720553,0.6798064045227945,0.79
3118,1118,200,PACC,SVM,0.06090965389120301,0.330909653891203,0.27
3119,1119,200,PACC,SVM,0.15524266659906072,0.7247573334009393,0.88
3120,1120,200,PACC,SVM,0.0910388343371803,0.5689611656628197,0.66
3121,1121,200,PACC,SVM,0.10731675348637744,0.21731675348637744,0.11
3122,1122,200,PACC,SVM,0.15118350426559657,0.6788164957344034,0.83
3123,1123,200,PACC,SVM,0.08339674323552243,0.2583967432355224,0.175
3124,1124,200,PACC,SVM,0.03408700622764915,0.45408700622764914,0.42
3125,1125,200,PACC,SVM,0.02412624266693475,0.5258737573330653,0.55
3126,1126,200,PACC,SVM,0.027633822169759514,0.4723661778302405,0.5
3127,1127,200,PACC,SVM,0.08519858251349277,0.5998014174865073,0.685
3128,1128,200,PACC,SVM,0.07643663023856573,0.5735633697614343,0.65
3129,1129,200,PACC,SVM,0.2194606914151528,0.7705393085848472,0.99
3130,1130,200,PACC,SVM,0.2029843167826757,0.7920156832173243,0.995
3131,1131,200,PACC,SVM,0.026509033066353993,0.488490966933646,0.515
3132,1132,200,PACC,SVM,0.11470752023407757,0.20970752023407757,0.095
3133,1133,200,PACC,SVM,0.09882785161207253,0.6261721483879275,0.725
3134,1134,200,PACC,SVM,0.19290565793472902,0.782094342065271,0.975
3135,1135,200,PACC,SVM,0.029066143462840643,0.34406614346284065,0.315
3136,1136,200,PACC,SVM,0.036547167283322635,0.4234528327166774,0.46
3137,1137,200,PACC,SVM,0.03958122890129495,0.45958122890129494,0.42
3138,1138,200,PACC,SVM,0.11368501754480591,0.1636850175448059,0.05
3139,1139,200,PACC,SVM,0.1318673033336245,0.5381326966663755,0.67
3140,1140,200,PACC,SVM,0.01294606749921512,0.33705393250078486,0.35
3141,1141,200,PACC,SVM,0.13098778233201558,0.6540122176679845,0.785
3142,1142,200,PACC,SVM,0.12720280471407985,0.7027971952859201,0.83
3143,1143,200,PACC,SVM,0.11522809552099689,0.7047719044790031,0.82
3144,1144,200,PACC,SVM,0.010971861893057877,0.4040281381069421,0.415
3145,1145,200,PACC,SVM,0.030188127215160232,0.35018812721516024,0.32
3146,1146,200,PACC,SVM,0.08339597549812539,0.6616040245018746,0.745
3147,1147,200,PACC,SVM,0.1327518428953569,0.6672481571046431,0.8
3148,1148,200,PACC,SVM,0.019063956789970138,0.47093604321002985,0.49
3149,1149,200,PACC,SVM,0.17490561846443242,0.7150943815355676,0.89
3150,1150,200,PACC,SVM,0.13308675556621008,0.2730867555662101,0.14
3151,1151,200,PACC,SVM,0.1571441500174734,0.7178558499825266,0.875
3152,1152,200,PACC,SVM,0.10982331284311964,0.20482331284311964,0.095
3153,1153,200,PACC,SVM,0.08210627762744188,0.23210627762744188,0.15
3154,1154,200,PACC,SVM,0.02792498471633964,0.5020750152836604,0.53
3155,1155,200,PACC,SVM,0.1193862708958858,0.1843862708958858,0.065
3156,1156,200,PACC,SVM,0.10443427924564079,0.1544342792456408,0.05
3157,1157,200,PACC,SVM,0.13465891860308937,0.13465891860308937,0.0
3158,1158,200,PACC,SVM,0.013711458371364005,0.421288541628636,0.435
3159,1159,200,PACC,SVM,0.11141037743424564,0.6585896225657544,0.77
3160,1160,200,PACC,SVM,0.15181267622221023,0.18181267622221023,0.03
3161,1161,200,PACC,SVM,0.06400447833829426,0.5859955216617058,0.65
3162,1162,200,PACC,SVM,0.17882549964481753,0.6411745003551824,0.82
3163,1163,200,PACC,SVM,0.09719643126593938,0.2621964312659394,0.165
3164,1164,200,PACC,SVM,0.07645288420752785,0.22145288420752784,0.145
3165,1165,200,PACC,SVM,0.1474767982383085,0.7125232017616915,0.86
3166,1166,200,PACC,SVM,0.14144967420607246,0.6785503257939275,0.82
3167,1167,200,PACC,SVM,0.028937169229375392,0.5060628307706246,0.535
3168,1168,200,PACC,SVM,0.10151492332214807,0.7134850766778519,0.815
3169,1169,200,PACC,SVM,0.12835842941405057,0.21835842941405056,0.09
3170,1170,200,PACC,SVM,0.014755956650728264,0.37524404334927175,0.39
3171,1171,200,PACC,SVM,0.1255298086671427,0.6094701913328573,0.735
3172,1172,200,PACC,SVM,0.039678919661041645,0.29467891966104165,0.255
3173,1173,200,PACC,SVM,0.14540169602426067,0.6045983039757393,0.75
3174,1174,200,PACC,SVM,0.055993990910617075,0.4440060090893829,0.5
3175,1175,200,PACC,SVM,0.12467954105323109,0.6253204589467689,0.75
3176,1176,200,PACC,SVM,0.007571633186271964,0.45242836681372806,0.46
3177,1177,200,PACC,SVM,0.00037331026954429136,0.3653733102695443,0.365
3178,1178,200,PACC,SVM,0.06936180267953293,0.2843618026795329,0.215
3179,1179,200,PACC,SVM,0.06591345914801097,0.27091345914801096,0.205
3180,1180,200,PACC,SVM,0.09454540474563933,0.6554545952543607,0.75
3181,1181,200,PACC,SVM,0.08845958096444444,0.20345958096444444,0.115
3182,1182,200,PACC,SVM,0.11049262042421494,0.19549262042421495,0.085
3183,1183,200,PACC,SVM,0.0797776254400338,0.2547776254400338,0.175
3184,1184,200,PACC,SVM,0.08730157639260361,0.2623015763926036,0.175
3185,1185,200,PACC,SVM,0.11555744164826676,0.7044425583517332,0.82
3186,1186,200,PACC,SVM,0.0047246799553716246,0.39972467995537164,0.395
3187,1187,200,PACC,SVM,0.19320122816163332,0.7967987718383667,0.99
3188,1188,200,PACC,SVM,0.07399025015663252,0.20899025015663253,0.135
3189,1189,200,PACC,SVM,0.09160254271379697,0.558397457286203,0.65
3190,1190,200,PACC,SVM,0.009677719487182768,0.4546777194871828,0.445
3191,1191,200,PACC,SVM,0.06193099733223706,0.45193099733223707,0.39
3192,1192,200,PACC,SVM,0.13800411354202413,0.7369958864579759,0.875
3193,1193,200,PACC,SVM,0.18311257250110924,0.7918874274988907,0.975
3194,1194,200,PACC,SVM,0.14057316055227942,0.7294268394477206,0.87
3195,1195,200,PACC,SVM,0.10311110615054514,0.29311110615054514,0.19
3196,1196,200,PACC,SVM,0.06476716172112065,0.28476716172112065,0.22
3197,1197,200,PACC,SVM,0.08136993040974538,0.5736300695902546,0.655
3198,1198,200,PACC,SVM,0.05207518864004301,0.337075188640043,0.285
3199,1199,200,PACC,SVM,0.10619686106106119,0.6238031389389388,0.73
3200,1200,200,PACC,SVM,0.053491257086867305,0.5115087429131326,0.565
3201,1201,200,PACC,SVM,0.02171246721194131,0.5282875327880587,0.55
3202,1202,200,PACC,SVM,0.15309193518704967,0.6719080648129503,0.825
3203,1203,200,PACC,SVM,0.09508383937387765,0.6149161606261223,0.71
3204,1204,200,PACC,SVM,0.1316141946038893,0.15661419460388928,0.025
3205,1205,200,PACC,SVM,0.09884269725481847,0.14384269725481846,0.045
3206,1206,200,PACC,SVM,0.01224068775002396,0.587759312249976,0.6
3207,1207,200,PACC,SVM,0.009041087251400626,0.47595891274859936,0.485
3208,1208,200,PACC,SVM,0.050320551969110616,0.3103205519691106,0.26
3209,1209,200,PACC,SVM,0.017277404851767764,0.43227740485176774,0.415
3210,1210,200,PACC,SVM,0.1271669057291659,0.6278330942708341,0.755
3211,1211,200,PACC,SVM,0.15779360576677814,0.6672063942332218,0.825
3212,1212,200,PACC,SVM,0.03709018627547578,0.5229098137245243,0.56
3213,1213,200,PACC,SVM,0.0031361390450179716,0.38186386095498204,0.385
3214,1214,200,PACC,SVM,0.08066125638280663,0.35066125638280665,0.27
3215,1215,200,PACC,SVM,0.05303913119853593,0.4669608688014641,0.52
3216,1216,200,PACC,SVM,0.028707533379242145,0.33870753337924214,0.31
3217,1217,200,PACC,SVM,0.08861658370308012,0.47138341629691993,0.56
3218,1218,200,PACC,SVM,0.08809505334446655,0.5869049466555335,0.675
3219,1219,200,PACC,SVM,0.14634525198117873,0.21134525198117873,0.065
3220,1220,200,PACC,SVM,0.12484348832412907,0.12484348832412907,0.0
3221,1221,200,PACC,SVM,0.06667585552549285,0.27667585552549284,0.21
3222,1222,200,PACC,SVM,0.18880359077301356,0.7011964092269865,0.89
3223,1223,200,PACC,SVM,0.07329676791263884,0.5717032320873612,0.645
3224,1224,200,PACC,SVM,0.07398216569678229,0.2439821656967823,0.17
3225,1225,200,PACC,SVM,0.13323966735694237,0.7567603326430576,0.89
3226,1226,200,PACC,SVM,0.03787596432535367,0.42712403567464635,0.465
3227,1227,200,PACC,SVM,0.0022448801939662366,0.4772448801939662,0.475
3228,1228,200,PACC,SVM,0.15382605426221196,0.7811739457377881,0.935
3229,1229,200,PACC,SVM,0.10888314786891373,0.16388314786891373,0.055
3230,1230,200,PACC,SVM,0.09354259914152349,0.3085425991415235,0.215
3231,1231,200,PACC,SVM,0.06525983681389746,0.5197401631861025,0.585
3232,1232,200,PACC,SVM,0.07985560475036274,0.27485560475036275,0.195
3233,1233,200,PACC,SVM,0.08758293190659183,0.5874170680934082,0.675
3234,1234,200,PACC,SVM,0.04996559244084972,0.2599655924408497,0.21
3235,1235,200,PACC,SVM,0.09288070675819313,0.18788070675819313,0.095
3236,1236,200,PACC,SVM,0.10672213712900755,0.31172213712900754,0.205
3237,1237,200,PACC,SVM,0.0006394335268075091,0.4206394335268075,0.42
3238,1238,200,PACC,SVM,0.06382672217547708,0.23882672217547707,0.175
3239,1239,200,PACC,SVM,0.10476982286757158,0.2347698228675716,0.13
3240,1240,200,PACC,SVM,0.12207647829203794,0.737923521707962,0.86
3241,1241,200,PACC,SVM,0.09651600380251663,0.41651600380251663,0.32
3242,1242,200,PACC,SVM,0.021659058038978163,0.38165905803897815,0.36
3243,1243,200,PACC,SVM,0.09724272840939377,0.15224272840939376,0.055
3244,1244,200,PACC,SVM,0.004985549120781196,0.3500144508792188,0.355
3245,1245,200,PACC,SVM,0.05525347028532546,0.31525347028532547,0.26
3246,1246,200,PACC,SVM,0.09317161284437991,0.5168283871556201,0.61
3247,1247,200,PACC,SVM,0.07712905466758943,0.2821290546675894,0.205
3248,1248,200,PACC,SVM,0.1993721457898071,0.6856278542101929,0.885
3249,1249,200,PACC,SVM,0.183202698198637,0.741797301801363,0.925
3250,1250,200,PACC,SVM,0.13130877028047705,0.22630877028047705,0.095
3251,1251,200,PACC,SVM,0.105223572849229,0.210223572849229,0.105
3252,1252,200,PACC,SVM,0.10238050940012715,0.21738050940012715,0.115
3253,1253,200,PACC,SVM,0.10682308008770591,0.5081769199122941,0.615
3254,1254,200,PACC,SVM,0.13520048804727647,0.25520048804727646,0.12
3255,1255,200,PACC,SVM,0.1444722506757592,0.7055277493242408,0.85
3256,1256,200,PACC,SVM,0.09565333185213187,0.6543466681478681,0.75
3257,1257,200,PACC,SVM,0.12748814003435394,0.687511859965646,0.815
3258,1258,200,PACC,SVM,0.041608666697391106,0.4833913333026089,0.525
3259,1259,200,PACC,SVM,0.17062713294702214,0.8243728670529779,0.995
3260,1260,200,PACC,SVM,0.0866678992879743,0.1266678992879743,0.04
3261,1261,200,PACC,SVM,0.017830414439870046,0.38216958556013,0.4
3262,1262,200,PACC,SVM,0.026728052912250277,0.3467280529122503,0.32
3263,1263,200,PACC,SVM,0.1893136585640922,0.7556863414359077,0.945
3264,1264,200,PACC,SVM,0.042213127639857406,0.5327868723601425,0.575
3265,1265,200,PACC,SVM,0.14938773827775786,0.6556122617222422,0.805
3266,1266,200,PACC,SVM,0.08070575497510044,0.25070575497510045,0.17
3267,1267,200,PACC,SVM,0.19453085484481547,0.7804691451551845,0.975
3268,1268,200,PACC,SVM,0.02957719620217386,0.46542280379782613,0.495
3269,1269,200,PACC,SVM,0.03556586762867481,0.4544341323713252,0.49
3270,1270,200,PACC,SVM,0.1948632949075979,0.7751367050924021,0.97
3271,1271,200,PACC,SVM,0.018363719960289904,0.3983637199602899,0.38
3272,1272,200,PACC,SVM,0.030992251182026864,0.4259922511820269,0.395
3273,1273,200,PACC,SVM,0.052609833783264226,0.5273901662167357,0.58
3274,1274,200,PACC,SVM,0.1186887378802298,0.2436887378802298,0.125
3275,1275,200,PACC,SVM,0.056480904934416265,0.37648090493441627,0.32
3276,1276,200,PACC,SVM,0.09773963816369646,0.28773963816369647,0.19
3277,1277,200,PACC,SVM,0.1053018604067189,0.2053018604067189,0.1
3278,1278,200,PACC,SVM,0.11582093654132752,0.7491790634586725,0.865
3279,1279,200,PACC,SVM,0.05674653363465054,0.5282534663653494,0.585
3280,1280,200,PACC,SVM,0.0035305019407790295,0.35146949805922095,0.355
3281,1281,200,PACC,SVM,0.03732410305006062,0.44232410305006065,0.405
3282,1282,200,PACC,SVM,0.019154869957718035,0.44915486995771803,0.43
3283,1283,200,PACC,SVM,0.06959496915409702,0.560405030845903,0.63
3284,1284,200,PACC,SVM,0.18201552297109913,0.7429844770289009,0.925
3285,1285,200,PACC,SVM,0.18442234282387493,0.7455776571761251,0.93
3286,1286,200,PACC,SVM,0.0031660848954166987,0.3868339151045833,0.39
3287,1287,200,PACC,SVM,0.02005560845715859,0.3450556084571586,0.325
3288,1288,200,PACC,SVM,0.0318808622858498,0.4181191377141502,0.45
3289,1289,200,PACC,SVM,0.07625641002778111,0.48874358997221884,0.565
3290,1290,200,PACC,SVM,0.0225096585335669,0.4374903414664331,0.46
3291,1291,200,PACC,SVM,0.10176058111182196,0.5532394188881781,0.655
3292,1292,200,PACC,SVM,0.025448918779514496,0.5245510812204855,0.55
3293,1293,200,PACC,SVM,0.012391729699439025,0.33239172969943903,0.32
3294,1294,200,PACC,SVM,0.034327246019842994,0.37932724601984297,0.345
3295,1295,200,PACC,SVM,0.0026523160549916103,0.3776523160549916,0.375
3296,1296,200,PACC,SVM,0.1266509674393279,0.2166509674393279,0.09
3297,1297,200,PACC,SVM,0.07347942801755927,0.23847942801755928,0.165
3298,1298,200,PACC,SVM,0.0936596861417931,0.6263403138582069,0.72
3299,1299,200,PACC,SVM,0.014311005953732525,0.3706889940462675,0.385
3300,1300,200,PACC,SVM,0.11734857951367575,0.32734857951367574,0.21
3301,1301,200,PACC,SVM,0.01657613769502997,0.5434238623049701,0.56
3302,1302,200,PACC,SVM,0.1278824631919404,0.6271175368080596,0.755
3303,1303,200,PACC,SVM,0.06328403437527269,0.3182840343752727,0.255
3304,1304,200,PACC,SVM,0.09039310472376205,0.7346068952762379,0.825
3305,1305,200,PACC,SVM,0.2087792221957846,0.7162207778042154,0.925
3306,1306,200,PACC,SVM,0.0977609339008394,0.4972390660991606,0.595
3307,1307,200,PACC,SVM,0.08029958134284321,0.5847004186571568,0.665
3308,1308,200,PACC,SVM,0.11791778302720839,0.1679177830272084,0.05
3309,1309,200,PACC,SVM,0.1482194668064749,0.796780533193525,0.945
3310,1310,200,PACC,SVM,0.045348523737424984,0.435348523737425,0.39
3311,1311,200,PACC,SVM,0.16601964105661426,0.7539803589433858,0.92
3312,1312,200,PACC,SVM,0.03788866430671178,0.5371113356932882,0.575
3313,1313,200,PACC,SVM,0.14097294992150206,0.14097294992150206,0.0
3314,1314,200,PACC,SVM,0.11724948853645761,0.15224948853645762,0.035
3315,1315,200,PACC,SVM,0.06954828983327577,0.6104517101667243,0.68
3316,1316,200,PACC,SVM,0.0855484657656741,0.47445153423432596,0.56
3317,1317,200,PACC,SVM,0.13056781420656108,0.15556781420656107,0.025
3318,1318,200,PACC,SVM,0.1168499902295036,0.6231500097704964,0.74
3319,1319,200,PACC,SVM,0.12270820269709326,0.7272917973029067,0.85
3320,1320,200,PACC,SVM,0.014122996425341539,0.5091229964253415,0.495
3321,1321,200,PACC,SVM,0.003981716084128284,0.46101828391587174,0.465
3322,1322,200,PACC,SVM,0.15277785387953363,0.15777785387953364,0.005
3323,1323,200,PACC,SVM,0.10140459719059636,0.6835954028094037,0.785
3324,1324,200,PACC,SVM,0.06387858488081288,0.3938785848808129,0.33
3325,1325,200,PACC,SVM,0.09425758808450169,0.7807424119154983,0.875
3326,1326,200,PACC,SVM,0.006883230079912206,0.3768832300799122,0.37
3327,1327,200,PACC,SVM,0.039357595185893435,0.5256424048141065,0.565
3328,1328,200,PACC,SVM,0.0861865583814565,0.3561865583814565,0.27
3329,1329,200,PACC,SVM,0.10249512828787052,0.2624951282878705,0.16
3330,1330,200,PACC,SVM,0.1418053271810309,0.6281946728189691,0.77
3331,1331,200,PACC,SVM,0.02291622278198341,0.4720837772180166,0.495
3332,1332,200,PACC,SVM,0.04282876815776876,0.49217123184223127,0.535
3333,1333,200,PACC,SVM,0.18972670633516786,0.7752732936648321,0.965
3334,1334,200,PACC,SVM,0.18182000646811147,0.7781799935318885,0.96
3335,1335,200,PACC,SVM,0.10214875030849324,0.7528512496915067,0.855
3336,1336,200,PACC,SVM,0.11345293145708851,0.2984529314570885,0.185
3337,1337,200,PACC,SVM,0.04055813444634093,0.549441865553659,0.59
3338,1338,200,PACC,SVM,0.16345325706298386,0.7115467429370161,0.875
3339,1339,200,PACC,SVM,0.000705586645367462,0.37070558664536746,0.37
3340,1340,200,PACC,SVM,0.11033823806625123,0.21033823806625124,0.1
3341,1341,200,PACC,SVM,0.13119302244811393,0.6788069775518861,0.81
3342,1342,200,PACC,SVM,0.05964468008857238,0.4203553199114276,0.48
3343,1343,200,PACC,SVM,0.052732721712502206,0.5072672782874978,0.56
3344,1344,200,PACC,SVM,0.1611450538164405,0.8188549461835595,0.98
3345,1345,200,PACC,SVM,0.08698191572095815,0.5180180842790418,0.605
3346,1346,200,PACC,SVM,0.0433902597636599,0.4633902597636599,0.42
3347,1347,200,PACC,SVM,0.022350745601562694,0.3873507456015627,0.365
3348,1348,200,PACC,SVM,0.05785265219578539,0.3571473478042146,0.415
3349,1349,200,PACC,SVM,0.10969146508632381,0.22469146508632382,0.115
3350,1350,200,PACC,SVM,0.1445625038773798,0.6454374961226202,0.79
3351,1351,200,PACC,SVM,0.17614401983021988,0.6588559801697801,0.835
3352,1352,200,PACC,SVM,0.05995499872388266,0.3399549987238827,0.28
3353,1353,200,PACC,SVM,0.037484106536032624,0.3374841065360326,0.3
3354,1354,200,PACC,SVM,0.18781346376478003,0.68218653623522,0.87
3355,1355,200,PACC,SVM,0.13189378918358768,0.15189378918358767,0.02
3356,1356,200,PACC,SVM,0.02452079727087486,0.49547920272912516,0.52
3357,1357,200,PACC,SVM,0.01562545134799015,0.44437454865200987,0.46
3358,1358,200,PACC,SVM,0.07522961428582853,0.6147703857141714,0.69
3359,1359,200,PACC,SVM,0.08938640225639141,0.24938640225639142,0.16
3360,1360,200,PACC,SVM,0.08246180266683234,0.5825381973331677,0.665
3361,1361,200,PACC,SVM,0.009714940917187387,0.3847149409171874,0.375
3362,1362,200,PACC,SVM,0.05869076554412578,0.5563092344558742,0.615
3363,1363,200,PACC,SVM,0.14606172890567226,0.18606172890567227,0.04
3364,1364,200,PACC,SVM,0.016176243330952633,0.4438237566690474,0.46
3365,1365,200,PACC,SVM,0.07000809097875271,0.4499919090212473,0.52
3366,1366,200,PACC,SVM,0.09233820897264836,0.30233820897264835,0.21
3367,1367,200,PACC,SVM,0.10330798932542745,0.23830798932542746,0.135
3368,1368,200,PACC,SVM,0.10709250953134325,0.29209250953134325,0.185
3369,1369,200,PACC,SVM,0.0013317991705470988,0.3386682008294529,0.34
3370,1370,200,PACC,SVM,0.10709783729191918,0.20209783729191919,0.095
3371,1371,200,PACC,SVM,0.18523180321686294,0.759768196783137,0.945
3372,1372,200,PACC,SVM,0.005475785621977425,0.40547578562197745,0.4
3373,1373,200,PACC,SVM,0.07617184908880048,0.7288281509111996,0.805
3374,1374,200,PACC,SVM,0.19851801543891212,0.7714819845610879,0.97
3375,1375,200,PACC,SVM,0.12399678956429379,0.2039967895642938,0.08
3376,1376,200,PACC,SVM,0.06702230435871681,0.5829776956412832,0.65
3377,1377,200,PACC,SVM,0.16646566952317732,0.7035343304768227,0.87
3378,1378,200,PACC,SVM,0.10265165736320792,0.5273483426367921,0.63
3379,1379,200,PACC,SVM,0.026043293090467212,0.3989567069095328,0.425
3380,1380,200,PACC,SVM,0.02077555974560591,0.4507755597456059,0.43
3381,1381,200,PACC,SVM,0.1035621680724351,0.1385621680724351,0.035
3382,1382,200,PACC,SVM,0.09124977303244769,0.43875022696755234,0.53
3383,1383,200,PACC,SVM,0.1543444099827017,0.8356555900172983,0.99
3384,1384,200,PACC,SVM,0.19204271981144994,0.76295728018855,0.955
3385,1385,200,PACC,SVM,0.14451561964087667,0.18451561964087668,0.04
3386,1386,200,PACC,SVM,0.07380087847059413,0.6311991215294058,0.705
3387,1387,200,PACC,SVM,0.0541150475389488,0.3541150475389488,0.3
3388,1388,200,PACC,SVM,0.18701258084286,0.71298741915714,0.9
3389,1389,200,PACC,SVM,0.1451603693672383,0.1901603693672383,0.045
3390,1390,200,PACC,SVM,0.20284619182231478,0.7321538081776853,0.935
3391,1391,200,PACC,SVM,0.13807806815264523,0.6969219318473547,0.835
3392,1392,200,PACC,SVM,0.08874094995372984,0.20374094995372985,0.115
3393,1393,200,PACC,SVM,0.11301925801502438,0.16801925801502438,0.055
3394,1394,200,PACC,SVM,0.11375789935555525,0.7162421006444447,0.83
3395,1395,200,PACC,SVM,0.08735938552181857,0.24235938552181857,0.155
3396,1396,200,PACC,SVM,0.034816752433082576,0.49518324756691745,0.53
3397,1397,200,PACC,SVM,0.18520031066600495,0.7297996893339951,0.915
3398,1398,200,PACC,SVM,0.04713726875060009,0.5178627312493999,0.565
3399,1399,200,PACC,SVM,0.040189921727636024,0.43518992172763604,0.395
3400,1400,200,PACC,SVM,0.011808172017893248,0.45680817201789325,0.445
3401,1401,200,PACC,SVM,0.08241594210486264,0.14241594210486264,0.06
3402,1402,200,PACC,SVM,0.14642907592211452,0.8185709240778855,0.965
3403,1403,200,PACC,SVM,0.05522807967414928,0.3652280796741493,0.31
3404,1404,200,PACC,SVM,0.04892753533525987,0.23392753533525987,0.185
3405,1405,200,PACC,SVM,0.058316527236423665,0.34331652723642364,0.285
3406,1406,200,PACC,SVM,0.20699979987210437,0.7530002001278956,0.96
3407,1407,200,PACC,SVM,0.08381392456282732,0.17381392456282732,0.09
3408,1408,200,PACC,SVM,0.1407516659083765,0.7242483340916235,0.865
3409,1409,200,PACC,SVM,0.081044683735772,0.623955316264228,0.705
3410,1410,200,PACC,SVM,0.13152209176089724,0.6984779082391027,0.83
3411,1411,200,PACC,SVM,0.18116577623955155,0.7938342237604484,0.975
3412,1412,200,PACC,SVM,0.13928294987476586,0.7007170501252341,0.84
3413,1413,200,PACC,SVM,0.21020478646927365,0.7297952135307263,0.94
3414,1414,200,PACC,SVM,0.07616612419024252,0.20116612419024252,0.125
3415,1415,200,PACC,SVM,0.11255693420996737,0.6824430657900327,0.795
3416,1416,200,PACC,SVM,0.05198017932412258,0.49301982067587746,0.545
3417,1417,200,PACC,SVM,0.037727121820795295,0.5022728781792047,0.54
3418,1418,200,PACC,SVM,0.1679851368468347,0.7270148631531653,0.895
3419,1419,200,PACC,SVM,0.1912881445564376,0.7787118554435624,0.97
3420,1420,200,PACC,SVM,0.1077870690014694,0.5922129309985306,0.7
3421,1421,200,PACC,SVM,0.0591643738563003,0.4208356261436997,0.48
3422,1422,200,PACC,SVM,0.05790740650029352,0.3970925934997065,0.455
3423,1423,200,PACC,SVM,0.00659973397964142,0.3784002660203586,0.385
3424,1424,200,PACC,SVM,0.001806396687937084,0.36180639668793707,0.36
3425,1425,200,PACC,SVM,0.005012750546241229,0.39501275054624124,0.39
3426,1426,200,PACC,SVM,0.11536381158557905,0.20036381158557906,0.085
3427,1427,200,PACC,SVM,0.13826456442677965,0.21326456442677963,0.075
3428,1428,200,PACC,SVM,0.10656583993721269,0.6684341600627873,0.775
3429,1429,200,PACC,SVM,0.01046624600276247,0.43453375399723754,0.445
3430,1430,200,PACC,SVM,0.1716472019700933,0.7583527980299067,0.93
3431,1431,200,PACC,SVM,0.08088596307528817,0.5291140369247118,0.61
3432,1432,200,PACC,SVM,0.1637858077452057,0.1987858077452057,0.035
3433,1433,200,PACC,SVM,0.10961985358651585,0.26461985358651585,0.155
3434,1434,200,PACC,SVM,0.07679661267624557,0.28179661267624556,0.205
3435,1435,200,PACC,SVM,0.17175308689778424,0.8032469131022157,0.975
3436,1436,200,PACC,SVM,0.053481021191553874,0.26848102119155387,0.215
3437,1437,200,PACC,SVM,0.03752593202809207,0.47747406797190795,0.515
3438,1438,200,PACC,SVM,0.16122726114159902,0.773772738858401,0.935
3439,1439,200,PACC,SVM,0.17683378565005414,0.7981662143499458,0.975
3440,1440,200,PACC,SVM,0.04672481538571527,0.28172481538571525,0.235
3441,1441,200,PACC,SVM,0.1548966390328802,0.1998966390328802,0.045
3442,1442,200,PACC,SVM,0.0973382507158381,0.2473382507158381,0.15
3443,1443,200,PACC,SVM,0.12862360885872817,0.18862360885872817,0.06
3444,1444,200,PACC,SVM,0.12048053735282954,0.31548053735282955,0.195
3445,1445,200,PACC,SVM,0.026762549005723946,0.538237450994276,0.565
3446,1446,200,PACC,SVM,0.16312247171213423,0.7468775282878658,0.91
3447,1447,200,PACC,SVM,0.012723922619714778,0.5222760773802853,0.535
3448,1448,200,PACC,SVM,0.07429121218376733,0.5507087878162327,0.625
3449,1449,200,PACC,SVM,0.1109267827797098,0.3109267827797098,0.2
3450,1450,200,PACC,SVM,0.0849625113231014,0.7150374886768986,0.8
3451,1451,200,PACC,SVM,0.03554014442753717,0.5794598555724628,0.615
3452,1452,200,PACC,SVM,0.13559727538929967,0.7244027246107003,0.86
3453,1453,200,PACC,SVM,0.19127318802288218,0.7537268119771178,0.945
3454,1454,200,PACC,SVM,0.0402415124016246,0.3852415124016246,0.345
3455,1455,200,PACC,SVM,0.07625659248095007,0.16625659248095007,0.09
3456,1456,200,PACC,SVM,0.05096131475275614,0.27596131475275615,0.225
3457,1457,200,PACC,SVM,0.03654924793435077,0.3984507520656492,0.435
3458,1458,200,PACC,SVM,0.18266486112038927,0.7623351388796107,0.945
3459,1459,200,PACC,SVM,0.007054093416111129,0.38205409341611113,0.375
3460,1460,200,PACC,SVM,0.10890446276303023,0.6610955372369698,0.77
3461,1461,200,PACC,SVM,0.03141080087959325,0.5085891991204068,0.54
3462,1462,200,PACC,SVM,0.11837099868163004,0.29837099868163003,0.18
3463,1463,200,PACC,SVM,0.029827034421980092,0.3498270344219801,0.32
3464,1464,200,PACC,SVM,0.04871585053154459,0.6012841494684554,0.65
3465,1465,200,PACC,SVM,0.0846544993090278,0.5853455006909722,0.67
3466,1466,200,PACC,SVM,0.04385937917592103,0.473859379175921,0.43
3467,1467,200,PACC,SVM,0.044142069476347884,0.2691420694763479,0.225
3468,1468,200,PACC,SVM,0.08108899151135684,0.6389110084886431,0.72
3469,1469,200,PACC,SVM,0.06973881439692858,0.2347388143969286,0.165
3470,1470,200,PACC,SVM,0.17242500261443783,0.7625749973855622,0.935
3471,1471,200,PACC,SVM,0.08583161408168,0.27083161408168,0.185
3472,1472,200,PACC,SVM,0.11892758377819905,0.22392758377819905,0.105
3473,1473,200,PACC,SVM,0.03218365047032662,0.4628163495296734,0.495
3474,1474,200,PACC,SVM,0.05670442895448935,0.45829557104551066,0.515
3475,1475,200,PACC,SVM,0.033189831616514676,0.5381898316165147,0.505
3476,1476,200,PACC,SVM,0.027004951643995967,0.46200495164399596,0.435
3477,1477,200,PACC,SVM,0.24994174550427584,0.7400582544957242,0.99
3478,1478,200,PACC,SVM,0.0046745170919462176,0.48032548290805377,0.485
3479,1479,200,PACC,SVM,0.007213475230261057,0.4677865247697389,0.475
3480,1480,200,PACC,SVM,0.016881208131957703,0.4031187918680423,0.42
3481,1481,200,PACC,SVM,0.11484828055609941,0.17984828055609942,0.065
3482,1482,200,PACC,SVM,0.08419976811135976,0.5058002318886402,0.59
3483,1483,200,PACC,SVM,0.07091957457906892,0.2959195745790689,0.225
3484,1484,200,PACC,SVM,0.09114333926403495,0.5438566607359651,0.635
3485,1485,200,PACC,SVM,0.12740071699113514,0.17740071699113516,0.05
3486,1486,200,PACC,SVM,0.18362054818532147,0.7963794518146785,0.98
3487,1487,200,PACC,SVM,0.031301847548591444,0.4336981524514086,0.465
3488,1488,200,PACC,SVM,0.12236390702251765,0.7726360929774824,0.895
3489,1489,200,PACC,SVM,0.000817334596276531,0.4758173345962765,0.475
3490,1490,200,PACC,SVM,0.1462900985273814,0.2062900985273814,0.06
3491,1491,200,PACC,SVM,0.1612881418433677,0.6587118581566322,0.82
3492,1492,200,PACC,SVM,0.08412232859599755,0.5608776714040025,0.645
3493,1493,200,PACC,SVM,0.1811098143674169,0.5988901856325831,0.78
3494,1494,200,PACC,SVM,0.0045143056077363575,0.42048569439226363,0.425
3495,1495,200,PACC,SVM,0.04587575262500576,0.5891242473749942,0.635
3496,1496,200,PACC,SVM,0.14425988151285585,0.7107401184871441,0.855
3497,1497,200,PACC,SVM,0.08026401378654868,0.5497359862134513,0.63
3498,1498,200,PACC,SVM,0.027334565351769813,0.3723345653517698,0.345
3499,1499,200,PACC,SVM,0.08312487120306766,0.5768751287969324,0.66
3500,1500,200,PACC,SVM,0.10732848827320396,0.5626715117267961,0.67
3501,1501,200,PACC,SVM,0.2037057589232486,0.7562942410767514,0.96
3502,1502,200,PACC,SVM,0.018259408247184528,0.3882594082471845,0.37
3503,1503,200,PACC,SVM,0.011101120325990532,0.41389887967400946,0.425
3504,1504,200,PACC,SVM,0.1602236971399248,0.6497763028600753,0.81
3505,1505,200,PACC,SVM,0.03742808515296486,0.46757191484703514,0.505
3506,1506,200,PACC,SVM,0.09425585555084848,0.6407441444491515,0.735
3507,1507,200,PACC,SVM,0.017360995813989755,0.43763900418601026,0.455
3508,1508,200,PACC,SVM,0.08218353298895328,0.2971835329889533,0.215
3509,1509,200,PACC,SVM,0.10795612907489638,0.6370438709251036,0.745
3510,1510,200,PACC,SVM,0.09419153690975701,0.22419153690975702,0.13
3511,1511,200,PACC,SVM,0.08923715371259516,0.28423715371259517,0.195
3512,1512,200,PACC,SVM,0.05352486619570829,0.5714751338042917,0.625
3513,1513,200,PACC,SVM,0.13140221648171835,0.6135977835182816,0.745
3514,1514,200,PACC,SVM,0.15905633121251916,0.7309436687874808,0.89
3515,1515,200,PACC,SVM,0.05007829312881951,0.3200782931288195,0.27
3516,1516,200,PACC,SVM,0.09313709770601174,0.20313709770601174,0.11
3517,1517,200,PACC,SVM,0.1659615415849104,0.7890384584150896,0.955
3518,1518,200,PACC,SVM,0.09763430985724209,0.24763430985724208,0.15
3519,1519,200,PACC,SVM,0.014866618689391653,0.20986661868939166,0.195
3520,1520,200,PACC,SVM,0.06593641196912814,0.3559364119691281,0.29
3521,1521,200,PACC,SVM,0.002304286951267165,0.5226957130487329,0.525
3522,1522,200,PACC,SVM,0.18240423235014303,0.697595767649857,0.88
3523,1523,200,PACC,SVM,0.10760584202184387,0.6523941579781561,0.76
3524,1524,200,PACC,SVM,0.13315542294773142,0.5718445770522685,0.705
3525,1525,200,PACC,SVM,0.062261817243366546,0.23726181724336654,0.175
3526,1526,200,PACC,SVM,0.0011134877704189194,0.3561134877704189,0.355
3527,1527,200,PACC,SVM,0.034253102398418334,0.44074689760158164,0.475
3528,1528,200,PACC,SVM,0.12019051497847963,0.2651905149784796,0.145
3529,1529,200,PACC,SVM,0.06398907939419063,0.33398907939419065,0.27
3530,1530,200,PACC,SVM,0.04765134647871516,0.35265134647871516,0.305
3531,1531,200,PACC,SVM,0.09914796899010189,0.2241479689901019,0.125
3532,1532,200,PACC,SVM,0.07095332131874843,0.4790466786812516,0.55
3533,1533,200,PACC,SVM,0.09992362995270221,0.6050763700472978,0.705
3534,1534,200,PACC,SVM,0.11662804347528799,0.181628043475288,0.065
3535,1535,200,PACC,SVM,0.02830777378708088,0.4516922262129191,0.48
3536,1536,200,PACC,SVM,0.10422224803794533,0.6757777519620547,0.78
3537,1537,200,PACC,SVM,0.12617948048189753,0.6188205195181025,0.745
3538,1538,200,PACC,SVM,0.12724917226187782,0.6877508277381221,0.815
3539,1539,200,PACC,SVM,0.005099524942743405,0.4500995249427434,0.445
3540,1540,200,PACC,SVM,0.14593811837893422,0.6740618816210657,0.82
3541,1541,200,PACC,SVM,0.032569897834822004,0.272569897834822,0.24
3542,1542,200,PACC,SVM,0.007257293979338053,0.36725729397933804,0.36
3543,1543,200,PACC,SVM,0.08873470605520373,0.2637347060552037,0.175
3544,1544,200,PACC,SVM,0.010684260930146627,0.4543157390698534,0.465
3545,1545,200,PACC,SVM,0.013317523421678967,0.37668247657832105,0.39
3546,1546,200,PACC,SVM,0.0855954659012026,0.3255954659012026,0.24
3547,1547,200,PACC,SVM,0.09561896966674543,0.6543810303332546,0.75
3548,1548,200,PACC,SVM,0.008856290733715522,0.3188562907337155,0.31
3549,1549,200,PACC,SVM,0.05518128077488588,0.3251812807748859,0.27
3550,1550,200,PACC,SVM,0.0775851467143221,0.2075851467143221,0.13
3551,1551,200,PACC,SVM,0.008101547479266225,0.4431015474792662,0.435
3552,1552,200,PACC,SVM,0.0895241438210661,0.3895241438210661,0.3
3553,1553,200,PACC,SVM,0.0033471971552338498,0.36834719715523384,0.365
3554,1554,200,PACC,SVM,0.060117242166635054,0.29511724216663504,0.235
3555,1555,200,PACC,SVM,0.08629315310198638,0.6737068468980136,0.76
3556,1556,200,PACC,SVM,0.1521014582459138,0.7778985417540862,0.93
3557,1557,200,PACC,SVM,0.027321477643520997,0.467678522356479,0.495
3558,1558,200,PACC,SVM,0.04774311292719191,0.5922568870728081,0.64
3559,1559,200,PACC,SVM,0.17794732873075259,0.6870526712692474,0.865
3560,1560,200,PACC,SVM,0.2187809247999939,0.7762190752000061,0.995
3561,1561,200,PACC,SVM,0.0776771480940166,0.5323228519059834,0.61
3562,1562,200,PACC,SVM,0.17819820573629674,0.7068017942637033,0.885
3563,1563,200,PACC,SVM,0.21244045261209965,0.6925595473879004,0.905
3564,1564,200,PACC,SVM,0.18917062627538672,0.6008293737246133,0.79
3565,1565,200,PACC,SVM,0.0219267347248005,0.4380732652751995,0.46
3566,1566,200,PACC,SVM,0.12811785850972696,0.20811785850972697,0.08
3567,1567,200,PACC,SVM,0.14349123897637772,0.15849123897637774,0.015
3568,1568,200,PACC,SVM,0.03335809421134761,0.44164190578865237,0.475
3569,1569,200,PACC,SVM,0.004679695093844249,0.49467969509384424,0.49
3570,1570,200,PACC,SVM,0.0015123845196218233,0.40651238451962185,0.405
3571,1571,200,PACC,SVM,0.053501050765016656,0.5114989492349833,0.565
3572,1572,200,PACC,SVM,0.05538355961024749,0.49461644038975255,0.55
3573,1573,200,PACC,SVM,0.15651655181548396,0.678483448184516,0.835
3574,1574,200,PACC,SVM,0.12071760512656644,0.22571760512656644,0.105
3575,1575,200,PACC,SVM,0.08793496163092027,0.31293496163092027,0.225
3576,1576,200,PACC,SVM,0.10342323372958206,0.686576766270418,0.79
3577,1577,200,PACC,SVM,0.1467484823753713,0.6982515176246287,0.845
3578,1578,200,PACC,SVM,0.14255582094512909,0.8474441790548709,0.99
3579,1579,200,PACC,SVM,0.18392391165084088,0.6860760883491591,0.87
3580,1580,200,PACC,SVM,0.16603512627438122,0.7189648737256188,0.885
3581,1581,200,PACC,SVM,0.049082825933792706,0.3590828259337927,0.31
3582,1582,200,PACC,SVM,0.03910183828862002,0.43910183828862004,0.4
3583,1583,200,PACC,SVM,0.05262606705992762,0.31762606705992763,0.265
3584,1584,200,PACC,SVM,0.03542184197649656,0.5695781580235034,0.605
3585,1585,200,PACC,SVM,0.17975613820442915,0.7552438617955709,0.935
3586,1586,200,PACC,SVM,0.012803307577777145,0.35280330757777717,0.34
3587,1587,200,PACC,SVM,0.07098364162867415,0.4840163583713259,0.555
3588,1588,200,PACC,SVM,0.018058224685029323,0.3130582246850293,0.295
3589,1589,200,PACC,SVM,0.10579753485487045,0.27079753485487046,0.165
3590,1590,200,PACC,SVM,0.09211608393567167,0.2871160839356717,0.195
3591,1591,200,PACC,SVM,0.11805193365984026,0.17305193365984026,0.055
3592,1592,200,PACC,SVM,0.11739597533076873,0.8276040246692312,0.945
3593,1593,200,PACC,SVM,0.04545803692914041,0.3545419630708596,0.4
3594,1594,200,PACC,SVM,0.1544177521928075,0.6755822478071924,0.83
3595,1595,200,PACC,SVM,0.07715168265662586,0.6028483173433742,0.68
3596,1596,200,PACC,SVM,0.08938129865899436,0.27938129865899436,0.19
3597,1597,200,PACC,SVM,0.04104511552715642,0.2160451155271564,0.175
3598,1598,200,PACC,SVM,0.1242697109896953,0.6857302890103047,0.81
3599,1599,200,PACC,SVM,0.09399226541276245,0.35399226541276246,0.26
3600,1600,200,PACC,SVM,0.14976381579899578,0.7602361842010043,0.91
3601,1601,200,PACC,SVM,0.08286206875433325,0.22286206875433326,0.14
3602,1602,200,PACC,SVM,0.09343333826342692,0.5815666617365731,0.675
3603,1603,200,PACC,SVM,0.15156306721985136,0.6584369327801487,0.81
3604,1604,200,PACC,SVM,0.08055065960722996,0.31555065960722994,0.235
3605,1605,200,PACC,SVM,0.02881043460705407,0.3038104346070541,0.275
3606,1606,200,PACC,SVM,0.21752186243955318,0.7424781375604468,0.96
3607,1607,200,PACC,SVM,0.07313080917252723,0.33313080917252724,0.26
3608,1608,200,PACC,SVM,0.004830575440191498,0.4201694245598085,0.425
3609,1609,200,PACC,SVM,0.0002993750524588612,0.43029937505245885,0.43
3610,1610,200,PACC,SVM,0.06800371944772904,0.31800371944772904,0.25
3611,1611,200,PACC,SVM,0.13061065118683812,0.6443893488131619,0.775
3612,1612,200,PACC,SVM,0.11953030265430964,0.6504696973456904,0.77
3613,1613,200,PACC,SVM,0.02849827937113536,0.40349827937113536,0.375
3614,1614,200,PACC,SVM,0.14526992547277173,0.6897300745272282,0.835
3615,1615,200,PACC,SVM,0.10215204382439394,0.31215204382439393,0.21
3616,1616,200,PACC,SVM,0.14725980975510394,0.14725980975510394,0.0
3617,1617,200,PACC,SVM,0.05939970016157703,0.5106002998384229,0.57
3618,1618,200,PACC,SVM,0.18738194337313907,0.8026180566268609,0.99
3619,1619,200,PACC,SVM,0.10779451730134945,0.14279451730134946,0.035
3620,1620,200,PACC,SVM,0.08628792677289668,0.29128792677289667,0.205
3621,1621,200,PACC,SVM,0.00782752097786299,0.507172479022137,0.515
3622,1622,200,PACC,SVM,0.07668285881473291,0.7283171411852671,0.805
3623,1623,200,PACC,SVM,0.11722697484597429,0.2022269748459743,0.085
3624,1624,200,PACC,SVM,0.0460226817930533,0.4410226817930533,0.395
3625,1625,200,PACC,SVM,0.1678845714781907,0.5771154285218093,0.745
3626,1626,200,PACC,SVM,0.03207721514132256,0.40207721514132255,0.37
3627,1627,200,PACC,SVM,0.10405420399955334,0.28905420399955334,0.185
3628,1628,200,PACC,SVM,0.0557474757471314,0.2507474757471314,0.195
3629,1629,200,PACC,SVM,0.01060868863389558,0.42060868863389556,0.41
3630,1630,200,PACC,SVM,0.03656516761979606,0.4384348323802039,0.475
3631,1631,200,PACC,SVM,0.15006729499272697,0.709932705007273,0.86
3632,1632,200,PACC,SVM,0.08403030294380587,0.5559696970561941,0.64
3633,1633,200,PACC,SVM,0.09567407715312282,0.5943259228468771,0.69
3634,1634,200,PACC,SVM,0.19400479294175965,0.7859952070582403,0.98
3635,1635,200,PACC,SVM,0.006590513954037092,0.41659051395403707,0.41
3636,1636,200,PACC,SVM,0.002411815091187708,0.3975881849088123,0.4
3637,1637,200,PACC,SVM,0.19858473829788903,0.721415261702111,0.92
3638,1638,200,PACC,SVM,0.032500581351504354,0.27750058135150435,0.245
3639,1639,200,PACC,SVM,0.10580666325672938,0.6191933367432706,0.725
3640,1640,200,PACC,SVM,0.11526282890300166,0.6347371710969983,0.75
3641,1641,200,PACC,SVM,0.11798708001070299,0.212987080010703,0.095
3642,1642,200,PACC,SVM,0.011268756118078649,0.4762687561180787,0.465
3643,1643,200,PACC,SVM,0.06109908313498086,0.26109908313498087,0.2
3644,1644,200,PACC,SVM,0.0729870885075492,0.2579870885075492,0.185
3645,1645,200,PACC,SVM,0.03737192415456336,0.42262807584543666,0.46
3646,1646,200,PACC,SVM,0.06758843911681917,0.35258843911681914,0.285
3647,1647,200,PACC,SVM,0.07545370160878884,0.7195462983912112,0.795
3648,1648,200,PACC,SVM,0.15481655676441008,0.7501834432355899,0.905
3649,1649,200,PACC,SVM,0.12456357628892745,0.6754364237110726,0.8
3650,1650,200,PACC,SVM,0.03427728243020184,0.29927728243020185,0.265
3651,1651,200,PACC,SVM,0.0568577360457147,0.3268577360457147,0.27
3652,1652,200,PACC,SVM,0.08381139502939522,0.3338113950293952,0.25
3653,1653,200,PACC,SVM,0.09970034708739442,0.23470034708739443,0.135
3654,1654,200,PACC,SVM,0.20764721515054174,0.7323527848494582,0.94
3655,1655,200,PACC,SVM,0.04237046012049389,0.35762953987950613,0.4
3656,1656,200,PACC,SVM,0.07006676913010537,0.2900667691301054,0.22
3657,1657,200,PACC,SVM,0.1596484008381086,0.6853515991618914,0.845
3658,1658,200,PACC,SVM,0.03341824189104936,0.4284182418910494,0.395
3659,1659,200,PACC,SVM,0.12004275963593225,0.15504275963593225,0.035
3660,1660,200,PACC,SVM,0.12736152423786504,0.28736152423786504,0.16
3661,1661,200,PACC,SVM,0.032376131298665345,0.6026238687013347,0.635
3662,1662,200,PACC,SVM,0.09904261435567507,0.680957385644325,0.78
3663,1663,200,PACC,SVM,0.0782027308809927,0.2882027308809927,0.21
3664,1664,200,PACC,SVM,0.16551147743534422,0.7494885225646558,0.915
3665,1665,200,PACC,SVM,0.14782790382416966,0.7021720961758303,0.85
3666,1666,200,PACC,SVM,0.149129182080868,0.695870817919132,0.845
3667,1667,200,PACC,SVM,0.04412276829808756,0.26912276829808757,0.225
3668,1668,200,PACC,SVM,0.13072939516193083,0.18072939516193084,0.05
3669,1669,200,PACC,SVM,0.14023563857610233,0.7247643614238977,0.865
3670,1670,200,PACC,SVM,0.02831052192443856,0.33331052192443855,0.305
3671,1671,200,PACC,SVM,0.08726358289094938,0.5277364171090506,0.615
3672,1672,200,PACC,SVM,0.09271434183661265,0.6622856581633874,0.755
3673,1673,200,PACC,SVM,0.08649450108993331,0.2114945010899333,0.125
3674,1674,200,PACC,SVM,0.15133692866818194,0.6286630713318181,0.78
3675,1675,200,PACC,SVM,0.24361687620395178,0.6913831237960483,0.935
3676,1676,200,PACC,SVM,0.09262570510463286,0.6323742948953671,0.725
3677,1677,200,PACC,SVM,0.013286515710115299,0.4532865157101153,0.44
3678,1678,200,PACC,SVM,0.13292351986260353,0.7420764801373965,0.875
3679,1679,200,PACC,SVM,0.014229930809346647,0.5107700691906534,0.525
3680,1680,200,PACC,SVM,0.122683668159274,0.617316331840726,0.74
3681,1681,200,PACC,SVM,0.10924498692995321,0.7107550130700467,0.82
3682,1682,200,PACC,SVM,0.13173268021305906,0.6132673197869409,0.745
3683,1683,200,PACC,SVM,0.03569790770094078,0.32069790770094075,0.285
3684,1684,200,PACC,SVM,0.09366959863012399,0.208669598630124,0.115
3685,1685,200,PACC,SVM,0.05644599012278256,0.29144599012278255,0.235
3686,1686,200,PACC,SVM,0.03984484361288587,0.46015515638711413,0.5
3687,1687,200,PACC,SVM,0.03260578353473326,0.47239421646526675,0.505
3688,1688,200,PACC,SVM,0.06570221420571065,0.5142977857942893,0.58
3689,1689,200,PACC,SVM,0.011759725143423994,0.406759725143424,0.395
3690,1690,200,PACC,SVM,0.09670039685851517,0.6882996031414849,0.785
3691,1691,200,PACC,SVM,0.15382408414812732,0.7561759158518727,0.91
3692,1692,200,PACC,SVM,0.023115378257533237,0.26811537825753323,0.245
3693,1693,200,PACC,SVM,0.08570971935620186,0.6492902806437981,0.735
3694,1694,200,PACC,SVM,0.08888024646911774,0.5861197535308823,0.675
3695,1695,200,PACC,SVM,0.04107120376461737,0.47892879623538265,0.52
3696,1696,200,PACC,SVM,0.09461481148426987,0.27961481148426987,0.185
3697,1697,200,PACC,SVM,0.10858878020652196,0.6864112197934781,0.795
3698,1698,200,PACC,SVM,0.24681967892618428,0.7131803210738157,0.96
3699,1699,200,PACC,SVM,0.09455980674558784,0.6254401932544121,0.72
3700,1700,200,PACC,SVM,0.16989681580445348,0.7451031841955466,0.915
3701,1701,200,PACC,SVM,0.1704488373900379,0.8095511626099621,0.98
3702,1702,200,PACC,SVM,0.05162931587744479,0.40162931587744477,0.35
3703,1703,200,PACC,SVM,0.03912735543909718,0.5958726445609028,0.635
3704,1704,200,PACC,SVM,0.030956143203669295,0.4390438567963307,0.47
3705,1705,200,PACC,SVM,0.1679091534426852,0.8170908465573148,0.985
3706,1706,200,PACC,SVM,0.1006040950370124,0.1906040950370124,0.09
3707,1707,200,PACC,SVM,0.011598089513067733,0.39840191048693224,0.41
3708,1708,200,PACC,SVM,0.14527015094229767,0.7297298490577023,0.875
3709,1709,200,PACC,SVM,0.03182542157605328,0.3118254215760533,0.28
3710,1710,200,PACC,SVM,0.16205889181551303,0.622941108184487,0.785
3711,1711,200,PACC,SVM,0.013929286279471098,0.3939292862794711,0.38
3712,1712,200,PACC,SVM,0.16322836820698072,0.8117716317930193,0.975
3713,1713,200,PACC,SVM,0.1392426437041573,0.7407573562958427,0.88
3714,1714,200,PACC,SVM,0.07346830948296229,0.3734683094829623,0.3
3715,1715,200,PACC,SVM,0.13870097927535385,0.6312990207246462,0.77
3716,1716,200,PACC,SVM,0.022917216425086484,0.3579172164250865,0.335
3717,1717,200,PACC,SVM,0.053743882787496755,0.5512561172125032,0.605
3718,1718,200,PACC,SVM,0.10490643036206093,0.5500935696379391,0.655
3719,1719,200,PACC,SVM,0.13863662491061268,0.6863633750893873,0.825
3720,1720,200,PACC,SVM,0.14317203411798152,0.1631720341179815,0.02
3721,1721,200,PACC,SVM,0.09655372828236694,0.31655372828236694,0.22
3722,1722,200,PACC,SVM,0.07448188836641834,0.6355181116335816,0.71
3723,1723,200,PACC,SVM,0.0429355560662944,0.5170644439337057,0.56
3724,1724,200,PACC,SVM,0.025716880760674465,0.46928311923932553,0.495
3725,1725,200,PACC,SVM,0.1416088544441291,0.1966088544441291,0.055
3726,1726,200,PACC,SVM,0.05339522949155956,0.39839522949155953,0.345
3727,1727,200,PACC,SVM,0.17130689876752048,0.6936931012324795,0.865
3728,1728,200,PACC,SVM,0.1140967158262533,0.1440967158262533,0.03
3729,1729,200,PACC,SVM,0.010130371238257496,0.3848696287617425,0.395
3730,1730,200,PACC,SVM,0.17709876470812747,0.7679012352918725,0.945
3731,1731,200,PACC,SVM,0.10573357890062336,0.15573357890062337,0.05
3732,1732,200,PACC,SVM,0.09668621431429136,0.6483137856857086,0.745
3733,1733,200,PACC,SVM,0.07010485270129568,0.3251048527012957,0.255
3734,1734,200,PACC,SVM,0.15877017837569718,0.7062298216243028,0.865
3735,1735,200,PACC,SVM,0.07734718243184902,0.667652817568151,0.745
3736,1736,200,PACC,SVM,0.1777533711753435,0.7072466288246565,0.885
3737,1737,200,PACC,SVM,0.08106075441638752,0.2960607544163875,0.215
3738,1738,200,PACC,SVM,0.0616707171251179,0.4683292828748821,0.53
3739,1739,200,PACC,SVM,0.12295846082128703,0.652041539178713,0.775
3740,1740,200,PACC,SVM,0.016680538379333643,0.26168053837933364,0.245
3741,1741,200,PACC,SVM,0.045192288111233575,0.2751922881112336,0.23
3742,1742,200,PACC,SVM,0.1462045386395545,0.17120453863955448,0.025
3743,1743,200,PACC,SVM,0.1553658881684834,0.7996341118315166,0.955
3744,1744,200,PACC,SVM,0.09745827203080049,0.6125417279691995,0.71
3745,1745,200,PACC,SVM,0.0678737196249184,0.5671262803750816,0.635
3746,1746,200,PACC,SVM,0.08144298703379294,0.6585570129662071,0.74
3747,1747,200,PACC,SVM,0.025368483582736356,0.5046315164172637,0.53
3748,1748,200,PACC,SVM,0.004083606094744452,0.47908360609474443,0.475
3749,1749,200,PACC,SVM,0.00739435825394219,0.4376056417460578,0.445
3750,1750,200,PACC,SVM,0.10086550822324014,0.5391344917767599,0.64
3751,1751,200,PACC,SVM,0.12393857502466799,0.323938575024668,0.2
3752,1752,200,PACC,SVM,0.12854438398125467,0.7564556160187453,0.885
3753,1753,200,PACC,SVM,0.14110696047400173,0.6688930395259983,0.81
3754,1754,200,PACC,SVM,0.002523192985096012,0.347523192985096,0.345
3755,1755,200,PACC,SVM,0.030690694856093326,0.5443093051439066,0.575
3756,1756,200,PACC,SVM,0.12320752236186472,0.26320752236186473,0.14
3757,1757,200,PACC,SVM,0.19318836915683135,0.7768116308431686,0.97
3758,1758,200,PACC,SVM,0.16947895889348363,0.7305210411065164,0.9
3759,1759,200,PACC,SVM,0.12355449160351695,0.7964455083964831,0.92
3760,1760,200,PACC,SVM,0.0154457624859195,0.3145542375140805,0.33
3761,1761,200,PACC,SVM,0.06921208170554091,0.23421208170554092,0.165
3762,1762,200,PACC,SVM,0.05350661485646316,0.26350661485646315,0.21
3763,1763,200,PACC,SVM,0.08927670158276074,0.17927670158276074,0.09
3764,1764,200,PACC,SVM,0.10442628155650091,0.2244262815565009,0.12
3765,1765,200,PACC,SVM,0.178132862774597,0.248132862774597,0.07
3766,1766,200,PACC,SVM,0.18543320342319702,0.799566796576803,0.985
3767,1767,200,PACC,SVM,0.1432639167926465,0.2132639167926465,0.07
3768,1768,200,PACC,SVM,0.08291116711712623,0.21291116711712624,0.13
3769,1769,200,PACC,SVM,0.18275665833043286,0.6422433416695671,0.825
3770,1770,200,PACC,SVM,0.03689538011397431,0.5431046198860257,0.58
3771,1771,200,PACC,SVM,0.07307022906942862,0.6969297709305714,0.77
3772,1772,200,PACC,SVM,0.07053616343322444,0.5594638365667756,0.63
3773,1773,200,PACC,SVM,0.15092454100160213,0.7290754589983979,0.88
3774,1774,200,PACC,SVM,0.08162852575534107,0.5533714742446589,0.635
3775,1775,200,PACC,SVM,0.06331552711736677,0.45668447288263325,0.52
3776,1776,200,PACC,SVM,0.06593613493920303,0.6440638650607969,0.71
3777,1777,200,PACC,SVM,0.036808624540949075,0.40819137545905093,0.445
3778,1778,200,PACC,SVM,0.016517650811830598,0.36151765081183057,0.345
3779,1779,200,PACC,SVM,0.007812971170121474,0.45718702882987855,0.465
3780,1780,200,PACC,SVM,0.11805387819696803,0.28305387819696803,0.165
3781,1781,200,PACC,SVM,0.14390581425852333,0.6510941857414767,0.795
3782,1782,200,PACC,SVM,0.05679787646892015,0.31679787646892016,0.26
3783,1783,200,PACC,SVM,0.10594054434247094,0.25594054434247093,0.15
3784,1784,200,PACC,SVM,0.05687505395293341,0.3018750539529334,0.245
3785,1785,200,PACC,SVM,0.14610672281396964,0.6938932771860303,0.84
3786,1786,200,PACC,SVM,0.018927257772628825,0.34892725777262884,0.33
3787,1787,200,PACC,SVM,0.08521261987713258,0.5997873801228675,0.685
3788,1788,200,PACC,SVM,0.15946511144482933,0.6955348885551706,0.855
3789,1789,200,PACC,SVM,0.12821073943631206,0.20321073943631204,0.075
3790,1790,200,PACC,SVM,0.09418351151963622,0.6708164884803638,0.765
3791,1791,200,PACC,SVM,0.05063824046565557,0.35563824046565556,0.305
3792,1792,200,PACC,SVM,0.055110624533754066,0.27011062453375406,0.215
3793,1793,200,PACC,SVM,0.10354774360586005,0.58145225639414,0.685
3794,1794,200,PACC,SVM,0.16365885560990567,0.7413411443900944,0.905
3795,1795,200,PACC,SVM,0.04161523474122031,0.3366152347412203,0.295
3796,1796,200,PACC,SVM,0.10060124752856509,0.46439875247143486,0.565
3797,1797,200,PACC,SVM,0.040622611087961336,0.3256226110879613,0.285
3798,1798,200,PACC,SVM,0.06915406230919219,0.48084593769080786,0.55
3799,1799,200,PACC,SVM,0.04371678405089774,0.5762832159491023,0.62
3800,1800,200,PACC,SVM,0.07863030893249612,0.5313696910675039,0.61
3801,1801,200,PACC,SVM,0.061713370724631456,0.5582866292753685,0.62
3802,1802,200,PACC,SVM,0.06865515667871555,0.20365515667871556,0.135
3803,1803,200,PACC,SVM,0.08719145326934263,0.6028085467306573,0.69
3804,1804,200,PACC,SVM,0.07911485052608991,0.5908851494739101,0.67
3805,1805,200,PACC,SVM,0.0696125967778759,0.6103874032221241,0.68
3806,1806,200,PACC,SVM,0.10999039653784076,0.17999039653784077,0.07
3807,1807,200,PACC,SVM,0.009224443595793497,0.4357755564042065,0.445
3808,1808,200,PACC,SVM,0.022750728482601457,0.38224927151739857,0.405
3809,1809,200,PACC,SVM,0.08546913560542722,0.17046913560542723,0.085
3810,1810,200,PACC,SVM,0.0662692398629259,0.2862692398629259,0.22
3811,1811,200,PACC,SVM,0.022492650987178398,0.4175073490128216,0.44
3812,1812,200,PACC,SVM,0.09200534548319173,0.6479946545168083,0.74
3813,1813,200,PACC,SVM,0.0670927890838291,0.3020927890838291,0.235
3814,1814,200,PACC,SVM,0.1571855864600623,0.6678144135399376,0.825
3815,1815,200,PACC,SVM,0.023629504833468373,0.5213704951665317,0.545
3816,1816,200,PACC,SVM,0.11773572654745934,0.6422642734525407,0.76
3817,1817,200,PACC,SVM,0.05519782744263657,0.4148021725573634,0.47
3818,1818,200,PACC,SVM,0.015526271359072752,0.47947372864092724,0.495
3819,1819,200,PACC,SVM,0.10074338374149816,0.5142566162585018,0.615
3820,1820,200,PACC,SVM,0.2134643203952321,0.7115356796047679,0.925
3821,1821,200,PACC,SVM,0.02531321802916281,0.4646867819708372,0.49
3822,1822,200,PACC,SVM,0.11880629194449566,0.40619370805550437,0.525
3823,1823,200,PACC,SVM,0.08626417882576931,0.5137358211742307,0.6
3824,1824,200,PACC,SVM,0.10137082490311733,0.6336291750968827,0.735
3825,1825,200,PACC,SVM,0.06744401167631092,0.13744401167631093,0.07
3826,1826,200,PACC,SVM,0.007603438984964739,0.5073965610150353,0.515
3827,1827,200,PACC,SVM,0.009288744595282061,0.4707112554047179,0.48
3828,1828,200,PACC,SVM,0.16957102556674442,0.7504289744332556,0.92
3829,1829,200,PACC,SVM,0.020061679359009932,0.5100616793590099,0.49
3830,1830,200,PACC,SVM,0.01139046014041356,0.45360953985958646,0.465
3831,1831,200,PACC,SVM,0.19067900248540748,0.7693209975145925,0.96
3832,1832,200,PACC,SVM,0.0032173076673839285,0.4467826923326161,0.45
3833,1833,200,PACC,SVM,0.12301614393692872,0.3030161439369287,0.18
3834,1834,200,PACC,SVM,0.041699821233455975,0.25669982123345597,0.215
3835,1835,200,PACC,SVM,0.0805194913523633,0.1755194913523633,0.095
3836,1836,200,PACC,SVM,0.16586211943200516,0.16586211943200516,0.0
3837,1837,200,PACC,SVM,0.021195497009858677,0.45119549700985867,0.43
3838,1838,200,PACC,SVM,0.09763549892198098,0.667364501078019,0.765
3839,1839,200,PACC,SVM,0.11605943847446698,0.613940561525533,0.73
3840,1840,200,PACC,SVM,0.12629211747128216,0.15629211747128216,0.03
3841,1841,200,PACC,SVM,0.04937293722418945,0.5156270627758105,0.565
3842,1842,200,PACC,SVM,0.08962772194797619,0.23962772194797619,0.15
3843,1843,200,PACC,SVM,0.16553951068325778,0.7744604893167422,0.94
3844,1844,200,PACC,SVM,0.08647688550205482,0.2514768855020548,0.165
3845,1845,200,PACC,SVM,0.038070582105970585,0.5869294178940294,0.625
3846,1846,200,PACC,SVM,0.047790652879413975,0.372790652879414,0.325
3847,1847,200,PACC,SVM,0.08540214991393191,0.5545978500860681,0.64
3848,1848,200,PACC,SVM,0.03553693332769975,0.4455369333276997,0.41
3849,1849,200,PACC,SVM,0.09545364060356398,0.659546359396436,0.755
3850,1850,200,PACC,SVM,0.10387169091931167,0.3338716909193117,0.23
3851,1851,200,PACC,SVM,0.13985497311155737,0.7651450268884427,0.905
3852,1852,200,PACC,SVM,0.06347978452081654,0.43652021547918346,0.5
3853,1853,200,PACC,SVM,0.13309471553395968,0.6219052844660403,0.755
3854,1854,200,PACC,SVM,0.16561857751110654,0.6793814224888934,0.845
3855,1855,200,PACC,SVM,0.21058580198609023,0.7844141980139098,0.995
3856,1856,200,PACC,SVM,0.08231143548207573,0.30231143548207573,0.22
3857,1857,200,PACC,SVM,0.049954981109474994,0.33495498110947497,0.285
3858,1858,200,PACC,SVM,0.06782286936225013,0.3178228693622501,0.25
3859,1859,200,PACC,SVM,0.05704502393688965,0.31704502393688966,0.26
3860,1860,200,PACC,SVM,0.04298414001547701,0.537015859984523,0.58
3861,1861,200,PACC,SVM,0.2233166557404065,0.7666833442595935,0.99
3862,1862,200,PACC,SVM,0.15171905037172184,0.8382809496282781,0.99
3863,1863,200,PACC,SVM,0.053964385036383455,0.47103561496361657,0.525
3864,1864,200,PACC,SVM,0.08781205022214067,0.5471879497778593,0.635
3865,1865,200,PACC,SVM,0.16575091061073444,0.6892490893892655,0.855
3866,1866,200,PACC,SVM,0.20180346479855715,0.7281965352014429,0.93
3867,1867,200,PACC,SVM,0.08280915510924641,0.2828091551092464,0.2
3868,1868,200,PACC,SVM,0.06758304315651781,0.4574169568434822,0.525
3869,1869,200,PACC,SVM,0.1127107081130494,0.7172892918869506,0.83
3870,1870,200,PACC,SVM,0.038129299553988194,0.3381292995539882,0.3
3871,1871,200,PACC,SVM,0.01162871975569646,0.44662871975569646,0.435
3872,1872,200,PACC,SVM,0.16318295092495305,0.8218170490750469,0.985
3873,1873,200,PACC,SVM,0.2106991576708005,0.7743008423291995,0.985
3874,1874,200,PACC,SVM,0.17564790287102316,0.7293520971289769,0.905
3875,1875,200,PACC,SVM,0.1287623016695375,0.6662376983304625,0.795
3876,1876,200,PACC,SVM,0.037443941086875765,0.3024439410868758,0.265
3877,1877,200,PACC,SVM,0.026009663755175993,0.346009663755176,0.32
3878,1878,200,PACC,SVM,0.08078361793108219,0.46421638206891785,0.545
3879,1879,200,PACC,SVM,0.020114712205440366,0.5398852877945597,0.56
3880,1880,200,PACC,SVM,0.05533710560028432,0.4496628943997157,0.505
3881,1881,200,PACC,SVM,0.12179826198813126,0.5132017380118687,0.635
3882,1882,200,PACC,SVM,0.050888469262619196,0.35411153073738083,0.405
3883,1883,200,PACC,SVM,0.1189068064155081,0.6260931935844919,0.745
3884,1884,200,PACC,SVM,0.02677512764646106,0.3567751276464611,0.33
3885,1885,200,PACC,SVM,0.024858071510216295,0.3548580715102163,0.33
3886,1886,200,PACC,SVM,0.10992769912484884,0.23492769912484884,0.125
3887,1887,200,PACC,SVM,0.05995795857903724,0.24495795857903724,0.185
3888,1888,200,PACC,SVM,0.19932726318724825,0.6506727368127517,0.85
3889,1889,200,PACC,SVM,0.02751375699623937,0.41748624300376064,0.445
3890,1890,200,PACC,SVM,0.06849199013319598,0.293491990133196,0.225
3891,1891,200,PACC,SVM,0.10333117374965095,0.651668826250349,0.755
3892,1892,200,PACC,SVM,0.019855152396601627,0.5301448476033984,0.55
3893,1893,200,PACC,SVM,0.1606406482641478,0.1806406482641478,0.02
3894,1894,200,PACC,SVM,0.024198563635289105,0.3391985636352891,0.315
3895,1895,200,PACC,SVM,0.03565464652890499,0.21065464652890498,0.175
3896,1896,200,PACC,SVM,0.09866032295994809,0.5563396770400519,0.655
3897,1897,200,PACC,SVM,0.06981221301238738,0.3448122130123874,0.275
3898,1898,200,PACC,SVM,0.1288469969469945,0.1888469969469945,0.06
3899,1899,200,PACC,SVM,0.10112291886735401,0.15112291886735402,0.05
3900,1900,200,PACC,SVM,0.0360740239600984,0.5439259760399016,0.58
3901,1901,200,PACC,SVM,0.12389394467714383,0.14389394467714384,0.02
3902,1902,200,PACC,SVM,0.1393030062438072,0.7056969937561928,0.845
3903,1903,200,PACC,SVM,0.10138544278478365,0.25638544278478365,0.155
3904,1904,200,PACC,SVM,0.01388955309456752,0.5911104469054325,0.605
3905,1905,200,PACC,SVM,0.003977660234345204,0.4439776602343452,0.44
3906,1906,200,PACC,SVM,0.005552665292154424,0.4455526652921544,0.44
3907,1907,200,PACC,SVM,0.11681614923644348,0.1868161492364435,0.07
3908,1908,200,PACC,SVM,0.10942122114709618,0.6905787788529039,0.8
3909,1909,200,PACC,SVM,0.16392094895708575,0.7260790510429143,0.89
3910,1910,200,PACC,SVM,0.1391965849110201,0.1491965849110201,0.01
3911,1911,200,PACC,SVM,0.08497884949226953,0.2599788494922695,0.175
3912,1912,200,PACC,SVM,0.15269441812273188,0.7473055818772681,0.9
3913,1913,200,PACC,SVM,0.03653767406837449,0.5084623259316255,0.545
3914,1914,200,PACC,SVM,0.06284279540022142,0.2128427954002214,0.15
3915,1915,200,PACC,SVM,0.07994061148238885,0.27994061148238886,0.2
3916,1916,200,PACC,SVM,0.09121208138513082,0.5637879186148692,0.655
3917,1917,200,PACC,SVM,0.10530027699397648,0.6146997230060235,0.72
3918,1918,200,PACC,SVM,0.0843091807080707,0.5106908192919293,0.595
3919,1919,200,PACC,SVM,0.20727628142048993,0.74272371857951,0.95
3920,1920,200,PACC,SVM,0.0030116026602807766,0.49301160266028077,0.49
3921,1921,200,PACC,SVM,0.022464696442784704,0.3224646964427847,0.3
3922,1922,200,PACC,SVM,0.021349133073372606,0.45365086692662737,0.475
3923,1923,200,PACC,SVM,0.01164905759640028,0.36664905759640026,0.355
3924,1924,200,PACC,SVM,0.12873136206095417,0.3487313620609542,0.22
3925,1925,200,PACC,SVM,0.12042202552409888,0.16542202552409888,0.045
3926,1926,200,PACC,SVM,0.03490003207349185,0.3849000320734918,0.35
3927,1927,200,PACC,SVM,0.04167940376970558,0.6683205962302944,0.71
3928,1928,200,PACC,SVM,0.1915273255083622,0.2065273255083622,0.015
3929,1929,200,PACC,SVM,0.03778244402375386,0.47278244402375386,0.435
3930,1930,200,PACC,SVM,0.09973817558685705,0.540261824413143,0.64
3931,1931,200,PACC,SVM,0.04053953500026419,0.5694604649997358,0.61
3932,1932,200,PACC,SVM,0.13121455000749938,0.6437854499925006,0.775
3933,1933,200,PACC,SVM,0.119056292924276,0.6909437070757241,0.81
3934,1934,200,PACC,SVM,0.11911360805270077,0.5908863919472992,0.71
3935,1935,200,PACC,SVM,0.12761716018731897,0.22761716018731898,0.1
3936,1936,200,PACC,SVM,0.017034795578104167,0.49203479557810414,0.475
3937,1937,200,PACC,SVM,0.08381181859800702,0.516188181401993,0.6
3938,1938,200,PACC,SVM,0.04746605004193438,0.2924660500419344,0.245
3939,1939,200,PACC,SVM,0.13849103740660662,0.17849103740660663,0.04
3940,1940,200,PACC,SVM,0.07669682302875155,0.29669682302875156,0.22
3941,1941,200,PACC,SVM,0.024852804424285113,0.4251471955757149,0.45
3942,1942,200,PACC,SVM,0.008619108834231837,0.40138089116576814,0.41
3943,1943,200,PACC,SVM,0.08742431861752287,0.26242431861752286,0.175
3944,1944,200,PACC,SVM,0.08120558739461148,0.7387944126053885,0.82
3945,1945,200,PACC,SVM,0.18480881035817331,0.7401911896418267,0.925
3946,1946,200,PACC,SVM,0.06216085155212708,0.2621608515521271,0.2
3947,1947,200,PACC,SVM,0.16042407226264332,0.7645759277373567,0.925
3948,1948,200,PACC,SVM,0.17130358558853875,0.18630358558853874,0.015
3949,1949,200,PACC,SVM,0.21281007981545008,0.70718992018455,0.92
3950,1950,200,PACC,SVM,0.14122786094373496,0.808772139056265,0.95
3951,1951,200,PACC,SVM,0.1277427237580674,0.1377427237580674,0.01
3952,1952,200,PACC,SVM,0.10129480297919635,0.6587051970208037,0.76
3953,1953,200,PACC,SVM,0.18083378684008966,0.7891662131599103,0.97
3954,1954,200,PACC,SVM,0.19077480064293506,0.714225199357065,0.905
3955,1955,200,PACC,SVM,0.18399711187703005,0.7860028881229699,0.97
3956,1956,200,PACC,SVM,0.07951879760881359,0.47048120239118646,0.55
3957,1957,200,PACC,SVM,0.14852031552202605,0.22352031552202606,0.075
3958,1958,200,PACC,SVM,0.17905744547662583,0.6659425545233741,0.845
3959,1959,200,PACC,SVM,0.07606033467736717,0.5339396653226328,0.61
3960,1960,200,PACC,SVM,0.06694719144649441,0.5430528085535056,0.61
3961,1961,200,PACC,SVM,0.030238458664895662,0.3847615413351043,0.415
3962,1962,200,PACC,SVM,0.055293104111589386,0.5147068958884106,0.57
3963,1963,200,PACC,SVM,0.09740537694978696,0.24740537694978695,0.15
3964,1964,200,PACC,SVM,0.0915918425121569,0.6434081574878431,0.735
3965,1965,200,PACC,SVM,0.1122520119410264,0.1872520119410264,0.075
3966,1966,200,PACC,SVM,0.09454469745577165,0.6304553025442283,0.725
3967,1967,200,PACC,SVM,0.1417437500131986,0.7032562499868014,0.845
3968,1968,200,PACC,SVM,0.01751439354322415,0.4875143935432241,0.47
3969,1969,200,PACC,SVM,0.044663566348090655,0.46033643365190935,0.505
3970,1970,200,PACC,SVM,0.03857042908232511,0.3485704290823251,0.31
3971,1971,200,PACC,SVM,0.13269020400229647,0.8323097959977035,0.965
3972,1972,200,PACC,SVM,0.10079604804305708,0.6292039519569429,0.73
3973,1973,200,PACC,SVM,0.04619002603679628,0.4111900260367963,0.365
3974,1974,200,PACC,SVM,0.06628642802492157,0.23628642802492159,0.17
3975,1975,200,PACC,SVM,0.08224184358090206,0.29724184358090205,0.215
3976,1976,200,PACC,SVM,0.030909578473308663,0.42909042152669136,0.46
3977,1977,200,PACC,SVM,0.17502409575062305,0.7649759042493769,0.94
3978,1978,200,PACC,SVM,0.11107833585788562,0.6189216641421144,0.73
3979,1979,200,PACC,SVM,0.04236388736663807,0.25736388736663807,0.215
3980,1980,200,PACC,SVM,0.12421763221097681,0.7307823677890232,0.855
3981,1981,200,PACC,SVM,0.002171932897778117,0.3728280671022219,0.375
3982,1982,200,PACC,SVM,0.148793702913807,0.701206297086193,0.85
3983,1983,200,PACC,SVM,0.06963702335890276,0.30963702335890275,0.24
3984,1984,200,PACC,SVM,0.04360239548501965,0.5713976045149803,0.615
3985,1985,200,PACC,SVM,0.13590673337772696,0.7890932666222731,0.925
3986,1986,200,PACC,SVM,0.07946234052505341,0.3344623405250534,0.255
3987,1987,200,PACC,SVM,0.12075264465071589,0.5692473553492841,0.69
3988,1988,200,PACC,SVM,0.22859408849171436,0.7564059115082856,0.985
3989,1989,200,PACC,SVM,0.06284295021256747,0.21284295021256747,0.15
3990,1990,200,PACC,SVM,0.07763460239673302,0.16263460239673302,0.085
3991,1991,200,PACC,SVM,0.06961748845469151,0.6003825115453085,0.67
3992,1992,200,PACC,SVM,0.006330452024018052,0.32866954797598197,0.335
3993,1993,200,PACC,SVM,0.13641056893131082,0.20641056893131082,0.07
3994,1994,200,PACC,SVM,0.022149631490492927,0.45285036850950705,0.475
3995,1995,200,PACC,SVM,0.11537193275831403,0.634628067241686,0.75
3996,1996,200,PACC,SVM,0.051520526481932116,0.3365205264819321,0.285
3997,1997,200,PACC,SVM,0.03909718928966344,0.37409718928966346,0.335
3998,1998,200,PACC,SVM,0.1509086656440186,0.6940913343559814,0.845
3999,1999,200,PACC,SVM,0.03938532876543477,0.48061467123456525,0.52
4000,0,500,PACC,SVM,0.10898465405243585,0.6630153459475642,0.772
4001,1,500,PACC,SVM,0.019636683984068093,0.4183633160159319,0.438
4002,2,500,PACC,SVM,0.16656588287371854,0.6914341171262814,0.858
4003,3,500,PACC,SVM,0.10470125222160787,0.5912987477783921,0.696
4004,4,500,PACC,SVM,0.11451286094912469,0.2085128609491247,0.094
4005,5,500,PACC,SVM,0.181522295813628,0.792477704186372,0.974
4006,6,500,PACC,SVM,0.10273597979386428,0.6572640202061357,0.76
4007,7,500,PACC,SVM,0.13654537343380957,0.6494546265661905,0.786
4008,8,500,PACC,SVM,0.09895118842328152,0.22695118842328152,0.128
4009,9,500,PACC,SVM,0.006116169609646727,0.4438838303903533,0.45
4010,10,500,PACC,SVM,0.026026464055217857,0.39602646405521785,0.37
4011,11,500,PACC,SVM,0.1751427893672577,0.7508572106327424,0.926
4012,12,500,PACC,SVM,0.06609048375093718,0.5759095162490628,0.642
4013,13,500,PACC,SVM,0.13088853095453812,0.6911114690454618,0.822
4014,14,500,PACC,SVM,0.006384626047627517,0.4356153739523725,0.442
4015,15,500,PACC,SVM,0.05801397507936615,0.28401397507936615,0.226
4016,16,500,PACC,SVM,0.035597918248677085,0.518402081751323,0.554
4017,17,500,PACC,SVM,0.10334492475862367,0.16534492475862367,0.062
4018,18,500,PACC,SVM,0.13668716069446363,0.6893128393055363,0.826
4019,19,500,PACC,SVM,0.07588655703489766,0.5541134429651023,0.63
4020,20,500,PACC,SVM,0.10688442392813657,0.6511155760718634,0.758
4021,21,500,PACC,SVM,0.03997409209417846,0.39397409209417844,0.354
4022,22,500,PACC,SVM,0.19281337270852628,0.7771866272914737,0.97
4023,23,500,PACC,SVM,0.1713319094389335,0.7206680905610665,0.892
4024,24,500,PACC,SVM,0.12635985942487404,0.651640140575126,0.778
4025,25,500,PACC,SVM,0.09345730532726654,0.28745730532726654,0.194
4026,26,500,PACC,SVM,0.005239114875659923,0.4607608851243401,0.466
4027,27,500,PACC,SVM,0.1355006513880471,0.1775006513880471,0.042
4028,28,500,PACC,SVM,0.07412449995814457,0.22812449995814457,0.154
4029,29,500,PACC,SVM,0.08331377905341086,0.5986862209465892,0.682
4030,30,500,PACC,SVM,0.11880928951191827,0.6251907104880817,0.744
4031,31,500,PACC,SVM,0.19669813108400713,0.7693018689159928,0.966
4032,32,500,PACC,SVM,0.040310754404012106,0.3643107544040121,0.324
4033,33,500,PACC,SVM,0.030769407016361217,0.4007694070163612,0.37
4034,34,500,PACC,SVM,0.020069696054362984,0.44793030394563704,0.468
4035,35,500,PACC,SVM,0.07986812036420188,0.2678681203642019,0.188
4036,36,500,PACC,SVM,0.1349166270963329,0.2629166270963329,0.128
4037,37,500,PACC,SVM,0.004748293576843365,0.4692517064231566,0.474
4038,38,500,PACC,SVM,0.052056860026154256,0.27805686002615426,0.226
4039,39,500,PACC,SVM,0.09948806977228508,0.568511930227715,0.668
4040,40,500,PACC,SVM,0.008150859057466486,0.4441508590574665,0.436
4041,41,500,PACC,SVM,0.15781149089462176,0.6741885091053782,0.832
4042,42,500,PACC,SVM,0.12269473754522653,0.5773052624547734,0.7
4043,43,500,PACC,SVM,0.015650075731969637,0.32765007573196964,0.312
4044,44,500,PACC,SVM,0.17108349341560058,0.6609165065843994,0.832
4045,45,500,PACC,SVM,0.12365819239450226,0.6803418076054978,0.804
4046,46,500,PACC,SVM,0.027721497018456775,0.4137214970184568,0.386
4047,47,500,PACC,SVM,0.056890772268566425,0.3448907722685664,0.288
4048,48,500,PACC,SVM,0.08292109091044653,0.5990789090895535,0.682
4049,49,500,PACC,SVM,0.10082074588339243,0.23882074588339244,0.138
4050,50,500,PACC,SVM,0.09587551942108458,0.2938755194210846,0.198
4051,51,500,PACC,SVM,0.14795590269014813,0.15395590269014814,0.006
4052,52,500,PACC,SVM,0.1366929252993072,0.6493070747006928,0.786
4053,53,500,PACC,SVM,0.08510743490560735,0.5788925650943927,0.664
4054,54,500,PACC,SVM,0.09367215877535795,0.610327841224642,0.704
4055,55,500,PACC,SVM,0.12933301609691472,0.6506669839030853,0.78
4056,56,500,PACC,SVM,0.001355991976660642,0.4566440080233394,0.458
4057,57,500,PACC,SVM,0.04919942797403587,0.5188005720259641,0.568
4058,58,500,PACC,SVM,0.0864471863023486,0.2244471863023486,0.138
4059,59,500,PACC,SVM,0.12314312879812638,0.23714312879812638,0.114
4060,60,500,PACC,SVM,0.11403568466571545,0.5539643153342846,0.668
4061,61,500,PACC,SVM,0.0168584801494292,0.4531415198505708,0.47
4062,62,500,PACC,SVM,0.06747570435454997,0.49652429564545,0.564
4063,63,500,PACC,SVM,0.12374035830047769,0.6402596416995223,0.764
4064,64,500,PACC,SVM,0.079230018301645,0.554769981698355,0.634
4065,65,500,PACC,SVM,0.027766382856325267,0.5242336171436748,0.552
4066,66,500,PACC,SVM,0.0268039517054246,0.5311960482945755,0.558
4067,67,500,PACC,SVM,0.027002716301685437,0.3290027163016854,0.302
4068,68,500,PACC,SVM,0.1414720240611807,0.1714720240611807,0.03
4069,69,500,PACC,SVM,0.01819135184621251,0.4178086481537875,0.436
4070,70,500,PACC,SVM,0.07129393032989426,0.28529393032989425,0.214
4071,71,500,PACC,SVM,0.002600021512782824,0.4106000215127828,0.408
4072,72,500,PACC,SVM,0.14831101875993258,0.7036889812400674,0.852
4073,73,500,PACC,SVM,0.0770684082578916,0.3090684082578916,0.232
4074,74,500,PACC,SVM,0.11946136860920678,0.17746136860920678,0.058
4075,75,500,PACC,SVM,0.060028843551986344,0.34002884355198637,0.28
4076,76,500,PACC,SVM,0.0441329706757122,0.3361329706757122,0.292
4077,77,500,PACC,SVM,0.07531690178815731,0.5846830982118427,0.66
4078,78,500,PACC,SVM,0.051336436951942455,0.5046635630480576,0.556
4079,79,500,PACC,SVM,0.12321651540624146,0.6587834845937586,0.782
4080,80,500,PACC,SVM,0.09254006304763684,0.5714599369523632,0.664
4081,81,500,PACC,SVM,0.006304192346077431,0.3996958076539226,0.406
4082,82,500,PACC,SVM,0.13193275257459625,0.6820672474254037,0.814
4083,83,500,PACC,SVM,0.10784324873448067,0.2738432487344807,0.166
4084,84,500,PACC,SVM,0.14021885393851313,0.16221885393851312,0.022
4085,85,500,PACC,SVM,0.0925895104151725,0.1825895104151725,0.09
4086,86,500,PACC,SVM,0.07114791975622714,0.6508520802437728,0.722
4087,87,500,PACC,SVM,0.002957303136984002,0.462957303136984,0.46
4088,88,500,PACC,SVM,0.07479399657176825,0.23479399657176825,0.16
4089,89,500,PACC,SVM,0.005004158359479538,0.5050041583594795,0.5
4090,90,500,PACC,SVM,0.07670470299779741,0.2287047029977974,0.152
4091,91,500,PACC,SVM,0.13024820578499885,0.5657517942150011,0.696
4092,92,500,PACC,SVM,0.016901007606650365,0.42909899239334964,0.446
4093,93,500,PACC,SVM,0.0021201584185303046,0.3821201584185303,0.38
4094,94,500,PACC,SVM,0.061203755150356975,0.36120375515035696,0.3
4095,95,500,PACC,SVM,0.04201739796836046,0.5879826020316395,0.63
4096,96,500,PACC,SVM,0.02612934344128348,0.38612934344128347,0.36
4097,97,500,PACC,SVM,0.10644986184230759,0.19244986184230758,0.086
4098,98,500,PACC,SVM,0.10942155291257866,0.22742155291257865,0.118
4099,99,500,PACC,SVM,0.17907629351411736,0.7809237064858826,0.96
4100,100,500,PACC,SVM,0.19227588407250396,0.7157241159274961,0.908
4101,101,500,PACC,SVM,0.10437292435913392,0.593627075640866,0.698
4102,102,500,PACC,SVM,0.05214099005564632,0.31614099005564633,0.264
4103,103,500,PACC,SVM,0.18809492309743991,0.7799050769025601,0.968
4104,104,500,PACC,SVM,0.09619584575314988,0.6818041542468501,0.778
4105,105,500,PACC,SVM,0.1279761539686084,0.5880238460313916,0.716
4106,106,500,PACC,SVM,0.0006323889303533892,0.4473676110696466,0.448
4107,107,500,PACC,SVM,0.06641312187595005,0.3384131218759501,0.272
4108,108,500,PACC,SVM,0.08713107848838617,0.18313107848838617,0.096
4109,109,500,PACC,SVM,0.19392459140465734,0.7080754085953427,0.902
4110,110,500,PACC,SVM,0.01779126329052877,0.43620873670947125,0.454
4111,111,500,PACC,SVM,0.08527835281602103,0.28727835281602104,0.202
4112,112,500,PACC,SVM,0.05803478386909511,0.3620347838690951,0.304
4113,113,500,PACC,SVM,0.07655437796671583,0.5014456220332841,0.578
4114,114,500,PACC,SVM,0.08108798567505693,0.2570879856750569,0.176
4115,115,500,PACC,SVM,0.13728562231059838,0.7187143776894016,0.856
4116,116,500,PACC,SVM,0.1313381628390008,0.6266618371609992,0.758
4117,117,500,PACC,SVM,0.09345876934655084,0.6245412306534491,0.718
4118,118,500,PACC,SVM,0.03568699350970134,0.39631300649029866,0.432
4119,119,500,PACC,SVM,0.06183706337066597,0.564162936629334,0.626
4120,120,500,PACC,SVM,0.05671461212539475,0.5272853878746052,0.584
4121,121,500,PACC,SVM,0.056382245269459674,0.5916177547305403,0.648
4122,122,500,PACC,SVM,0.1284669224134567,0.2124669224134567,0.084
4123,123,500,PACC,SVM,0.004763139770648794,0.4187631397706488,0.414
4124,124,500,PACC,SVM,0.12808599186970593,0.16808599186970594,0.04
4125,125,500,PACC,SVM,0.030166933423298292,0.4618330665767017,0.492
4126,126,500,PACC,SVM,0.012595216270130105,0.3405952162701301,0.328
4127,127,500,PACC,SVM,0.06397393871319301,0.207973938713193,0.144
4128,128,500,PACC,SVM,0.10544130875643178,0.20744130875643177,0.102
4129,129,500,PACC,SVM,0.05735897480595942,0.5286410251940405,0.586
4130,130,500,PACC,SVM,0.10427393094378132,0.27427393094378133,0.17
4131,131,500,PACC,SVM,0.17294687023442723,0.7510531297655728,0.924
4132,132,500,PACC,SVM,0.049792648200990386,0.5302073517990096,0.58
4133,133,500,PACC,SVM,0.02474475450806546,0.37074475450806543,0.346
4134,134,500,PACC,SVM,0.06294073585434246,0.5270592641456575,0.59
4135,135,500,PACC,SVM,0.13670488079157567,0.15870488079157566,0.022
4136,136,500,PACC,SVM,0.19167258253677966,0.7663274174632203,0.958
4137,137,500,PACC,SVM,0.027769065709275897,0.4542309342907241,0.482
4138,138,500,PACC,SVM,0.10462804745991827,0.6773719525400818,0.782
4139,139,500,PACC,SVM,0.11782779827707178,0.19982779827707178,0.082
4140,140,500,PACC,SVM,0.03174035170971001,0.45425964829029,0.486
4141,141,500,PACC,SVM,0.021468449198563222,0.46853155080143677,0.49
4142,142,500,PACC,SVM,0.19083072357973374,0.7451692764202663,0.936
4143,143,500,PACC,SVM,0.01935074649807933,0.5506492535019206,0.57
4144,144,500,PACC,SVM,0.03186285864732574,0.44013714135267423,0.472
4145,145,500,PACC,SVM,0.0330345099676016,0.2990345099676016,0.266
4146,146,500,PACC,SVM,0.04031631954452247,0.3703163195445225,0.33
4147,147,500,PACC,SVM,0.06467678007170335,0.45532321992829666,0.52
4148,148,500,PACC,SVM,0.0024562673298680338,0.43554373267013197,0.438
4149,149,500,PACC,SVM,0.13489659050107256,0.15489659050107255,0.02
4150,150,500,PACC,SVM,0.10743762822281167,0.7185623717771883,0.826
4151,151,500,PACC,SVM,0.1413531855079364,0.7546468144920636,0.896
4152,152,500,PACC,SVM,0.07233542650610295,0.21233542650610296,0.14
4153,153,500,PACC,SVM,0.05356864152206109,0.500431358477939,0.554
4154,154,500,PACC,SVM,0.10339207994001152,0.21139207994001152,0.108
4155,155,500,PACC,SVM,0.08901828438318882,0.5829817156168112,0.672
4156,156,500,PACC,SVM,0.05693057547133579,0.3369305754713358,0.28
4157,157,500,PACC,SVM,0.09424302654394046,0.5637569734560596,0.658
4158,158,500,PACC,SVM,0.08499067549645767,0.6410093245035423,0.726
4159,159,500,PACC,SVM,0.12164866867317614,0.6463513313268239,0.768
4160,160,500,PACC,SVM,0.11990231296149008,0.22590231296149008,0.106
4161,161,500,PACC,SVM,0.14305363824863904,0.772946361751361,0.916
4162,162,500,PACC,SVM,0.07393225113128812,0.30393225113128813,0.23
4163,163,500,PACC,SVM,0.12162107780109846,0.15762107780109846,0.036
4164,164,500,PACC,SVM,0.052454492896902516,0.5015455071030975,0.554
4165,165,500,PACC,SVM,0.02445249966851526,0.39445249966851526,0.37
4166,166,500,PACC,SVM,0.14578693172697765,0.6822130682730223,0.828
4167,167,500,PACC,SVM,0.15073653870737858,0.6572634612926215,0.808
4168,168,500,PACC,SVM,0.03653978854936041,0.3525397885493604,0.316
4169,169,500,PACC,SVM,0.18106402993636694,0.770935970063633,0.952
4170,170,500,PACC,SVM,0.05150525163379982,0.3415052516337998,0.29
4171,171,500,PACC,SVM,0.011768255539687522,0.5022317444603125,0.514
4172,172,500,PACC,SVM,0.06140917812735336,0.31540917812735336,0.254
4173,173,500,PACC,SVM,0.17335184903624967,0.7626481509637504,0.936
4174,174,500,PACC,SVM,0.08874220595668361,0.2527422059566836,0.164
4175,175,500,PACC,SVM,0.11756183914509459,0.1615618391450946,0.044
4176,176,500,PACC,SVM,0.02287586008579523,0.4568758600857952,0.434
4177,177,500,PACC,SVM,0.19089612840183656,0.8011038715981634,0.992
4178,178,500,PACC,SVM,0.20291015214637698,0.687089847853623,0.89
4179,179,500,PACC,SVM,0.10290099259430041,0.6450990074056996,0.748
4180,180,500,PACC,SVM,0.14494247451369546,0.7450575254863046,0.89
4181,181,500,PACC,SVM,0.16067565512244342,0.7313243448775566,0.892
4182,182,500,PACC,SVM,0.056544276680435934,0.4614557233195641,0.518
4183,183,500,PACC,SVM,0.011984536628558917,0.3259845366285589,0.314
4184,184,500,PACC,SVM,0.12145869177516455,0.6505413082248355,0.772
4185,185,500,PACC,SVM,0.08793873355366422,0.5720612664463358,0.66
4186,186,500,PACC,SVM,0.029470884069302705,0.4014708840693027,0.372
4187,187,500,PACC,SVM,0.10292163173441651,0.1969216317344165,0.094
4188,188,500,PACC,SVM,0.09867713896652164,0.6473228610334784,0.746
4189,189,500,PACC,SVM,0.0402403493379721,0.3022403493379721,0.262
4190,190,500,PACC,SVM,0.15817240881435224,0.7778275911856478,0.936
4191,191,500,PACC,SVM,0.07419815685515774,0.31419815685515773,0.24
4192,192,500,PACC,SVM,0.11243155772793201,0.234431557727932,0.122
4193,193,500,PACC,SVM,0.11302731808232214,0.7169726819176778,0.83
4194,194,500,PACC,SVM,0.08725008034863324,0.23925008034863324,0.152
4195,195,500,PACC,SVM,0.07580997457763666,0.25380997457763665,0.178
4196,196,500,PACC,SVM,0.05226094949432303,0.545739050505677,0.598
4197,197,500,PACC,SVM,0.1353945839069145,0.7386054160930855,0.874
4198,198,500,PACC,SVM,0.07307637948994644,0.26907637948994645,0.196
4199,199,500,PACC,SVM,0.036857807090164674,0.34685780709016467,0.31
4200,200,500,PACC,SVM,0.11901623514792203,0.656983764852078,0.776
4201,201,500,PACC,SVM,0.20804675229169656,0.7619532477083034,0.97
4202,202,500,PACC,SVM,0.01805202086799801,0.481947979132002,0.5
4203,203,500,PACC,SVM,0.10170497879902546,0.24370497879902545,0.142
4204,204,500,PACC,SVM,0.11578463914395322,0.12778463914395322,0.012
4205,205,500,PACC,SVM,0.07329490872317992,0.30129490872317993,0.228
4206,206,500,PACC,SVM,0.10945291355895201,0.239452913558952,0.13
4207,207,500,PACC,SVM,0.0644127012824689,0.6115872987175311,0.676
4208,208,500,PACC,SVM,0.09092395756521437,0.21092395756521437,0.12
4209,209,500,PACC,SVM,0.018242918829648846,0.48775708117035116,0.506
4210,210,500,PACC,SVM,0.08848727134475598,0.605512728655244,0.694
4211,211,500,PACC,SVM,0.024176324122453186,0.5558236758775468,0.58
4212,212,500,PACC,SVM,0.05376390796094088,0.2517639079609409,0.198
4213,213,500,PACC,SVM,0.13451542926361115,0.6694845707363889,0.804
4214,214,500,PACC,SVM,0.10175122551375992,0.61224877448624,0.714
4215,215,500,PACC,SVM,0.08052648757135128,0.6574735124286487,0.738
4216,216,500,PACC,SVM,0.12610051589816273,0.25610051589816274,0.13
4217,217,500,PACC,SVM,0.12265931414980447,0.24465931414980446,0.122
4218,218,500,PACC,SVM,0.1898275059310719,0.7361724940689282,0.926
4219,219,500,PACC,SVM,0.0060464504487319215,0.3899535495512681,0.396
4220,220,500,PACC,SVM,0.04770303322403535,0.34770303322403534,0.3
4221,221,500,PACC,SVM,0.023254582642318056,0.46474541735768193,0.488
4222,222,500,PACC,SVM,0.07121534404671892,0.5907846559532811,0.662
4223,223,500,PACC,SVM,0.19460178979124454,0.7593982102087554,0.954
4224,224,500,PACC,SVM,0.04707776037978767,0.33307776037978765,0.286
4225,225,500,PACC,SVM,0.16248894572931138,0.7615110542706887,0.924
4226,226,500,PACC,SVM,0.12122335073472468,0.14522335073472467,0.024
4227,227,500,PACC,SVM,0.05848592932836233,0.4955140706716377,0.554
4228,228,500,PACC,SVM,0.07522925376911105,0.556770746230889,0.632
4229,229,500,PACC,SVM,0.0933244463244272,0.1973244463244272,0.104
4230,230,500,PACC,SVM,0.1144461783991289,0.2544461783991289,0.14
4231,231,500,PACC,SVM,0.00335513051391656,0.42135513051391654,0.418
4232,232,500,PACC,SVM,0.2007489365174706,0.7652510634825294,0.966
4233,233,500,PACC,SVM,0.03233897074905101,0.563661029250949,0.596
4234,234,500,PACC,SVM,0.15633189986922613,0.7756681001307739,0.932
4235,235,500,PACC,SVM,0.12598982551656945,0.6780101744834306,0.804
4236,236,500,PACC,SVM,0.0011862478285403766,0.46481375217145965,0.466
4237,237,500,PACC,SVM,0.14010199505761234,0.6438980049423877,0.784
4238,238,500,PACC,SVM,0.13708091934643368,0.1530809193464337,0.016
4239,239,500,PACC,SVM,0.10707150061930061,0.2150715006193006,0.108
4240,240,500,PACC,SVM,0.14013905117853243,0.6878609488214675,0.828
4241,241,500,PACC,SVM,0.15251897711468687,0.6434810228853132,0.796
4242,242,500,PACC,SVM,0.06517794372951066,0.2971779437295107,0.232
4243,243,500,PACC,SVM,0.05576912433123293,0.4742308756687671,0.53
4244,244,500,PACC,SVM,0.05725775759883445,0.5487422424011655,0.606
4245,245,500,PACC,SVM,0.15531233322234606,0.7106876667776539,0.866
4246,246,500,PACC,SVM,0.041020565324699554,0.5609794346753004,0.602
4247,247,500,PACC,SVM,0.005004476834541138,0.4170044768345411,0.412
4248,248,500,PACC,SVM,0.026054725913024213,0.4000547259130242,0.374
4249,249,500,PACC,SVM,0.009224077367443295,0.4332240773674433,0.424
4250,250,500,PACC,SVM,0.06135976612300709,0.5886402338769929,0.65
4251,251,500,PACC,SVM,0.16099928674214947,0.7050007132578505,0.866
4252,252,500,PACC,SVM,0.006545590246321398,0.4585455902463214,0.452
4253,253,500,PACC,SVM,0.059701235920585016,0.305701235920585,0.246
4254,254,500,PACC,SVM,0.050706327347413094,0.2867063273474131,0.236
4255,255,500,PACC,SVM,0.1150707724091945,0.6309292275908055,0.746
4256,256,500,PACC,SVM,0.13714702785366817,0.6788529721463318,0.816
4257,257,500,PACC,SVM,0.11455600658461666,0.21855600658461666,0.104
4258,258,500,PACC,SVM,0.13120281797708272,0.19720281797708272,0.066
4259,259,500,PACC,SVM,0.05769166498934619,0.5363083350106538,0.594
4260,260,500,PACC,SVM,0.08453734409889566,0.23053734409889565,0.146
4261,261,500,PACC,SVM,0.13230267299458298,0.691697327005417,0.824
4262,262,500,PACC,SVM,0.024498931036528726,0.3344989310365287,0.31
4263,263,500,PACC,SVM,0.10348120285332735,0.24548120285332733,0.142
4264,264,500,PACC,SVM,0.17582053159910505,0.744179468400895,0.92
4265,265,500,PACC,SVM,0.08919121674192396,0.25319121674192396,0.164
4266,266,500,PACC,SVM,0.02989793797257323,0.3138979379725732,0.284
4267,267,500,PACC,SVM,0.10514061711512088,0.2571406171151209,0.152
4268,268,500,PACC,SVM,0.10748932958195918,0.2214893295819592,0.114
4269,269,500,PACC,SVM,0.13751063611847347,0.15751063611847346,0.02
4270,270,500,PACC,SVM,0.11640144765592683,0.17040144765592682,0.054
4271,271,500,PACC,SVM,0.106319836354616,0.280319836354616,0.174
4272,272,500,PACC,SVM,0.15151409896910215,0.20351409896910214,0.052
4273,273,500,PACC,SVM,0.02710920152288665,0.5628907984771133,0.59
4274,274,500,PACC,SVM,0.0956406326673267,0.5843593673326734,0.68
4275,275,500,PACC,SVM,0.024010150331210622,0.41601015033121064,0.392
4276,276,500,PACC,SVM,0.03790004605679148,0.3539000460567915,0.316
4277,277,500,PACC,SVM,0.05169480365426116,0.45230519634573885,0.504
4278,278,500,PACC,SVM,0.13662733499740742,0.7373726650025926,0.874
4279,279,500,PACC,SVM,0.13456441529609375,0.7154355847039062,0.85
4280,280,500,PACC,SVM,0.11967025243088275,0.16167025243088276,0.042
4281,281,500,PACC,SVM,0.0864819795451387,0.2664819795451387,0.18
4282,282,500,PACC,SVM,0.0700100649488572,0.3060100649488572,0.236
4283,283,500,PACC,SVM,0.06951523387886882,0.3175152338788688,0.248
4284,284,500,PACC,SVM,0.06219896209541531,0.5078010379045846,0.57
4285,285,500,PACC,SVM,0.0026837896360299984,0.41331621036397,0.416
4286,286,500,PACC,SVM,0.14964961310817493,0.19764961310817494,0.048
4287,287,500,PACC,SVM,0.04568108062684689,0.4176810806268469,0.372
4288,288,500,PACC,SVM,0.01837131298753225,0.5036286870124678,0.522
4289,289,500,PACC,SVM,0.11127312362440436,0.21127312362440437,0.1
4290,290,500,PACC,SVM,0.13811426545081806,0.6938857345491819,0.832
4291,291,500,PACC,SVM,0.1315298226776589,0.1815298226776589,0.05
4292,292,500,PACC,SVM,0.17484716326415617,0.7491528367358439,0.924
4293,293,500,PACC,SVM,0.10816654574315504,0.20616654574315504,0.098
4294,294,500,PACC,SVM,0.12574370970579984,0.7162562902942001,0.842
4295,295,500,PACC,SVM,0.18153725281855382,0.7204627471814462,0.902
4296,296,500,PACC,SVM,0.19827831375845406,0.7797216862415459,0.978
4297,297,500,PACC,SVM,0.11929482744013498,0.6827051725598651,0.802
4298,298,500,PACC,SVM,0.09803394191273407,0.679966058087266,0.778
4299,299,500,PACC,SVM,0.08297797858945266,0.5590220214105474,0.642
4300,300,500,PACC,SVM,0.09809329307136694,0.6799067069286331,0.778
4301,301,500,PACC,SVM,0.10844275751054772,0.24244275751054772,0.134
4302,302,500,PACC,SVM,0.0012337633364721823,0.5347662366635278,0.536
4303,303,500,PACC,SVM,0.007783907901327103,0.5062160920986729,0.514
4304,304,500,PACC,SVM,0.14967613363296506,0.7063238663670349,0.856
4305,305,500,PACC,SVM,0.01606017980126545,0.44593982019873457,0.462
4306,306,500,PACC,SVM,0.003956871108912796,0.3879568711089128,0.384
4307,307,500,PACC,SVM,0.06885520820939395,0.5691447917906061,0.638
4308,308,500,PACC,SVM,0.04374005100367562,0.30974005100367563,0.266
4309,309,500,PACC,SVM,0.11352328452289989,0.2515232845228999,0.138
4310,310,500,PACC,SVM,0.02450124810977583,0.45149875189022415,0.476
4311,311,500,PACC,SVM,0.0005005176732930661,0.4154994823267069,0.416
4312,312,500,PACC,SVM,0.05336395289568943,0.28536395289568944,0.232
4313,313,500,PACC,SVM,0.002750805444261595,0.3632491945557384,0.366
4314,314,500,PACC,SVM,0.011822223369638396,0.3541777766303616,0.366
4315,315,500,PACC,SVM,0.03060884283679277,0.3566088428367928,0.326
4316,316,500,PACC,SVM,0.0051632649397610475,0.38316326493976105,0.378
4317,317,500,PACC,SVM,0.0831129986944188,0.6008870013055813,0.684
4318,318,500,PACC,SVM,0.03243664889284642,0.3284366488928464,0.296
4319,319,500,PACC,SVM,0.19100665916922122,0.7569933408307787,0.948
4320,320,500,PACC,SVM,0.17121307189861812,0.7447869281013819,0.916
4321,321,500,PACC,SVM,0.011970327346449872,0.4680296726535501,0.48
4322,322,500,PACC,SVM,0.04491790005724461,0.3729179000572446,0.328
4323,323,500,PACC,SVM,0.07489057211323452,0.4591094278867655,0.534
4324,324,500,PACC,SVM,0.14247950680107246,0.7055204931989275,0.848
4325,325,500,PACC,SVM,0.06452481817129996,0.5874751818287001,0.652
4326,326,500,PACC,SVM,0.14722181894176378,0.6567781810582363,0.804
4327,327,500,PACC,SVM,0.03926802374934113,0.4927319762506589,0.532
4328,328,500,PACC,SVM,0.08265681761463362,0.5493431823853664,0.632
4329,329,500,PACC,SVM,0.047203684978313454,0.33520368497831343,0.288
4330,330,500,PACC,SVM,0.10250310814576269,0.6314968918542373,0.734
4331,331,500,PACC,SVM,0.07041065864602691,0.2724106586460269,0.202
4332,332,500,PACC,SVM,0.08741789118871068,0.6065821088112893,0.694
4333,333,500,PACC,SVM,0.14377948623200165,0.7162205137679983,0.86
4334,334,500,PACC,SVM,0.11226283485778996,0.24426283485778996,0.132
4335,335,500,PACC,SVM,0.06525340654970169,0.5487465934502983,0.614
4336,336,500,PACC,SVM,0.13272647354430803,0.22672647354430803,0.094
4337,337,500,PACC,SVM,0.09200097793289996,0.6319990220671,0.724
4338,338,500,PACC,SVM,0.10969179423497542,0.19369179423497543,0.084
4339,339,500,PACC,SVM,0.19800391047306465,0.7359960895269354,0.934
4340,340,500,PACC,SVM,0.0790223214302144,0.2150223214302144,0.136
4341,341,500,PACC,SVM,0.16872122489239794,0.789278775107602,0.958
4342,342,500,PACC,SVM,0.10801300533795954,0.6919869946620405,0.8
4343,343,500,PACC,SVM,0.03881759435658183,0.5531824056434181,0.592
4344,344,500,PACC,SVM,0.12048818734537281,0.6615118126546272,0.782
4345,345,500,PACC,SVM,0.1308731286334538,0.6631268713665462,0.794
4346,346,500,PACC,SVM,0.1768404343770632,0.7691595656229367,0.946
4347,347,500,PACC,SVM,0.05754916621556694,0.30954916621556694,0.252
4348,348,500,PACC,SVM,0.06553573281059288,0.5244642671894071,0.59
4349,349,500,PACC,SVM,0.09922808866201283,0.19322808866201283,0.094
4350,350,500,PACC,SVM,0.08977739153258846,0.5262226084674115,0.616
4351,351,500,PACC,SVM,0.08118372410915928,0.2511837241091593,0.17
4352,352,500,PACC,SVM,0.030789782078182282,0.5332102179218177,0.564
4353,353,500,PACC,SVM,0.04574431118887323,0.5262556888111267,0.572
4354,354,500,PACC,SVM,0.022398894470524622,0.4416011055294754,0.464
4355,355,500,PACC,SVM,0.041016538587475726,0.4809834614125243,0.522
4356,356,500,PACC,SVM,0.11967350070215266,0.6423264992978474,0.762
4357,357,500,PACC,SVM,0.09969753022052597,0.6983024697794741,0.798
4358,358,500,PACC,SVM,0.04038382104096161,0.4516161789590384,0.492
4359,359,500,PACC,SVM,0.06962005295264606,0.5283799470473539,0.598
4360,360,500,PACC,SVM,0.15827816387704563,0.7717218361229544,0.93
4361,361,500,PACC,SVM,0.11181803470308116,0.22981803470308115,0.118
4362,362,500,PACC,SVM,0.10611596535651284,0.22211596535651285,0.116
4363,363,500,PACC,SVM,0.11317368500511704,0.19917368500511703,0.086
4364,364,500,PACC,SVM,0.08233502609457766,0.5736649739054224,0.656
4365,365,500,PACC,SVM,0.001852694327369675,0.41985269432736966,0.418
4366,366,500,PACC,SVM,0.15319686092989715,0.6208031390701029,0.774
4367,367,500,PACC,SVM,0.08873638051490174,0.5812636194850983,0.67
4368,368,500,PACC,SVM,0.04669318071260842,0.37869318071260843,0.332
4369,369,500,PACC,SVM,0.1641120552573926,0.7338879447426074,0.898
4370,370,500,PACC,SVM,0.1361569561592617,0.6258430438407383,0.762
4371,371,500,PACC,SVM,0.03959202503528203,0.30959202503528205,0.27
4372,372,500,PACC,SVM,0.008303354864568735,0.3723033548645687,0.364
4373,373,500,PACC,SVM,0.03117483175299457,0.34517483175299457,0.314
4374,374,500,PACC,SVM,0.09157167631804594,0.24757167631804594,0.156
4375,375,500,PACC,SVM,0.10063205409248982,0.2466320540924898,0.146
4376,376,500,PACC,SVM,0.1901565846807146,0.7458434153192854,0.936
4377,377,500,PACC,SVM,0.0057458223734017655,0.44174582237340176,0.436
4378,378,500,PACC,SVM,0.017970016739187966,0.399970016739188,0.382
4379,379,500,PACC,SVM,0.10343085667219343,0.6245691433278066,0.728
4380,380,500,PACC,SVM,0.0456483627894555,0.5063516372105445,0.552
4381,381,500,PACC,SVM,0.15512863657995435,0.7808713634200457,0.936
4382,382,500,PACC,SVM,0.14350590457926515,0.6364940954207349,0.78
4383,383,500,PACC,SVM,0.004068102983414368,0.48206810298341435,0.478
4384,384,500,PACC,SVM,0.01913325475300126,0.39513325475300126,0.376
4385,385,500,PACC,SVM,0.20566730837528135,0.7803326916247186,0.986
4386,386,500,PACC,SVM,0.08539176874368393,0.630608231256316,0.716
4387,387,500,PACC,SVM,0.20532053959892071,0.7446794604010792,0.95
4388,388,500,PACC,SVM,0.09300873694976367,0.21100873694976366,0.118
4389,389,500,PACC,SVM,0.13529963360149322,0.7147003663985068,0.85
4390,390,500,PACC,SVM,0.0340445777757038,0.6019554222242962,0.636
4391,391,500,PACC,SVM,0.10464450414277804,0.22464450414277803,0.12
4392,392,500,PACC,SVM,0.04580824260181937,0.5421917573981806,0.588
4393,393,500,PACC,SVM,0.09166527812244052,0.5943347218775595,0.686
4394,394,500,PACC,SVM,0.13007425721413765,0.14207425721413766,0.012
4395,395,500,PACC,SVM,0.03340997004874513,0.4205900299512549,0.454
4396,396,500,PACC,SVM,0.17271754909637083,0.6512824509036291,0.824
4397,397,500,PACC,SVM,0.04578890349595516,0.33978890349595514,0.294
4398,398,500,PACC,SVM,0.02337023630461177,0.43462976369538825,0.458
4399,399,500,PACC,SVM,0.014719024733246211,0.4567190247332462,0.442
4400,400,500,PACC,SVM,0.03217085662143393,0.3321708566214339,0.3
4401,401,500,PACC,SVM,0.16432438929553428,0.7536756107044658,0.918
4402,402,500,PACC,SVM,0.13477955680641795,0.6452204431935821,0.78
4403,403,500,PACC,SVM,0.11780685732447647,0.22780685732447647,0.11
4404,404,500,PACC,SVM,0.21558689470411574,0.7804131052958843,0.996
4405,405,500,PACC,SVM,0.15676717628234316,0.7212328237176568,0.878
4406,406,500,PACC,SVM,0.040255311759509305,0.3222553117595093,0.282
4407,407,500,PACC,SVM,0.13661767347711673,0.6993823265228832,0.836
4408,408,500,PACC,SVM,0.10289128765362408,0.20889128765362408,0.106
4409,409,500,PACC,SVM,0.2088091271387884,0.7891908728612116,0.998
4410,410,500,PACC,SVM,0.08024915415287515,0.5837508458471249,0.664
4411,411,500,PACC,SVM,0.08014475423925294,0.5698552457607471,0.65
4412,412,500,PACC,SVM,0.11236995233268215,0.20236995233268215,0.09
4413,413,500,PACC,SVM,0.1322072040392832,0.7637927959607168,0.896
4414,414,500,PACC,SVM,0.15152129250772392,0.17952129250772392,0.028
4415,415,500,PACC,SVM,0.036816939978131846,0.27681693997813184,0.24
4416,416,500,PACC,SVM,0.10855241146281444,0.25055241146281443,0.142
4417,417,500,PACC,SVM,0.11940084925286143,0.6565991507471386,0.776
4418,418,500,PACC,SVM,0.07054762897209005,0.26854762897209006,0.198
4419,419,500,PACC,SVM,0.15820912470642312,0.7517908752935769,0.91
4420,420,500,PACC,SVM,0.07017290803420517,0.5858270919657949,0.656
4421,421,500,PACC,SVM,0.13127813771160163,0.16727813771160163,0.036
4422,422,500,PACC,SVM,0.14509549851968007,0.14909549851968007,0.004
4423,423,500,PACC,SVM,0.12767194452919078,0.17767194452919077,0.05
4424,424,500,PACC,SVM,0.08319836624004118,0.5208016337599588,0.604
4425,425,500,PACC,SVM,0.096609967205048,0.703390032794952,0.8
4426,426,500,PACC,SVM,0.06329317808522911,0.3012931780852291,0.238
4427,427,500,PACC,SVM,0.16811318202826053,0.6798868179717394,0.848
4428,428,500,PACC,SVM,0.13297057217154765,0.18897057217154764,0.056
4429,429,500,PACC,SVM,0.1281356399861041,0.6718643600138959,0.8
4430,430,500,PACC,SVM,0.18298091711150133,0.7430190828884987,0.926
4431,431,500,PACC,SVM,0.0941585059351675,0.6778414940648325,0.772
4432,432,500,PACC,SVM,0.09903763304182156,0.5989623669581784,0.698
4433,433,500,PACC,SVM,0.15314004258333735,0.6828599574166626,0.836
4434,434,500,PACC,SVM,0.13265741533721997,0.17265741533721998,0.04
4435,435,500,PACC,SVM,0.06011367422962244,0.26011367422962245,0.2
4436,436,500,PACC,SVM,0.1276133599963652,0.2516133599963652,0.124
4437,437,500,PACC,SVM,0.0277004981345656,0.4762995018654344,0.504
4438,438,500,PACC,SVM,0.10819109929186921,0.6358089007081308,0.744
4439,439,500,PACC,SVM,0.05697784825945851,0.5730221517405415,0.63
4440,440,500,PACC,SVM,0.1803465711449963,0.6696534288550037,0.85
4441,441,500,PACC,SVM,0.09198947951268166,0.24598947951268166,0.154
4442,442,500,PACC,SVM,0.0964421269766047,0.6375578730233953,0.734
4443,443,500,PACC,SVM,0.06569174624292906,0.25769174624292907,0.192
4444,444,500,PACC,SVM,0.051700391890336206,0.3217003918903362,0.27
4445,445,500,PACC,SVM,0.09218036855232703,0.6158196314476729,0.708
4446,446,500,PACC,SVM,0.17953537492250193,0.800464625077498,0.98
4447,447,500,PACC,SVM,0.08371844636727199,0.526281553632728,0.61
4448,448,500,PACC,SVM,0.11040197078143532,0.1644019707814353,0.054
4449,449,500,PACC,SVM,0.05487232066576708,0.5611276793342329,0.616
4450,450,500,PACC,SVM,0.13557298148312708,0.17757298148312708,0.042
4451,451,500,PACC,SVM,0.15594929904013954,0.7280507009598605,0.884
4452,452,500,PACC,SVM,0.08983168376989403,0.6181683162301059,0.708
4453,453,500,PACC,SVM,0.08035894449357311,0.2523589444935731,0.172
4454,454,500,PACC,SVM,0.12637697318918373,0.21637697318918372,0.09
4455,455,500,PACC,SVM,0.09307533081609137,0.27507533081609137,0.182
4456,456,500,PACC,SVM,0.18327528708325336,0.7967247129167466,0.98
4457,457,500,PACC,SVM,0.020966340509821324,0.4370336594901787,0.458
4458,458,500,PACC,SVM,0.13835375582429366,0.6456462441757064,0.784
4459,459,500,PACC,SVM,0.07625639363783077,0.5597436063621692,0.636
4460,460,500,PACC,SVM,0.03666849378175907,0.5353315062182409,0.572
4461,461,500,PACC,SVM,0.12215562702865843,0.2661556270286584,0.144
4462,462,500,PACC,SVM,0.17950683018717106,0.7664931698128289,0.946
4463,463,500,PACC,SVM,0.02599923056419068,0.32599923056419067,0.3
4464,464,500,PACC,SVM,0.07350594812782585,0.5044940518721741,0.578
4465,465,500,PACC,SVM,0.1258849100363748,0.5721150899636251,0.698
4466,466,500,PACC,SVM,0.07749796182315583,0.5705020381768442,0.648
4467,467,500,PACC,SVM,0.17591200863740153,0.7640879913625984,0.94
4468,468,500,PACC,SVM,0.10073645271528947,0.24873645271528946,0.148
4469,469,500,PACC,SVM,0.028881582795894534,0.4791184172041055,0.508
4470,470,500,PACC,SVM,0.02536021070871003,0.42936021070871006,0.404
4471,471,500,PACC,SVM,0.014931442159164754,0.4590685578408352,0.474
4472,472,500,PACC,SVM,0.1183511774863808,0.2363511774863808,0.118
4473,473,500,PACC,SVM,0.11864168886130061,0.2526416888613006,0.134
4474,474,500,PACC,SVM,0.048465822661280966,0.326465822661281,0.278
4475,475,500,PACC,SVM,0.025400620771329874,0.32940062077132987,0.304
4476,476,500,PACC,SVM,0.016451818245269423,0.4424518182452694,0.426
4477,477,500,PACC,SVM,0.05534909799114329,0.5546509020088567,0.61
4478,478,500,PACC,SVM,0.08340927604227111,0.5505907239577289,0.634
4479,479,500,PACC,SVM,0.005111607808576224,0.40488839219142375,0.41
4480,480,500,PACC,SVM,0.020566099654341474,0.42856609965434145,0.408
4481,481,500,PACC,SVM,0.09030581826151654,0.30630581826151654,0.216
4482,482,500,PACC,SVM,0.05105939457884057,0.5369406054211594,0.588
4483,483,500,PACC,SVM,0.047528706708432844,0.36352870670843285,0.316
4484,484,500,PACC,SVM,0.13339733689748004,0.16939733689748004,0.036
4485,485,500,PACC,SVM,0.034170200501372205,0.3838297994986278,0.418
4486,486,500,PACC,SVM,0.00732756899590048,0.4666724310040995,0.474
4487,487,500,PACC,SVM,0.06600568668986553,0.29000568668986554,0.224
4488,488,500,PACC,SVM,0.04788824472042086,0.5241117552795791,0.572
4489,489,500,PACC,SVM,0.04865280118991,0.51534719881009,0.564
4490,490,500,PACC,SVM,0.10784293836570391,0.594157061634296,0.702
4491,491,500,PACC,SVM,0.09098161976779551,0.5550183802322045,0.646
4492,492,500,PACC,SVM,0.083291128545944,0.568708871454056,0.652
4493,493,500,PACC,SVM,0.03868790273295697,0.35468790273295697,0.316
4494,494,500,PACC,SVM,0.11526408924524312,0.6707359107547569,0.786
4495,495,500,PACC,SVM,0.03851094505860264,0.5094890549413974,0.548
4496,496,500,PACC,SVM,0.01740144026969892,0.4474014402696989,0.43
4497,497,500,PACC,SVM,0.06040989587193191,0.5655901041280681,0.626
4498,498,500,PACC,SVM,0.03618270185916017,0.39618270185916016,0.36
4499,499,500,PACC,SVM,0.056386520333663426,0.4556134796663366,0.512
4500,500,500,PACC,SVM,0.09900668582187833,0.6369933141781217,0.736
4501,501,500,PACC,SVM,0.1465542156551376,0.7394457843448624,0.886
4502,502,500,PACC,SVM,0.16936152378781388,0.7506384762121862,0.92
4503,503,500,PACC,SVM,0.04208931659628745,0.45991068340371255,0.502
4504,504,500,PACC,SVM,0.041903699068088995,0.478096300931911,0.52
4505,505,500,PACC,SVM,0.12692006804106948,0.6710799319589306,0.798
4506,506,500,PACC,SVM,0.032057359934946794,0.3460573599349468,0.314
4507,507,500,PACC,SVM,0.1121528795573099,0.7238471204426901,0.836
4508,508,500,PACC,SVM,0.007619428922046201,0.4863805710779538,0.494
4509,509,500,PACC,SVM,0.08610649544696629,0.2001064954469663,0.114
4510,510,500,PACC,SVM,0.11287234922774221,0.1848723492277422,0.072
4511,511,500,PACC,SVM,0.1458689650156223,0.6941310349843777,0.84
4512,512,500,PACC,SVM,0.11656932736382686,0.17056932736382685,0.054
4513,513,500,PACC,SVM,0.046101539008645276,0.3261015390086453,0.28
4514,514,500,PACC,SVM,0.00870072403780453,0.34270072403780455,0.334
4515,515,500,PACC,SVM,0.05471976889918559,0.22671976889918558,0.172
4516,516,500,PACC,SVM,0.03901902788799777,0.35101902788799777,0.312
4517,517,500,PACC,SVM,0.1320157896976193,0.6099842103023807,0.742
4518,518,500,PACC,SVM,0.14409472501132947,0.15809472501132948,0.014
4519,519,500,PACC,SVM,0.13769705306108226,0.6883029469389177,0.826
4520,520,500,PACC,SVM,0.14763111538182228,0.7083688846181777,0.856
4521,521,500,PACC,SVM,0.043272594400724895,0.4152725944007249,0.372
4522,522,500,PACC,SVM,0.0648579801626499,0.2168579801626499,0.152
4523,523,500,PACC,SVM,0.07257634605386809,0.5274236539461319,0.6
4524,524,500,PACC,SVM,0.11148342656190549,0.22948342656190548,0.118
4525,525,500,PACC,SVM,0.037391539887115965,0.40139153988711596,0.364
4526,526,500,PACC,SVM,0.17963759705155735,0.7783624029484426,0.958
4527,527,500,PACC,SVM,0.2100033340729177,0.7839966659270823,0.994
4528,528,500,PACC,SVM,0.09732968481054693,0.6746703151894531,0.772
4529,529,500,PACC,SVM,0.0500132560229411,0.3600132560229411,0.31
4530,530,500,PACC,SVM,0.08956209829847395,0.5964379017015261,0.686
4531,531,500,PACC,SVM,0.10496784335010578,0.5990321566498942,0.704
4532,532,500,PACC,SVM,0.017850788920569516,0.3681492110794305,0.386
4533,533,500,PACC,SVM,0.05540945192566926,0.5845905480743308,0.64
4534,534,500,PACC,SVM,0.12580396320896178,0.1358039632089618,0.01
4535,535,500,PACC,SVM,0.08782217269733053,0.2958221726973305,0.208
4536,536,500,PACC,SVM,0.05985574672641264,0.4641442532735874,0.524
4537,537,500,PACC,SVM,0.07799790879288418,0.23999790879288418,0.162
4538,538,500,PACC,SVM,0.08056748370264943,0.24456748370264944,0.164
4539,539,500,PACC,SVM,0.13444563603554205,0.7015543639644579,0.836
4540,540,500,PACC,SVM,0.20824917608137994,0.77975082391862,0.988
4541,541,500,PACC,SVM,0.05996955361388345,0.4940304463861166,0.554
4542,542,500,PACC,SVM,0.1568683018892164,0.6811316981107836,0.838
4543,543,500,PACC,SVM,0.18284109327384557,0.8071589067261544,0.99
4544,544,500,PACC,SVM,0.08758830049922933,0.22758830049922935,0.14
4545,545,500,PACC,SVM,0.011730948729379354,0.43626905127062066,0.448
4546,546,500,PACC,SVM,0.0392579230190776,0.4312579230190776,0.392
4547,547,500,PACC,SVM,0.10293108450557915,0.18293108450557916,0.08
4548,548,500,PACC,SVM,0.10993106422780752,0.6440689357721925,0.754
4549,549,500,PACC,SVM,0.02706798468968774,0.40493201531031225,0.432
4550,550,500,PACC,SVM,0.003077234118901817,0.4649227658810982,0.468
4551,551,500,PACC,SVM,0.06716817342318898,0.21716817342318898,0.15
4552,552,500,PACC,SVM,0.06822731122286094,0.24822731122286093,0.18
4553,553,500,PACC,SVM,0.16048137565258624,0.7455186243474138,0.906
4554,554,500,PACC,SVM,0.12705969487199598,0.171059694871996,0.044
4555,555,500,PACC,SVM,0.06761534005972239,0.2996153400597224,0.232
4556,556,500,PACC,SVM,0.03884338805886001,0.33084338805886,0.292
4557,557,500,PACC,SVM,0.006346444186900335,0.48365355581309966,0.49
4558,558,500,PACC,SVM,0.06659242708185997,0.51940757291814,0.586
4559,559,500,PACC,SVM,0.027516389942959796,0.4644836100570402,0.492
4560,560,500,PACC,SVM,0.10630809398936049,0.1903080939893605,0.084
4561,561,500,PACC,SVM,0.04376759031009436,0.28576759031009435,0.242
4562,562,500,PACC,SVM,0.12887226782185557,0.7131277321781444,0.842
4563,563,500,PACC,SVM,0.05538905541026484,0.5806109445897352,0.636
4564,564,500,PACC,SVM,0.09755934589861437,0.5504406541013857,0.648
4565,565,500,PACC,SVM,0.10245054186219327,0.5675494581378068,0.67
4566,566,500,PACC,SVM,0.12259047324134031,0.6394095267586597,0.762
4567,567,500,PACC,SVM,0.11799118015752802,0.17599118015752802,0.058
4568,568,500,PACC,SVM,0.007658619315558168,0.37365861931555816,0.366
4569,569,500,PACC,SVM,0.04377515445229796,0.4942248455477021,0.538
4570,570,500,PACC,SVM,0.04166712458134836,0.3796671245813484,0.338
4571,571,500,PACC,SVM,0.15085040169893627,0.6931495983010637,0.844
4572,572,500,PACC,SVM,0.030310291189612315,0.45168970881038767,0.482
4573,573,500,PACC,SVM,0.10966901976132981,0.6583309802386702,0.768
4574,574,500,PACC,SVM,0.1424249398439903,0.7095750601560097,0.852
4575,575,500,PACC,SVM,0.021870931213070266,0.48212906878692974,0.504
4576,576,500,PACC,SVM,0.17105146826709772,0.7369485317329023,0.908
4577,577,500,PACC,SVM,0.06981671852715443,0.5161832814728455,0.586
4578,578,500,PACC,SVM,0.17030176191820212,0.6796982380817979,0.85
4579,579,500,PACC,SVM,0.01699046333500137,0.3569904633350014,0.34
4580,580,500,PACC,SVM,0.044752727143225146,0.45324727285677485,0.498
4581,581,500,PACC,SVM,0.0694481464191587,0.46055185358084133,0.53
4582,582,500,PACC,SVM,0.11853767735495231,0.2225376773549523,0.104
4583,583,500,PACC,SVM,0.04251246906383327,0.4405124690638333,0.398
4584,584,500,PACC,SVM,0.1705417426849577,0.7454582573150423,0.916
4585,585,500,PACC,SVM,0.08394361059268485,0.5460563894073152,0.63
4586,586,500,PACC,SVM,0.08789449749772449,0.2638944974977245,0.176
4587,587,500,PACC,SVM,0.01448489474521375,0.3524848947452138,0.338
4588,588,500,PACC,SVM,0.07169704647112524,0.26169704647112524,0.19
4589,589,500,PACC,SVM,0.13383301396325778,0.15783301396325777,0.024
4590,590,500,PACC,SVM,0.1757407696847798,0.7502592303152202,0.926
4591,591,500,PACC,SVM,0.02087971415832135,0.42712028584167866,0.448
4592,592,500,PACC,SVM,0.038861318362397534,0.34486131836239753,0.306
4593,593,500,PACC,SVM,0.04783770839597856,0.5501622916040214,0.598
4594,594,500,PACC,SVM,0.1495930777402034,0.1555930777402034,0.006
4595,595,500,PACC,SVM,0.04949420981609293,0.32749420981609295,0.278
4596,596,500,PACC,SVM,0.07829833084399695,0.623701669156003,0.702
4597,597,500,PACC,SVM,0.06975042808277854,0.5622495719172215,0.632
4598,598,500,PACC,SVM,0.1861794375226301,0.7938205624773699,0.98
4599,599,500,PACC,SVM,0.09019674694355506,0.5298032530564449,0.62
4600,600,500,PACC,SVM,0.0020377252135390655,0.4739622747864609,0.476
4601,601,500,PACC,SVM,0.11997980505438532,0.6400201949456147,0.76
4602,602,500,PACC,SVM,0.16510638603198702,0.736893613968013,0.902
4603,603,500,PACC,SVM,0.08024744203456746,0.6397525579654325,0.72
4604,604,500,PACC,SVM,0.1746539662384815,0.7873460337615185,0.962
4605,605,500,PACC,SVM,0.13423408489223287,0.6477659151077672,0.782
4606,606,500,PACC,SVM,0.1587952588033763,0.7072047411966237,0.866
4607,607,500,PACC,SVM,0.12103368651704825,0.23503368651704826,0.114
4608,608,500,PACC,SVM,0.11092526401676239,0.6210747359832376,0.732
4609,609,500,PACC,SVM,0.0031157213897334834,0.4431157213897335,0.44
4610,610,500,PACC,SVM,0.048970782549013436,0.5030292174509866,0.552
4611,611,500,PACC,SVM,0.08669614278470517,0.5673038572152949,0.654
4612,612,500,PACC,SVM,0.19398802618025923,0.7740119738197407,0.968
4613,613,500,PACC,SVM,0.20656593581980776,0.7774340641801922,0.984
4614,614,500,PACC,SVM,0.049235424553832674,0.33723542455383265,0.288
4615,615,500,PACC,SVM,0.112475371825706,0.619524628174294,0.732
4616,616,500,PACC,SVM,0.11296218031066785,0.6350378196893322,0.748
4617,617,500,PACC,SVM,0.042608085243824534,0.3886080852438245,0.346
4618,618,500,PACC,SVM,0.10637705867697211,0.2283770586769721,0.122
4619,619,500,PACC,SVM,0.10751413750129143,0.14751413750129144,0.04
4620,620,500,PACC,SVM,0.125671141450035,0.650328858549965,0.776
4621,621,500,PACC,SVM,0.042875608031334556,0.44512439196866543,0.488
4622,622,500,PACC,SVM,0.2225319499480627,0.7614680500519373,0.984
4623,623,500,PACC,SVM,0.021352518440747204,0.4426474815592528,0.464
4624,624,500,PACC,SVM,0.16973390771674646,0.8062660922832535,0.976
4625,625,500,PACC,SVM,0.018524313879874854,0.3914756861201251,0.41
4626,626,500,PACC,SVM,0.11725086145336339,0.6747491385466367,0.792
4627,627,500,PACC,SVM,0.11803585083643801,0.20203585083643802,0.084
4628,628,500,PACC,SVM,0.04530253874264012,0.5086974612573599,0.554
4629,629,500,PACC,SVM,0.08441877878661852,0.7175812212133815,0.802
4630,630,500,PACC,SVM,0.18291851489749278,0.7410814851025073,0.924
4631,631,500,PACC,SVM,0.14140705218015925,0.6805929478198407,0.822
4632,632,500,PACC,SVM,0.13354094328105245,0.16954094328105246,0.036
4633,633,500,PACC,SVM,0.04094254058956509,0.4129425405895651,0.372
4634,634,500,PACC,SVM,0.12897781082936255,0.17697781082936254,0.048
4635,635,500,PACC,SVM,0.09038514740429403,0.19838514740429403,0.108
4636,636,500,PACC,SVM,0.07149302444322181,0.6025069755567782,0.674
4637,637,500,PACC,SVM,0.10132243898878945,0.6106775610112105,0.712
4638,638,500,PACC,SVM,0.13102007826177264,0.6409799217382274,0.772
4639,639,500,PACC,SVM,0.18208926593772412,0.6819107340622759,0.864
4640,640,500,PACC,SVM,0.13134785770051105,0.6066521422994889,0.738
4641,641,500,PACC,SVM,0.10561898738773945,0.6943810126122606,0.8
4642,642,500,PACC,SVM,0.12898903177668414,0.17698903177668412,0.048
4643,643,500,PACC,SVM,0.05916262920780327,0.2931626292078033,0.234
4644,644,500,PACC,SVM,0.0454097939946817,0.5745902060053183,0.62
4645,645,500,PACC,SVM,0.1439972016034291,0.7140027983965709,0.858
4646,646,500,PACC,SVM,0.1536271142305431,0.1576271142305431,0.004
4647,647,500,PACC,SVM,0.034159528434662745,0.47984047156533727,0.514
4648,648,500,PACC,SVM,0.07903477848282958,0.5969652215171705,0.676
4649,649,500,PACC,SVM,0.10082255089616726,0.12882255089616726,0.028
4650,650,500,PACC,SVM,0.011092633296747312,0.41109263329674733,0.4
4651,651,500,PACC,SVM,0.1802861423108606,0.7137138576891394,0.894
4652,652,500,PACC,SVM,0.09092371819375789,0.5790762818062422,0.67
4653,653,500,PACC,SVM,0.05673332808755205,0.29273332808755204,0.236
4654,654,500,PACC,SVM,0.11944942257606661,0.7325505774239334,0.852
4655,655,500,PACC,SVM,0.013306879810407957,0.36130687981040793,0.348
4656,656,500,PACC,SVM,0.13976409749766106,0.7122359025023389,0.852
4657,657,500,PACC,SVM,0.03071065887535085,0.32871065887535084,0.298
4658,658,500,PACC,SVM,0.06420332305659904,0.5257966769434009,0.59
4659,659,500,PACC,SVM,0.00834466659230243,0.40434466659230245,0.396
4660,660,500,PACC,SVM,0.05820003075007424,0.33220003075007426,0.274
4661,661,500,PACC,SVM,0.1523005176938076,0.7336994823061924,0.886
4662,662,500,PACC,SVM,0.07553137687786626,0.26153137687786626,0.186
4663,663,500,PACC,SVM,0.12364201531893544,0.20764201531893545,0.084
4664,664,500,PACC,SVM,0.03137291947959353,0.37137291947959356,0.34
4665,665,500,PACC,SVM,0.09008652781585014,0.6259134721841498,0.716
4666,666,500,PACC,SVM,0.14503611205803113,0.6609638879419689,0.806
4667,667,500,PACC,SVM,0.19582597709506888,0.8021740229049311,0.998
4668,668,500,PACC,SVM,0.04175291340748122,0.3377529134074812,0.296
4669,669,500,PACC,SVM,0.008341263684189304,0.3976587363158107,0.406
4670,670,500,PACC,SVM,0.10313657903173915,0.23913657903173915,0.136
4671,671,500,PACC,SVM,0.026969635791001978,0.547030364208998,0.574
4672,672,500,PACC,SVM,0.22960623451838846,0.7663937654816115,0.996
4673,673,500,PACC,SVM,0.07798085454249937,0.6220191454575006,0.7
4674,674,500,PACC,SVM,0.05835809373265033,0.5356419062673496,0.594
4675,675,500,PACC,SVM,0.00044950333400445297,0.39155049666599556,0.392
4676,676,500,PACC,SVM,0.18295948383461436,0.7310405161653857,0.914
4677,677,500,PACC,SVM,0.0367972785582128,0.4592027214417872,0.496
4678,678,500,PACC,SVM,0.08774451796706453,0.22174451796706454,0.134
4679,679,500,PACC,SVM,0.009665152490827777,0.37366515249082777,0.364
4680,680,500,PACC,SVM,0.13647027800442627,0.20247027800442627,0.066
4681,681,500,PACC,SVM,0.0675229346876573,0.2675229346876573,0.2
4682,682,500,PACC,SVM,0.14987124033258525,0.16587124033258527,0.016
4683,683,500,PACC,SVM,0.023235012264647747,0.42876498773535227,0.452
4684,684,500,PACC,SVM,0.04564834359531089,0.5883516564046891,0.634
4685,685,500,PACC,SVM,0.057891137333407394,0.3998911373334074,0.342
4686,686,500,PACC,SVM,0.009497826279389443,0.4294978262793894,0.42
4687,687,500,PACC,SVM,0.16515277843639864,0.7928472215636013,0.958
4688,688,500,PACC,SVM,0.15780547866096273,0.5921945213390373,0.75
4689,689,500,PACC,SVM,0.07359668743036868,0.46640331256963136,0.54
4690,690,500,PACC,SVM,0.02106549826724402,0.305065498267244,0.284
4691,691,500,PACC,SVM,0.1736024842601981,0.7223975157398019,0.896
4692,692,500,PACC,SVM,0.09199952778956685,0.32599952778956687,0.234
4693,693,500,PACC,SVM,0.044614529743483844,0.36861452974348385,0.324
4694,694,500,PACC,SVM,0.23109387926078573,0.6769061207392143,0.908
4695,695,500,PACC,SVM,0.014446510631499931,0.5135534893685001,0.528
4696,696,500,PACC,SVM,0.10941981928869737,0.6325801807113026,0.742
4697,697,500,PACC,SVM,0.056719484854021784,0.5332805151459782,0.59
4698,698,500,PACC,SVM,0.08504420235377419,0.5669557976462258,0.652
4699,699,500,PACC,SVM,0.02037675306533515,0.31837675306533514,0.298
4700,700,500,PACC,SVM,0.07521281825274145,0.31521281825274144,0.24
4701,701,500,PACC,SVM,0.025521706420705725,0.34752170642070573,0.322
4702,702,500,PACC,SVM,0.06470040224938903,0.21870040224938903,0.154
4703,703,500,PACC,SVM,0.16663163522583424,0.7073683647741658,0.874
4704,704,500,PACC,SVM,0.046680375957706244,0.3286803759577062,0.282
4705,705,500,PACC,SVM,0.04848458086616081,0.5115154191338392,0.56
4706,706,500,PACC,SVM,0.14329557771861767,0.6467044222813824,0.79
4707,707,500,PACC,SVM,0.13163926186316444,0.6503607381368356,0.782
4708,708,500,PACC,SVM,0.0038273250257826463,0.43417267497421735,0.438
4709,709,500,PACC,SVM,0.0379156160290266,0.4380843839709734,0.476
4710,710,500,PACC,SVM,0.21483778842832846,0.7791622115716715,0.994
4711,711,500,PACC,SVM,0.0798295838447165,0.5941704161552835,0.674
4712,712,500,PACC,SVM,0.12339392007801953,0.6906060799219804,0.814
4713,713,500,PACC,SVM,0.15326607849839935,0.7487339215016007,0.902
4714,714,500,PACC,SVM,0.10021237538397898,0.685787624616021,0.786
4715,715,500,PACC,SVM,0.08645667595758322,0.2704566759575832,0.184
4716,716,500,PACC,SVM,0.04970788435080631,0.5122921156491937,0.562
4717,717,500,PACC,SVM,0.09476744802848869,0.1947674480284887,0.1
4718,718,500,PACC,SVM,0.07633054486088031,0.5756694551391197,0.652
4719,719,500,PACC,SVM,0.17585536463243356,0.7781446353675664,0.954
4720,720,500,PACC,SVM,0.03198785279229005,0.48001214720770996,0.512
4721,721,500,PACC,SVM,0.010511180626578243,0.44251118062657824,0.432
4722,722,500,PACC,SVM,0.14266493187931295,0.17666493187931295,0.034
4723,723,500,PACC,SVM,0.19182848974524946,0.7661715102547505,0.958
4724,724,500,PACC,SVM,0.13679595615040607,0.23879595615040605,0.102
4725,725,500,PACC,SVM,0.12823960716214236,0.16823960716214237,0.04
4726,726,500,PACC,SVM,0.06962427698357032,0.3156242769835703,0.246
4727,727,500,PACC,SVM,0.12746988411610635,0.19146988411610635,0.064
4728,728,500,PACC,SVM,0.019246209981579887,0.4347537900184201,0.454
4729,729,500,PACC,SVM,0.07353733883154301,0.442462661168457,0.516
4730,730,500,PACC,SVM,0.02293325620599479,0.3349332562059948,0.312
4731,731,500,PACC,SVM,0.11737430810397202,0.16737430810397202,0.05
4732,732,500,PACC,SVM,0.11379975020880621,0.22379975020880621,0.11
4733,733,500,PACC,SVM,0.007957544776882541,0.37604245522311747,0.384
4734,734,500,PACC,SVM,0.135160875655442,0.195160875655442,0.06
4735,735,500,PACC,SVM,0.10099689645160503,0.5970031035483949,0.698
4736,736,500,PACC,SVM,0.05165309368066259,0.2576530936806626,0.206
4737,737,500,PACC,SVM,0.04767013298180678,0.34967013298180677,0.302
4738,738,500,PACC,SVM,0.03010607473952409,0.4241060747395241,0.394
4739,739,500,PACC,SVM,0.006099818540667379,0.4099001814593326,0.416
4740,740,500,PACC,SVM,0.12351189087711789,0.12351189087711789,0.0
4741,741,500,PACC,SVM,0.10757964737416496,0.21957964737416497,0.112
4742,742,500,PACC,SVM,0.14227297864857102,0.719727021351429,0.862
4743,743,500,PACC,SVM,0.1429949522036389,0.1429949522036389,0.0
4744,744,500,PACC,SVM,0.04683721207334657,0.46116278792665344,0.508
4745,745,500,PACC,SVM,0.03296724766481535,0.45503275233518464,0.488
4746,746,500,PACC,SVM,0.020092725989962035,0.35209272598996205,0.332
4747,747,500,PACC,SVM,0.000973382351119767,0.4290266176488802,0.43
4748,748,500,PACC,SVM,0.11471257557484127,0.6652874244251588,0.78
4749,749,500,PACC,SVM,0.15117547059267555,0.6888245294073244,0.84
4750,750,500,PACC,SVM,0.039987975201278336,0.29998797520127835,0.26
4751,751,500,PACC,SVM,0.05834335016347675,0.38034335016347676,0.322
4752,752,500,PACC,SVM,0.050362053860047606,0.2923620538600476,0.242
4753,753,500,PACC,SVM,0.0036154959387778574,0.4743845040612221,0.478
4754,754,500,PACC,SVM,0.04820452089171079,0.6337954791082893,0.682
4755,755,500,PACC,SVM,0.06528913304523101,0.293289133045231,0.228
4756,756,500,PACC,SVM,0.028099608844177948,0.35809960884417796,0.33
4757,757,500,PACC,SVM,0.16805731039688077,0.7619426896031193,0.93
4758,758,500,PACC,SVM,0.13855208783636747,0.18655208783636748,0.048
4759,759,500,PACC,SVM,0.00478006477676729,0.4647800647767673,0.46
4760,760,500,PACC,SVM,0.08555087925233906,0.6244491207476609,0.71
4761,761,500,PACC,SVM,0.06073571308809947,0.21073571308809946,0.15
4762,762,500,PACC,SVM,0.12349420981902844,0.16949420981902844,0.046
4763,763,500,PACC,SVM,0.07934963955097032,0.21734963955097034,0.138
4764,764,500,PACC,SVM,0.18123649964902266,0.7367635003509774,0.918
4765,765,500,PACC,SVM,0.13410334271724833,0.14210334271724834,0.008
4766,766,500,PACC,SVM,0.07097875056246622,0.2589787505624662,0.188
4767,767,500,PACC,SVM,0.11146370913886572,0.14146370913886572,0.03
4768,768,500,PACC,SVM,0.1049297013406089,0.2149297013406089,0.11
4769,769,500,PACC,SVM,0.06981045419730192,0.5501895458026981,0.62
4770,770,500,PACC,SVM,0.06339231171677906,0.30339231171677905,0.24
4771,771,500,PACC,SVM,0.021771664569006144,0.5462283354309938,0.568
4772,772,500,PACC,SVM,0.07499551179762542,0.5150044882023745,0.59
4773,773,500,PACC,SVM,0.14702613364060568,0.7009738663593943,0.848
4774,774,500,PACC,SVM,0.1488772903883672,0.1528772903883672,0.004
4775,775,500,PACC,SVM,0.15693848612298245,0.6950615138770175,0.852
4776,776,500,PACC,SVM,0.07599675919614923,0.5420032408038508,0.618
4777,777,500,PACC,SVM,0.0768202156993231,0.2388202156993231,0.162
4778,778,500,PACC,SVM,0.1086766187984578,0.6633233812015422,0.772
4779,779,500,PACC,SVM,0.13538541126823922,0.7186145887317608,0.854
4780,780,500,PACC,SVM,0.07142568898035889,0.3254256889803589,0.254
4781,781,500,PACC,SVM,0.17392690159944413,0.7440730984005559,0.918
4782,782,500,PACC,SVM,0.001885829680862594,0.4558858296808626,0.454
4783,783,500,PACC,SVM,0.06607823922722067,0.5359217607727793,0.602
4784,784,500,PACC,SVM,0.20005034780194286,0.7839496521980571,0.984
4785,785,500,PACC,SVM,0.01031903227306058,0.37031903227306057,0.36
4786,786,500,PACC,SVM,0.15032380918526045,0.6616761908147396,0.812
4787,787,500,PACC,SVM,0.041685899814244365,0.35968589981424437,0.318
4788,788,500,PACC,SVM,0.1203575910988367,0.6776424089011633,0.798
4789,789,500,PACC,SVM,0.05858674250633655,0.5414132574936634,0.6
4790,790,500,PACC,SVM,0.06395508515913348,0.2799550851591335,0.216
4791,791,500,PACC,SVM,0.008341254787096186,0.42234125478709617,0.414
4792,792,500,PACC,SVM,0.0372862598874511,0.3532862598874511,0.316
4793,793,500,PACC,SVM,0.10588670188492329,0.1838867018849233,0.078
4794,794,500,PACC,SVM,0.13465523012578764,0.16265523012578764,0.028
4795,795,500,PACC,SVM,0.022478988569760716,0.3684789885697607,0.346
4796,796,500,PACC,SVM,0.16539579714903108,0.18339579714903106,0.018
4797,797,500,PACC,SVM,0.09001245405693373,0.25401245405693373,0.164
4798,798,500,PACC,SVM,0.08799949541271335,0.6360005045872866,0.724
4799,799,500,PACC,SVM,0.11045821040421233,0.5975417895957876,0.708
4800,800,500,PACC,SVM,0.10919957478651532,0.6288004252134847,0.738
4801,801,500,PACC,SVM,0.040479034521912316,0.3564790345219123,0.316
4802,802,500,PACC,SVM,0.14881665404965239,0.7411833459503476,0.89
4803,803,500,PACC,SVM,0.06949065511600938,0.5225093448839906,0.592
4804,804,500,PACC,SVM,0.10106968133457514,0.22706968133457514,0.126
4805,805,500,PACC,SVM,0.10339963660984575,0.24539963660984573,0.142
4806,806,500,PACC,SVM,0.10254082578030521,0.5894591742196947,0.692
4807,807,500,PACC,SVM,0.06694259047923992,0.2389425904792399,0.172
4808,808,500,PACC,SVM,0.03492840459155816,0.47107159540844185,0.506
4809,809,500,PACC,SVM,0.20138607118344398,0.788613928816556,0.99
4810,810,500,PACC,SVM,0.1524954368999719,0.1564954368999719,0.004
4811,811,500,PACC,SVM,0.14663230233654495,0.16263230233654496,0.016
4812,812,500,PACC,SVM,0.21122418858577663,0.7807758114142234,0.992
4813,813,500,PACC,SVM,0.07379413436338411,0.5102058656366159,0.584
4814,814,500,PACC,SVM,0.09341495031308639,0.2194149503130864,0.126
4815,815,500,PACC,SVM,0.16338343251960763,0.7326165674803924,0.896
4816,816,500,PACC,SVM,0.14933686037905103,0.730663139620949,0.88
4817,817,500,PACC,SVM,0.038092513397695815,0.4979074866023042,0.536
4818,818,500,PACC,SVM,0.09102114880063206,0.5289788511993679,0.62
4819,819,500,PACC,SVM,0.06739004988621572,0.33939004988621574,0.272
4820,820,500,PACC,SVM,0.12322238843338175,0.17322238843338175,0.05
4821,821,500,PACC,SVM,0.05269329184380056,0.5413067081561994,0.594
4822,822,500,PACC,SVM,0.05104815994892464,0.3450481599489246,0.294
4823,823,500,PACC,SVM,0.08550356333525633,0.5764964366647437,0.662
4824,824,500,PACC,SVM,0.12901262409640346,0.7069873759035965,0.836
4825,825,500,PACC,SVM,0.13056386117372248,0.14856386117372247,0.018
4826,826,500,PACC,SVM,0.06986232509379664,0.5241376749062033,0.594
4827,827,500,PACC,SVM,0.07057319377974755,0.30057319377974756,0.23
4828,828,500,PACC,SVM,0.15765002725990718,0.7143499727400928,0.872
4829,829,500,PACC,SVM,0.06529240963127547,0.3172924096312755,0.252
4830,830,500,PACC,SVM,0.06394019242022686,0.5460598075797731,0.61
4831,831,500,PACC,SVM,0.0374919553966333,0.5145080446033667,0.552
4832,832,500,PACC,SVM,0.014741186783477134,0.41074118678347715,0.396
4833,833,500,PACC,SVM,0.06800775080819388,0.6079922491918062,0.676
4834,834,500,PACC,SVM,0.11173537669299605,0.6122646233070039,0.724
4835,835,500,PACC,SVM,0.058319206515327404,0.5076807934846725,0.566
4836,836,500,PACC,SVM,0.12630575624173446,0.6316942437582656,0.758
4837,837,500,PACC,SVM,0.19448646623623156,0.7875135337637684,0.982
4838,838,500,PACC,SVM,0.017667436872265907,0.4003325631277341,0.418
4839,839,500,PACC,SVM,0.016984347029290248,0.49701565297070976,0.514
4840,840,500,PACC,SVM,0.14126903603876026,0.15326903603876027,0.012
4841,841,500,PACC,SVM,0.12368153112106917,0.6723184688789309,0.796
4842,842,500,PACC,SVM,0.03134703139434225,0.48865296860565777,0.52
4843,843,500,PACC,SVM,0.004453925029132333,0.41045392502913236,0.406
4844,844,500,PACC,SVM,0.10185255846524469,0.19585255846524469,0.094
4845,845,500,PACC,SVM,0.1697757427365133,0.7182242572634867,0.888
4846,846,500,PACC,SVM,0.0320717556544855,0.4260717556544855,0.394
4847,847,500,PACC,SVM,0.08787380207892892,0.5941261979210711,0.682
4848,848,500,PACC,SVM,0.06285055756595317,0.21085055756595317,0.148
4849,849,500,PACC,SVM,0.16154384656647547,0.7984561534335245,0.96
4850,850,500,PACC,SVM,0.09210211502463206,0.27010211502463205,0.178
4851,851,500,PACC,SVM,0.06374172185091376,0.26174172185091377,0.198
4852,852,500,PACC,SVM,0.16232301720318631,0.6956769827968137,0.858
4853,853,500,PACC,SVM,0.1754217286158023,0.7365782713841977,0.912
4854,854,500,PACC,SVM,0.055722732527793445,0.26772273252779344,0.212
4855,855,500,PACC,SVM,0.006839079603042697,0.46116092039695733,0.468
4856,856,500,PACC,SVM,0.09702075465919935,0.6349792453408006,0.732
4857,857,500,PACC,SVM,0.15526703624325566,0.7227329637567443,0.878
4858,858,500,PACC,SVM,0.04954842367953988,0.4275484236795399,0.378
4859,859,500,PACC,SVM,0.04841823558473679,0.4675817644152632,0.516
4860,860,500,PACC,SVM,0.11672155071953894,0.623278449280461,0.74
4861,861,500,PACC,SVM,0.09580764754209858,0.6341923524579014,0.73
4862,862,500,PACC,SVM,0.13172855364318647,0.6502714463568136,0.782
4863,863,500,PACC,SVM,0.0506671716107675,0.5173328283892324,0.568
4864,864,500,PACC,SVM,0.12789646576816616,0.23189646576816614,0.104
4865,865,500,PACC,SVM,0.17896184382442126,0.7230381561755788,0.902
4866,866,500,PACC,SVM,0.1414046837903996,0.7225953162096004,0.864
4867,867,500,PACC,SVM,0.16275501275675341,0.6352449872432466,0.798
4868,868,500,PACC,SVM,0.10742714539986256,0.20542714539986257,0.098
4869,869,500,PACC,SVM,0.052726400879202634,0.2567264008792026,0.204
4870,870,500,PACC,SVM,0.13618878785959654,0.6058112121404035,0.742
4871,871,500,PACC,SVM,0.13782109126399178,0.15982109126399177,0.022
4872,872,500,PACC,SVM,0.1893679040166747,0.7886320959833253,0.978
4873,873,500,PACC,SVM,0.029780029846122436,0.40578002984612244,0.376
4874,874,500,PACC,SVM,0.09395620954544426,0.6240437904545557,0.718
4875,875,500,PACC,SVM,0.1506956027678582,0.7353043972321418,0.886
4876,876,500,PACC,SVM,0.0036143016536679395,0.39761430165366796,0.394
4877,877,500,PACC,SVM,0.03345431672242477,0.3514543167224248,0.318
4878,878,500,PACC,SVM,0.057523074923483186,0.5504769250765168,0.608
4879,879,500,PACC,SVM,0.053998768543019104,0.5260012314569809,0.58
4880,880,500,PACC,SVM,0.014159868299487344,0.4221598682994873,0.408
4881,881,500,PACC,SVM,0.0630261461602003,0.5369738538397997,0.6
4882,882,500,PACC,SVM,0.183026621944826,0.7509733780551741,0.934
4883,883,500,PACC,SVM,0.02313492484672508,0.44286507515327495,0.466
4884,884,500,PACC,SVM,0.06946733012454714,0.26546733012454715,0.196
4885,885,500,PACC,SVM,0.047349212801540586,0.4233492128015406,0.376
4886,886,500,PACC,SVM,0.007430900351234504,0.4014309003512345,0.394
4887,887,500,PACC,SVM,0.09660337529481075,0.22660337529481075,0.13
4888,888,500,PACC,SVM,0.09158802101424687,0.2535880210142469,0.162
4889,889,500,PACC,SVM,0.11500363475786768,0.5689963652421324,0.684
4890,890,500,PACC,SVM,0.012615323671561596,0.3506153236715616,0.338
4891,891,500,PACC,SVM,0.1979796016202694,0.7560203983797306,0.954
4892,892,500,PACC,SVM,0.04917744979216793,0.2911774497921679,0.242
4893,893,500,PACC,SVM,0.10012277697805932,0.19812277697805933,0.098
4894,894,500,PACC,SVM,0.130934181438351,0.621065818561649,0.752
4895,895,500,PACC,SVM,0.1599631055158035,0.7200368944841965,0.88
4896,896,500,PACC,SVM,0.05609856637620447,0.3340985663762045,0.278
4897,897,500,PACC,SVM,0.09696702969510607,0.2989670296951061,0.202
4898,898,500,PACC,SVM,0.0662373413265348,0.2502373413265348,0.184
4899,899,500,PACC,SVM,0.049511830199894635,0.4724881698001054,0.522
4900,900,500,PACC,SVM,0.019358382582545686,0.44864161741745434,0.468
4901,901,500,PACC,SVM,0.03708210613777019,0.2950821061377702,0.258
4902,902,500,PACC,SVM,0.12436741271106834,0.16836741271106834,0.044
4903,903,500,PACC,SVM,0.04888741563013044,0.43111258436986954,0.48
4904,904,500,PACC,SVM,0.19965543981138,0.75834456018862,0.958
4905,905,500,PACC,SVM,0.08157668281058927,0.5704233171894108,0.652
4906,906,500,PACC,SVM,0.02066593997517896,0.47333406002482104,0.494
4907,907,500,PACC,SVM,0.11094373923005228,0.22094373923005228,0.11
4908,908,500,PACC,SVM,0.053027726684363674,0.3050277266843637,0.252
4909,909,500,PACC,SVM,0.03875856465927707,0.33275856465927706,0.294
4910,910,500,PACC,SVM,0.10904756534238003,0.65495243465762,0.764
4911,911,500,PACC,SVM,0.13045001294238334,0.7455499870576167,0.876
4912,912,500,PACC,SVM,0.1698412266704924,0.7301587733295076,0.9
4913,913,500,PACC,SVM,0.18216298309284729,0.8018370169071527,0.984
4914,914,500,PACC,SVM,0.17089509320562513,0.8111049067943749,0.982
4915,915,500,PACC,SVM,0.21079336253686132,0.7412066374631386,0.952
4916,916,500,PACC,SVM,0.11084266444075933,0.18084266444075933,0.07
4917,917,500,PACC,SVM,0.09429628394037462,0.23029628394037463,0.136
4918,918,500,PACC,SVM,0.04608605496692908,0.35008605496692907,0.304
4919,919,500,PACC,SVM,0.06915492535799733,0.4828450746420027,0.552
4920,920,500,PACC,SVM,0.07054495962518101,0.166544959625181,0.096
4921,921,500,PACC,SVM,0.14829709650841572,0.6957029034915843,0.844
4922,922,500,PACC,SVM,0.0467584347804042,0.5692415652195958,0.616
4923,923,500,PACC,SVM,0.0469777305653849,0.49502226943461514,0.542
4924,924,500,PACC,SVM,0.07644159977869644,0.24044159977869645,0.164
4925,925,500,PACC,SVM,0.07223125274255765,0.32423125274255765,0.252
4926,926,500,PACC,SVM,0.07614958575810918,0.23614958575810918,0.16
4927,927,500,PACC,SVM,0.14400629504802798,0.705993704951972,0.85
4928,928,500,PACC,SVM,0.06295080742083747,0.5210491925791625,0.584
4929,929,500,PACC,SVM,0.0952826870953587,0.6387173129046413,0.734
4930,930,500,PACC,SVM,0.05455407782485622,0.3505540778248562,0.296
4931,931,500,PACC,SVM,0.030765773722827572,0.40076577372282757,0.37
4932,932,500,PACC,SVM,0.02477623851334193,0.3792237614866581,0.404
4933,933,500,PACC,SVM,0.11211769817271011,0.6478823018272899,0.76
4934,934,500,PACC,SVM,0.12355884940807338,0.6484411505919266,0.772
4935,935,500,PACC,SVM,0.09233157730191063,0.2983315773019106,0.206
4936,936,500,PACC,SVM,0.19801504642769807,0.7419849535723019,0.94
4937,937,500,PACC,SVM,0.10200616893371747,0.22200616893371747,0.12
4938,938,500,PACC,SVM,0.15596331253447315,0.7400366874655269,0.896
4939,939,500,PACC,SVM,0.10493476410464408,0.2049347641046441,0.1
4940,940,500,PACC,SVM,0.060892886282632674,0.3248928862826327,0.264
4941,941,500,PACC,SVM,0.15815786484148675,0.6878421351585132,0.846
4942,942,500,PACC,SVM,0.06844746135924976,0.24644746135924975,0.178
4943,943,500,PACC,SVM,0.02286948884392792,0.4348694888439279,0.412
4944,944,500,PACC,SVM,0.008604001197871636,0.4393959988021284,0.448
4945,945,500,PACC,SVM,0.04122453921947489,0.2852245392194749,0.244
4946,946,500,PACC,SVM,0.06683367244760896,0.643166327552391,0.71
4947,947,500,PACC,SVM,0.11936031768722599,0.730639682312774,0.85
4948,948,500,PACC,SVM,0.17188747603123444,0.7021125239687656,0.874
4949,949,500,PACC,SVM,0.0011369186041644275,0.3368630813958356,0.338
4950,950,500,PACC,SVM,0.025666619031587734,0.5043333809684123,0.53
4951,951,500,PACC,SVM,0.08150418241284657,0.32950418241284657,0.248
4952,952,500,PACC,SVM,0.06431380416702004,0.30831380416702003,0.244
4953,953,500,PACC,SVM,0.10126883137219087,0.26126883137219087,0.16
4954,954,500,PACC,SVM,0.1866713326330025,0.7533286673669974,0.94
4955,955,500,PACC,SVM,0.15069592171649382,0.7353040782835062,0.886
4956,956,500,PACC,SVM,0.11822122126183587,0.6577787787381641,0.776
4957,957,500,PACC,SVM,0.038239291374694284,0.47776070862530573,0.516
4958,958,500,PACC,SVM,0.02220646922739078,0.4677935307726092,0.49
4959,959,500,PACC,SVM,0.04714367407889197,0.48085632592110805,0.528
4960,960,500,PACC,SVM,0.02071223460725069,0.5152877653927493,0.536
4961,961,500,PACC,SVM,0.015072556771257517,0.4189274432287425,0.434
4962,962,500,PACC,SVM,0.08336258201539376,0.21336258201539376,0.13
4963,963,500,PACC,SVM,0.10041201345435447,0.22441201345435446,0.124
4964,964,500,PACC,SVM,0.14028885515770106,0.8117111448422989,0.952
4965,965,500,PACC,SVM,0.0075193949459174125,0.47448060505408257,0.482
4966,966,500,PACC,SVM,0.17477744040835097,0.777222559591649,0.952
4967,967,500,PACC,SVM,0.06492892102280984,0.22692892102280984,0.162
4968,968,500,PACC,SVM,0.051164068974279164,0.5028359310257209,0.554
4969,969,500,PACC,SVM,0.06005821610703807,0.26605821610703806,0.206
4970,970,500,PACC,SVM,0.0632165791140415,0.3152165791140415,0.252
4971,971,500,PACC,SVM,0.10634293847611853,0.13634293847611853,0.03
4972,972,500,PACC,SVM,0.10924990341484445,0.22724990341484444,0.118
4973,973,500,PACC,SVM,0.15874151981037343,0.7572584801896266,0.916
4974,974,500,PACC,SVM,0.03427755522019188,0.3542775552201919,0.32
4975,975,500,PACC,SVM,0.06760329303192236,0.5403967069680776,0.608
4976,976,500,PACC,SVM,0.008706266131587814,0.4552937338684122,0.464
4977,977,500,PACC,SVM,0.015294893513845609,0.3847051064861544,0.4
4978,978,500,PACC,SVM,0.04265809707363194,0.4873419029263681,0.53
4979,979,500,PACC,SVM,0.07901537735671738,0.2650153773567174,0.186
4980,980,500,PACC,SVM,0.2349002082095647,0.7530997917904353,0.988
4981,981,500,PACC,SVM,0.1456874669204017,0.6723125330795983,0.818
4982,982,500,PACC,SVM,0.11354568537314946,0.6264543146268505,0.74
4983,983,500,PACC,SVM,0.009503820567218824,0.4584961794327812,0.468
4984,984,500,PACC,SVM,0.08993656401825748,0.24193656401825747,0.152
4985,985,500,PACC,SVM,0.1779722778234567,0.7420277221765433,0.92
4986,986,500,PACC,SVM,0.024621546232354907,0.36462154623235493,0.34
4987,987,500,PACC,SVM,0.1198140553630667,0.1698140553630667,0.05
4988,988,500,PACC,SVM,0.03418359643636959,0.3761835964363696,0.342
4989,989,500,PACC,SVM,0.12599692374081783,0.6680030762591822,0.794
4990,990,500,PACC,SVM,0.09062941979863115,0.5313705802013688,0.622
4991,991,500,PACC,SVM,0.12505772079987787,0.6249422792001221,0.75
4992,992,500,PACC,SVM,0.11743712828741915,0.6745628717125809,0.792
4993,993,500,PACC,SVM,0.09720690490461723,0.3072069049046172,0.21
4994,994,500,PACC,SVM,0.1633799956000116,0.7586200043999884,0.922
4995,995,500,PACC,SVM,0.022168121230267124,0.4138318787697329,0.436
4996,996,500,PACC,SVM,0.10639300747951641,0.5316069925204836,0.638
4997,997,500,PACC,SVM,0.15332563253107967,0.15532563253107967,0.002
4998,998,500,PACC,SVM,0.20954433117430427,0.7824556688256957,0.992
4999,999,500,PACC,SVM,0.048053717964403886,0.3280537179644039,0.28
5000,1000,500,PACC,SVM,0.1334642715233759,0.1954642715233759,0.062
5001,1001,500,PACC,SVM,0.008678838139869693,0.4493211618601303,0.458
5002,1002,500,PACC,SVM,0.09431314844934141,0.2223131484493414,0.128
5003,1003,500,PACC,SVM,0.11693300569583268,0.26893300569583267,0.152
5004,1004,500,PACC,SVM,0.0707866186549222,0.5612133813450778,0.632
5005,1005,500,PACC,SVM,0.001960195972270873,0.39003980402772914,0.392
5006,1006,500,PACC,SVM,0.18512386367611344,0.7348761363238866,0.92
5007,1007,500,PACC,SVM,0.049697937887236865,0.36769793788723687,0.318
5008,1008,500,PACC,SVM,0.10198364154110495,0.624016358458895,0.726
5009,1009,500,PACC,SVM,0.008186396272711893,0.4518136037272881,0.46
5010,1010,500,PACC,SVM,0.07221700239577755,0.5857829976042225,0.658
5011,1011,500,PACC,SVM,0.0727540839538855,0.5252459160461145,0.598
5012,1012,500,PACC,SVM,0.0008885270197615536,0.47288852701976153,0.472
5013,1013,500,PACC,SVM,0.17627732999326085,0.7737226700067391,0.95
5014,1014,500,PACC,SVM,0.0428999738282434,0.3848999738282434,0.342
5015,1015,500,PACC,SVM,0.08135521235501769,0.2573552123550177,0.176
5016,1016,500,PACC,SVM,0.08126449717878725,0.5967355028212128,0.678
5017,1017,500,PACC,SVM,0.16666011815072257,0.6793398818492774,0.846
5018,1018,500,PACC,SVM,0.11391968355184875,0.15391968355184876,0.04
5019,1019,500,PACC,SVM,0.009391849622625292,0.4386081503773747,0.448
5020,1020,500,PACC,SVM,0.16882883542951588,0.7231711645704841,0.892
5021,1021,500,PACC,SVM,0.09964703248656293,0.6483529675134371,0.748
5022,1022,500,PACC,SVM,0.2018126533189617,0.7881873466810383,0.99
5023,1023,500,PACC,SVM,0.0504964679572979,0.47950353204270213,0.53
5024,1024,500,PACC,SVM,0.08433009043102824,0.5736699095689718,0.658
5025,1025,500,PACC,SVM,0.05563880955452194,0.35763880955452193,0.302
5026,1026,500,PACC,SVM,0.1769886554214921,0.7690113445785078,0.946
5027,1027,500,PACC,SVM,0.035816228120087445,0.40181622812008744,0.366
5028,1028,500,PACC,SVM,0.12246170261700351,0.6155382973829965,0.738
5029,1029,500,PACC,SVM,0.023330775223720623,0.42533077522372065,0.402
5030,1030,500,PACC,SVM,0.040007530186529805,0.5199924698134702,0.56
5031,1031,500,PACC,SVM,0.11024067902859602,0.607759320971404,0.718
5032,1032,500,PACC,SVM,0.04284070261649098,0.46515929738350903,0.508
5033,1033,500,PACC,SVM,0.1718535450785481,0.7341464549214519,0.906
5034,1034,500,PACC,SVM,0.009877628943359251,0.42787762894335923,0.418
5035,1035,500,PACC,SVM,0.07711245739251193,0.5688875426074881,0.646
5036,1036,500,PACC,SVM,0.01642743893081039,0.3584274389308104,0.342
5037,1037,500,PACC,SVM,0.024114503297060996,0.43211450329706097,0.408
5038,1038,500,PACC,SVM,0.014839569174606715,0.4251604308253933,0.44
5039,1039,500,PACC,SVM,0.10807412518275544,0.23207412518275544,0.124
5040,1040,500,PACC,SVM,0.10877861935145916,0.19877861935145916,0.09
5041,1041,500,PACC,SVM,0.06253117280575027,0.6034688271942498,0.666
5042,1042,500,PACC,SVM,0.08468521313242472,0.5693147868675753,0.654
5043,1043,500,PACC,SVM,0.08965395621738015,0.5723460437826199,0.662
5044,1044,500,PACC,SVM,0.14528330905526446,0.16328330905526445,0.018
5045,1045,500,PACC,SVM,0.039966504893571564,0.3659665048935716,0.326
5046,1046,500,PACC,SVM,0.08846131949945679,0.2844613194994568,0.196
5047,1047,500,PACC,SVM,0.11482350399790853,0.6631764960020915,0.778
5048,1048,500,PACC,SVM,0.14730140175017725,0.7126985982498227,0.86
5049,1049,500,PACC,SVM,0.07574617203178907,0.32174617203178907,0.246
5050,1050,500,PACC,SVM,0.0869318348869682,0.5790681651130318,0.666
5051,1051,500,PACC,SVM,0.10437665593810241,0.23237665593810242,0.128
5052,1052,500,PACC,SVM,0.032971413321121135,0.30697141332112116,0.274
5053,1053,500,PACC,SVM,0.1005042100502389,0.23850421005023892,0.138
5054,1054,500,PACC,SVM,0.0408541587009148,0.3228541587009148,0.282
5055,1055,500,PACC,SVM,0.07571889637300433,0.5982811036269957,0.674
5056,1056,500,PACC,SVM,0.16724453082687685,0.7427554691731232,0.91
5057,1057,500,PACC,SVM,0.06398466293069222,0.26598466293069223,0.202
5058,1058,500,PACC,SVM,0.060379647550172,0.48162035244982804,0.542
5059,1059,500,PACC,SVM,0.1018487746940443,0.5981512253059557,0.7
5060,1060,500,PACC,SVM,0.18588493198104417,0.7661150680189558,0.952
5061,1061,500,PACC,SVM,0.0518896515113505,0.5581103484886495,0.61
5062,1062,500,PACC,SVM,0.03640073854200121,0.2904007385420012,0.254
5063,1063,500,PACC,SVM,0.05101947029494003,0.57298052970506,0.624
5064,1064,500,PACC,SVM,0.041710465836894584,0.3617104658368946,0.32
5065,1065,500,PACC,SVM,0.16869504132268642,0.8073049586773136,0.976
5066,1066,500,PACC,SVM,0.008842553794043029,0.40684255379404305,0.398
5067,1067,500,PACC,SVM,0.07127846312737685,0.6127215368726232,0.684
5068,1068,500,PACC,SVM,0.13327541093292067,0.15527541093292066,0.022
5069,1069,500,PACC,SVM,0.015082187708941153,0.4150821877089412,0.4
5070,1070,500,PACC,SVM,0.13419691844442183,0.7398030815555782,0.874
5071,1071,500,PACC,SVM,0.05955884936424949,0.5504411506357505,0.61
5072,1072,500,PACC,SVM,0.027259233856618825,0.4147407661433812,0.442
5073,1073,500,PACC,SVM,0.18163385333888815,0.7523661466611119,0.934
5074,1074,500,PACC,SVM,0.1708696007088525,0.6811303992911475,0.852
5075,1075,500,PACC,SVM,0.006447947672695686,0.3284479476726957,0.322
5076,1076,500,PACC,SVM,0.04416312554648677,0.49983687445351327,0.544
5077,1077,500,PACC,SVM,0.03156813465374381,0.4564318653462562,0.488
5078,1078,500,PACC,SVM,0.08707927015931216,0.5449207298406878,0.632
5079,1079,500,PACC,SVM,0.022233164815263773,0.3562331648152638,0.334
5080,1080,500,PACC,SVM,0.04411262611745026,0.28811262611745025,0.244
5081,1081,500,PACC,SVM,0.17631370460548001,0.73568629539452,0.912
5082,1082,500,PACC,SVM,0.17558175844947743,0.7464182415505226,0.922
5083,1083,500,PACC,SVM,0.09956323581570059,0.7424367641842994,0.842
5084,1084,500,PACC,SVM,0.19527739502758412,0.7827226049724159,0.978
5085,1085,500,PACC,SVM,0.11023113234984261,0.6337688676501574,0.744
5086,1086,500,PACC,SVM,0.12458547653697127,0.6394145234630287,0.764
5087,1087,500,PACC,SVM,0.11603838509120379,0.6459616149087962,0.762
5088,1088,500,PACC,SVM,0.032407677585130856,0.4475923224148691,0.48
5089,1089,500,PACC,SVM,0.026289453641840543,0.4297105463581595,0.456
5090,1090,500,PACC,SVM,0.041050515471724114,0.2810505154717241,0.24
5091,1091,500,PACC,SVM,0.07196601866137298,0.572033981338627,0.644
5092,1092,500,PACC,SVM,0.04067353415646102,0.328673534156461,0.288
5093,1093,500,PACC,SVM,0.06766550132265525,0.32366550132265526,0.256
5094,1094,500,PACC,SVM,0.05986411806632119,0.5241358819336788,0.584
5095,1095,500,PACC,SVM,0.015385264400642251,0.3926147355993577,0.408
5096,1096,500,PACC,SVM,0.0538585386309777,0.2718585386309777,0.218
5097,1097,500,PACC,SVM,0.14561461881084192,0.670385381189158,0.816
5098,1098,500,PACC,SVM,0.15446133098063897,0.705538669019361,0.86
5099,1099,500,PACC,SVM,0.09170167011886934,0.25770167011886935,0.166
5100,1100,500,PACC,SVM,0.14792488822342625,0.15392488822342626,0.006
5101,1101,500,PACC,SVM,0.018847865797953223,0.35484786579795324,0.336
5102,1102,500,PACC,SVM,0.12773289474736182,0.6682671052526382,0.796
5103,1103,500,PACC,SVM,0.1408512099882041,0.6971487900117959,0.838
5104,1104,500,PACC,SVM,0.08990303557324372,0.22790303557324373,0.138
5105,1105,500,PACC,SVM,0.09635342625824517,0.6776465737417549,0.774
5106,1106,500,PACC,SVM,0.09298194264296537,0.20698194264296538,0.114
5107,1107,500,PACC,SVM,0.007209874464703558,0.39720987446470357,0.39
5108,1108,500,PACC,SVM,0.21000168802393226,0.7879983119760677,0.998
5109,1109,500,PACC,SVM,0.07117217490453753,0.26317217490453754,0.192
5110,1110,500,PACC,SVM,0.0845419021671365,0.2365419021671365,0.152
5111,1111,500,PACC,SVM,0.019564358116822222,0.40243564188317776,0.422
5112,1112,500,PACC,SVM,0.05538019685701279,0.5626198031429872,0.618
5113,1113,500,PACC,SVM,0.1680251712877161,0.763974828712284,0.932
5114,1114,500,PACC,SVM,0.16016158229187394,0.819838417708126,0.98
5115,1115,500,PACC,SVM,0.12885034509993626,0.19685034509993626,0.068
5116,1116,500,PACC,SVM,0.09996075206673041,0.23596075206673042,0.136
5117,1117,500,PACC,SVM,0.14782644796165356,0.6421735520383465,0.79
5118,1118,500,PACC,SVM,0.06306784588164122,0.33306784588164123,0.27
5119,1119,500,PACC,SVM,0.1624306335438339,0.7215693664561661,0.884
5120,1120,500,PACC,SVM,0.08178414457866412,0.5802158554213359,0.662
5121,1121,500,PACC,SVM,0.12171042139417852,0.23171042139417852,0.11
5122,1122,500,PACC,SVM,0.12555581723253328,0.7064441827674667,0.832
5123,1123,500,PACC,SVM,0.07054992467499108,0.24654992467499107,0.176
5124,1124,500,PACC,SVM,0.0029284284239645686,0.42492842842396455,0.422
5125,1125,500,PACC,SVM,0.04656839303519422,0.5054316069648058,0.552
5126,1126,500,PACC,SVM,0.01818744641836534,0.48181255358163466,0.5
5127,1127,500,PACC,SVM,0.0866078721432747,0.5993921278567254,0.686
5128,1128,500,PACC,SVM,0.07900653995323859,0.5729934600467614,0.652
5129,1129,500,PACC,SVM,0.1937770262801497,0.7982229737198503,0.992
5130,1130,500,PACC,SVM,0.16043527636428567,0.8375647236357143,0.998
5131,1131,500,PACC,SVM,0.04696837055255304,0.469031629447447,0.516
5132,1132,500,PACC,SVM,0.09050712539136274,0.18450712539136274,0.094
5133,1133,500,PACC,SVM,0.10839937727587645,0.6176006227241235,0.726
5134,1134,500,PACC,SVM,0.19892245149931254,0.7770775485006874,0.976
5135,1135,500,PACC,SVM,0.03603196565579625,0.35403196565579625,0.318
5136,1136,500,PACC,SVM,0.0009724118841145657,0.45902758811588545,0.46
5137,1137,500,PACC,SVM,0.01767683136462378,0.4063231686353762,0.424
5138,1138,500,PACC,SVM,0.10978614960933893,0.15978614960933893,0.05
5139,1139,500,PACC,SVM,0.10562372379488705,0.566376276205113,0.672
5140,1140,500,PACC,SVM,0.01786358367460572,0.3698635836746057,0.352
5141,1141,500,PACC,SVM,0.13403308516399326,0.6519669148360068,0.786
5142,1142,500,PACC,SVM,0.13569938439889206,0.6963006156011079,0.832
5143,1143,500,PACC,SVM,0.1352534404668927,0.6847465595331073,0.82
5144,1144,500,PACC,SVM,0.017179766446719758,0.3988202335532802,0.416
5145,1145,500,PACC,SVM,0.0467600216761338,0.3667600216761338,0.32
5146,1146,500,PACC,SVM,0.10596400269697548,0.6420359973030245,0.748
5147,1147,500,PACC,SVM,0.13130323019145407,0.668696769808546,0.8
5148,1148,500,PACC,SVM,0.016501138012667338,0.47349886198733265,0.49
5149,1149,500,PACC,SVM,0.1472734160577489,0.7447265839422511,0.892
5150,1150,500,PACC,SVM,0.09131849238424206,0.23331849238424204,0.142
5151,1151,500,PACC,SVM,0.15334230645561953,0.7246576935443805,0.878
5152,1152,500,PACC,SVM,0.09257219006977954,0.18857219006977954,0.096
5153,1153,500,PACC,SVM,0.06683092708091812,0.21883092708091811,0.152
5154,1154,500,PACC,SVM,0.05125376075570948,0.48074623924429055,0.532
5155,1155,500,PACC,SVM,0.13063118721740338,0.19663118721740339,0.066
5156,1156,500,PACC,SVM,0.13621299099490197,0.18821299099490196,0.052
5157,1157,500,PACC,SVM,0.15386754963211996,0.15386754963211996,0.0
5158,1158,500,PACC,SVM,0.010915433082683279,0.4469154330826833,0.436
5159,1159,500,PACC,SVM,0.11039508684494692,0.6636049131550531,0.774
5160,1160,500,PACC,SVM,0.14138416632340756,0.17538416632340756,0.034
5161,1161,500,PACC,SVM,0.08186028498685904,0.570139715013141,0.652
5162,1162,500,PACC,SVM,0.12090451052455331,0.7010954894754466,0.822
5163,1163,500,PACC,SVM,0.07763945507447878,0.2456394550744788,0.168
5164,1164,500,PACC,SVM,0.12689112270139022,0.2728911227013902,0.146
5165,1165,500,PACC,SVM,0.13791567154689732,0.7220843284531027,0.86
5166,1166,500,PACC,SVM,0.14936288981117052,0.6726371101888294,0.822
5167,1167,500,PACC,SVM,0.03695311223046427,0.5010468877695358,0.538
5168,1168,500,PACC,SVM,0.13425240309468578,0.6837475969053142,0.818
5169,1169,500,PACC,SVM,0.11948127579073028,0.21148127579073028,0.092
5170,1170,500,PACC,SVM,0.011862489321075753,0.38213751067892426,0.394
5171,1171,500,PACC,SVM,0.10809607730278292,0.6279039226972171,0.736
5172,1172,500,PACC,SVM,0.07852189507432938,0.3345218950743294,0.256
5173,1173,500,PACC,SVM,0.1251983349895731,0.6268016650104269,0.752
5174,1174,500,PACC,SVM,0.011207450811788477,0.4927925491882115,0.504
5175,1175,500,PACC,SVM,0.10899760365708278,0.6410023963429172,0.75
5176,1176,500,PACC,SVM,0.004640764670609587,0.45935923532939044,0.464
5177,1177,500,PACC,SVM,0.035652405343151006,0.401652405343151,0.366
5178,1178,500,PACC,SVM,0.07614035967106367,0.29414035967106367,0.218
5179,1179,500,PACC,SVM,0.06558111308701789,0.2735811130870179,0.208
5180,1180,500,PACC,SVM,0.10401752627141203,0.645982473728588,0.75
5181,1181,500,PACC,SVM,0.11999237922197417,0.23799237922197417,0.118
5182,1182,500,PACC,SVM,0.12336987633420508,0.2073698763342051,0.084
5183,1183,500,PACC,SVM,0.07769543412917113,0.2536954341291711,0.176
5184,1184,500,PACC,SVM,0.08760145666375557,0.26160145666375556,0.174
5185,1185,500,PACC,SVM,0.1272886967068887,0.6947113032931113,0.822
5186,1186,500,PACC,SVM,0.003648651866078656,0.4016486518660787,0.398
5187,1187,500,PACC,SVM,0.1878987307051484,0.8021012692948516,0.99
5188,1188,500,PACC,SVM,0.10581740319547281,0.24181740319547282,0.136
5189,1189,500,PACC,SVM,0.07808598210446249,0.5739140178955375,0.652
5190,1190,500,PACC,SVM,0.022200060125102172,0.42579993987489784,0.448
5191,1191,500,PACC,SVM,0.025224252034513117,0.41722425203451313,0.392
5192,1192,500,PACC,SVM,0.16141613684774625,0.7125838631522537,0.874
5193,1193,500,PACC,SVM,0.1951755151068526,0.7788244848931474,0.974
5194,1194,500,PACC,SVM,0.17781666529505658,0.6941833347049434,0.872
5195,1195,500,PACC,SVM,0.07454452018546409,0.2665445201854641,0.192
5196,1196,500,PACC,SVM,0.07474803330910465,0.29474803330910465,0.22
5197,1197,500,PACC,SVM,0.0441768000587609,0.6118231999412391,0.656
5198,1198,500,PACC,SVM,0.04527917223572875,0.3332791722357287,0.288
5199,1199,500,PACC,SVM,0.12616997189523937,0.6078300281047606,0.734
5200,1200,500,PACC,SVM,0.04550352276220937,0.5204964772377906,0.566
5201,1201,500,PACC,SVM,0.028984570085860972,0.5210154299141391,0.55
5202,1202,500,PACC,SVM,0.14901730444690275,0.6789826955530972,0.828
5203,1203,500,PACC,SVM,0.10985896927386551,0.6001410307261345,0.71
5204,1204,500,PACC,SVM,0.14489785693368404,0.17089785693368403,0.026
5205,1205,500,PACC,SVM,0.13096468643810766,0.17896468643810767,0.048
5206,1206,500,PACC,SVM,0.0633358730979543,0.5366641269020457,0.6
5207,1207,500,PACC,SVM,0.009572334038316421,0.47642766596168357,0.486
5208,1208,500,PACC,SVM,0.04272225620644232,0.30272225620644233,0.26
5209,1209,500,PACC,SVM,0.0006306088257400089,0.41863060882574,0.418
5210,1210,500,PACC,SVM,0.1336188876076304,0.6223811123923696,0.756
5211,1211,500,PACC,SVM,0.1359734413655217,0.6900265586344783,0.826
5212,1212,500,PACC,SVM,0.03148505917910327,0.5285149408208968,0.56
5213,1213,500,PACC,SVM,0.02592334001170532,0.40992334001170533,0.384
5214,1214,500,PACC,SVM,0.05031681716594938,0.3203168171659494,0.27
5215,1215,500,PACC,SVM,0.00798455779767615,0.5120154422023239,0.52
5216,1216,500,PACC,SVM,0.0397673474204468,0.3537673474204468,0.314
5217,1217,500,PACC,SVM,0.044575378629472584,0.5194246213705274,0.564
5218,1218,500,PACC,SVM,0.0989380367807341,0.577061963219266,0.676
5219,1219,500,PACC,SVM,0.13328889341668518,0.19928889341668518,0.066
5220,1220,500,PACC,SVM,0.13967057066269017,0.13967057066269017,0.0
5221,1221,500,PACC,SVM,0.06241701886064169,0.2744170188606417,0.212
5222,1222,500,PACC,SVM,0.16615920944241636,0.7278407905575837,0.894
5223,1223,500,PACC,SVM,0.06304610215024065,0.5829538978497594,0.646
5224,1224,500,PACC,SVM,0.09714154795664917,0.2671415479566492,0.17
5225,1225,500,PACC,SVM,0.1333738624635903,0.7566261375364097,0.89
5226,1226,500,PACC,SVM,0.004311569911993995,0.472311569911994,0.468
5227,1227,500,PACC,SVM,0.013825724577557763,0.4621742754224422,0.476
5228,1228,500,PACC,SVM,0.19915232752319567,0.7348476724768044,0.934
5229,1229,500,PACC,SVM,0.12886945330655786,0.18686945330655785,0.058
5230,1230,500,PACC,SVM,0.08622724334748552,0.3002272433474855,0.214
5231,1231,500,PACC,SVM,0.030058988025858713,0.5539410119741413,0.584
5232,1232,500,PACC,SVM,0.057610835766709056,0.25161083576670906,0.194
5233,1233,500,PACC,SVM,0.09797731577941637,0.5800226842205837,0.678
5234,1234,500,PACC,SVM,0.06013419061170669,0.2741341906117067,0.214
5235,1235,500,PACC,SVM,0.13376030111488824,0.23176030111488824,0.098
5236,1236,500,PACC,SVM,0.07233051244692715,0.27833051244692714,0.206
5237,1237,500,PACC,SVM,0.01432416632668404,0.436324166326684,0.422
5238,1238,500,PACC,SVM,0.06350691586281718,0.23950691586281717,0.176
5239,1239,500,PACC,SVM,0.05893412046443758,0.1929341204644376,0.134
5240,1240,500,PACC,SVM,0.1579173258176868,0.7020826741823132,0.86
5241,1241,500,PACC,SVM,0.07029125939456077,0.3902912593945608,0.32
5242,1242,500,PACC,SVM,0.014439181122667788,0.3744391811226678,0.36
5243,1243,500,PACC,SVM,0.11540653844276053,0.16940653844276052,0.054
5244,1244,500,PACC,SVM,0.017527266836791955,0.37352726683679194,0.356
5245,1245,500,PACC,SVM,0.05617216572697831,0.3201721657269783,0.264
5246,1246,500,PACC,SVM,0.06258384991022314,0.5474161500897768,0.61
5247,1247,500,PACC,SVM,0.05163778242058517,0.25563778242058516,0.204
5248,1248,500,PACC,SVM,0.14351467439211663,0.7444853256078834,0.888
5249,1249,500,PACC,SVM,0.16044195503689374,0.7675580449631063,0.928
5250,1250,500,PACC,SVM,0.10082808826088238,0.19882808826088239,0.098
5251,1251,500,PACC,SVM,0.12812102279827664,0.23412102279827665,0.106
5252,1252,500,PACC,SVM,0.10751398380846731,0.22151398380846732,0.114
5253,1253,500,PACC,SVM,0.06702881018413553,0.5509711898158645,0.618
5254,1254,500,PACC,SVM,0.12636832053477254,0.24636832053477253,0.12
5255,1255,500,PACC,SVM,0.16177846813920982,0.6902215318607902,0.852
5256,1256,500,PACC,SVM,0.08818315644177621,0.6658168435582238,0.754
5257,1257,500,PACC,SVM,0.13626047123368246,0.6817395287663175,0.818
5258,1258,500,PACC,SVM,0.0420914104180562,0.4839085895819438,0.526
5259,1259,500,PACC,SVM,0.1920479443421742,0.8039520556578258,0.996
5260,1260,500,PACC,SVM,0.12134824812048438,0.16534824812048438,0.044
5261,1261,500,PACC,SVM,0.023748475104905853,0.4237484751049059,0.4
5262,1262,500,PACC,SVM,0.04323146198510286,0.36523146198510287,0.322
5263,1263,500,PACC,SVM,0.16089928139714016,0.7871007186028598,0.948
5264,1264,500,PACC,SVM,0.028084169613836307,0.5479158303861636,0.576
5265,1265,500,PACC,SVM,0.1300206039815981,0.675979396018402,0.806
5266,1266,500,PACC,SVM,0.07401218191268152,0.24401218191268154,0.17
5267,1267,500,PACC,SVM,0.181185515178501,0.796814484821499,0.978
5268,1268,500,PACC,SVM,0.023833336268877736,0.47416666373112226,0.498
5269,1269,500,PACC,SVM,0.04485693042887379,0.4471430695711262,0.492
5270,1270,500,PACC,SVM,0.19219254816874975,0.7778074518312502,0.97
5271,1271,500,PACC,SVM,0.017760153565342995,0.397760153565343,0.38
5272,1272,500,PACC,SVM,0.0140536140464676,0.3819463859535324,0.396
5273,1273,500,PACC,SVM,0.06939926526517748,0.5146007347348225,0.584
5274,1274,500,PACC,SVM,0.09327305656064053,0.22127305656064053,0.128
5275,1275,500,PACC,SVM,0.041929095388805016,0.361929095388805,0.32
5276,1276,500,PACC,SVM,0.08388064844229481,0.2758806484422948,0.192
5277,1277,500,PACC,SVM,0.11416978251596323,0.21616978251596322,0.102
5278,1278,500,PACC,SVM,0.1558558031907935,0.7101441968092065,0.866
5279,1279,500,PACC,SVM,0.06537455329655051,0.5226254467034495,0.588
5280,1280,500,PACC,SVM,0.011160951799484786,0.36916095179948477,0.358
5281,1281,500,PACC,SVM,0.005776943860561712,0.40222305613943826,0.408
5282,1282,500,PACC,SVM,0.005895133003742559,0.42410486699625743,0.43
5283,1283,500,PACC,SVM,0.08418365895033797,0.547816341049662,0.632
5284,1284,500,PACC,SVM,0.16275223475867628,0.7632477652413238,0.926
5285,1285,500,PACC,SVM,0.1800573722259009,0.7519426277740991,0.932
5286,1286,500,PACC,SVM,0.03837161435051856,0.42837161435051857,0.39
5287,1287,500,PACC,SVM,0.038806151772754316,0.36680615177275433,0.328
5288,1288,500,PACC,SVM,0.02853805834984091,0.4214619416501591,0.45
5289,1289,500,PACC,SVM,0.04483734612669221,0.5211626538733077,0.566
5290,1290,500,PACC,SVM,0.01929131433411313,0.4407086856658869,0.46
5291,1291,500,PACC,SVM,0.07514770600777942,0.5828522939922206,0.658
5292,1292,500,PACC,SVM,0.046200721385058485,0.5077992786149416,0.554
5293,1293,500,PACC,SVM,0.034612264069348364,0.35461226406934837,0.32
5294,1294,500,PACC,SVM,0.02516163069904276,0.36916163069904273,0.344
5295,1295,500,PACC,SVM,0.025136072661147202,0.3528639273388528,0.378
5296,1296,500,PACC,SVM,0.110117145174908,0.204117145174908,0.094
5297,1297,500,PACC,SVM,0.07604723042982892,0.24204723042982892,0.166
5298,1298,500,PACC,SVM,0.08842664963887814,0.6335733503611218,0.722
5299,1299,500,PACC,SVM,0.018652767690869876,0.4066527676908699,0.388
5300,1300,500,PACC,SVM,0.07584879012570431,0.2898487901257043,0.214
5301,1301,500,PACC,SVM,0.042268915771647264,0.5197310842283528,0.562
5302,1302,500,PACC,SVM,0.09838870547625866,0.6556112945237413,0.754
5303,1303,500,PACC,SVM,0.04562010238748626,0.30162010238748627,0.256
5304,1304,500,PACC,SVM,0.1577142470149807,0.6682857529850192,0.826
5305,1305,500,PACC,SVM,0.17708385516452907,0.748916144835471,0.926
5306,1306,500,PACC,SVM,0.07200342461279874,0.5239965753872012,0.596
5307,1307,500,PACC,SVM,0.08359889967030687,0.5844011003296932,0.668
5308,1308,500,PACC,SVM,0.12459519376421732,0.1765951937642173,0.052
5309,1309,500,PACC,SVM,0.18951149050399252,0.7544885094960074,0.944
5310,1310,500,PACC,SVM,0.008397923707723243,0.40039792370772326,0.392
5311,1311,500,PACC,SVM,0.14094153211386573,0.7810584678861343,0.922
5312,1312,500,PACC,SVM,0.05741434977697024,0.5205856502230297,0.578
5313,1313,500,PACC,SVM,0.1513932645333059,0.1553932645333059,0.004
5314,1314,500,PACC,SVM,0.10586911902894189,0.1438691190289419,0.038
5315,1315,500,PACC,SVM,0.10269368490717767,0.5773063150928224,0.68
5316,1316,500,PACC,SVM,0.040765603212771784,0.5212343967872283,0.562
5317,1317,500,PACC,SVM,0.1452899396506056,0.1712899396506056,0.026
5318,1318,500,PACC,SVM,0.1104628164796635,0.6315371835203365,0.742
5319,1319,500,PACC,SVM,0.15067596275908524,0.7013240372409147,0.852
5320,1320,500,PACC,SVM,0.013416334343329894,0.5094163343433299,0.496
5321,1321,500,PACC,SVM,0.041242930760609975,0.42275706923939005,0.464
5322,1322,500,PACC,SVM,0.14278070714152558,0.14678070714152558,0.004
5323,1323,500,PACC,SVM,0.1621440608510022,0.6238559391489978,0.786
5324,1324,500,PACC,SVM,0.019106355942270337,0.34910635594227035,0.33
5325,1325,500,PACC,SVM,0.182877462691987,0.695122537308013,0.878
5326,1326,500,PACC,SVM,0.02534419584178793,0.39734419584178793,0.372
5327,1327,500,PACC,SVM,0.06122863356772046,0.5027713664322795,0.564
5328,1328,500,PACC,SVM,0.04945267345279969,0.3194526734527997,0.27
5329,1329,500,PACC,SVM,0.08308213044408394,0.24308213044408394,0.16
5330,1330,500,PACC,SVM,0.11582333017610602,0.658176669823894,0.774
5331,1331,500,PACC,SVM,0.03245803092962957,0.46354196907037043,0.496
5332,1332,500,PACC,SVM,0.041540178520911186,0.49445982147908885,0.536
5333,1333,500,PACC,SVM,0.17215317669934938,0.7918468233006506,0.964
5334,1334,500,PACC,SVM,0.19265322879659852,0.7693467712034014,0.962
5335,1335,500,PACC,SVM,0.1410895795396525,0.7129104204603475,0.854
5336,1336,500,PACC,SVM,0.08405435998084265,0.27005435998084265,0.186
5337,1337,500,PACC,SVM,0.06854475978807839,0.5254552402119216,0.594
5338,1338,500,PACC,SVM,0.149013537053589,0.728986462946411,0.878
5339,1339,500,PACC,SVM,0.004467263237145802,0.3695327367628542,0.374
5340,1340,500,PACC,SVM,0.10228018636777189,0.2022801863677719,0.1
5341,1341,500,PACC,SVM,0.13666012650250303,0.673339873497497,0.81
5342,1342,500,PACC,SVM,0.006140483736217728,0.47385951626378225,0.48
5343,1343,500,PACC,SVM,0.06009361073082464,0.5039063892691753,0.564
5344,1344,500,PACC,SVM,0.1899279035085637,0.7920720964914363,0.982
5345,1345,500,PACC,SVM,0.05967274206071038,0.5463272579392896,0.606
5346,1346,500,PACC,SVM,0.0037990948792703816,0.42779909487927037,0.424
5347,1347,500,PACC,SVM,0.01594491658986169,0.3839449165898617,0.368
5348,1348,500,PACC,SVM,0.006958613956215609,0.40904138604378437,0.416
5349,1349,500,PACC,SVM,0.10381546900268868,0.22181546900268867,0.118
5350,1350,500,PACC,SVM,0.15229707943576198,0.641702920564238,0.794
5351,1351,500,PACC,SVM,0.13194250104989647,0.7040574989501035,0.836
5352,1352,500,PACC,SVM,0.04935445586543036,0.33335445586543033,0.284
5353,1353,500,PACC,SVM,0.034773059446704335,0.3367730594467043,0.302
5354,1354,500,PACC,SVM,0.13643587691187953,0.7375641230881205,0.874
5355,1355,500,PACC,SVM,0.11977408770311304,0.14177408770311303,0.022
5356,1356,500,PACC,SVM,0.01715397335391078,0.5028460266460892,0.52
5357,1357,500,PACC,SVM,0.008896653781252373,0.45310334621874765,0.462
5358,1358,500,PACC,SVM,0.09239176888518885,0.5976082311148111,0.69
5359,1359,500,PACC,SVM,0.07648164127677434,0.23848164127677435,0.162
5360,1360,500,PACC,SVM,0.07808388845098702,0.589916111549013,0.668
5361,1361,500,PACC,SVM,0.027690996298070647,0.40369099629807065,0.376
5362,1362,500,PACC,SVM,0.09756882142410428,0.5204311785758957,0.618
5363,1363,500,PACC,SVM,0.1373750761158088,0.1773750761158088,0.04
5364,1364,500,PACC,SVM,0.006964205752451436,0.4530357942475486,0.46
5365,1365,500,PACC,SVM,0.024861983648730324,0.4971380163512697,0.522
5366,1366,500,PACC,SVM,0.06008977827707199,0.274089778277072,0.214
5367,1367,500,PACC,SVM,0.09227176166189013,0.23027176166189015,0.138
5368,1368,500,PACC,SVM,0.1017388311064325,0.2897388311064325,0.188
5369,1369,500,PACC,SVM,0.03759276135691564,0.3815927613569156,0.344
5370,1370,500,PACC,SVM,0.10799709735300195,0.20399709735300195,0.096
5371,1371,500,PACC,SVM,0.1766040585250369,0.769395941474963,0.946
5372,1372,500,PACC,SVM,0.011513588394989394,0.39248641160501063,0.404
5373,1373,500,PACC,SVM,0.1287295678772058,0.6792704321227943,0.808
5374,1374,500,PACC,SVM,0.15531359780570597,0.818686402194294,0.974
5375,1375,500,PACC,SVM,0.11684039513179999,0.1968403951318,0.08
5376,1376,500,PACC,SVM,0.09994484668809722,0.5500551533119028,0.65
5377,1377,500,PACC,SVM,0.15923098272093594,0.710769017279064,0.87
5378,1378,500,PACC,SVM,0.047026258739837234,0.5869737412601628,0.634
5379,1379,500,PACC,SVM,0.01771297039956049,0.4102870296004395,0.428
5380,1380,500,PACC,SVM,0.004187254238773697,0.4341872542387737,0.43
5381,1381,500,PACC,SVM,0.12379862949395656,0.15779862949395657,0.034
5382,1382,500,PACC,SVM,0.018953127718130958,0.5150468722818691,0.534
5383,1383,500,PACC,SVM,0.19140968423320392,0.8005903157667961,0.992
5384,1384,500,PACC,SVM,0.17626265336654923,0.7817373466334507,0.958
5385,1385,500,PACC,SVM,0.1284424385413017,0.1684424385413017,0.04
5386,1386,500,PACC,SVM,0.09619316572829373,0.6078068342717062,0.704
5387,1387,500,PACC,SVM,0.01993041029784426,0.31993041029784425,0.3
5388,1388,500,PACC,SVM,0.19294515430896375,0.7090548456910363,0.902
5389,1389,500,PACC,SVM,0.15120825280841516,0.19520825280841517,0.044
5390,1390,500,PACC,SVM,0.18352652790273094,0.7504734720972691,0.934
5391,1391,500,PACC,SVM,0.15564479832699396,0.680355201673006,0.836
5392,1392,500,PACC,SVM,0.1202904327920463,0.2362904327920463,0.116
5393,1393,500,PACC,SVM,0.11678099862654387,0.17478099862654387,0.058
5394,1394,500,PACC,SVM,0.1495553597733742,0.6844446402266258,0.834
5395,1395,500,PACC,SVM,0.10925376799131717,0.26325376799131717,0.154
5396,1396,500,PACC,SVM,0.0491769943570779,0.48482300564292213,0.534
5397,1397,500,PACC,SVM,0.14658609579555726,0.7674139042044428,0.914
5398,1398,500,PACC,SVM,0.055006164353816,0.510993835646184,0.566
5399,1399,500,PACC,SVM,0.013078045250392079,0.4090780452503921,0.396
5400,1400,500,PACC,SVM,0.006717955539885745,0.43728204446011426,0.444
5401,1401,500,PACC,SVM,0.13223349939248258,0.19423349939248258,0.062
5402,1402,500,PACC,SVM,0.19863513416216516,0.7693648658378348,0.968
5403,1403,500,PACC,SVM,0.05642007207152144,0.36642007207152144,0.31
5404,1404,500,PACC,SVM,0.08224941312326389,0.2702494131232639,0.188
5405,1405,500,PACC,SVM,0.06537397416469848,0.35137397416469845,0.286
5406,1406,500,PACC,SVM,0.17288393624051523,0.7911160637594847,0.964
5407,1407,500,PACC,SVM,0.12569477246095914,0.21969477246095914,0.094
5408,1408,500,PACC,SVM,0.12831047702249487,0.7376895229775051,0.866
5409,1409,500,PACC,SVM,0.09664093250550687,0.6093590674944931,0.706
5410,1410,500,PACC,SVM,0.1537056040227074,0.6762943959772926,0.83
5411,1411,500,PACC,SVM,0.18036744835106155,0.7936325516489384,0.974
5412,1412,500,PACC,SVM,0.16682384727001698,0.675176152729983,0.842
5413,1413,500,PACC,SVM,0.19364818841366527,0.7483518115863347,0.942
5414,1414,500,PACC,SVM,0.11556979974736822,0.24156979974736822,0.126
5415,1415,500,PACC,SVM,0.11479212814312789,0.6792078718568721,0.794
5416,1416,500,PACC,SVM,0.04889793071425086,0.4951020692857492,0.544
5417,1417,500,PACC,SVM,0.044949891333511516,0.4970501086664885,0.542
5418,1418,500,PACC,SVM,0.16702071061196289,0.7309792893880371,0.898
5419,1419,500,PACC,SVM,0.16554279298598729,0.8044572070140127,0.97
5420,1420,500,PACC,SVM,0.0699555054375458,0.6340444945624542,0.704
5421,1421,500,PACC,SVM,0.029247844351202423,0.45275215564879756,0.482
5422,1422,500,PACC,SVM,0.024982764117132628,0.4310172358828674,0.456
5423,1423,500,PACC,SVM,0.0005424844674856155,0.3865424844674856,0.386
5424,1424,500,PACC,SVM,0.021136321763120136,0.3811363217631201,0.36
5425,1425,500,PACC,SVM,0.027397401001253263,0.4173974010012533,0.39
5426,1426,500,PACC,SVM,0.1017624755927081,0.1897624755927081,0.088
5427,1427,500,PACC,SVM,0.11333697623985105,0.18933697623985105,0.076
5428,1428,500,PACC,SVM,0.13882521580093932,0.6391747841990607,0.778
5429,1429,500,PACC,SVM,0.0069106797554747135,0.4529106797554747,0.446
5430,1430,500,PACC,SVM,0.16239463813685495,0.7676053618631451,0.93
5431,1431,500,PACC,SVM,0.06373267330462418,0.5482673266953758,0.612
5432,1432,500,PACC,SVM,0.143925907118499,0.177925907118499,0.034
5433,1433,500,PACC,SVM,0.10336266875188352,0.2593626687518835,0.156
5434,1434,500,PACC,SVM,0.055730026731110244,0.25973002673111023,0.204
5435,1435,500,PACC,SVM,0.16586462953058234,0.8081353704694176,0.974
5436,1436,500,PACC,SVM,0.06315737756059245,0.28115737756059245,0.218
5437,1437,500,PACC,SVM,0.03680245742168725,0.47719754257831276,0.514
5438,1438,500,PACC,SVM,0.17759867171478416,0.7584013282852159,0.936
5439,1439,500,PACC,SVM,0.19796977261684012,0.7780302273831599,0.976
5440,1440,500,PACC,SVM,0.07047510197473544,0.30647510197473543,0.236
5441,1441,500,PACC,SVM,0.10838165687801794,0.15638165687801794,0.048
5442,1442,500,PACC,SVM,0.08439050986761096,0.23639050986761095,0.152
5443,1443,500,PACC,SVM,0.13484626823219378,0.19684626823219378,0.062
5444,1444,500,PACC,SVM,0.05138996226069889,0.2453899622606989,0.194
5445,1445,500,PACC,SVM,0.06604521684482367,0.5019547831551763,0.568
5446,1446,500,PACC,SVM,0.18811707804159128,0.7238829219584088,0.912
5447,1447,500,PACC,SVM,0.026626125225888253,0.5093738747741118,0.536
5448,1448,500,PACC,SVM,0.08597682311608712,0.5380231768839129,0.624
5449,1449,500,PACC,SVM,0.07634296194382484,0.27634296194382485,0.2
5450,1450,500,PACC,SVM,0.12580318966714854,0.6741968103328515,0.8
5451,1451,500,PACC,SVM,0.05140907026183328,0.5645909297381667,0.616
5452,1452,500,PACC,SVM,0.11976642078672461,0.7442335792132754,0.864
5453,1453,500,PACC,SVM,0.20968563361292203,0.7383143663870779,0.948
5454,1454,500,PACC,SVM,0.023203913714620883,0.36920391371462086,0.346
5455,1455,500,PACC,SVM,0.1107369640744619,0.2007369640744619,0.09
5456,1456,500,PACC,SVM,0.06991363549217225,0.29391363549217225,0.224
5457,1457,500,PACC,SVM,0.00855613638804864,0.44455613638804864,0.436
5458,1458,500,PACC,SVM,0.18683661378896887,0.7571633862110311,0.944
5459,1459,500,PACC,SVM,0.03695959843860058,0.4149595984386006,0.378
5460,1460,500,PACC,SVM,0.10465141390475785,0.6653485860952422,0.77
5461,1461,500,PACC,SVM,0.037673777127633534,0.5023262228723665,0.54
5462,1462,500,PACC,SVM,0.06987696633636487,0.25187696633636486,0.182
5463,1463,500,PACC,SVM,0.032084046177937975,0.352084046177938,0.32
5464,1464,500,PACC,SVM,0.10020764101494961,0.5517923589850504,0.652
5465,1465,500,PACC,SVM,0.09526470485366212,0.5767352951463379,0.672
5466,1466,500,PACC,SVM,0.03378515059260495,0.40021484940739505,0.434
5467,1467,500,PACC,SVM,0.08849881246922461,0.3164988124692246,0.228
5468,1468,500,PACC,SVM,0.11700968279918866,0.6029903172008113,0.72
5469,1469,500,PACC,SVM,0.07907765811624945,0.24707765811624946,0.168
5470,1470,500,PACC,SVM,0.16038540753013664,0.7756145924698634,0.936
5471,1471,500,PACC,SVM,0.07370875681565892,0.2597087568156589,0.186
5472,1472,500,PACC,SVM,0.1047814630323967,0.2107814630323967,0.106
5473,1473,500,PACC,SVM,0.022767578123450205,0.4732324218765498,0.496
5474,1474,500,PACC,SVM,0.03720933316579206,0.48079066683420796,0.518
5475,1475,500,PACC,SVM,0.0061314489960671015,0.5018685510039329,0.508
5476,1476,500,PACC,SVM,0.0073621991248082885,0.4286378008751917,0.436
5477,1477,500,PACC,SVM,0.21449870884851308,0.7795012911514869,0.994
5478,1478,500,PACC,SVM,0.01470890121452706,0.500708901214527,0.486
5479,1479,500,PACC,SVM,0.019235034533714,0.456764965466286,0.476
5480,1480,500,PACC,SVM,0.01888794549082634,0.4388879454908263,0.42
5481,1481,500,PACC,SVM,0.11657438187504879,0.1825743818750488,0.066
5482,1482,500,PACC,SVM,0.08293188340223323,0.5090681165977667,0.592
5483,1483,500,PACC,SVM,0.06879353262476942,0.2947935326247694,0.226
5484,1484,500,PACC,SVM,0.07287162465308172,0.5631283753469183,0.636
5485,1485,500,PACC,SVM,0.139917655161453,0.189917655161453,0.05
5486,1486,500,PACC,SVM,0.1789952152353934,0.8010047847646066,0.98
5487,1487,500,PACC,SVM,0.029955055588509083,0.43804494441149094,0.468
5488,1488,500,PACC,SVM,0.17421557115456565,0.7217844288454344,0.896
5489,1489,500,PACC,SVM,0.020264171896433092,0.4537358281035669,0.474
5490,1490,500,PACC,SVM,0.12170335273008806,0.18170335273008806,0.06
5491,1491,500,PACC,SVM,0.12373243483349916,0.6982675651665008,0.822
5492,1492,500,PACC,SVM,0.07682185991998036,0.5711781400800197,0.648
5493,1493,500,PACC,SVM,0.11206222034296698,0.667937779657033,0.78
5494,1494,500,PACC,SVM,0.01125952241128364,0.41674047758871635,0.428
5495,1495,500,PACC,SVM,0.07013104474606535,0.5658689552539347,0.636
5496,1496,500,PACC,SVM,0.17166204194454215,0.6843379580554578,0.856
5497,1497,500,PACC,SVM,0.07227143978130979,0.5577285602186902,0.63
5498,1498,500,PACC,SVM,0.04333362055576956,0.38933362055576953,0.346
5499,1499,500,PACC,SVM,0.08066968026410393,0.5813303197358961,0.662
5500,1500,500,PACC,SVM,0.08040665535851155,0.5895933446414885,0.67
5501,1501,500,PACC,SVM,0.18113386824450306,0.7788661317554969,0.96
5502,1502,500,PACC,SVM,0.0033827999255636176,0.3733827999255636,0.37
5503,1503,500,PACC,SVM,0.0007661202141071577,0.42323387978589283,0.424
5504,1504,500,PACC,SVM,0.12204053063604536,0.6899594693639547,0.812
5505,1505,500,PACC,SVM,0.022682695071476078,0.4813173049285239,0.504
5506,1506,500,PACC,SVM,0.08960904434255013,0.6463909556574499,0.736
5507,1507,500,PACC,SVM,0.0037726891258043627,0.4617726891258044,0.458
5508,1508,500,PACC,SVM,0.0641796983874788,0.2781796983874788,0.214
5509,1509,500,PACC,SVM,0.08763129715308482,0.6563687028469152,0.744
5510,1510,500,PACC,SVM,0.09972767140357724,0.22972767140357725,0.13
5511,1511,500,PACC,SVM,0.09527076005102486,0.29327076005102487,0.198
5512,1512,500,PACC,SVM,0.05259538925795071,0.5734046107420493,0.626
5513,1513,500,PACC,SVM,0.11118542809009879,0.6348145719099012,0.746
5514,1514,500,PACC,SVM,0.16758229278055436,0.7264177072194457,0.894
5515,1515,500,PACC,SVM,0.05980920811366597,0.331809208113666,0.272
5516,1516,500,PACC,SVM,0.1074164698614392,0.2174164698614392,0.11
5517,1517,500,PACC,SVM,0.19630922351229974,0.7596907764877002,0.956
5518,1518,500,PACC,SVM,0.07660433776763559,0.2306043377676356,0.154
5519,1519,500,PACC,SVM,0.054682614721462686,0.2506826147214627,0.196
5520,1520,500,PACC,SVM,0.031880390219176824,0.3218803902191768,0.29
5521,1521,500,PACC,SVM,0.03898323696364869,0.48901676303635133,0.528
5522,1522,500,PACC,SVM,0.150809347665543,0.731190652334457,0.882
5523,1523,500,PACC,SVM,0.11922528705738977,0.6407747129426102,0.76
5524,1524,500,PACC,SVM,0.11509181081545483,0.5929081891845451,0.708
5525,1525,500,PACC,SVM,0.08913510702343391,0.2631351070234339,0.174
5526,1526,500,PACC,SVM,0.0054516722217161084,0.3614516722217161,0.356
5527,1527,500,PACC,SVM,0.027302164460253853,0.45069783553974613,0.478
5528,1528,500,PACC,SVM,0.08049880782827798,0.22649880782827797,0.146
5529,1529,500,PACC,SVM,0.05641860829623718,0.3284186082962372,0.272
5530,1530,500,PACC,SVM,0.02884476762830479,0.3368447676283048,0.308
5531,1531,500,PACC,SVM,0.09798113184519447,0.22398113184519447,0.126
5532,1532,500,PACC,SVM,0.033793940818497514,0.5162060591815025,0.55
5533,1533,500,PACC,SVM,0.09087609744652714,0.6131239025534728,0.704
5534,1534,500,PACC,SVM,0.10833095525958966,0.17633095525958967,0.068
5535,1535,500,PACC,SVM,0.02921905081149684,0.45078094918850314,0.48
5536,1536,500,PACC,SVM,0.11611810091503871,0.6658818990849613,0.782
5537,1537,500,PACC,SVM,0.10783262487560652,0.6381673751243935,0.746
5538,1538,500,PACC,SVM,0.12870408279652223,0.6852959172034777,0.814
5539,1539,500,PACC,SVM,0.01429422525327001,0.46229422525327,0.448
5540,1540,500,PACC,SVM,0.12326565340023854,0.6967343465997614,0.82
5541,1541,500,PACC,SVM,0.056484246136621175,0.29648424613662117,0.24
5542,1542,500,PACC,SVM,0.014732776375099732,0.3747327763750997,0.36
5543,1543,500,PACC,SVM,0.08236397343660978,0.2583639734366098,0.176
5544,1544,500,PACC,SVM,0.029922741870437752,0.4360772581295623,0.466
5545,1545,500,PACC,SVM,0.031836963858466516,0.42383696385846653,0.392
5546,1546,500,PACC,SVM,0.08072140643377523,0.3207214064337752,0.24
5547,1547,500,PACC,SVM,0.11340850457325125,0.6365914954267488,0.75
5548,1548,500,PACC,SVM,0.06857060214118604,0.38057060214118604,0.312
5549,1549,500,PACC,SVM,0.0340696259836088,0.3060696259836088,0.272
5550,1550,500,PACC,SVM,0.10242444834689943,0.23242444834689943,0.13
5551,1551,500,PACC,SVM,0.005581261730186471,0.44358126173018647,0.438
5552,1552,500,PACC,SVM,0.048792319380356663,0.35079231938035665,0.302
5553,1553,500,PACC,SVM,0.006394889285793848,0.37439488928579384,0.368
5554,1554,500,PACC,SVM,0.052804535005675585,0.2868045350056756,0.234
5555,1555,500,PACC,SVM,0.10369489720136915,0.6583051027986309,0.762
5556,1556,500,PACC,SVM,0.16325834632394454,0.7667416536760555,0.93
5557,1557,500,PACC,SVM,0.019449813484184786,0.4765501865158152,0.496
5558,1558,500,PACC,SVM,0.08161714946824228,0.5603828505317577,0.642
5559,1559,500,PACC,SVM,0.12179573140516842,0.7442042685948316,0.866
5560,1560,500,PACC,SVM,0.23826715404719145,0.7597328459528085,0.998
5561,1561,500,PACC,SVM,0.07103507033591494,0.540964929664085,0.612
5562,1562,500,PACC,SVM,0.16743451476390658,0.7205654852360934,0.888
5563,1563,500,PACC,SVM,0.15085762843807027,0.7571423715619298,0.908
5564,1564,500,PACC,SVM,0.12761891708992956,0.6623810829100705,0.79
5565,1565,500,PACC,SVM,0.005681086936316304,0.4543189130636837,0.46
5566,1566,500,PACC,SVM,0.1177893932774584,0.1977893932774584,0.08
5567,1567,500,PACC,SVM,0.15214148960172852,0.16614148960172853,0.014
5568,1568,500,PACC,SVM,0.019796861431539414,0.45620313856846056,0.476
5569,1569,500,PACC,SVM,0.03050646297513193,0.46349353702486806,0.494
5570,1570,500,PACC,SVM,0.0028642637103146185,0.40886426371031465,0.406
5571,1571,500,PACC,SVM,0.033188154226651334,0.5348118457733486,0.568
5572,1572,500,PACC,SVM,0.05197548812723174,0.5000245118727683,0.552
5573,1573,500,PACC,SVM,0.09552278455388785,0.7404772154461121,0.836
5574,1574,500,PACC,SVM,0.11559140137861083,0.22359140137861083,0.108
5575,1575,500,PACC,SVM,0.05947921588757224,0.28347921588757224,0.224
5576,1576,500,PACC,SVM,0.12602160133416496,0.6659783986658351,0.792
5577,1577,500,PACC,SVM,0.14122977841823714,0.7047702215817628,0.846
5578,1578,500,PACC,SVM,0.19348294989467796,0.800517050105322,0.994
5579,1579,500,PACC,SVM,0.157143896580897,0.714856103419103,0.872
5580,1580,500,PACC,SVM,0.15061905771435302,0.737380942285647,0.888
5581,1581,500,PACC,SVM,0.028344032484037107,0.3423440324840371,0.314
5582,1582,500,PACC,SVM,0.014037279147861126,0.41403727914786115,0.4
5583,1583,500,PACC,SVM,0.052938114637418376,0.3209381146374184,0.268
5584,1584,500,PACC,SVM,0.07754534176507744,0.5284546582349225,0.606
5585,1585,500,PACC,SVM,0.1692636987465188,0.7687363012534811,0.938
5586,1586,500,PACC,SVM,0.03560216247986431,0.3796021624798643,0.344
5587,1587,500,PACC,SVM,0.048627355268231476,0.5073726447317686,0.556
5588,1588,500,PACC,SVM,0.05571808133971207,0.35171808133971205,0.296
5589,1589,500,PACC,SVM,0.08625582321131045,0.25425582321131046,0.168
5590,1590,500,PACC,SVM,0.05055650210012441,0.24455650210012442,0.194
5591,1591,500,PACC,SVM,0.13308727007137777,0.18908727007137777,0.056
5592,1592,500,PACC,SVM,0.1934376174670973,0.7545623825329026,0.948
5593,1593,500,PACC,SVM,0.01249798171299027,0.38950201828700975,0.402
5594,1594,500,PACC,SVM,0.14077536581852124,0.6932246341814787,0.834
5595,1595,500,PACC,SVM,0.07699578788880845,0.6030042121111916,0.68
5596,1596,500,PACC,SVM,0.06964067143719954,0.25964067143719954,0.19
5597,1597,500,PACC,SVM,0.0906769212480602,0.2646769212480602,0.174
5598,1598,500,PACC,SVM,0.11547770647102695,0.6945222935289731,0.81
5599,1599,500,PACC,SVM,0.03993294534517394,0.30393294534517395,0.264
5600,1600,500,PACC,SVM,0.16184197011537882,0.7501580298846212,0.912
5601,1601,500,PACC,SVM,0.09598162988557021,0.23598162988557023,0.14
5602,1602,500,PACC,SVM,0.061789336143371676,0.6142106638566284,0.676
5603,1603,500,PACC,SVM,0.12234507284027152,0.6916549271597284,0.814
5604,1604,500,PACC,SVM,0.04964070548925856,0.28364070548925857,0.234
5605,1605,500,PACC,SVM,0.04045559266414217,0.3164555926641422,0.276
5606,1606,500,PACC,SVM,0.19808945491728647,0.7659105450827135,0.964
5607,1607,500,PACC,SVM,0.047968520353377175,0.3119685203533772,0.264
5608,1608,500,PACC,SVM,0.00936526986996944,0.41863473013003055,0.428
5609,1609,500,PACC,SVM,0.0008936590369668651,0.43289365903696686,0.432
5610,1610,500,PACC,SVM,0.055826472365955504,0.3078264723659555,0.252
5611,1611,500,PACC,SVM,0.12664318084133508,0.6473568191586649,0.774
5612,1612,500,PACC,SVM,0.13284364985370756,0.6371563501462925,0.77
5613,1613,500,PACC,SVM,0.020609384331671643,0.39860938433167165,0.378
5614,1614,500,PACC,SVM,0.14165636090824307,0.6923436390917569,0.834
5615,1615,500,PACC,SVM,0.05175752290094962,0.2637575229009496,0.212
5616,1616,500,PACC,SVM,0.158007359452643,0.162007359452643,0.004
5617,1617,500,PACC,SVM,0.053281385401458325,0.5167186145985416,0.57
5618,1618,500,PACC,SVM,0.19175598610302858,0.8022440138969714,0.994
5619,1619,500,PACC,SVM,0.12376419607212372,0.16176419607212372,0.038
5620,1620,500,PACC,SVM,0.0877780760206274,0.2937780760206274,0.206
5621,1621,500,PACC,SVM,0.019758640312616815,0.4982413596873832,0.518
5622,1622,500,PACC,SVM,0.12612017931616726,0.6818798206838328,0.808
5623,1623,500,PACC,SVM,0.12322530921839442,0.2112253092183944,0.088
5624,1624,500,PACC,SVM,0.0053969229133626895,0.3993969229133627,0.394
5625,1625,500,PACC,SVM,0.11950644888064443,0.6264935511193556,0.746
5626,1626,500,PACC,SVM,0.022259810828526294,0.3922598108285263,0.37
5627,1627,500,PACC,SVM,0.09939806476127128,0.2873980647612713,0.188
5628,1628,500,PACC,SVM,0.0854500757192806,0.2794500757192806,0.194
5629,1629,500,PACC,SVM,0.0064643869467905235,0.4164643869467905,0.41
5630,1630,500,PACC,SVM,0.020174150401883417,0.45782584959811656,0.478
5631,1631,500,PACC,SVM,0.13985541743947727,0.7201445825605227,0.86
5632,1632,500,PACC,SVM,0.08010884972389254,0.5618911502761075,0.642
5633,1633,500,PACC,SVM,0.09133791438900152,0.5986620856109984,0.69
5634,1634,500,PACC,SVM,0.18323611905886072,0.7987638809411393,0.982
5635,1635,500,PACC,SVM,0.00671089993437074,0.4167108999343707,0.41
5636,1636,500,PACC,SVM,0.008399455461592265,0.4103994554615923,0.402
5637,1637,500,PACC,SVM,0.17512853516478244,0.7468714648352176,0.922
5638,1638,500,PACC,SVM,0.06733075871291982,0.3113307587129198,0.244
5639,1639,500,PACC,SVM,0.11719913697727014,0.6108008630227298,0.728
5640,1640,500,PACC,SVM,0.08602120540903968,0.6679787945909603,0.754
5641,1641,500,PACC,SVM,0.11101148475507983,0.20701148475507983,0.096
5642,1642,500,PACC,SVM,0.02539551359047254,0.4426044864095275,0.468
5643,1643,500,PACC,SVM,0.06943323489940967,0.2694332348994097,0.2
5644,1644,500,PACC,SVM,0.089038720759481,0.273038720759481,0.184
5645,1645,500,PACC,SVM,0.01479860857709564,0.47679860857709566,0.462
5646,1646,500,PACC,SVM,0.05421153165345838,0.34221153165345836,0.288
5647,1647,500,PACC,SVM,0.0954431190132804,0.7005568809867196,0.796
5648,1648,500,PACC,SVM,0.16307539222335743,0.7429246077766426,0.906
5649,1649,500,PACC,SVM,0.14886645845549618,0.6531335415445039,0.802
5650,1650,500,PACC,SVM,0.07777192162691943,0.34377192162691944,0.266
5651,1651,500,PACC,SVM,0.04025657270148136,0.3142565727014814,0.274
5652,1652,500,PACC,SVM,0.05230512746614646,0.30630512746614647,0.254
5653,1653,500,PACC,SVM,0.09623302069560905,0.23023302069560905,0.134
5654,1654,500,PACC,SVM,0.16976645743241237,0.7722335425675876,0.942
5655,1655,500,PACC,SVM,0.003665231155207671,0.4056652311552077,0.402
5656,1656,500,PACC,SVM,0.053950602379142815,0.2779506023791428,0.224
5657,1657,500,PACC,SVM,0.1564218371171151,0.6895781628828849,0.846
5658,1658,500,PACC,SVM,0.01169521437544907,0.4096952143754491,0.398
5659,1659,500,PACC,SVM,0.12054168033842047,0.15454168033842047,0.034
5660,1660,500,PACC,SVM,0.09928676348259438,0.2592867634825944,0.16
5661,1661,500,PACC,SVM,0.09177492474166649,0.5462250752583335,0.638
5662,1662,500,PACC,SVM,0.12932779623512958,0.6526722037648705,0.782
5663,1663,500,PACC,SVM,0.06883691760280689,0.2788369176028069,0.21
5664,1664,500,PACC,SVM,0.1445281764892954,0.7714718235107046,0.916
5665,1665,500,PACC,SVM,0.142838600915019,0.707161399084981,0.85
5666,1666,500,PACC,SVM,0.12202310351463241,0.7259768964853676,0.848
5667,1667,500,PACC,SVM,0.08820874609721494,0.31420874609721494,0.226
5668,1668,500,PACC,SVM,0.12245364948431954,0.17245364948431954,0.05
5669,1669,500,PACC,SVM,0.1445572686806268,0.7214427313193732,0.866
5670,1670,500,PACC,SVM,0.044045242513055916,0.3480452425130559,0.304
5671,1671,500,PACC,SVM,0.06578582848303649,0.5522141715169635,0.618
5672,1672,500,PACC,SVM,0.11367736765871839,0.6443226323412816,0.758
5673,1673,500,PACC,SVM,0.08723590074051885,0.21523590074051885,0.128
5674,1674,500,PACC,SVM,0.12547115546818133,0.6545288445318187,0.78
5675,1675,500,PACC,SVM,0.1497458089391862,0.7882541910608137,0.938
5676,1676,500,PACC,SVM,0.11095126349929385,0.6170487365007061,0.728
5677,1677,500,PACC,SVM,0.010709157824200566,0.42929084217579944,0.44
5678,1678,500,PACC,SVM,0.15880291313612016,0.7171970868638798,0.876
5679,1679,500,PACC,SVM,0.02936932808051912,0.4966306719194809,0.526
5680,1680,500,PACC,SVM,0.1052941681176105,0.6387058318823895,0.744
5681,1681,500,PACC,SVM,0.13666973627627776,0.6833302637237222,0.82
5682,1682,500,PACC,SVM,0.09960348571134925,0.6483965142886507,0.748
5683,1683,500,PACC,SVM,0.004071166576165186,0.29007116657616516,0.286
5684,1684,500,PACC,SVM,0.09704557704641502,0.21304557704641502,0.116
5685,1685,500,PACC,SVM,0.052927015319495785,0.2909270153194958,0.238
5686,1686,500,PACC,SVM,0.03090981181960384,0.47109018818039616,0.502
5687,1687,500,PACC,SVM,0.01657871314246412,0.4874212868575359,0.504
5688,1688,500,PACC,SVM,0.06723555067927867,0.5147644493207213,0.582
5689,1689,500,PACC,SVM,0.014093267506529172,0.4080932675065292,0.394
5690,1690,500,PACC,SVM,0.11251391679560097,0.6734860832043991,0.786
5691,1691,500,PACC,SVM,0.16754533789040438,0.7444546621095957,0.912
5692,1692,500,PACC,SVM,0.05087926334120818,0.2968792633412082,0.246
5693,1693,500,PACC,SVM,0.10856377203485268,0.6274362279651473,0.736
5694,1694,500,PACC,SVM,0.08208105894688156,0.5939189410531185,0.676
5695,1695,500,PACC,SVM,0.002550604600981221,0.5194493953990188,0.522
5696,1696,500,PACC,SVM,0.08424040891156115,0.27224040891156115,0.188
5697,1697,500,PACC,SVM,0.11915351995368761,0.6748464800463124,0.794
5698,1698,500,PACC,SVM,0.16826620863842168,0.7917337913615783,0.96
5699,1699,500,PACC,SVM,0.08802680479029223,0.6319731952097077,0.72
5700,1700,500,PACC,SVM,0.1734123023967271,0.7425876976032729,0.916
5701,1701,500,PACC,SVM,0.17699443944125604,0.807005560558744,0.984
5702,1702,500,PACC,SVM,0.022155563503062026,0.374155563503062,0.352
5703,1703,500,PACC,SVM,0.06618864949517012,0.5718113505048299,0.638
5704,1704,500,PACC,SVM,0.013048719525270924,0.45895128047472905,0.472
5705,1705,500,PACC,SVM,0.1941733009731479,0.7918266990268521,0.986
5706,1706,500,PACC,SVM,0.10451120714815659,0.1965112071481566,0.092
5707,1707,500,PACC,SVM,0.004964070932800491,0.4070359290671995,0.412
5708,1708,500,PACC,SVM,0.15722788814100597,0.716772111858994,0.874
5709,1709,500,PACC,SVM,0.048365275672462904,0.3323652756724629,0.284
5710,1710,500,PACC,SVM,0.12775971454770008,0.6582402854523,0.786
5711,1711,500,PACC,SVM,0.014198067938220427,0.39619806793822043,0.382
5712,1712,500,PACC,SVM,0.17245552204999104,0.8055444779500089,0.978
5713,1713,500,PACC,SVM,0.16950383660955182,0.7124961633904482,0.882
5714,1714,500,PACC,SVM,0.04202530086292988,0.34202530086292987,0.3
5715,1715,500,PACC,SVM,0.14623635836652016,0.6237636416334799,0.77
5716,1716,500,PACC,SVM,0.030452772783667093,0.3664527727836671,0.336
5717,1717,500,PACC,SVM,0.03411128132981722,0.5718887186701828,0.606
5718,1718,500,PACC,SVM,0.09137800225283232,0.5666219977471677,0.658
5719,1719,500,PACC,SVM,0.1456930303221431,0.6823069696778569,0.828
5720,1720,500,PACC,SVM,0.13895386361482578,0.16295386361482578,0.024
5721,1721,500,PACC,SVM,0.0719617196699899,0.2919617196699899,0.22
5722,1722,500,PACC,SVM,0.0968164288548381,0.6131835711451619,0.71
5723,1723,500,PACC,SVM,0.05697431078350412,0.5050256892164959,0.562
5724,1724,500,PACC,SVM,0.003574674226484109,0.4904253257735159,0.494
5725,1725,500,PACC,SVM,0.15585915088910002,0.2098591508891,0.054
5726,1726,500,PACC,SVM,0.03426086664082589,0.38226086664082587,0.348
5727,1727,500,PACC,SVM,0.16147329634260998,0.70252670365739,0.864
5728,1728,500,PACC,SVM,0.12976179947762362,0.15976179947762362,0.03
5729,1729,500,PACC,SVM,0.01155134318962664,0.40755134318962666,0.396
5730,1730,500,PACC,SVM,0.1994494607481243,0.7445505392518756,0.944
5731,1731,500,PACC,SVM,0.1293531459737261,0.17935314597372612,0.05
5732,1732,500,PACC,SVM,0.13010969627141067,0.6178903037285893,0.748
5733,1733,500,PACC,SVM,0.0571500188063821,0.3131500188063821,0.256
5734,1734,500,PACC,SVM,0.1639389745160057,0.7020610254839943,0.866
5735,1735,500,PACC,SVM,0.08520648598509051,0.6607935140149095,0.746
5736,1736,500,PACC,SVM,0.13854124701758663,0.7454587529824134,0.884
5737,1737,500,PACC,SVM,0.041020908663875616,0.2550209086638756,0.214
5738,1738,500,PACC,SVM,0.050034868627440776,0.47996513137255925,0.53
5739,1739,500,PACC,SVM,0.13703152212148628,0.6409684778785137,0.778
5740,1740,500,PACC,SVM,0.04510346307541607,0.28910346307541607,0.244
5741,1741,500,PACC,SVM,0.06273515249422287,0.2927351524942229,0.23
5742,1742,500,PACC,SVM,0.12861220631345102,0.15461220631345102,0.026
5743,1743,500,PACC,SVM,0.18175635105069976,0.7762436489493002,0.958
5744,1744,500,PACC,SVM,0.0888870399012397,0.6211129600987603,0.71
5745,1745,500,PACC,SVM,0.059549417262914184,0.5744505827370858,0.634
5746,1746,500,PACC,SVM,0.08537609424822012,0.6566239057517799,0.742
5747,1747,500,PACC,SVM,0.03348300580707708,0.49651699419292294,0.53
5748,1748,500,PACC,SVM,0.03360271685889138,0.4423972831411086,0.476
5749,1749,500,PACC,SVM,0.0009360164893956191,0.4470639835106044,0.448
5750,1750,500,PACC,SVM,0.05397214180392629,0.5860278581960737,0.64
5751,1751,500,PACC,SVM,0.06965105054149212,0.26965105054149213,0.2
5752,1752,500,PACC,SVM,0.17956833928140603,0.708431660718594,0.888
5753,1753,500,PACC,SVM,0.14902499285641446,0.6609750071435856,0.81
5754,1754,500,PACC,SVM,0.015961157308897966,0.36396115730889794,0.348
5755,1755,500,PACC,SVM,0.06263814703224135,0.5153618529677586,0.578
5756,1756,500,PACC,SVM,0.0753360818080766,0.21533608180807662,0.14
5757,1757,500,PACC,SVM,0.17750915266425604,0.7944908473357439,0.972
5758,1758,500,PACC,SVM,0.16882885098598155,0.7331711490140185,0.902
5759,1759,500,PACC,SVM,0.16563872310375372,0.7543612768962463,0.92
5760,1760,500,PACC,SVM,0.05580432184875067,0.3878043218487507,0.332
5761,1761,500,PACC,SVM,0.08817697295564078,0.2561769729556408,0.168
5762,1762,500,PACC,SVM,0.09880329502031873,0.3088032950203187,0.21
5763,1763,500,PACC,SVM,0.10608123561361907,0.19608123561361906,0.09
5764,1764,500,PACC,SVM,0.10120369747600458,0.22120369747600457,0.12
5765,1765,500,PACC,SVM,0.10489982313683738,0.17489982313683738,0.07
5766,1766,500,PACC,SVM,0.18235794961486385,0.8056420503851361,0.988
5767,1767,500,PACC,SVM,0.10935864774348798,0.18335864774348798,0.074
5768,1768,500,PACC,SVM,0.0914648934369521,0.2234648934369521,0.132
5769,1769,500,PACC,SVM,0.14752458546463487,0.6784754145353651,0.826
5770,1770,500,PACC,SVM,0.059387439244719675,0.5206125607552803,0.58
5771,1771,500,PACC,SVM,0.1370156924786694,0.6369843075213306,0.774
5772,1772,500,PACC,SVM,0.0421819164872691,0.5878180835127309,0.63
5773,1773,500,PACC,SVM,0.15069256797871322,0.7313074320212868,0.882
5774,1774,500,PACC,SVM,0.08087906723216487,0.5571209327678351,0.638
5775,1775,500,PACC,SVM,0.044269978802456145,0.4777300211975439,0.522
5776,1776,500,PACC,SVM,0.11662251632563325,0.5953774836743667,0.712
5777,1777,500,PACC,SVM,0.005230894096105332,0.4407691059038947,0.446
5778,1778,500,PACC,SVM,0.041259205838625745,0.3872592058386257,0.346
5779,1779,500,PACC,SVM,0.009350895951262483,0.45664910404873754,0.466
5780,1780,500,PACC,SVM,0.08282140671134339,0.2508214067113434,0.168
5781,1781,500,PACC,SVM,0.14049228705616357,0.6555077129438365,0.796
5782,1782,500,PACC,SVM,0.03943934822218681,0.2994393482221868,0.26
5783,1783,500,PACC,SVM,0.09225111791324564,0.24425111791324564,0.152
5784,1784,500,PACC,SVM,0.0794719164908193,0.3254719164908193,0.246
5785,1785,500,PACC,SVM,0.1406041749896373,0.7013958250103627,0.842
5786,1786,500,PACC,SVM,0.023425040270499187,0.3534250402704992,0.33
5787,1787,500,PACC,SVM,0.09287679561547413,0.5931232043845259,0.686
5788,1788,500,PACC,SVM,0.15026578121083,0.70573421878917,0.856
5789,1789,500,PACC,SVM,0.12062079736407245,0.19662079736407245,0.076
5790,1790,500,PACC,SVM,0.10155562031417464,0.6624443796858254,0.764
5791,1791,500,PACC,SVM,0.012473352205470412,0.3184733522054704,0.306
5792,1792,500,PACC,SVM,0.07293054243894323,0.2889305424389432,0.216
5793,1793,500,PACC,SVM,0.08626646805981464,0.6017335319401853,0.688
5794,1794,500,PACC,SVM,0.1717516084734696,0.7362483915265304,0.908
5795,1795,500,PACC,SVM,0.048166496914693324,0.3421664969146933,0.294
5796,1796,500,PACC,SVM,0.05324766904734901,0.5147523309526509,0.568
5797,1797,500,PACC,SVM,0.06452460394654064,0.3525246039465406,0.288
5798,1798,500,PACC,SVM,0.0396890410509928,0.5143109589490072,0.554
5799,1799,500,PACC,SVM,0.07344983538909267,0.5465501646109073,0.62
5800,1800,500,PACC,SVM,0.10519716113372624,0.5048028388662738,0.61
5801,1801,500,PACC,SVM,0.07410051788023408,0.5478994821197659,0.622
5802,1802,500,PACC,SVM,0.08329375651851215,0.21729375651851215,0.134
5803,1803,500,PACC,SVM,0.10987554042145387,0.5821244595785461,0.692
5804,1804,500,PACC,SVM,0.1027171993530237,0.5712828006469763,0.674
5805,1805,500,PACC,SVM,0.07410252501706127,0.6078974749829388,0.682
5806,1806,500,PACC,SVM,0.09366693998023541,0.1676669399802354,0.074
5807,1807,500,PACC,SVM,0.005486681590803011,0.440513318409197,0.446
5808,1808,500,PACC,SVM,0.00010017618143459694,0.40810017618143457,0.408
5809,1809,500,PACC,SVM,0.1027824773534613,0.1887824773534613,0.086
5810,1810,500,PACC,SVM,0.04750144796525732,0.2695014479652573,0.222
5811,1811,500,PACC,SVM,0.035060810970527434,0.40493918902947257,0.44
5812,1812,500,PACC,SVM,0.09636783102190127,0.6456321689780987,0.742
5813,1813,500,PACC,SVM,0.054435980732295275,0.29043598073229526,0.236
5814,1814,500,PACC,SVM,0.1260770569084001,0.7019229430915999,0.828
5815,1815,500,PACC,SVM,0.05268378687165215,0.4913162131283479,0.544
5816,1816,500,PACC,SVM,0.11215440028192891,0.6478455997180711,0.76
5817,1817,500,PACC,SVM,0.028833310362790687,0.4431666896372093,0.472
5818,1818,500,PACC,SVM,0.030559355511184605,0.4674406444888154,0.498
5819,1819,500,PACC,SVM,0.06380890845409282,0.5541910915459072,0.618
5820,1820,500,PACC,SVM,0.17641280747390775,0.7495871925260923,0.926
5821,1821,500,PACC,SVM,0.009739945320340726,0.48026005467965927,0.49
5822,1822,500,PACC,SVM,0.029449504544112104,0.4985504954558879,0.528
5823,1823,500,PACC,SVM,0.07667936609214876,0.5233206339078512,0.6
5824,1824,500,PACC,SVM,0.09998730721654026,0.6360126927834597,0.736
5825,1825,500,PACC,SVM,0.12663455898254794,0.19663455898254795,0.07
5826,1826,500,PACC,SVM,0.03596568164528419,0.4780343183547158,0.514
5827,1827,500,PACC,SVM,0.016375599369929106,0.4636244006300709,0.48
5828,1828,500,PACC,SVM,0.16090304477350514,0.7590969552264949,0.92
5829,1829,500,PACC,SVM,0.029563086324097432,0.46243691367590256,0.492
5830,1830,500,PACC,SVM,0.05932181353193333,0.4086781864680667,0.468
5831,1831,500,PACC,SVM,0.19859904344194856,0.7634009565580514,0.962
5832,1832,500,PACC,SVM,0.012682327033433138,0.46268232703343315,0.45
5833,1833,500,PACC,SVM,0.08644896505730132,0.2664489650573013,0.18
5834,1834,500,PACC,SVM,0.06148226838570678,0.2774822683857068,0.216
5835,1835,500,PACC,SVM,0.10603452304201202,0.20003452304201202,0.094
5836,1836,500,PACC,SVM,0.11751861752613967,0.11751861752613967,0.0
5837,1837,500,PACC,SVM,0.002403219782272703,0.4275967802177273,0.43
5838,1838,500,PACC,SVM,0.11141998366884209,0.6565800163311579,0.768
5839,1839,500,PACC,SVM,0.11061573932057145,0.6213842606794285,0.732
5840,1840,500,PACC,SVM,0.14390461806317192,0.17590461806317192,0.032
5841,1841,500,PACC,SVM,0.0783287386818694,0.48967126131813055,0.568
5842,1842,500,PACC,SVM,0.07211095550438795,0.22611095550438795,0.154
5843,1843,500,PACC,SVM,0.16093212740116347,0.7790678725988365,0.94
5844,1844,500,PACC,SVM,0.07821954350101423,0.24421954350101424,0.166
5845,1845,500,PACC,SVM,0.04956351390036495,0.576436486099635,0.626
5846,1846,500,PACC,SVM,0.0020600006418560746,0.32393999935814394,0.326
5847,1847,500,PACC,SVM,0.06292771345019665,0.5770722865498034,0.64
5848,1848,500,PACC,SVM,0.005281097228162113,0.40671890277183786,0.412
5849,1849,500,PACC,SVM,0.13598370949062621,0.6220162905093738,0.758
5850,1850,500,PACC,SVM,0.06068357797754484,0.29068357797754485,0.23
5851,1851,500,PACC,SVM,0.16514953439869773,0.7388504656013023,0.904
5852,1852,500,PACC,SVM,0.025395354001964576,0.4746046459980354,0.5
5853,1853,500,PACC,SVM,0.13480145163125112,0.6211985483687489,0.756
5854,1854,500,PACC,SVM,0.13094691628332333,0.7170530837166766,0.848
5855,1855,500,PACC,SVM,0.197323502532336,0.800676497467664,0.998
5856,1856,500,PACC,SVM,0.04491443910168766,0.26691443910168766,0.222
5857,1857,500,PACC,SVM,0.052975822359445424,0.3389758223594454,0.286
5858,1858,500,PACC,SVM,0.0621980550779439,0.3121980550779439,0.25
5859,1859,500,PACC,SVM,0.07397272268980781,0.3359727226898078,0.262
5860,1860,500,PACC,SVM,0.06951493680366438,0.5124850631963356,0.582
5861,1861,500,PACC,SVM,0.19812429313960556,0.7938757068603944,0.992
5862,1862,500,PACC,SVM,0.1752215635846095,0.8147784364153905,0.99
5863,1863,500,PACC,SVM,0.05501640334313146,0.47098359665686856,0.526
5864,1864,500,PACC,SVM,0.09353074477879098,0.544469255221209,0.638
5865,1865,500,PACC,SVM,0.1642622394526525,0.6937377605473475,0.858
5866,1866,500,PACC,SVM,0.175882905549261,0.756117094450739,0.932
5867,1867,500,PACC,SVM,0.08926652847103655,0.29126652847103657,0.202
5868,1868,500,PACC,SVM,0.054422704706688696,0.47357729529331133,0.528
5869,1869,500,PACC,SVM,0.1496333231883813,0.6823666768116187,0.832
5870,1870,500,PACC,SVM,0.06989100621782557,0.37189100621782556,0.302
5871,1871,500,PACC,SVM,0.025864289644312477,0.4121357103556875,0.438
5872,1872,500,PACC,SVM,0.17896637748218003,0.80503362251782,0.984
5873,1873,500,PACC,SVM,0.18284092262458518,0.8011590773754148,0.984
5874,1874,500,PACC,SVM,0.17024890549016625,0.7357510945098338,0.906
5875,1875,500,PACC,SVM,0.1323776040417065,0.6656223959582935,0.798
5876,1876,500,PACC,SVM,0.06732520525118063,0.33532520525118065,0.268
5877,1877,500,PACC,SVM,0.015711578358569955,0.33571157835856996,0.32
5878,1878,500,PACC,SVM,0.04399529598577279,0.5020047040142273,0.546
5879,1879,500,PACC,SVM,0.0714793683237927,0.48852063167620735,0.56
5880,1880,500,PACC,SVM,0.015226598735106456,0.48877340126489355,0.504
5881,1881,500,PACC,SVM,0.08133548678992186,0.5546645132100781,0.636
5882,1882,500,PACC,SVM,0.0007923699614201807,0.40879236996142015,0.408
5883,1883,500,PACC,SVM,0.11565846062510154,0.6323415393748985,0.748
5884,1884,500,PACC,SVM,0.0032779657259902617,0.32872203427400976,0.332
5885,1885,500,PACC,SVM,0.04789675225319645,0.37789675225319647,0.33
5886,1886,500,PACC,SVM,0.09996053709396358,0.22596053709396358,0.126
5887,1887,500,PACC,SVM,0.0843727293689292,0.2723727293689292,0.188
5888,1888,500,PACC,SVM,0.1593234387314797,0.6906765612685203,0.85
5889,1889,500,PACC,SVM,0.010561386849910204,0.4354386131500898,0.446
5890,1890,500,PACC,SVM,0.06707577994366207,0.2930757799436621,0.226
5891,1891,500,PACC,SVM,0.13609256406097547,0.6219074359390245,0.758
5892,1892,500,PACC,SVM,0.05335510721660919,0.49864489278339086,0.552
5893,1893,500,PACC,SVM,0.13011903359659413,0.15011903359659412,0.02
5894,1894,500,PACC,SVM,0.027999430210803478,0.3439994302108035,0.316
5895,1895,500,PACC,SVM,0.09841052108035037,0.27441052108035036,0.176
5896,1896,500,PACC,SVM,0.08168128525618745,0.5723187147438126,0.654
5897,1897,500,PACC,SVM,0.07727125662127227,0.3512712566212723,0.274
5898,1898,500,PACC,SVM,0.14059317887136624,0.20459317887136624,0.064
5899,1899,500,PACC,SVM,0.12796541005054077,0.18196541005054076,0.054
5900,1900,500,PACC,SVM,0.061181855421004405,0.5188181445789956,0.58
5901,1901,500,PACC,SVM,0.15223205932705433,0.17223205932705432,0.02
5902,1902,500,PACC,SVM,0.13502993181345413,0.7129700681865458,0.848
5903,1903,500,PACC,SVM,0.10208660021273849,0.2560866002127385,0.154
5904,1904,500,PACC,SVM,0.056855707421403,0.549144292578597,0.606
5905,1905,500,PACC,SVM,0.025968998752094963,0.41803100124790504,0.444
5906,1906,500,PACC,SVM,0.007954851593395429,0.4340451484066046,0.442
5907,1907,500,PACC,SVM,0.10400085123894723,0.17400085123894724,0.07
5908,1908,500,PACC,SVM,0.13354594038104706,0.668454059618953,0.802
5909,1909,500,PACC,SVM,0.11571444932806019,0.7762855506719398,0.892
5910,1910,500,PACC,SVM,0.13610881108227163,0.14610881108227164,0.01
5911,1911,500,PACC,SVM,0.07005400942847295,0.24805400942847294,0.178
5912,1912,500,PACC,SVM,0.17610013450149975,0.7258998654985003,0.902
5913,1913,500,PACC,SVM,0.0290060523428618,0.5189939476571382,0.548
5914,1914,500,PACC,SVM,0.08792725988510516,0.23792725988510516,0.15
5915,1915,500,PACC,SVM,0.07320705667445415,0.27520705667445416,0.202
5916,1916,500,PACC,SVM,0.08252903914615495,0.5754709608538451,0.658
5917,1917,500,PACC,SVM,0.11152492390728641,0.6124750760927136,0.724
5918,1918,500,PACC,SVM,0.029240034827647365,0.5687599651723526,0.598
5919,1919,500,PACC,SVM,0.17093047649951576,0.7810695235004842,0.952
5920,1920,500,PACC,SVM,0.02754767768432398,0.466452322315676,0.494
5921,1921,500,PACC,SVM,0.03577266436840376,0.33577266436840375,0.3
5922,1922,500,PACC,SVM,0.0080081134468582,0.4679918865531418,0.476
5923,1923,500,PACC,SVM,0.049438182908388584,0.40743818290838857,0.358
5924,1924,500,PACC,SVM,0.032542918085320366,0.25654291808532037,0.224
5925,1925,500,PACC,SVM,0.1408305182417276,0.18483051824172758,0.044
5926,1926,500,PACC,SVM,0.017195736380034188,0.36919573638003417,0.352
5927,1927,500,PACC,SVM,0.07942383736475345,0.6305761626352465,0.71
5928,1928,500,PACC,SVM,0.13169575956504334,0.14969575956504333,0.018
5929,1929,500,PACC,SVM,0.007922784432967123,0.4459227844329671,0.438
5930,1930,500,PACC,SVM,0.046911505241608475,0.5970884947583915,0.644
5931,1931,500,PACC,SVM,0.0696815195647077,0.5403184804352923,0.61
5932,1932,500,PACC,SVM,0.12242605674030749,0.6535739432596925,0.776
5933,1933,500,PACC,SVM,0.14793866090384122,0.6620613390961588,0.81
5934,1934,500,PACC,SVM,0.10912496075349098,0.600875039246509,0.71
5935,1935,500,PACC,SVM,0.11104055807865791,0.2130405580786579,0.102
5936,1936,500,PACC,SVM,0.03182966190052966,0.4421703380994703,0.474
5937,1937,500,PACC,SVM,0.07360886999812133,0.5283911300018787,0.602
5938,1938,500,PACC,SVM,0.056217788709391425,0.3002177887093914,0.244
5939,1939,500,PACC,SVM,0.14691065538087877,0.18891065538087878,0.042
5940,1940,500,PACC,SVM,0.05198448101874062,0.2739844810187406,0.222
5941,1941,500,PACC,SVM,0.02808052223263724,0.4259194777673628,0.454
5942,1942,500,PACC,SVM,0.01796107592230739,0.42996107592230737,0.412
5943,1943,500,PACC,SVM,0.09548421435009963,0.2714842143500996,0.176
5944,1944,500,PACC,SVM,0.14263568347359235,0.6813643165264076,0.824
5945,1945,500,PACC,SVM,0.17532740231392163,0.7486725976860784,0.924
5946,1946,500,PACC,SVM,0.07320568601671756,0.2732056860167176,0.2
5947,1947,500,PACC,SVM,0.16173048553454983,0.7662695144654502,0.928
5948,1948,500,PACC,SVM,0.12234349788402289,0.1383434978840229,0.016
5949,1949,500,PACC,SVM,0.1752458159528414,0.7487541840471587,0.924
5950,1950,500,PACC,SVM,0.1866812138063717,0.7633187861936283,0.95
5951,1951,500,PACC,SVM,0.13181085901892045,0.14381085901892046,0.012
5952,1952,500,PACC,SVM,0.09044558963313731,0.6715544103668627,0.762
5953,1953,500,PACC,SVM,0.20969092104648257,0.7603090789535174,0.97
5954,1954,500,PACC,SVM,0.17816858458609464,0.7258314154139054,0.904
5955,1955,500,PACC,SVM,0.1857851805921178,0.7842148194078822,0.97
5956,1956,500,PACC,SVM,0.04301345515714328,0.5069865448428568,0.55
5957,1957,500,PACC,SVM,0.11899897691633461,0.1969989769163346,0.078
5958,1958,500,PACC,SVM,0.13993668408979265,0.7080633159102073,0.848
5959,1959,500,PACC,SVM,0.06915871458894052,0.5428412854110595,0.612
5960,1960,500,PACC,SVM,0.049963638725316284,0.5640363612746837,0.614
5961,1961,500,PACC,SVM,0.005204369922995222,0.41079563007700476,0.416
5962,1962,500,PACC,SVM,0.05959868853675088,0.5104013114632491,0.57
5963,1963,500,PACC,SVM,0.0808574372359635,0.2328574372359635,0.152
5964,1964,500,PACC,SVM,0.09765200334341251,0.6403479966565875,0.738
5965,1965,500,PACC,SVM,0.130250075900457,0.204250075900457,0.074
5966,1966,500,PACC,SVM,0.1207963954504443,0.6072036045495557,0.728
5967,1967,500,PACC,SVM,0.1289181043273665,0.7190818956726335,0.848
5968,1968,500,PACC,SVM,0.009734639075919205,0.46226536092408077,0.472
5969,1969,500,PACC,SVM,0.04227389176365448,0.4657261082363455,0.508
5970,1970,500,PACC,SVM,0.03657940557209749,0.3485794055720975,0.312
5971,1971,500,PACC,SVM,0.2279145561044431,0.7400854438955569,0.968
5972,1972,500,PACC,SVM,0.12809121685723102,0.603908783142769,0.732
5973,1973,500,PACC,SVM,0.004676167655904007,0.372676167655904,0.368
5974,1974,500,PACC,SVM,0.10489415419505121,0.2788941541950512,0.174
5975,1975,500,PACC,SVM,0.059003627730919966,0.27700362773091997,0.218
5976,1976,500,PACC,SVM,0.008772968252579394,0.45322703174742063,0.462
5977,1977,500,PACC,SVM,0.17609066081060176,0.7659093391893982,0.942
5978,1978,500,PACC,SVM,0.08772649770559404,0.6462735022944059,0.734
5979,1979,500,PACC,SVM,0.04440821949225285,0.25840821949225284,0.214
5980,1980,500,PACC,SVM,0.13833960622543362,0.7196603937745664,0.858
5981,1981,500,PACC,SVM,0.00727529660160231,0.3707247033983977,0.378
5982,1982,500,PACC,SVM,0.13041325356681832,0.7195867464331817,0.85
5983,1983,500,PACC,SVM,0.034655296704349636,0.2746552967043496,0.24
5984,1984,500,PACC,SVM,0.08904906392801248,0.5289509360719875,0.618
5985,1985,500,PACC,SVM,0.19606346531032803,0.729936534689672,0.926
5986,1986,500,PACC,SVM,0.06150801441030629,0.3175080144103063,0.256
5987,1987,500,PACC,SVM,0.08015490411924697,0.611845095880753,0.692
5988,1988,500,PACC,SVM,0.20461812284985748,0.7813818771501425,0.986
5989,1989,500,PACC,SVM,0.08256238729804227,0.23256238729804227,0.15
5990,1990,500,PACC,SVM,0.11849439868954129,0.20649439868954128,0.088
5991,1991,500,PACC,SVM,0.10547146158826848,0.5685285384117316,0.674
5992,1992,500,PACC,SVM,0.0408147024462443,0.3788147024462443,0.338
5993,1993,500,PACC,SVM,0.08646337186909683,0.15646337186909684,0.07
5994,1994,500,PACC,SVM,0.011258303796654878,0.4627416962033451,0.474
5995,1995,500,PACC,SVM,0.13050738930709072,0.6214926106929093,0.752
5996,1996,500,PACC,SVM,0.044224758840851364,0.32822475884085134,0.284
5997,1997,500,PACC,SVM,0.004090458987049406,0.3380904589870494,0.334
5998,1998,500,PACC,SVM,0.13519404639543597,0.708805953604564,0.844
5999,1999,500,PACC,SVM,0.06838308712040192,0.4516169128795981,0.52
